stock,date,px_vol,volume
A,2019-01-02,0.0003831874639154,217804.0
A,2019-01-03,0.0005271650842978,485020.0
A,2019-01-04,0.0003656713397068,244093.0
A,2019-01-07,0.0003592902948377,251175.0
A,2019-01-08,0.0003643355479416,181329.0
A,2019-01-09,0.0001256907353795,1931.0
A,2019-01-10,0.0003026647967419,142562.0
A,2019-01-11,0.0003042340969548,135821.0
A,2019-01-14,0.0002590974556311,199715.0
A,2019-01-15,0.0003008355866868,199684.0
A,2019-01-16,0.0002172119115764,194532.0
A,2019-01-17,0.0002193198460316,156148.0
A,2019-01-18,0.0002621385695305,139953.0
A,2019-01-22,0.0003328468167395,181141.0
A,2019-01-23,0.0002727391509318,235117.0
A,2019-01-24,0.0003392258320115,201295.0
A,2019-01-25,0.0003117170491111,242965.0
A,2019-01-28,0.0002892191209568,245037.0
A,2019-01-29,0.0002044280672644,199298.0
A,2019-01-30,0.0003041613168357,204982.0
A,2019-01-31,0.0003413278641658,275239.0
A,2019-02-01,0.0002064261805177,169987.0
A,2019-02-04,0.0002459423626193,108291.0
A,2019-02-05,0.0002033739922708,159031.0
A,2019-02-06,0.0001775242592498,179466.0
A,2019-02-07,0.0002698649010779,274329.0
A,2019-02-08,0.0002148636311392,167590.0
A,2019-02-11,0.000208735436765,138458.0
A,2019-02-12,0.000163328554034,211101.0
A,2019-02-13,0.0001638863293472,188388.0
A,2019-02-14,0.00026878869262,196848.0
A,2019-02-15,0.0001744684905472,218756.0
A,2019-02-19,0.0002377127329589,314075.0
A,2019-02-20,0.0001742684269635,337124.0
A,2019-02-21,0.0004411881599527,463896.0
A,2019-02-22,0.0001924682807299,271292.0
A,2019-02-25,0.0001570547512039,268223.0
A,2019-02-26,0.0002107955911701,239440.0
A,2019-02-27,0.0001570272694827,182643.0
A,2019-02-28,0.0001443088631908,170292.0
A,2019-03-01,0.0001581154515915,218006.0
A,2019-03-04,0.0002281010511621,253663.0
A,2019-03-05,0.0001770615648297,189427.0
A,2019-03-06,0.0001861004442218,227695.0
A,2019-03-07,0.0002185973381013,166620.0
A,2019-03-08,0.0002495226268682,187971.0
A,2019-03-11,0.0001467758155037,192844.0
A,2019-03-12,0.0002162752896288,180161.0
A,2019-03-13,0.0001407721913978,145737.0
A,2019-03-14,0.0001398552840657,203171.0
A,2019-03-15,0.0001528655072167,115780.0
A,2019-03-18,0.000164127527336,120867.0
A,2019-03-19,0.000177815335525,188831.0
A,2019-03-20,0.000205717656688,205210.0
A,2019-03-21,0.0001718295146987,144928.0
A,2019-03-22,0.0002223683950184,199408.0
A,2019-03-25,0.0002155331961897,162809.0
A,2019-03-26,0.000194326319059,236670.0
A,2019-03-27,0.0002256881118256,166858.0
A,2019-03-28,0.0001979817650445,157564.0
A,2019-03-29,0.0002032875679735,193611.0
A,2019-04-01,0.0001504964224439,212852.0
A,2019-04-02,0.0001587299921305,137780.0
A,2019-04-03,0.0001481759879214,171731.0
A,2019-04-04,0.0001699502102999,151160.0
A,2019-04-05,0.0001571001698244,121105.0
A,2019-04-08,0.0001686540443837,90905.0
A,2019-04-09,0.0001734757634101,196300.0
A,2019-04-10,0.0001367204122641,160264.0
A,2019-04-11,0.0001577557107245,156712.0
A,2019-04-12,0.0001422297353692,162254.0
A,2019-04-15,0.0001973138256533,200758.0
A,2019-04-16,0.0001759586143788,193757.0
A,2019-04-17,0.0002903026367486,495536.0
A,2019-04-18,0.0003140204056303,347701.0
A,2019-04-22,0.000282844726321,206561.0
A,2019-04-23,0.0004132959752433,374010.0
A,2019-04-24,0.0002646289663688,233063.0
A,2019-04-25,0.0002454083289869,225722.0
A,2019-04-26,0.0002222816149133,141402.0
A,2019-04-29,0.0001958390973812,175335.0
A,2019-04-30,0.0001843061729903,202390.0
A,2019-05-01,0.0002479827865279,150328.0
A,2019-05-02,0.0002472378404368,181353.0
A,2019-05-03,0.00019411465929,199177.0
A,2019-05-06,0.0002930107172822,241955.0
A,2019-05-07,0.0003206308838343,318862.0
A,2019-05-08,0.0002539026755597,184140.0
A,2019-05-09,0.0002869868090012,196167.0
A,2019-05-10,0.0003239467993164,369793.0
A,2019-05-13,0.0004086487403317,492597.0
A,2019-05-14,0.0002955034346467,311781.0
A,2019-05-15,0.0009201152217895,1151836.0
A,2019-05-16,0.0003251110630787,637164.0
A,2019-05-17,0.0003873226987118,622547.0
A,2019-05-20,0.0003477418439015,622369.0
A,2019-05-21,0.0002734918790062,640767.0
A,2019-05-22,0.0003067797940757,680487.0
A,2019-05-23,0.0003464792674531,691259.0
A,2019-05-24,0.000334009533252,674041.0
A,2019-05-28,0.0002659716446677,461348.0
A,2019-05-29,0.0003076466823648,483509.0
A,2019-05-30,0.0002311711532758,435359.0
A,2019-05-31,0.0002750090849837,413326.0
A,2019-06-03,0.0003476133977655,518005.0
A,2019-06-04,0.0003162185658062,531680.0
A,2019-06-05,0.0002767300703981,416568.0
A,2019-06-06,0.0002846799830042,385807.0
A,2019-06-07,0.0002339936900078,269499.0
A,2019-06-10,0.0002091189544562,207346.0
A,2019-06-11,0.0004085150552951,271329.0
A,2019-06-12,0.0002540938640958,187322.0
A,2019-06-13,0.0002189778782167,233887.0
A,2019-06-14,0.0001833365470173,192004.0
A,2019-06-17,0.0001917735135965,163750.0
A,2019-06-18,0.0002151050588707,213476.0
A,2019-06-19,0.0002319803053996,202824.0
A,2019-06-20,0.0001922797451565,207369.0
A,2019-06-21,0.0002019026029668,213247.0
A,2019-06-24,0.0002859842625153,165565.0
A,2019-06-25,0.0002047682010221,157347.0
A,2019-06-26,0.0002022261698816,143184.0
A,2019-06-27,0.0002102106516202,148997.0
A,2019-06-28,0.0001930822837885,223484.0
A,2019-07-01,0.0002570072957573,303788.0
A,2019-07-02,0.000198057957258,190876.0
A,2019-07-03,0.0001692632283684,218149.0
A,2019-07-05,0.0002209510381916,248806.0
A,2019-07-08,0.0002293549809361,291676.0
A,2019-07-09,0.0002570896883791,308930.0
A,2019-07-10,0.0001792022446055,204564.0
A,2019-07-11,0.000260131605865,506138.0
A,2019-07-12,0.0002391695447888,365123.0
A,2019-07-15,0.0003094616034666,480412.0
A,2019-07-16,0.0002478017260128,414124.0
A,2019-07-17,0.0001999041474574,217161.0
A,2019-07-18,0.0001936986060613,226031.0
A,2019-07-19,0.0002280033666835,337132.0
A,2019-07-22,0.000230701374662,369606.0
A,2019-07-23,0.0001864434211563,440066.0
A,2019-07-24,0.0002155981707593,348599.0
A,2019-07-25,0.0002019859246594,221842.0
A,2019-07-26,0.0001825314131491,241816.0
A,2019-07-29,0.0001800900562097,333624.0
A,2019-07-30,0.0002634725755932,292461.0
A,2019-07-31,0.0003029330989948,304177.0
A,2019-08-01,0.0003059062725485,353360.0
A,2019-08-02,0.0003103332175511,365413.0
A,2019-08-05,0.0003648045505396,309315.0
A,2019-08-06,0.0002778188864751,344243.0
A,2019-08-07,0.0003302910196993,282020.0
A,2019-08-08,0.0002441445304688,261002.0
A,2019-08-09,0.0003251960151051,289344.0
A,2019-08-12,0.0002477520195885,382633.0
A,2019-08-13,0.000316266320491,375007.0
A,2019-08-14,0.0002861732684716,437412.0
A,2019-08-15,0.0006283582609863,565358.0
A,2019-08-16,0.0002506430224802,455886.0
A,2019-08-19,0.0002378178523026,203128.0
A,2019-08-20,0.000273439631527,254978.0
A,2019-08-21,0.0002897214124837,172032.0
A,2019-08-22,0.0002741761626754,162352.0
A,2019-08-23,0.0003732798578867,268106.0
A,2019-08-26,0.0002926251641846,175313.0
A,2019-08-27,0.0002463405039309,212341.0
A,2019-08-28,0.0002547655263298,211217.0
A,2019-08-29,0.0002620908296833,200090.0
A,2019-08-30,0.00027633687093,183817.0
A,2019-09-03,0.0003482409679641,225559.0
A,2019-09-04,0.0002087145740633,141492.0
A,2019-09-05,0.0002578054144692,269862.0
A,2019-09-06,0.0002112904056388,305458.0
A,2019-09-09,0.0002245532451834,314483.0
A,2019-09-10,0.0002267827629506,256706.0
A,2019-09-11,0.0002708526708912,303865.0
A,2019-09-12,0.0002730205287658,389601.0
A,2019-09-13,0.0002094700949388,265578.0
A,2019-09-16,0.0002754224221711,243471.0
A,2019-09-17,0.0002017144636995,236914.0
A,2019-09-18,0.0002367395103284,151767.0
A,2019-09-19,0.0002099797635085,229393.0
A,2019-09-20,0.0002213915088239,208876.0
A,2019-09-23,0.0002197671206659,164700.0
A,2019-09-24,0.0002705950447978,327720.0
A,2019-09-25,0.0002508649670408,179420.0
A,2019-09-26,0.0002747348579233,110386.0
A,2019-09-27,0.0002360489155591,131298.0
A,2019-09-30,0.0001990185276609,147761.0
A,2019-10-01,0.0002629313897903,204880.0
A,2019-10-02,0.0003082590607202,175856.0
A,2019-10-03,0.0002849140908427,196643.0
A,2019-10-04,0.0002155276671182,162508.0
A,2019-10-07,0.000222766604442,136723.0
A,2019-10-08,0.0003980144332963,306054.0
A,2019-10-09,0.0002305719963293,164112.0
A,2019-10-10,0.000226919300918,128098.0
A,2019-10-11,0.0002922905856515,140992.0
A,2019-10-14,0.0001560013455889,100419.0
A,2019-10-15,0.0001696984929661,101414.0
A,2019-10-16,0.0002240832208304,244470.0
A,2019-10-17,0.0002818797594177,145045.0
A,2019-10-18,0.0002148066785516,207981.0
A,2019-10-21,0.0002232345166521,139630.0
A,2019-10-22,0.0002016663766539,164786.0
A,2019-10-23,0.0002261433875226,319503.0
A,2019-10-24,0.0002017253760895,152945.0
A,2019-10-25,0.0002390512741178,100827.0
A,2019-10-28,0.0001971976865731,110757.0
A,2019-10-29,0.0002472229861731,145266.0
A,2019-10-30,0.0002510058073948,103918.0
A,2019-10-31,0.0001927890637195,97152.0
A,2019-11-01,0.0001918050221817,168255.0
A,2019-11-04,0.0001813999004668,101881.0
A,2019-11-05,0.0002343517394702,163436.0
A,2019-11-06,0.000224031842523,121174.0
A,2019-11-07,0.0002069055056197,95653.0
A,2019-11-08,0.0002102823546108,124969.0
A,2019-11-11,0.0001676694432163,106777.0
A,2019-11-12,0.0002124954811464,101785.0
A,2019-11-13,0.0002108200049181,119915.0
A,2019-11-14,0.0002532969129385,108991.0
A,2019-11-15,0.0002107052850467,189438.0
A,2019-11-18,0.0002294043017188,173875.0
A,2019-11-19,0.0002037617918799,208415.0
A,2019-11-20,0.0002862185687343,187549.0
A,2019-11-21,0.0002534141547567,187302.0
A,2019-11-22,0.0001783622643542,154742.0
A,2019-11-25,0.0002065901772602,217715.0
A,2019-11-26,0.0005377453422074,356742.0
A,2019-11-27,0.0001998583375509,153800.0
A,2019-11-29,0.0001636290652827,64290.0
A,2019-12-02,0.0002186952006891,139739.0
A,2019-12-03,0.0002888774961818,200151.0
A,2019-12-04,0.0002047739401917,131330.0
A,2019-12-05,0.0001935626041504,150033.0
A,2019-12-06,0.0001587799335629,129119.0
A,2019-12-09,0.0001265895474495,131341.0
A,2019-12-10,0.0002501523193592,256854.0
A,2019-12-11,0.0001779370856565,157140.0
A,2019-12-12,0.0002223582884749,195417.0
A,2019-12-13,0.000207355816514,197075.0
A,2019-12-16,0.0001381784585495,113448.0
A,2019-12-17,0.000159274501216,147180.0
A,2019-12-18,0.0001315393072582,138657.0
A,2019-12-19,0.0002051956776796,115803.0
A,2019-12-20,0.0001926838491191,108052.0
A,2019-12-23,0.0001449206154742,76515.0
A,2019-12-24,9.6731905975487e-05,36127.0
A,2019-12-26,0.0001172339142935,63036.0
A,2019-12-27,0.0001231057094103,93737.0
AAL,2019-01-02,0.0004976307224881,691422.0
AAL,2019-01-03,0.0007786288998686,2177618.0
AAL,2019-01-04,0.0005464556335322,1371426.0
AAL,2019-01-07,0.0006307730896434,1105414.0
AAL,2019-01-08,0.0005582759793469,960168.0
AAL,2019-01-09,0.0002441172192572,66341.0
AAL,2019-01-10,0.0007337000634354,2452880.0
AAL,2019-01-11,0.0005350949583183,958359.0
AAL,2019-01-14,0.000500673244213,811258.0
AAL,2019-01-15,0.0006198418388425,986639.0
AAL,2019-01-16,0.0005184616693163,1276241.0
AAL,2019-01-17,0.0004868870342234,780639.0
AAL,2019-01-18,0.0004640772239052,884485.0
AAL,2019-01-22,0.0004683847571389,1238094.0
AAL,2019-01-23,0.0005148316622834,1667535.0
AAL,2019-01-24,0.0006955746319036,1569618.0
AAL,2019-01-25,0.0006607471844665,1665908.0
AAL,2019-01-28,0.0004902177697306,1832148.0
AAL,2019-01-29,0.0004373490466635,1091381.0
AAL,2019-01-30,0.0003907192428042,1177845.0
AAL,2019-01-31,0.0003227531993968,1205750.0
AAL,2019-02-01,0.0003873536009303,1035290.0
AAL,2019-02-04,0.0002564395600255,867614.0
AAL,2019-02-05,0.0002979411527181,1033244.0
AAL,2019-02-06,0.0003425715541168,721063.0
AAL,2019-02-07,0.0003573320825715,1042072.0
AAL,2019-02-08,0.0003271572832653,912136.0
AAL,2019-02-11,0.0002626903297846,837771.0
AAL,2019-02-12,0.0002469481524082,1373178.0
AAL,2019-02-13,0.0003139572398059,966444.0
AAL,2019-02-14,0.0003204953010222,846615.0
AAL,2019-02-15,0.0003304151949719,1857147.0
AAL,2019-02-19,0.0002999474694468,1049018.0
AAL,2019-02-20,0.0003194061358574,1160796.0
AAL,2019-02-21,0.0002974775947361,1004909.0
AAL,2019-02-22,0.0003006961003666,918202.0
AAL,2019-02-25,0.0002617102081405,919541.0
AAL,2019-02-26,0.0003197626724194,976630.0
AAL,2019-02-27,0.0003152093236651,924139.0
AAL,2019-02-28,0.0003942200536891,869829.0
AAL,2019-03-01,0.0004486831014793,1120734.0
AAL,2019-03-04,0.0003929583354607,1075642.0
AAL,2019-03-05,0.0004604169146442,1018261.0
AAL,2019-03-06,0.000412773713165,1007321.0
AAL,2019-03-07,0.0004150498125859,1016284.0
AAL,2019-03-08,0.0004336298915645,726357.0
AAL,2019-03-11,0.0003746909157353,793436.0
AAL,2019-03-12,0.0004149708968457,1403166.0
AAL,2019-03-13,0.0004826211002984,1264405.0
AAL,2019-03-14,0.0003605671164871,840421.0
AAL,2019-03-15,0.0003559092878261,882406.0
AAL,2019-03-18,0.0002981737204867,772288.0
AAL,2019-03-19,0.0002908433831443,908197.0
AAL,2019-03-20,0.0003695234420192,835049.0
AAL,2019-03-21,0.0003438515964942,846402.0
AAL,2019-03-22,0.000383076282647,1137197.0
AAL,2019-03-25,0.0003643624508049,686536.0
AAL,2019-03-26,0.0003488385517221,625189.0
AAL,2019-03-27,0.0003811754488528,960102.0
AAL,2019-03-28,0.0003717795690838,944501.0
AAL,2019-03-29,0.0003405415573497,991628.0
AAL,2019-04-01,0.0004271829455264,1121448.0
AAL,2019-04-02,0.0005040704199794,1195976.0
AAL,2019-04-03,0.0004382366166891,1341669.0
AAL,2019-04-04,0.0003695872399083,807434.0
AAL,2019-04-05,0.0003078240008247,733822.0
AAL,2019-04-08,0.0003557014401525,986151.0
AAL,2019-04-09,0.0004103883515048,1120825.0
AAL,2019-04-10,0.0004454579779953,995860.0
AAL,2019-04-11,0.0003864476251885,1067339.0
AAL,2019-04-12,0.0003183489523255,685066.0
AAL,2019-04-15,0.0003095356908846,922340.0
AAL,2019-04-16,0.0002837908470377,590680.0
AAL,2019-04-17,0.0003553523702682,579914.0
AAL,2019-04-18,0.0003160543013719,445432.0
AAL,2019-04-22,0.0002964491403849,545077.0
AAL,2019-04-23,0.0003137641985464,518378.0
AAL,2019-04-24,0.0002928769736546,430934.0
AAL,2019-04-25,0.0004208096990285,820687.0
AAL,2019-04-26,0.0005948535159126,1073173.0
AAL,2019-04-29,0.0004629625934395,813994.0
AAL,2019-04-30,0.0003002266109346,754069.0
AAL,2019-05-01,0.0003490959385238,692538.0
AAL,2019-05-02,0.0003523713336228,766705.0
AAL,2019-05-03,0.0003122781198444,691496.0
AAL,2019-05-06,0.0003854053018313,698703.0
AAL,2019-05-07,0.0004359382139457,956422.0
AAL,2019-05-08,0.0003723324094172,629590.0
AAL,2019-05-09,0.0003932501305686,662287.0
AAL,2019-05-10,0.0004049325465645,676785.0
AAL,2019-05-13,0.000493528551301,1053911.0
AAL,2019-05-14,0.0003423455107472,814198.0
AAL,2019-05-15,0.00038539923914,614050.0
AAL,2019-05-16,0.000336501101628,719560.0
AAL,2019-05-17,0.0003400293814768,673175.0
AAL,2019-05-20,0.0004701763270698,1045144.0
AAL,2019-05-21,0.0003245751644028,700083.0
AAL,2019-05-22,0.0004074857106909,1361872.0
AAL,2019-05-23,0.0004130760377918,996663.0
AAL,2019-05-24,0.0003191173640788,890270.0
AAL,2019-05-28,0.0003454970410553,1127957.0
AAL,2019-05-29,0.0003974054606511,855818.0
AAL,2019-05-30,0.0003696959091043,719999.0
AAL,2019-05-31,0.0003712661366036,967799.0
AAL,2019-06-03,0.0004667640602553,825973.0
AAL,2019-06-04,0.0004252592401585,1286705.0
AAL,2019-06-05,0.0004490503829636,1222066.0
AAL,2019-06-06,0.0003673350348513,751283.0
AAL,2019-06-07,0.0003484940249311,744019.0
AAL,2019-06-10,0.0003789618169328,870745.0
AAL,2019-06-11,0.0003632631832705,657473.0
AAL,2019-06-12,0.0003356568317059,885469.0
AAL,2019-06-13,0.0004917807226062,1607448.0
AAL,2019-06-14,0.0004129932248566,1016806.0
AAL,2019-06-17,0.0003706384193295,566752.0
AAL,2019-06-18,0.0003786408168125,674090.0
AAL,2019-06-19,0.0003344850965641,710896.0
AAL,2019-06-20,0.0004436008222026,1074931.0
AAL,2019-06-21,0.0003580894367768,862174.0
AAL,2019-06-24,0.0003756561027742,556081.0
AAL,2019-06-25,0.0003492439874334,613868.0
AAL,2019-06-26,0.0003474227377894,565847.0
AAL,2019-06-27,0.0003840248820601,703959.0
AAL,2019-06-28,0.0003081200052533,521002.0
AAL,2019-07-01,0.0003755219199066,752452.0
AAL,2019-07-02,0.0003735461102263,669660.0
AAL,2019-07-03,0.0002866123544237,410615.0
AAL,2019-07-05,0.0003311587917463,433067.0
AAL,2019-07-08,0.0003840294083943,769316.0
AAL,2019-07-09,0.0003620144841142,748377.0
AAL,2019-07-10,0.0004762734261425,1154626.0
AAL,2019-07-11,0.0003518587242984,779172.0
AAL,2019-07-12,0.0003379833333734,774568.0
AAL,2019-07-15,0.0003563316893275,447798.0
AAL,2019-07-16,0.0003953094123679,979097.0
AAL,2019-07-17,0.0003891341714088,830444.0
AAL,2019-07-18,0.0003238552251097,422897.0
AAL,2019-07-19,0.0003271331423048,553670.0
AAL,2019-07-22,0.0003144880002605,421134.0
AAL,2019-07-23,0.0003380848403848,588384.0
AAL,2019-07-24,0.0003619840787149,1025061.0
AAL,2019-07-25,0.0007287548828874,1709706.0
AAL,2019-07-26,0.0004406400686656,1289155.0
AAL,2019-07-29,0.0004034163453891,923495.0
AAL,2019-07-30,0.0003658381593397,828190.0
AAL,2019-07-31,0.0004279534504291,943885.0
AAL,2019-08-01,0.0004620031227914,1132729.0
AAL,2019-08-02,0.0004117397167779,1042795.0
AAL,2019-08-05,0.0005145232523475,1216049.0
AAL,2019-08-06,0.0004301170565517,911124.0
AAL,2019-08-07,0.0005133886426929,813802.0
AAL,2019-08-08,0.0004010948764453,744735.0
AAL,2019-08-09,0.0003969286911346,636047.0
AAL,2019-08-12,0.0003924193505775,947474.0
AAL,2019-08-13,0.000467024333103,914101.0
AAL,2019-08-14,0.0004942837021957,1422914.0
AAL,2019-08-15,0.0005503819593627,1365801.0
AAL,2019-08-16,0.0004136517585516,1029652.0
AAL,2019-08-19,0.0003547924766631,1339302.0
AAL,2019-08-20,0.0003875698620694,1081666.0
AAL,2019-08-21,0.0003456530545168,734071.0
AAL,2019-08-22,0.0003628866908256,743619.0
AAL,2019-08-23,0.0005390487482281,1282080.0
AAL,2019-08-26,0.0004263076945755,970030.0
AAL,2019-08-27,0.0004096420493927,1013896.0
AAL,2019-08-28,0.000467197550712,1197446.0
AAL,2019-08-29,0.0004174734404291,1131254.0
AAL,2019-08-30,0.000332778580789,680991.0
AAL,2019-09-03,0.0004288802818121,1012613.0
AAL,2019-09-04,0.0004323389203275,860858.0
AAL,2019-09-05,0.0004277341525051,982284.0
AAL,2019-09-06,0.0003454347341906,889454.0
AAL,2019-09-09,0.0003808586791453,1088433.0
AAL,2019-09-10,0.0004122649822808,996912.0
AAL,2019-09-11,0.0004590014708105,958775.0
AAL,2019-09-12,0.0004467750393463,859943.0
AAL,2019-09-13,0.0003470134348937,990797.0
AAL,2019-09-16,0.0006385974416333,1996138.0
AAL,2019-09-17,0.0006086478782183,1995679.0
AAL,2019-09-18,0.0003399399689942,538562.0
AAL,2019-09-19,0.0003525976225036,739957.0
AAL,2019-09-20,0.0003644225333331,882808.0
AAL,2019-09-23,0.0003445575263491,724065.0
AAL,2019-09-24,0.0004065572545687,825225.0
AAL,2019-09-25,0.000438786699984,972317.0
AAL,2019-09-26,0.0003608446345657,819228.0
AAL,2019-09-27,0.0004919468837125,842257.0
AAL,2019-09-30,0.0003391896390194,786541.0
AAL,2019-10-01,0.0004043486221344,1004383.0
AAL,2019-10-02,0.0005564375838039,1811117.0
AAL,2019-10-03,0.0005451695567917,1061444.0
AAL,2019-10-04,0.000387648086684,878831.0
AAL,2019-10-07,0.0003628049909291,754958.0
AAL,2019-10-08,0.000473882806041,1262682.0
AAL,2019-10-09,0.0004070494861413,1181746.0
AAL,2019-10-10,0.0004774539890864,882758.0
AAL,2019-10-11,0.000483994216099,1053394.0
AAL,2019-10-14,0.0003077782011985,454427.0
AAL,2019-10-15,0.0003606001738277,922950.0
AAL,2019-10-16,0.0003747075468473,922743.0
AAL,2019-10-17,0.0003027579819411,729055.0
AAL,2019-10-18,0.0003247322798023,621353.0
AAL,2019-10-21,0.000276008923426,746163.0
AAL,2019-10-22,0.0003571800165732,992234.0
AAL,2019-10-23,0.0003467493920355,765637.0
AAL,2019-10-24,0.0006977230164842,1822178.0
AAL,2019-10-25,0.0004571612730903,1697110.0
AAL,2019-10-28,0.0003556739476103,1076573.0
AAL,2019-10-29,0.000340321773017,842241.0
AAL,2019-10-30,0.0003285735182927,1148644.0
AAL,2019-10-31,0.0003674835167487,935045.0
AAL,2019-11-01,0.0002994803988716,956640.0
AAL,2019-11-04,0.0003200044763084,787342.0
AAL,2019-11-05,0.000300760921219,803045.0
AAL,2019-11-06,0.000334702523616,641650.0
AAL,2019-11-07,0.0002991166147112,872754.0
AAL,2019-11-08,0.0004095779677979,695380.0
AAL,2019-11-11,0.0003348470335228,552179.0
AAL,2019-11-12,0.0003261386923083,1124098.0
AAL,2019-11-13,0.0003278068932258,1030196.0
AAL,2019-11-14,0.0002734904393273,604679.0
AAL,2019-11-15,0.000286122548546,565778.0
AAL,2019-11-18,0.0003253848810012,712642.0
AAL,2019-11-19,0.0002908677894463,753494.0
AAL,2019-11-20,0.0003538494765617,1267254.0
AAL,2019-11-21,0.0002959913938935,844421.0
AAL,2019-11-22,0.0002855206416375,598930.0
AAL,2019-11-25,0.0002694729427678,648973.0
AAL,2019-11-26,0.0002806421144717,740977.0
AAL,2019-11-27,0.0002545573704084,469091.0
AAL,2019-11-29,0.0002128581808971,466369.0
AAL,2019-12-02,0.0003595395969153,981495.0
AAL,2019-12-03,0.000367112620283,966221.0
AAL,2019-12-04,0.0003182644752001,663421.0
AAL,2019-12-05,0.0002964830885418,780550.0
AAL,2019-12-06,0.0002782075020801,740880.0
AAL,2019-12-09,0.0002472307215313,612182.0
AAL,2019-12-10,0.000298017415932,1224497.0
AAL,2019-12-11,0.0002570447861927,827506.0
AAL,2019-12-12,0.0003740134535885,1509440.0
AAL,2019-12-13,0.0003414844433848,742953.0
AAL,2019-12-16,0.0002720861542773,828687.0
AAL,2019-12-17,0.0002726341476161,785220.0
AAL,2019-12-18,0.0002652556747244,702217.0
AAL,2019-12-19,0.0002263681499769,865952.0
AAL,2019-12-20,0.000247169965874,1302610.0
AAL,2019-12-23,0.0002721723772659,922667.0
AAL,2019-12-24,0.0002163230160532,293730.0
AAL,2019-12-26,0.0002649408656927,686411.0
AAL,2019-12-27,0.0003230121626302,1008364.0
AAP,2019-01-02,0.0004796414267936,149391.0
AAP,2019-01-03,0.0005480757492513,213183.0
AAP,2019-01-04,0.0004612559019801,258325.0
AAP,2019-01-07,0.0004948319281944,239375.0
AAP,2019-01-08,0.0004286916765472,183671.0
AAP,2019-01-09,0.0001456092512549,7761.0
AAP,2019-01-10,0.0003649489223548,165240.0
AAP,2019-01-11,0.00035576799535,188037.0
AAP,2019-01-14,0.0004111373065316,177054.0
AAP,2019-01-15,0.0003495823102678,177710.0
AAP,2019-01-16,0.0003339908512577,135678.0
AAP,2019-01-17,0.000358190588637,148108.0
AAP,2019-01-18,0.0004611627255363,164822.0
AAP,2019-01-22,0.0003974871379901,198685.0
AAP,2019-01-23,0.0003246044401287,127499.0
AAP,2019-01-24,0.0003774814503004,212062.0
AAP,2019-01-25,0.0003899546048596,200597.0
AAP,2019-01-28,0.0004040754847145,158161.0
AAP,2019-01-29,0.0003936894170221,199067.0
AAP,2019-01-30,0.0003197959587824,151998.0
AAP,2019-01-31,0.0003776056769971,169819.0
AAP,2019-02-01,0.0003336212479041,274380.0
AAP,2019-02-04,0.0002862112611467,88542.0
AAP,2019-02-05,0.0003343138313699,137314.0
AAP,2019-02-06,0.0003040294959832,142386.0
AAP,2019-02-07,0.0004712400810926,191585.0
AAP,2019-02-08,0.0003051193925086,134736.0
AAP,2019-02-11,0.0003002474933488,105693.0
AAP,2019-02-12,0.0002882475832272,190904.0
AAP,2019-02-13,0.0003644944617814,145497.0
AAP,2019-02-14,0.0003953026638484,97585.0
AAP,2019-02-15,0.0003009083100148,181810.0
AAP,2019-02-19,0.0007946123426985,338318.0
AAP,2019-02-20,0.0005203811386148,297218.0
AAP,2019-02-21,0.0004177479868027,211180.0
AAP,2019-02-22,0.0003278587903551,125041.0
AAP,2019-02-25,0.0003710777727413,190316.0
AAP,2019-02-26,0.0005128726180776,248420.0
AAP,2019-02-27,0.0003539490582497,157127.0
AAP,2019-02-28,0.0003932998438395,168848.0
AAP,2019-03-01,0.0003624298111849,161420.0
AAP,2019-03-04,0.0003014404071271,143688.0
AAP,2019-03-05,0.000291732966603,118917.0
AAP,2019-03-06,0.0003166470812464,161794.0
AAP,2019-03-07,0.0003572913665825,143286.0
AAP,2019-03-08,0.0003023660666735,163700.0
AAP,2019-03-11,0.0002903645617663,98416.0
AAP,2019-03-12,0.000346359960982,98933.0
AAP,2019-03-13,0.0003185992762124,93664.0
AAP,2019-03-14,0.0002718393024722,83297.0
AAP,2019-03-15,0.0003374121283586,157315.0
AAP,2019-03-18,0.0004431245168437,303584.0
AAP,2019-03-19,0.000334054412875,171677.0
AAP,2019-03-20,0.0003280804678436,119150.0
AAP,2019-03-21,0.000325462382624,129510.0
AAP,2019-03-22,0.000359868547948,141487.0
AAP,2019-03-25,0.0003975224045544,89028.0
AAP,2019-03-26,0.0003252949025621,140136.0
AAP,2019-03-27,0.0003360016761155,128065.0
AAP,2019-03-28,0.000327254417511,68675.0
AAP,2019-03-29,0.000289067096391,95079.0
AAP,2019-04-01,0.0003272495729971,103702.0
AAP,2019-04-02,0.000245010050298,106369.0
AAP,2019-04-03,0.0002880545137153,117283.0
AAP,2019-04-04,0.0002554219295221,85111.0
AAP,2019-04-05,0.0002731376823592,74057.0
AAP,2019-04-08,0.0002944121882298,77126.0
AAP,2019-04-09,0.0002333450776668,82280.0
AAP,2019-04-10,0.0002900033482107,151395.0
AAP,2019-04-11,0.0002995097605344,95211.0
AAP,2019-04-12,0.0002748401461092,118123.0
AAP,2019-04-15,0.0002392466358341,107027.0
AAP,2019-04-16,0.0002096515566573,77181.0
AAP,2019-04-17,0.0002851727067789,80037.0
AAP,2019-04-18,0.0003027785538266,94301.0
AAP,2019-04-22,0.0003472147041469,101220.0
AAP,2019-04-23,0.0002580542942688,142123.0
AAP,2019-04-24,0.000258608840263,98770.0
AAP,2019-04-25,0.0004209228734458,119187.0
AAP,2019-04-26,0.0003087170219895,71242.0
AAP,2019-04-29,0.0002674328023572,100611.0
AAP,2019-04-30,0.0002726949822839,148264.0
AAP,2019-05-01,0.0003162908745288,141277.0
AAP,2019-05-02,0.0002826146951661,154913.0
AAP,2019-05-03,0.000302509260225,96513.0
AAP,2019-05-06,0.0003118429765875,178107.0
AAP,2019-05-07,0.0003621410716347,161327.0
AAP,2019-05-08,0.0003735698126603,76830.0
AAP,2019-05-09,0.0002839223026798,132510.0
AAP,2019-05-10,0.0003653129513161,95521.0
AAP,2019-05-13,0.0004062706971972,225691.0
AAP,2019-05-14,0.0003576310625925,167468.0
AAP,2019-05-15,0.0003575125634229,93080.0
AAP,2019-05-16,0.0003761230190461,129278.0
AAP,2019-05-17,0.0003283186497516,154423.0
AAP,2019-05-20,0.000380782555975,212185.0
AAP,2019-05-21,0.0004098656694508,188814.0
AAP,2019-05-22,0.0006457053947711,279401.0
AAP,2019-05-23,0.0004335973337878,352831.0
AAP,2019-05-24,0.0004276156720754,254227.0
AAP,2019-05-28,0.0003178961592387,137544.0
AAP,2019-05-29,0.0003584010316745,185060.0
AAP,2019-05-30,0.0004002709125322,144999.0
AAP,2019-05-31,0.0003289135212816,120777.0
AAP,2019-06-03,0.0004880185568892,152909.0
AAP,2019-06-04,0.0003188375082027,102858.0
AAP,2019-06-05,0.0003108011775746,112842.0
AAP,2019-06-06,0.0003118977885656,102221.0
AAP,2019-06-07,0.0002416665080913,88992.0
AAP,2019-06-10,0.0003363981913196,140999.0
AAP,2019-06-11,0.0003682224461955,132949.0
AAP,2019-06-12,0.0003168176537499,103501.0
AAP,2019-06-13,0.0002432881682438,95020.0
AAP,2019-06-14,0.0002738354571489,88157.0
AAP,2019-06-17,0.0002866016309966,89348.0
AAP,2019-06-18,0.0002710531136886,160256.0
AAP,2019-06-19,0.0003447177243001,140440.0
AAP,2019-06-20,0.0002816428942292,128594.0
AAP,2019-06-21,0.00023361836788,105179.0
AAP,2019-06-24,0.000229710349927,130587.0
AAP,2019-06-25,0.0002616994256807,158359.0
AAP,2019-06-26,0.0003357092870611,149405.0
AAP,2019-06-27,0.0002820480539055,116290.0
AAP,2019-06-28,0.0002742051296878,112079.0
AAP,2019-07-01,0.000314246729821,135707.0
AAP,2019-07-02,0.0002856195792924,178128.0
AAP,2019-07-03,0.0002151551264354,87133.0
AAP,2019-07-05,0.0002306315685685,77779.0
AAP,2019-07-08,0.0002802923479183,204551.0
AAP,2019-07-09,0.000260615268015,182031.0
AAP,2019-07-10,0.0002458543712536,111662.0
AAP,2019-07-11,0.0002004362553399,110622.0
AAP,2019-07-12,0.000274351654472,104238.0
AAP,2019-07-15,0.0002344321449372,60836.0
AAP,2019-07-16,0.0002579356744055,110863.0
AAP,2019-07-17,0.0002680390743373,153163.0
AAP,2019-07-18,0.0003454880667478,158636.0
AAP,2019-07-19,0.000253021920023,113818.0
AAP,2019-07-22,0.0002622529170117,134604.0
AAP,2019-07-23,0.0002885054061087,115520.0
AAP,2019-07-24,0.0002681167854654,107697.0
AAP,2019-07-25,0.0003488768139643,222086.0
AAP,2019-07-26,0.0002619139565491,130482.0
AAP,2019-07-29,0.0002867673824424,202861.0
AAP,2019-07-30,0.0003651865149357,98008.0
AAP,2019-07-31,0.0003572472015907,163214.0
AAP,2019-08-01,0.0004054396484777,162971.0
AAP,2019-08-02,0.0004327765266071,146264.0
AAP,2019-08-05,0.0004378627009478,222291.0
AAP,2019-08-06,0.000378067595855,205539.0
AAP,2019-08-07,0.0004079572167104,284816.0
AAP,2019-08-08,0.000362865880535,200755.0
AAP,2019-08-09,0.000408218705828,235750.0
AAP,2019-08-12,0.0003394588653826,253901.0
AAP,2019-08-13,0.001120233733538,599794.0
AAP,2019-08-14,0.0004644551940273,405195.0
AAP,2019-08-15,0.0004436820951333,389375.0
AAP,2019-08-16,0.000339164882689,205750.0
AAP,2019-08-19,0.0003192507493776,177570.0
AAP,2019-08-20,0.0002566459979702,223541.0
AAP,2019-08-21,0.0002976519417046,297041.0
AAP,2019-08-22,0.0002980991725621,282882.0
AAP,2019-08-23,0.0003749688026379,281556.0
AAP,2019-08-26,0.0003362279339164,138756.0
AAP,2019-08-27,0.000337712692372,97545.0
AAP,2019-08-28,0.000354617062905,196821.0
AAP,2019-08-29,0.0003703184552456,118233.0
AAP,2019-08-30,0.0003055892214577,75004.0
AAP,2019-09-03,0.0003591617334857,152534.0
AAP,2019-09-04,0.0004061770759993,182794.0
AAP,2019-09-05,0.0002842404872911,101862.0
AAP,2019-09-06,0.0002201303917048,99367.0
AAP,2019-09-09,0.000306266640382,102804.0
AAP,2019-09-10,0.0004125618944131,200462.0
AAP,2019-09-11,0.0003817643725498,134491.0
AAP,2019-09-12,0.0003757314680027,132236.0
AAP,2019-09-13,0.000378280838873,132183.0
AAP,2019-09-16,0.0002780295853314,135733.0
AAP,2019-09-17,0.0004321997662504,112543.0
AAP,2019-09-18,0.0002080657785979,55762.0
AAP,2019-09-19,0.0002679726823874,73783.0
AAP,2019-09-20,0.0002546659218464,98343.0
AAP,2019-09-23,0.0003199350018368,142452.0
AAP,2019-09-24,0.0004122527780333,188081.0
AAP,2019-09-25,0.0003149664901007,90704.0
AAP,2019-09-26,0.0003519434319744,74803.0
AAP,2019-09-27,0.0002752404239278,101942.0
AAP,2019-09-30,0.0003039090143388,121139.0
AAP,2019-10-01,0.0003464075170937,126639.0
AAP,2019-10-02,0.000362498277257,134795.0
AAP,2019-10-03,0.0004041421496315,109041.0
AAP,2019-10-04,0.0003068394025407,136552.0
AAP,2019-10-07,0.0002753912467341,152740.0
AAP,2019-10-08,0.0003675908348833,117908.0
AAP,2019-10-09,0.0002469142112834,89731.0
AAP,2019-10-10,0.0003864195935399,83661.0
AAP,2019-10-11,0.0003699212763096,87620.0
AAP,2019-10-14,0.00031048823651,65254.0
AAP,2019-10-15,0.0002756077201804,92468.0
AAP,2019-10-16,0.0003211517994694,129806.0
AAP,2019-10-17,0.0003213794595171,109401.0
AAP,2019-10-18,0.0002969694031065,102532.0
AAP,2019-10-21,0.0003078618440934,75711.0
AAP,2019-10-22,0.0003009176157079,61407.0
AAP,2019-10-23,0.0002694648849266,105711.0
AAP,2019-10-24,0.000499003396414,134631.0
AAP,2019-10-25,0.00028710575824,73502.0
AAP,2019-10-28,0.0004681962564649,94066.0
AAP,2019-10-29,0.0003836870999833,105693.0
AAP,2019-10-30,0.0003627654714913,80032.0
AAP,2019-10-31,0.0002812571942339,126236.0
AAP,2019-11-01,0.0003141512962032,94015.0
AAP,2019-11-04,0.0002551862266137,105697.0
AAP,2019-11-05,0.0004404151644972,201925.0
AAP,2019-11-06,0.0003988160382709,119520.0
AAP,2019-11-07,0.0003906092426407,80091.0
AAP,2019-11-08,0.0004325463613078,118843.0
AAP,2019-11-11,0.0004436754524816,204105.0
AAP,2019-11-12,0.0007754404278897,335388.0
AAP,2019-11-13,0.0003646722374421,179178.0
AAP,2019-11-14,0.0003567538599356,83724.0
AAP,2019-11-15,0.0003665972432657,148924.0
AAP,2019-11-18,0.0003200587015274,116068.0
AAP,2019-11-19,0.0002997631703758,79410.0
AAP,2019-11-20,0.0003069358471094,83378.0
AAP,2019-11-21,0.0002995971028088,83012.0
AAP,2019-11-22,0.0003329858743472,99251.0
AAP,2019-11-25,0.0002680102160987,68343.0
AAP,2019-11-26,0.0003413702334135,96287.0
AAP,2019-11-27,0.0002745645158526,85269.0
AAP,2019-11-29,0.0002293716957303,41115.0
AAP,2019-12-02,0.0003560015974298,69587.0
AAP,2019-12-03,0.0002747412385603,94946.0
AAP,2019-12-04,0.0003143055563767,131355.0
AAP,2019-12-05,0.0002734854232961,126330.0
AAP,2019-12-06,0.0002911235550713,109277.0
AAP,2019-12-09,0.0003062404986672,103139.0
AAP,2019-12-10,0.0003418843902101,146325.0
AAP,2019-12-11,0.0002795269990728,83947.0
AAP,2019-12-12,0.0002814696387372,75377.0
AAP,2019-12-13,0.0002881220874791,58000.0
AAP,2019-12-16,0.0001941861177044,62358.0
AAP,2019-12-17,0.0003023013277235,95187.0
AAP,2019-12-18,0.0003080695991452,63396.0
AAP,2019-12-19,0.0002614910222593,47525.0
AAP,2019-12-20,0.0002406837009472,68527.0
AAP,2019-12-23,0.0002759841937365,74855.0
AAP,2019-12-24,0.000260203594649,29674.0
AAP,2019-12-26,0.0002153829363462,45575.0
AAP,2019-12-27,0.0002047866209331,45855.0
AAPL,2019-01-02,0.0003564373927449,2675119.0
AAPL,2019-01-03,0.0005032817206331,6882662.0
AAPL,2019-01-04,0.0003482877210101,4761549.0
AAPL,2019-01-07,0.0003908072054532,4869228.0
AAPL,2019-01-08,0.000312802514468,2983238.0
AAPL,2019-01-09,0.0001478716598828,332578.0
AAPL,2019-01-10,0.0003044997375228,2539859.0
AAPL,2019-01-11,0.0002334458498101,2381915.0
AAPL,2019-01-14,0.0002405392329034,3116671.0
AAPL,2019-01-15,0.0002492847504634,2528157.0
AAPL,2019-01-16,0.0002370062276278,2409875.0
AAPL,2019-01-17,0.0003025958422006,2423491.0
AAPL,2019-01-18,0.0002623820099195,2470306.0
AAPL,2019-01-22,0.0002847284786494,2542321.0
AAPL,2019-01-23,0.0002582072799066,2140872.0
AAPL,2019-01-24,0.0002466405714976,2303061.0
AAPL,2019-01-25,0.000221351285622,2900460.0
AAPL,2019-01-28,0.0002579987355239,2268002.0
AAPL,2019-01-29,0.0002734050386398,2844287.0
AAPL,2019-01-30,0.0003514179221149,4535735.0
AAPL,2019-01-31,0.0002576418392123,2428333.0
AAPL,2019-02-01,0.0002639984583867,1987924.0
AAPL,2019-02-04,0.000225631599516,2211022.0
AAPL,2019-02-05,0.0002236426585631,2461804.0
AAPL,2019-02-06,0.0002328256393722,2038538.0
AAPL,2019-02-07,0.0002659453570023,2365788.0
AAPL,2019-02-08,0.0002317859684062,1784940.0
AAPL,2019-02-11,0.000214241687574,1704261.0
AAPL,2019-02-12,0.0001669555085004,1974142.0
AAPL,2019-02-13,0.0001926158829926,1974963.0
AAPL,2019-02-14,0.0002251528152854,1842173.0
AAPL,2019-02-15,0.0001977092475973,1938011.0
AAPL,2019-02-19,0.0001718166664315,1753141.0
AAPL,2019-02-20,0.0002196742311959,2121867.0
AAPL,2019-02-21,0.0001968157363946,1605327.0
AAPL,2019-02-22,0.0001576047046888,1789944.0
AAPL,2019-02-25,0.0001940133919583,2231753.0
AAPL,2019-02-26,0.0001751139843636,1574450.0
AAPL,2019-02-27,0.0001876556882657,1639432.0
AAPL,2019-02-28,0.0001750298864899,1709912.0
AAPL,2019-03-01,0.0001727235957784,2407383.0
AAPL,2019-03-04,0.0002314260368583,2076477.0
AAPL,2019-03-05,0.0001719793382944,1607380.0
AAPL,2019-03-06,0.0001805708066487,1376520.0
AAPL,2019-03-07,0.0002383756955195,1966360.0
AAPL,2019-03-08,0.0002233254146067,1495689.0
AAPL,2019-03-11,0.0001734150990746,2959279.0
AAPL,2019-03-12,0.0002034417584459,2245362.0
AAPL,2019-03-13,0.0001976338126636,2245470.0
AAPL,2019-03-14,0.0001620991457793,1869095.0
AAPL,2019-03-15,0.0001746688414638,2675231.0
AAPL,2019-03-18,0.0001789407992286,2028432.0
AAPL,2019-03-19,0.0002154393226123,2368192.0
AAPL,2019-03-20,0.0002381313743412,1950534.0
AAPL,2019-03-21,0.0002302646715834,3795501.0
AAPL,2019-03-22,0.0003203472106184,3002027.0
AAPL,2019-03-25,0.0003836875429905,3164476.0
AAPL,2019-03-26,0.0003412875533772,3064110.0
AAPL,2019-03-27,0.000316871713969,2243216.0
AAPL,2019-03-28,0.000237801321687,1478437.0
AAPL,2019-03-29,0.0002127901064554,1916560.0
AAPL,2019-04-01,0.0002303350301424,1973017.0
AAPL,2019-04-02,0.0001894604081049,2055295.0
AAPL,2019-04-03,0.0002039069507773,1812029.0
AAPL,2019-04-04,0.0001869604836456,1852814.0
AAPL,2019-04-05,0.0001646786461869,1345272.0
AAPL,2019-04-08,0.0001916883220588,2746332.0
AAPL,2019-04-09,0.0002258773994138,2447274.0
AAPL,2019-04-10,0.0002011718288281,1989386.0
AAPL,2019-04-11,0.0001919677100173,1500258.0
AAPL,2019-04-12,0.0001945139476392,2420044.0
AAPL,2019-04-15,0.0001622770102328,1261650.0
AAPL,2019-04-16,0.0001905945461782,2440886.0
AAPL,2019-04-17,0.0002225645035127,2240678.0
AAPL,2019-04-18,0.0001766787142217,1798547.0
AAPL,2019-04-22,0.0001687635960126,1259075.0
AAPL,2019-04-23,0.0001617950980992,2237372.0
AAPL,2019-04-24,0.0001544623470014,1376058.0
AAPL,2019-04-25,0.0001917833023974,1843770.0
AAPL,2019-04-26,0.0002293433978639,1394638.0
AAPL,2019-04-29,0.000174211966051,1953887.0
AAPL,2019-04-30,0.0002701013517525,2718982.0
AAPL,2019-05-01,0.0003139620202455,5385218.0
AAPL,2019-05-02,0.0002664126195025,2306851.0
AAPL,2019-05-03,0.0001677628426704,1839824.0
AAPL,2019-05-06,0.0002552095483833,2281175.0
AAPL,2019-05-07,0.0003251472101349,3611237.0
AAPL,2019-05-08,0.0002997510354514,1879191.0
AAPL,2019-05-09,0.0003972980905889,3364529.0
AAPL,2019-05-10,0.0003865929449434,3527262.0
AAPL,2019-05-13,0.0004641502603784,4314473.0
AAPL,2019-05-14,0.0002943636138532,2944806.0
AAPL,2019-05-15,0.00027300612706,2433745.0
AAPL,2019-05-16,0.000248099725997,2487086.0
AAPL,2019-05-17,0.0003169939647373,2730635.0
AAPL,2019-05-20,0.0003746925749511,2636285.0
AAPL,2019-05-21,0.0002367531375189,2481908.0
AAPL,2019-05-22,0.0002648403608089,2232567.0
AAPL,2019-05-23,0.0003170366710225,3100618.0
AAPL,2019-05-24,0.0002304636705343,1902841.0
AAPL,2019-05-28,0.0002805603215497,2672946.0
AAPL,2019-05-29,0.0002807652273825,2078205.0
AAPL,2019-05-30,0.0002287950854762,2193842.0
AAPL,2019-05-31,0.0002502142094885,2024097.0
AAPL,2019-06-03,0.0005533342121501,3350214.0
AAPL,2019-06-04,0.0002743250303658,2262758.0
AAPL,2019-06-05,0.0003029489902673,2320758.0
AAPL,2019-06-06,0.0002543180392196,1639644.0
AAPL,2019-06-07,0.0002647010014818,2546790.0
AAPL,2019-06-10,0.0002570636495628,2190413.0
AAPL,2019-06-11,0.0002600179093401,1990063.0
AAPL,2019-06-12,0.0002051144794208,1480475.0
AAPL,2019-06-13,0.0002299767940551,2168620.0
AAPL,2019-06-14,0.0002114571890042,1454230.0
AAPL,2019-06-17,0.0001955353713803,1715111.0
AAPL,2019-06-18,0.00026552025947,2693153.0
AAPL,2019-06-19,0.0002799979484834,2092387.0
AAPL,2019-06-20,0.0002059506256985,1796274.0
AAPL,2019-06-21,0.0001958802169143,2391003.0
AAPL,2019-06-24,0.0001742843726997,1450555.0
AAPL,2019-06-25,0.0002271439329127,2126745.0
AAPL,2019-06-26,0.0001945825574836,1972481.0
AAPL,2019-06-27,0.000160488223715,1754240.0
AAPL,2019-06-28,0.0001705899863581,2204310.0
AAPL,2019-07-01,0.0002115895961099,2358539.0
AAPL,2019-07-02,0.0001659309509721,1512327.0
AAPL,2019-07-03,0.0001049748764389,1092651.0
AAPL,2019-07-05,0.0001682250749017,1846654.0
AAPL,2019-07-08,0.0001865619716092,2001915.0
AAPL,2019-07-09,0.0001616741156582,2096374.0
AAPL,2019-07-10,0.0001762002973828,1312092.0
AAPL,2019-07-11,0.0001632836038848,1777843.0
AAPL,2019-07-12,0.0001446742011962,1370227.0
AAPL,2019-07-15,0.0001455733385901,1887472.0
AAPL,2019-07-16,0.000166331442904,1227664.0
AAPL,2019-07-17,0.000164218751257,1604428.0
AAPL,2019-07-18,0.000164848439721,1252465.0
AAPL,2019-07-19,0.0001904856191886,1798685.0
AAPL,2019-07-22,0.0001539639999022,1915875.0
AAPL,2019-07-23,0.0001631576151898,1793339.0
AAPL,2019-07-24,0.0001455096281212,1252214.0
AAPL,2019-07-25,0.0001826478809859,1531027.0
AAPL,2019-07-26,0.000182058345753,1543228.0
AAPL,2019-07-29,0.0001574037169104,2261407.0
AAPL,2019-07-30,0.0001773047073362,2001147.0
AAPL,2019-07-31,0.0004200687300551,5316143.0
AAPL,2019-08-01,0.0004584041203801,3767695.0
AAPL,2019-08-02,0.0003878216019963,2665859.0
AAPL,2019-08-05,0.0004003904200687,3353091.0
AAPL,2019-08-06,0.0003464669510907,2731210.0
AAPL,2019-08-07,0.0003709081912753,2254621.0
AAPL,2019-08-08,0.0002342873041239,2485035.0
AAPL,2019-08-09,0.0002817118322736,1955999.0
AAPL,2019-08-12,0.0002780096297388,2185498.0
AAPL,2019-08-13,0.0004572679925653,3616012.0
AAPL,2019-08-14,0.0003902543140678,3069223.0
AAPL,2019-08-15,0.0003675579647872,1803907.0
AAPL,2019-08-16,0.0002357045612664,2418253.0
AAPL,2019-08-19,0.0001843062380872,1799169.0
AAPL,2019-08-20,0.0002238429939844,2157765.0
AAPL,2019-08-21,0.0001618054949756,1469972.0
AAPL,2019-08-22,0.000228800271132,2154675.0
AAPL,2019-08-23,0.0004295514481555,2966003.0
AAPL,2019-08-26,0.000244950398521,2204617.0
AAPL,2019-08-27,0.0002486885423478,1880628.0
AAPL,2019-08-28,0.0002167531435742,1640460.0
AAPL,2019-08-29,0.0001785035028842,1798863.0
AAPL,2019-08-30,0.0002199201250696,1625177.0
AAPL,2019-09-03,0.0002309153765352,1730551.0
AAPL,2019-09-04,0.0001529781468823,1679313.0
AAPL,2019-09-05,0.0001576500806715,2123300.0
AAPL,2019-09-06,0.0001658855659449,1658831.0
AAPL,2019-09-09,0.0001742029808808,2214514.0
AAPL,2019-09-10,0.0002805625388087,2537603.0
AAPL,2019-09-11,0.0002227670128816,3971542.0
AAPL,2019-09-12,0.0002893739095415,2507755.0
AAPL,2019-09-13,0.0002520737753669,2698726.0
AAPL,2019-09-16,0.0001956932030438,1835092.0
AAPL,2019-09-17,0.0001608623350651,1559983.0
AAPL,2019-09-18,0.0002004599011037,1453928.0
AAPL,2019-09-19,0.0001869167640621,2057305.0
AAPL,2019-09-20,0.0002521103718399,2347305.0
AAPL,2019-09-23,0.0001817392892389,1535333.0
AAPL,2019-09-24,0.0003111693356127,2388298.0
AAPL,2019-09-25,0.0002323822888209,1755858.0
AAPL,2019-09-26,0.0002088078488475,1585508.0
AAPL,2019-09-27,0.000283450721454,2136660.0
AAPL,2019-09-30,0.0001840301369775,2091755.0
AAPL,2019-10-01,0.000269499897605,2513264.0
AAPL,2019-10-02,0.0002661265194566,2314590.0
AAPL,2019-10-03,0.0003348826083737,2165599.0
AAPL,2019-10-04,0.0002086689660003,2523219.0
AAPL,2019-10-07,0.0002145981816716,2526310.0
AAPL,2019-10-08,0.0003320239478751,2040166.0
AAPL,2019-10-09,0.0002038137380257,1604287.0
AAPL,2019-10-10,0.0002180613461284,2399517.0
AAPL,2019-10-11,0.0002453652889609,2962943.0
AAPL,2019-10-14,0.0001743613846877,1670506.0
AAPL,2019-10-15,0.0001654908551551,1630977.0
AAPL,2019-10-16,0.0001576472714253,1317800.0
AAPL,2019-10-17,0.0001615960893177,1219591.0
AAPL,2019-10-18,0.0001600469622592,1652010.0
AAPL,2019-10-21,0.0001393254098059,1854857.0
AAPL,2019-10-22,0.0001644863040152,1557508.0
AAPL,2019-10-23,0.000157044288531,1362275.0
AAPL,2019-10-24,0.0001603899613831,1360141.0
AAPL,2019-10-25,0.000136251948805,1510116.0
AAPL,2019-10-28,0.0001329365313524,1707625.0
AAPL,2019-10-29,0.0002325030409052,2475746.0
AAPL,2019-10-30,0.0002071694814809,2033360.0
AAPL,2019-10-31,0.0003063140375742,2420085.0
AAPL,2019-11-01,0.0001860271344215,3134549.0
AAPL,2019-11-04,0.000176387399618,2042272.0
AAPL,2019-11-05,0.0001435243699283,1679773.0
AAPL,2019-11-06,0.0001540483763447,1614489.0
AAPL,2019-11-07,0.000144884644151,2161512.0
AAPL,2019-11-08,0.0001341832289397,1489942.0
AAPL,2019-11-11,0.0001327761687093,1686835.0
AAPL,2019-11-12,0.0001556065091692,1787832.0
AAPL,2019-11-13,0.0001762101119705,2138155.0
AAPL,2019-11-14,0.000187824913417,1980613.0
AAPL,2019-11-15,0.0001311658166218,2111264.0
AAPL,2019-11-18,0.0001496657886096,1545669.0
AAPL,2019-11-19,0.0001564566871319,1577218.0
AAPL,2019-11-20,0.0002266429587668,2048543.0
AAPL,2019-11-21,0.0001801371176758,1611384.0
AAPL,2019-11-22,0.0001549523448131,1671152.0
AAPL,2019-11-25,0.0001090023781075,1430674.0
AAPL,2019-11-26,0.0001572058380543,1650721.0
AAPL,2019-11-27,0.0001150088044699,1269268.0
AAPL,2019-11-29,0.0001051139729566,986551.0
AAPL,2019-12-02,0.0002292298754357,1640737.0
AAPL,2019-12-03,0.0002342595628854,1830521.0
AAPL,2019-12-04,0.0001524294268343,1509602.0
AAPL,2019-12-05,0.0001607390245489,1328362.0
AAPL,2019-12-06,0.0001220157619565,2172766.0
AAPL,2019-12-09,0.0001857285310881,3627274.0
AAPL,2019-12-10,0.0001980762486836,1964244.0
AAPL,2019-12-11,0.000151677074655,1596495.0
AAPL,2019-12-12,0.0002903987163787,2420328.0
AAPL,2019-12-13,0.0002296810833439,2412282.0
AAPL,2019-12-16,0.0001404240907763,1960503.0
AAPL,2019-12-17,0.0001581177921133,2210541.0
AAPL,2019-12-18,0.0001237439650798,1951570.0
AAPL,2019-12-19,0.0001263576868947,1552161.0
AAPL,2019-12-20,0.0001466506425419,2240704.0
AAPL,2019-12-23,0.0001170181179834,1566477.0
AAPL,2019-12-24,0.0001042696079427,696068.0
AAPL,2019-12-26,0.0001118638736164,1684650.0
AAPL,2019-12-27,0.0001951092882974,2203134.0
ABBV,2019-01-02,0.0004958802541076,482047.0
ABBV,2019-01-03,0.0004682526775608,532920.0
ABBV,2019-01-04,0.0004962723654759,544697.0
ABBV,2019-01-07,0.0003268003703725,394582.0
ABBV,2019-01-08,0.0003413808041254,457591.0
ABBV,2019-01-09,8.91691599223534e-05,8345.0
ABBV,2019-01-10,0.0003079689923712,407508.0
ABBV,2019-01-11,0.0002563335478126,349111.0
ABBV,2019-01-14,0.0002688919256741,379746.0
ABBV,2019-01-15,0.0002809438553378,505848.0
ABBV,2019-01-16,0.0003139200216449,378907.0
ABBV,2019-01-17,0.0002897271705093,359743.0
ABBV,2019-01-18,0.0002899921213066,360233.0
ABBV,2019-01-22,0.0003404649246819,374347.0
ABBV,2019-01-23,0.0002765334234016,330734.0
ABBV,2019-01-24,0.0003157185088381,492210.0
ABBV,2019-01-25,0.000774278087585,729657.0
ABBV,2019-01-28,0.0003637314124802,803475.0
ABBV,2019-01-29,0.000343979848635,967592.0
ABBV,2019-01-30,0.0002997415121639,657755.0
ABBV,2019-01-31,0.0002451556136246,486159.0
ABBV,2019-02-01,0.0003176988298164,482380.0
ABBV,2019-02-04,0.0002665952472097,835792.0
ABBV,2019-02-05,0.0002578239684214,465836.0
ABBV,2019-02-06,0.0002252145383953,260508.0
ABBV,2019-02-07,0.0002586045154956,471875.0
ABBV,2019-02-08,0.0002340180412931,351668.0
ABBV,2019-02-11,0.0001806728743217,296165.0
ABBV,2019-02-12,0.0002454524917436,393328.0
ABBV,2019-02-13,0.000192222655335,296293.0
ABBV,2019-02-14,0.0002549684620454,299536.0
ABBV,2019-02-15,0.000250258705614,362480.0
ABBV,2019-02-19,0.0002316570225754,337859.0
ABBV,2019-02-20,0.0002306572331346,349479.0
ABBV,2019-02-21,0.0002302088782294,483138.0
ABBV,2019-02-22,0.0002801161336429,335662.0
ABBV,2019-02-25,0.000233986915367,399368.0
ABBV,2019-02-26,0.0001821765760259,344243.0
ABBV,2019-02-27,0.0002335266928788,315832.0
ABBV,2019-02-28,0.0002275463689601,489484.0
ABBV,2019-03-01,0.0002494184483531,526537.0
ABBV,2019-03-04,0.0002041229298694,424778.0
ABBV,2019-03-05,0.0002437479567982,365242.0
ABBV,2019-03-06,0.0002283844307386,413910.0
ABBV,2019-03-07,0.0002566352227464,516837.0
ABBV,2019-03-08,0.0002519953701077,333781.0
ABBV,2019-03-11,0.0001913051717583,502096.0
ABBV,2019-03-12,0.0001985364860143,451307.0
ABBV,2019-03-13,0.0001888082085976,537216.0
ABBV,2019-03-14,0.0002054084503164,545899.0
ABBV,2019-03-15,0.0002571552374361,593553.0
ABBV,2019-03-18,0.0002217621442506,381583.0
ABBV,2019-03-19,0.0002612374497236,316169.0
ABBV,2019-03-20,0.0002539689218855,284011.0
ABBV,2019-03-21,0.0002355829755718,395436.0
ABBV,2019-03-22,0.0002787338609851,388018.0
ABBV,2019-03-25,0.0002944635706557,314298.0
ABBV,2019-03-26,0.0002287990068808,343256.0
ABBV,2019-03-27,0.0002624185369751,324661.0
ABBV,2019-03-28,0.0002488884795573,234701.0
ABBV,2019-03-29,0.0002475836389803,358632.0
ABBV,2019-04-01,0.0002386255693143,259187.0
ABBV,2019-04-02,0.0002466043186972,422042.0
ABBV,2019-04-03,0.000247611780855,459224.0
ABBV,2019-04-04,0.000210247951162,333737.0
ABBV,2019-04-05,0.0001866302863353,286355.0
ABBV,2019-04-08,0.00020106846575,219434.0
ABBV,2019-04-09,0.0001932220279618,261245.0
ABBV,2019-04-10,0.0001678610061984,214068.0
ABBV,2019-04-11,0.0002332620916254,430262.0
ABBV,2019-04-12,0.0003041358330177,313003.0
ABBV,2019-04-15,0.0001982667080775,182350.0
ABBV,2019-04-16,0.0001875711680232,283269.0
ABBV,2019-04-17,0.0003313947285007,413292.0
ABBV,2019-04-18,0.0003068322138009,445166.0
ABBV,2019-04-22,0.0002204484255034,336208.0
ABBV,2019-04-23,0.0002799582919597,621409.0
ABBV,2019-04-24,0.0002925902094167,423507.0
ABBV,2019-04-25,0.0005433821487186,642126.0
ABBV,2019-04-26,0.0003097913455807,436923.0
ABBV,2019-04-29,0.0002299056465177,503382.0
ABBV,2019-04-30,0.0002510575163335,355593.0
ABBV,2019-05-01,0.0002382244613427,317503.0
ABBV,2019-05-02,0.0002540563119219,349963.0
ABBV,2019-05-03,0.0002244703383659,316220.0
ABBV,2019-05-06,0.0002346913156311,330413.0
ABBV,2019-05-07,0.0002835024955188,346841.0
ABBV,2019-05-08,0.0002965326351506,398414.0
ABBV,2019-05-09,0.0002972204694064,332660.0
ABBV,2019-05-10,0.0002924271919059,392519.0
ABBV,2019-05-13,0.0002994213326472,291401.0
ABBV,2019-05-14,0.0003271294183754,413413.0
ABBV,2019-05-15,0.0002714609567153,351818.0
ABBV,2019-05-16,0.0002862146591706,370286.0
ABBV,2019-05-17,0.0003067309669504,269665.0
ABBV,2019-05-20,0.0002819555427437,329588.0
ABBV,2019-05-21,0.0002425122493135,322795.0
ABBV,2019-05-22,0.000250910838554,307184.0
ABBV,2019-05-23,0.0003185049788344,259161.0
ABBV,2019-05-24,0.0002438116789305,259075.0
ABBV,2019-05-28,0.0002900567864758,328451.0
ABBV,2019-05-29,0.0003141546353913,353978.0
ABBV,2019-05-30,0.000246676236253,327937.0
ABBV,2019-05-31,0.0003114117629316,291013.0
ABBV,2019-06-03,0.0004817810495777,537109.0
ABBV,2019-06-04,0.0003849340393518,392703.0
ABBV,2019-06-05,0.0002664562646224,252588.0
ABBV,2019-06-06,0.0002411521959429,291330.0
ABBV,2019-06-07,0.000284929842149,271764.0
ABBV,2019-06-10,0.0002445777321622,277526.0
ABBV,2019-06-11,0.0002638875997059,369692.0
ABBV,2019-06-12,0.0002178395379138,264802.0
ABBV,2019-06-13,0.0002042187119874,256071.0
ABBV,2019-06-14,0.0002584125489382,381986.0
ABBV,2019-06-17,0.0002001948265016,208117.0
ABBV,2019-06-18,0.000280813352209,392922.0
ABBV,2019-06-19,0.0002705007323846,391466.0
ABBV,2019-06-20,0.0002205495298699,337651.0
ABBV,2019-06-21,0.0002749288142125,358938.0
ABBV,2019-06-24,0.0002475167738872,272385.0
ABBV,2019-06-25,0.0005797271295082,3676340.0
ABBV,2019-06-26,0.0004161440025586,1541863.0
ABBV,2019-06-27,0.0004319797630065,1091394.0
ABBV,2019-06-28,0.0004486625909185,950670.0
ABBV,2019-07-01,0.0003421802922449,837170.0
ABBV,2019-07-02,0.0003395552525599,666598.0
ABBV,2019-07-03,0.0002512784750119,402343.0
ABBV,2019-07-05,0.0002949213906092,645325.0
ABBV,2019-07-08,0.0003451223636221,828831.0
ABBV,2019-07-09,0.0003360807147156,656218.0
ABBV,2019-07-10,0.0002568906703089,535680.0
ABBV,2019-07-11,0.0003647872141894,791267.0
ABBV,2019-07-12,0.0003277676144653,732795.0
ABBV,2019-07-15,0.000308237936933,526932.0
ABBV,2019-07-16,0.0003147161127588,681037.0
ABBV,2019-07-17,0.0002624044084409,566785.0
ABBV,2019-07-18,0.0002868991873359,546815.0
ABBV,2019-07-19,0.000247764205959,540909.0
ABBV,2019-07-22,0.0002453046386873,452762.0
ABBV,2019-07-23,0.0002226953074204,485646.0
ABBV,2019-07-24,0.0003128101582275,638528.0
ABBV,2019-07-25,0.0002947993386107,874186.0
ABBV,2019-07-26,0.0004455744770731,588926.0
ABBV,2019-07-29,0.0003147151793124,546195.0
ABBV,2019-07-30,0.0003117120511676,496991.0
ABBV,2019-07-31,0.0003209727584214,528011.0
ABBV,2019-08-01,0.0003294416031566,723257.0
ABBV,2019-08-02,0.0003014692116788,556625.0
ABBV,2019-08-05,0.0003324499152025,745012.0
ABBV,2019-08-06,0.0003419596523644,782395.0
ABBV,2019-08-07,0.000353727464595,725428.0
ABBV,2019-08-08,0.0002557533296746,485076.0
ABBV,2019-08-09,0.0004376849660773,638917.0
ABBV,2019-08-12,0.0003060925534752,429744.0
ABBV,2019-08-13,0.0003202890572734,485273.0
ABBV,2019-08-14,0.0003625975148264,539391.0
ABBV,2019-08-15,0.0003996032441421,514176.0
ABBV,2019-08-16,0.0003390849039143,527237.0
ABBV,2019-08-19,0.000243024229695,669397.0
ABBV,2019-08-20,0.0003046997865175,764000.0
ABBV,2019-08-21,0.0002871309664113,461933.0
ABBV,2019-08-22,0.0002976826874164,413453.0
ABBV,2019-08-23,0.0003674354912623,560352.0
ABBV,2019-08-26,0.0003194397894367,317190.0
ABBV,2019-08-27,0.0003306432916549,499869.0
ABBV,2019-08-28,0.0002875585840376,553151.0
ABBV,2019-08-29,0.0002607540653169,532346.0
ABBV,2019-08-30,0.000227843704172,530384.0
ABBV,2019-09-03,0.0003088690457568,648373.0
ABBV,2019-09-04,0.0002943882633388,581971.0
ABBV,2019-09-05,0.0002321615975669,566947.0
ABBV,2019-09-06,0.0002106466715975,621413.0
ABBV,2019-09-09,0.0002507631988814,695476.0
ABBV,2019-09-10,0.0003262614196638,750479.0
ABBV,2019-09-11,0.0002468550309905,502114.0
ABBV,2019-09-12,0.0003011354258577,639059.0
ABBV,2019-09-13,0.0002342171464136,482846.0
ABBV,2019-09-16,0.0002494247096634,519901.0
ABBV,2019-09-17,0.0002475073833144,578975.0
ABBV,2019-09-18,0.0002011194118827,306169.0
ABBV,2019-09-19,0.0002156427092937,370207.0
ABBV,2019-09-20,0.0002566028601223,751878.0
ABBV,2019-09-23,0.0002546618449245,432725.0
ABBV,2019-09-24,0.0003037095793436,523366.0
ABBV,2019-09-25,0.0002351564908726,467874.0
ABBV,2019-09-26,0.0003000737863041,714845.0
ABBV,2019-09-27,0.0002754605905113,426454.0
ABBV,2019-09-30,0.0002202166240502,528021.0
ABBV,2019-10-01,0.0003182053940848,716634.0
ABBV,2019-10-02,0.0002700406373739,563624.0
ABBV,2019-10-03,0.0003112753432788,408650.0
ABBV,2019-10-04,0.0002324663585994,336360.0
ABBV,2019-10-07,0.0002494717731201,287773.0
ABBV,2019-10-08,0.0003069063543695,476684.0
ABBV,2019-10-09,0.0002296167639739,306147.0
ABBV,2019-10-10,0.0002423977497295,397213.0
ABBV,2019-10-11,0.0002676192723322,456904.0
ABBV,2019-10-14,0.0002197649496441,361503.0
ABBV,2019-10-15,0.0002325005213585,342268.0
ABBV,2019-10-16,0.00025903627208,312903.0
ABBV,2019-10-17,0.0002374712074527,496164.0
ABBV,2019-10-18,0.0002761675882147,574358.0
ABBV,2019-10-21,0.0002440508051091,484473.0
ABBV,2019-10-22,0.0002552431479883,383687.0
ABBV,2019-10-23,0.0002293758419166,474099.0
ABBV,2019-10-24,0.00022047727993,346838.0
ABBV,2019-10-25,0.0002307123705736,297415.0
ABBV,2019-10-28,0.0001994942981619,338355.0
ABBV,2019-10-29,0.0002243392556824,342914.0
ABBV,2019-10-30,0.0002888798388426,453671.0
ABBV,2019-10-31,0.0002724440072253,475304.0
ABBV,2019-11-01,0.0003997614528732,672892.0
ABBV,2019-11-04,0.000243222261858,554288.0
ABBV,2019-11-05,0.0002594732041292,531206.0
ABBV,2019-11-06,0.0003077783474958,543057.0
ABBV,2019-11-07,0.0002272255015734,354479.0
ABBV,2019-11-08,0.0003323466913201,653081.0
ABBV,2019-11-11,0.0002660013635488,514848.0
ABBV,2019-11-12,0.0002854332736659,674233.0
ABBV,2019-11-13,0.000304175223243,376420.0
ABBV,2019-11-14,0.0002288906916224,349878.0
ABBV,2019-11-15,0.0002390678919002,420480.0
ABBV,2019-11-18,0.0002448700935611,372352.0
ABBV,2019-11-19,0.0002886339803757,459488.0
ABBV,2019-11-20,0.0002827023104992,719913.0
ABBV,2019-11-21,0.0003373853868087,636166.0
ABBV,2019-11-22,0.000282856792959,618758.0
ABBV,2019-11-25,0.0002689396638471,471767.0
ABBV,2019-11-26,0.0002232660822382,345723.0
ABBV,2019-11-27,0.0001897985208638,311174.0
ABBV,2019-11-29,0.0001688276226064,173995.0
ABBV,2019-12-02,0.0001986009074699,336551.0
ABBV,2019-12-03,0.0002675504247995,364022.0
ABBV,2019-12-04,0.0002194777309609,304539.0
ABBV,2019-12-05,0.0002698090765531,272103.0
ABBV,2019-12-06,0.0001637202471959,493346.0
ABBV,2019-12-09,0.0002034578965016,263245.0
ABBV,2019-12-10,0.0001985639309479,330992.0
ABBV,2019-12-11,0.0002010832896995,382070.0
ABBV,2019-12-12,0.0002392375349414,385650.0
ABBV,2019-12-13,0.0002643007184595,328097.0
ABBV,2019-12-16,0.0002380072096694,293726.0
ABBV,2019-12-17,0.0001926017204437,357389.0
ABBV,2019-12-18,0.0001767931877573,323792.0
ABBV,2019-12-19,0.0001644238076592,246135.0
ABBV,2019-12-20,0.0004160320243837,600294.0
ABBV,2019-12-23,0.0002280368571445,361053.0
ABBV,2019-12-24,0.0001260353024098,98174.0
ABBV,2019-12-26,0.0001458881318417,243728.0
ABBV,2019-12-27,0.0001948070216646,247879.0
ABC,2019-01-02,0.0004463438117646,131602.0
ABC,2019-01-03,0.0004580589025196,242250.0
ABC,2019-01-04,0.0004565767808925,308522.0
ABC,2019-01-07,0.0004988612466702,204551.0
ABC,2019-01-08,0.0003652031581212,142367.0
ABC,2019-01-09,0.0001271151810819,1478.0
ABC,2019-01-10,0.0003930391145193,131139.0
ABC,2019-01-11,0.0003091106070794,116856.0
ABC,2019-01-14,0.0002735612271129,147076.0
ABC,2019-01-15,0.0004536014674705,177806.0
ABC,2019-01-16,0.0002827646011089,99098.0
ABC,2019-01-17,0.0003832142391471,143828.0
ABC,2019-01-18,0.0004780540793091,326999.0
ABC,2019-01-22,0.0003882039258445,168384.0
ABC,2019-01-23,0.0002903824233782,156888.0
ABC,2019-01-24,0.0003536336213447,95446.0
ABC,2019-01-25,0.0003559123620477,128166.0
ABC,2019-01-28,0.0003704675749584,119413.0
ABC,2019-01-29,0.0002980327797841,127319.0
ABC,2019-01-30,0.0004062956063542,197753.0
ABC,2019-01-31,0.0006684357182557,452613.0
ABC,2019-02-01,0.0005260649326503,339541.0
ABC,2019-02-04,0.0003018364096153,179998.0
ABC,2019-02-05,0.0003214325506881,220171.0
ABC,2019-02-06,0.0002909401262505,147946.0
ABC,2019-02-07,0.0003667720033868,203124.0
ABC,2019-02-08,0.0002808006591383,170303.0
ABC,2019-02-11,0.0002274883506718,211441.0
ABC,2019-02-12,0.0002695646348954,187663.0
ABC,2019-02-13,0.0002202218308579,124429.0
ABC,2019-02-14,0.0002773096026891,135854.0
ABC,2019-02-15,0.0002668593958452,107461.0
ABC,2019-02-19,0.000200399103611,79114.0
ABC,2019-02-20,0.0003422161599175,93169.0
ABC,2019-02-21,0.0002493156376879,77170.0
ABC,2019-02-22,0.000258816450536,83267.0
ABC,2019-02-25,0.0002243575623772,99345.0
ABC,2019-02-26,0.000252144850709,75195.0
ABC,2019-02-27,0.0002103318703515,102637.0
ABC,2019-02-28,0.0002781402047263,181042.0
ABC,2019-03-01,0.0002538761673364,119638.0
ABC,2019-03-04,0.0003121591690004,180084.0
ABC,2019-03-05,0.0003011427325177,204636.0
ABC,2019-03-06,0.0003185295048155,300996.0
ABC,2019-03-07,0.0002963545719868,240267.0
ABC,2019-03-08,0.0002627066162585,114864.0
ABC,2019-03-11,0.0002377219279318,151687.0
ABC,2019-03-12,0.0002766065723368,176243.0
ABC,2019-03-13,0.0002691373579266,132137.0
ABC,2019-03-14,0.0002386668115495,167942.0
ABC,2019-03-15,0.000208590986776,133813.0
ABC,2019-03-18,0.0002534048832799,114969.0
ABC,2019-03-19,0.0002400346936108,99483.0
ABC,2019-03-20,0.0002507074495215,87385.0
ABC,2019-03-21,0.0002334299365346,128533.0
ABC,2019-03-22,0.0002663950807183,121284.0
ABC,2019-03-25,0.0002974359489792,184966.0
ABC,2019-03-26,0.0002724150396753,252402.0
ABC,2019-03-27,0.0002793270507483,153436.0
ABC,2019-03-28,0.000253896571188,145095.0
ABC,2019-03-29,0.0002169683408459,127585.0
ABC,2019-04-01,0.0002418458713372,164828.0
ABC,2019-04-02,0.000447260285165,234729.0
ABC,2019-04-03,0.0004378282331486,204014.0
ABC,2019-04-04,0.0002790771744917,195184.0
ABC,2019-04-05,0.0002145771763011,125558.0
ABC,2019-04-08,0.000311665522149,147593.0
ABC,2019-04-09,0.0002260208570221,99721.0
ABC,2019-04-10,0.0005073349102433,247756.0
ABC,2019-04-11,0.0003068625006652,193213.0
ABC,2019-04-12,0.0002899595504474,206061.0
ABC,2019-04-15,0.000239204943511,98584.0
ABC,2019-04-16,0.0002808406379576,223315.0
ABC,2019-04-17,0.0003565070671599,206874.0
ABC,2019-04-18,0.0002955904519092,125559.0
ABC,2019-04-22,0.00031246612957,120075.0
ABC,2019-04-23,0.0003572789547444,254370.0
ABC,2019-04-24,0.0002824116273153,170205.0
ABC,2019-04-25,0.0003312259114309,124065.0
ABC,2019-04-26,0.0003010046456455,100731.0
ABC,2019-04-29,0.0002545965271617,92731.0
ABC,2019-04-30,0.0002496357788675,110281.0
ABC,2019-05-01,0.0003923463031358,243296.0
ABC,2019-05-02,0.0005878040391547,385367.0
ABC,2019-05-03,0.0004217839310209,281436.0
ABC,2019-05-06,0.0003544380861428,184930.0
ABC,2019-05-07,0.0003785782870114,221856.0
ABC,2019-05-08,0.0003885933212718,172865.0
ABC,2019-05-09,0.0003860957568832,166530.0
ABC,2019-05-10,0.0004048456888304,170198.0
ABC,2019-05-13,0.0004711413372032,155072.0
ABC,2019-05-14,0.000495862380611,170721.0
ABC,2019-05-15,0.0003655655793013,178963.0
ABC,2019-05-16,0.000264304760189,205192.0
ABC,2019-05-17,0.0003996043001295,184632.0
ABC,2019-05-20,0.0003129389097401,262351.0
ABC,2019-05-21,0.0002549498066452,244412.0
ABC,2019-05-22,0.0002622687685032,235052.0
ABC,2019-05-23,0.0003220730692106,211980.0
ABC,2019-05-24,0.0003088807565206,150685.0
ABC,2019-05-28,0.000314989051344,206746.0
ABC,2019-05-29,0.000365976736179,253473.0
ABC,2019-05-30,0.0003270155789656,157776.0
ABC,2019-05-31,0.0003280662982664,131232.0
ABC,2019-06-03,0.0003713488896336,190459.0
ABC,2019-06-04,0.0003720543535738,146317.0
ABC,2019-06-05,0.0003578495518988,165240.0
ABC,2019-06-06,0.0003229925455979,156326.0
ABC,2019-06-07,0.0002676363006997,158141.0
ABC,2019-06-10,0.0003225985176373,212042.0
ABC,2019-06-11,0.0002572544718929,214863.0
ABC,2019-06-12,0.0002572112667603,150242.0
ABC,2019-06-13,0.000280789774248,177567.0
ABC,2019-06-14,0.0002657883250972,137058.0
ABC,2019-06-17,0.0002915852037402,176267.0
ABC,2019-06-18,0.0002380641215858,129953.0
ABC,2019-06-19,0.0002708563825015,148262.0
ABC,2019-06-20,0.0003048351861805,193404.0
ABC,2019-06-21,0.0002634902218297,165508.0
ABC,2019-06-24,0.0003248800644236,255155.0
ABC,2019-06-25,0.0003243903479494,185038.0
ABC,2019-06-26,0.0002554741479804,147586.0
ABC,2019-06-27,0.000330303864315,156076.0
ABC,2019-06-28,0.0003887183656495,157905.0
ABC,2019-07-01,0.0002802191575072,195909.0
ABC,2019-07-02,0.0003227026672869,121841.0
ABC,2019-07-03,0.0002989783076801,120375.0
ABC,2019-07-05,0.0002970200455646,122433.0
ABC,2019-07-08,0.0002652021117763,101761.0
ABC,2019-07-09,0.0002518971065862,192561.0
ABC,2019-07-10,0.0002505518134261,220993.0
ABC,2019-07-11,0.0005327399943648,235185.0
ABC,2019-07-12,0.0003089245653915,214180.0
ABC,2019-07-15,0.0003302203086949,99279.0
ABC,2019-07-16,0.0002669864307914,131879.0
ABC,2019-07-17,0.0003433963641204,270576.0
ABC,2019-07-18,0.0002612057492175,158121.0
ABC,2019-07-19,0.0002390686852353,130875.0
ABC,2019-07-22,0.0002373179691391,112872.0
ABC,2019-07-23,0.0002432086410363,87095.0
ABC,2019-07-24,0.0002452761520989,94673.0
ABC,2019-07-25,0.0002492798218279,80847.0
ABC,2019-07-26,0.0002239938764109,77816.0
ABC,2019-07-29,0.0002577729494004,77440.0
ABC,2019-07-30,0.0003365691832269,207202.0
ABC,2019-07-31,0.0004026072393777,174003.0
ABC,2019-08-01,0.0008787262847837,314991.0
ABC,2019-08-02,0.0004088606207625,177902.0
ABC,2019-08-05,0.0004046320904708,165493.0
ABC,2019-08-06,0.0009115487357053,395010.0
ABC,2019-08-07,0.0005060059711697,233439.0
ABC,2019-08-08,0.0004456494290199,166682.0
ABC,2019-08-09,0.0003758423604087,143883.0
ABC,2019-08-12,0.0002752136907825,101196.0
ABC,2019-08-13,0.0004223985366784,191110.0
ABC,2019-08-14,0.0004230607249363,225840.0
ABC,2019-08-15,0.0003647723958958,179708.0
ABC,2019-08-16,0.0002753440910926,139911.0
ABC,2019-08-19,0.000265951780282,113895.0
ABC,2019-08-20,0.0003664372349773,122803.0
ABC,2019-08-21,0.0003010153277786,121616.0
ABC,2019-08-22,0.0003062902062068,153483.0
ABC,2019-08-23,0.0003763794418279,123325.0
ABC,2019-08-26,0.0003729325101543,102835.0
ABC,2019-08-27,0.0004401638364679,240441.0
ABC,2019-08-28,0.0003613669357095,254226.0
ABC,2019-08-29,0.0003375499625522,141842.0
ABC,2019-08-30,0.0002385752272011,106946.0
ABC,2019-09-03,0.0003526282128733,269635.0
ABC,2019-09-04,0.0002892753553074,129433.0
ABC,2019-09-05,0.0003340414989153,113068.0
ABC,2019-09-06,0.0002810032244,124749.0
ABC,2019-09-09,0.0003302603990613,142780.0
ABC,2019-09-10,0.0004265189766137,203189.0
ABC,2019-09-11,0.0003843024769249,113560.0
ABC,2019-09-12,0.0003689156793321,129192.0
ABC,2019-09-13,0.0003646655201099,155929.0
ABC,2019-09-16,0.0003111953557385,127591.0
ABC,2019-09-17,0.0002846921664008,101717.0
ABC,2019-09-18,0.0003174774781937,98194.0
ABC,2019-09-19,0.00027572103879,114734.0
ABC,2019-09-20,0.0003539746852078,133382.0
ABC,2019-09-23,0.0003659852987517,106401.0
ABC,2019-09-24,0.0002908769982791,95946.0
ABC,2019-09-25,0.0003211978648866,110114.0
ABC,2019-09-26,0.0003369378899816,99239.0
ABC,2019-09-27,0.0004995260525828,125684.0
ABC,2019-09-30,0.0003273975496192,121991.0
ABC,2019-10-01,0.0003281303017341,147215.0
ABC,2019-10-02,0.000318143587067,138221.0
ABC,2019-10-03,0.000356908047291,100375.0
ABC,2019-10-04,0.000273369500428,81992.0
ABC,2019-10-07,0.0003381928844087,92554.0
ABC,2019-10-08,0.0003445662327029,125330.0
ABC,2019-10-09,0.0002591519157334,61045.0
ABC,2019-10-10,0.0002825094426004,66295.0
ABC,2019-10-11,0.0003265821602483,88631.0
ABC,2019-10-14,0.0002037500799468,50653.0
ABC,2019-10-15,0.000340059548636,72908.0
ABC,2019-10-16,0.0005940554496149,233461.0
ABC,2019-10-17,0.000420257610357,259437.0
ABC,2019-10-18,0.0003062150225492,139892.0
ABC,2019-10-21,0.0005833166829622,259540.0
ABC,2019-10-22,0.0003101823236416,85491.0
ABC,2019-10-23,0.0002915354984095,78459.0
ABC,2019-10-24,0.0002724451334189,110532.0
ABC,2019-10-25,0.0002755282954178,38430.0
ABC,2019-10-28,0.0002425417622527,47585.0
ABC,2019-10-29,0.0002808561956684,124810.0
ABC,2019-10-30,0.0004569415648485,153558.0
ABC,2019-10-31,0.0003193029662122,106016.0
ABC,2019-11-01,0.0002788574768569,131335.0
ABC,2019-11-04,0.0003170424374107,76738.0
ABC,2019-11-05,0.0005684487309191,171508.0
ABC,2019-11-06,0.0003383422775229,177788.0
ABC,2019-11-07,0.0006754153406209,159528.0
ABC,2019-11-08,0.0003683367643517,101948.0
ABC,2019-11-11,0.0004866140385473,178955.0
ABC,2019-11-12,0.000381847123335,132776.0
ABC,2019-11-13,0.0002515063518526,97413.0
ABC,2019-11-14,0.0002886350785,124709.0
ABC,2019-11-15,0.0003150986882696,85848.0
ABC,2019-11-18,0.0003553655044678,78201.0
ABC,2019-11-19,0.0002451707795915,64196.0
ABC,2019-11-20,0.0003155036932913,112300.0
ABC,2019-11-21,0.0002874243225551,116587.0
ABC,2019-11-22,0.0002895666167127,219932.0
ABC,2019-11-25,0.0002263661247214,101677.0
ABC,2019-11-26,0.0005540808955968,200811.0
ABC,2019-11-27,0.0002754873044193,81916.0
ABC,2019-11-29,0.0002051324830325,36327.0
ABC,2019-12-02,0.0003281139420883,78733.0
ABC,2019-12-03,0.00027711505643,90093.0
ABC,2019-12-04,0.0002907037080132,85104.0
ABC,2019-12-05,0.0003022982486433,137986.0
ABC,2019-12-06,0.0002826016550392,68009.0
ABC,2019-12-09,0.0002186454667227,98537.0
ABC,2019-12-10,0.0002771268518894,88147.0
ABC,2019-12-11,0.0002149234095269,96710.0
ABC,2019-12-12,0.0002741078420979,53179.0
ABC,2019-12-13,0.0002436472472428,74837.0
ABC,2019-12-16,0.0002814835981012,70343.0
ABC,2019-12-17,0.0003128120924548,179956.0
ABC,2019-12-18,0.0003491687748664,95233.0
ABC,2019-12-19,0.0002813722334659,125047.0
ABC,2019-12-20,0.0002754918515969,94148.0
ABC,2019-12-23,0.0002365095032684,63742.0
ABC,2019-12-24,0.0002294575275752,37161.0
ABC,2019-12-26,0.0002104643169695,28328.0
ABC,2019-12-27,0.0001740879083674,34058.0
ABMD,2019-01-02,0.0007523429387566,66451.0
ABMD,2019-01-03,0.0008761364562319,93099.0
ABMD,2019-01-04,0.0006676653706328,81808.0
ABMD,2019-01-07,0.0006341320512855,90755.0
ABMD,2019-01-08,0.0005626119093628,71750.0
ABMD,2019-01-09,0.0001872937936003,301.0
ABMD,2019-01-10,0.0006026041283672,54630.0
ABMD,2019-01-11,0.0004332444691751,70081.0
ABMD,2019-01-14,0.0003720002424884,48855.0
ABMD,2019-01-15,0.0004616360803614,62447.0
ABMD,2019-01-16,0.0005032079063869,61954.0
ABMD,2019-01-17,0.000455547173808,60354.0
ABMD,2019-01-18,0.0004501071149405,63481.0
ABMD,2019-01-22,0.0004507465969202,72431.0
ABMD,2019-01-23,0.0004806069987014,72092.0
ABMD,2019-01-24,0.0005252619710958,84161.0
ABMD,2019-01-25,0.0003839434813726,64254.0
ABMD,2019-01-28,0.0005642332690818,65034.0
ABMD,2019-01-29,0.0004400230023918,65290.0
ABMD,2019-01-30,0.0005144700644272,65203.0
ABMD,2019-01-31,0.0008306600918032,113369.0
ABMD,2019-02-01,0.0004870750975921,76932.0
ABMD,2019-02-04,0.0012630510757453,156686.0
ABMD,2019-02-05,0.0004214369798884,107694.0
ABMD,2019-02-06,0.0005174203796319,87604.0
ABMD,2019-02-07,0.0004678011022081,50303.0
ABMD,2019-02-08,0.0002935330085208,36305.0
ABMD,2019-02-11,0.0004918962287034,64661.0
ABMD,2019-02-12,0.0004041030718023,47374.0
ABMD,2019-02-13,0.0003835128600374,38148.0
ABMD,2019-02-14,0.0003547309184118,43178.0
ABMD,2019-02-15,0.0003479609412916,46535.0
ABMD,2019-02-19,0.0003265162968242,41566.0
ABMD,2019-02-20,0.0004096287186642,51927.0
ABMD,2019-02-21,0.000331670336577,52161.0
ABMD,2019-02-22,0.0003133322542352,58702.0
ABMD,2019-02-25,0.0004154129406962,53871.0
ABMD,2019-02-26,0.0003683227532285,68202.0
ABMD,2019-02-27,0.0003439688539,63214.0
ABMD,2019-02-28,0.0003603356015548,54627.0
ABMD,2019-03-01,0.0003598773667599,62152.0
ABMD,2019-03-04,0.0004173147119832,53043.0
ABMD,2019-03-05,0.000355746062695,54627.0
ABMD,2019-03-06,0.0004684762579677,120903.0
ABMD,2019-03-07,0.0004802032775806,76288.0
ABMD,2019-03-08,0.0004588167318827,66983.0
ABMD,2019-03-11,0.000298017056413,47753.0
ABMD,2019-03-12,0.0003237956508025,40874.0
ABMD,2019-03-13,0.0003120503900199,30697.0
ABMD,2019-03-14,0.0002688325865533,27794.0
ABMD,2019-03-15,0.0002603605387948,54560.0
ABMD,2019-03-18,0.0003451152012753,74478.0
ABMD,2019-03-19,0.0003199929347073,45400.0
ABMD,2019-03-20,0.0003314571640437,60982.0
ABMD,2019-03-21,0.0003490826952084,82533.0
ABMD,2019-03-22,0.0003724336498398,57199.0
ABMD,2019-03-25,0.0004133677746782,117249.0
ABMD,2019-03-26,0.0005508853188508,271818.0
ABMD,2019-03-27,0.0006077484057452,206536.0
ABMD,2019-03-28,0.0004388344553457,127464.0
ABMD,2019-03-29,0.0004287155742333,96043.0
ABMD,2019-04-01,0.0004399673040045,141008.0
ABMD,2019-04-02,0.0003927671897422,98820.0
ABMD,2019-04-03,0.0003355106236507,90317.0
ABMD,2019-04-04,0.0004169680250758,120407.0
ABMD,2019-04-05,0.0003810259346594,81953.0
ABMD,2019-04-08,0.0004359087528744,83081.0
ABMD,2019-04-09,0.0003136731305976,51716.0
ABMD,2019-04-10,0.0004245005081323,101502.0
ABMD,2019-04-11,0.0004012826901757,109476.0
ABMD,2019-04-12,0.0003897690169391,115235.0
ABMD,2019-04-15,0.0003305259039542,91214.0
ABMD,2019-04-16,0.000348188072944,94678.0
ABMD,2019-04-17,0.0005610853519416,129011.0
ABMD,2019-04-18,0.0006400743756474,166440.0
ABMD,2019-04-22,0.0004813986519165,56800.0
ABMD,2019-04-23,0.000443117025273,107922.0
ABMD,2019-04-24,0.0005077826767614,145157.0
ABMD,2019-04-25,0.00048049020427,110332.0
ABMD,2019-04-26,0.0003168186566024,113142.0
ABMD,2019-04-29,0.0003564440658731,104862.0
ABMD,2019-04-30,0.0003274495531134,119055.0
ABMD,2019-05-01,0.0003690374678177,158167.0
ABMD,2019-05-02,0.0017143939473364,454954.0
ABMD,2019-05-03,0.0004936604593876,140852.0
ABMD,2019-05-06,0.0005578951712654,137755.0
ABMD,2019-05-07,0.0005846057104641,148606.0
ABMD,2019-05-08,0.00046373030404,141114.0
ABMD,2019-05-09,0.0005151939818409,106958.0
ABMD,2019-05-10,0.0005023571132166,100676.0
ABMD,2019-05-13,0.0005718626159188,115956.0
ABMD,2019-05-14,0.0003913669409401,89336.0
ABMD,2019-05-15,0.0005021962795225,64804.0
ABMD,2019-05-16,0.0003953805379659,137863.0
ABMD,2019-05-17,0.00041621214887,115952.0
ABMD,2019-05-20,0.0004508310692529,123320.0
ABMD,2019-05-21,0.0006125199329029,113492.0
ABMD,2019-05-22,0.0003491214543795,106658.0
ABMD,2019-05-23,0.0003875151363352,115896.0
ABMD,2019-05-24,0.0003682517018794,105672.0
ABMD,2019-05-28,0.0003386604096002,112985.0
ABMD,2019-05-29,0.0004161072307682,125887.0
ABMD,2019-05-30,0.0003596409691707,60489.0
ABMD,2019-05-31,0.0003912381364354,77068.0
ABMD,2019-06-03,0.0005155910795367,99512.0
ABMD,2019-06-04,0.0004353527263884,158723.0
ABMD,2019-06-05,0.0004502789701608,88758.0
ABMD,2019-06-06,0.0003215078988029,88148.0
ABMD,2019-06-07,0.0003679695513268,63029.0
ABMD,2019-06-10,0.0003822844942437,75705.0
ABMD,2019-06-11,0.0004775453563456,149465.0
ABMD,2019-06-12,0.000398336583135,99262.0
ABMD,2019-06-13,0.0003834046683081,80576.0
ABMD,2019-06-14,0.0003370723416298,67955.0
ABMD,2019-06-17,0.0004189943219041,67062.0
ABMD,2019-06-18,0.0003374911207975,75440.0
ABMD,2019-06-19,0.0003566111586135,70909.0
ABMD,2019-06-20,0.0004070024747441,75851.0
ABMD,2019-06-21,0.0003853073929898,60310.0
ABMD,2019-06-24,0.0003506559819935,62041.0
ABMD,2019-06-25,0.0003319742859694,69954.0
ABMD,2019-06-26,0.0003251500626585,56892.0
ABMD,2019-06-27,0.0003385445988312,46068.0
ABMD,2019-06-28,0.0003087203083964,54878.0
ABMD,2019-07-01,0.0003866755365059,124739.0
ABMD,2019-07-02,0.0003868041216693,58170.0
ABMD,2019-07-03,0.0002754607392672,31169.0
ABMD,2019-07-05,0.0003478565497289,49181.0
ABMD,2019-07-08,0.0003087657006286,53074.0
ABMD,2019-07-09,0.0003088715432981,59540.0
ABMD,2019-07-10,0.0003014488772129,64746.0
ABMD,2019-07-11,0.0003630077951424,66447.0
ABMD,2019-07-12,0.00031695777355,77815.0
ABMD,2019-07-15,0.0003021666088412,63798.0
ABMD,2019-07-16,0.0002720172104854,78222.0
ABMD,2019-07-17,0.0002860619143623,72051.0
ABMD,2019-07-18,0.0002998949009497,69092.0
ABMD,2019-07-19,0.0003280687420491,39047.0
ABMD,2019-07-22,0.0003995611860635,72577.0
ABMD,2019-07-23,0.0003377217131645,55352.0
ABMD,2019-07-24,0.0003222843689783,95378.0
ABMD,2019-07-25,0.0003792760828037,66339.0
ABMD,2019-07-26,0.0003114242910967,59309.0
ABMD,2019-07-29,0.0003041947354005,60480.0
ABMD,2019-07-30,0.0002683681711145,67186.0
ABMD,2019-07-31,0.0004596217971225,85100.0
ABMD,2019-08-01,0.0012686051826754,481258.0
ABMD,2019-08-02,0.0005157080061919,188295.0
ABMD,2019-08-05,0.0006716064001892,177548.0
ABMD,2019-08-06,0.0004903386978498,133360.0
ABMD,2019-08-07,0.0007048292499457,200507.0
ABMD,2019-08-08,0.0006247989220251,229055.0
ABMD,2019-08-09,0.0004224856872295,98353.0
ABMD,2019-08-12,0.0003996116922478,74972.0
ABMD,2019-08-13,0.0004334108401277,124594.0
ABMD,2019-08-14,0.0004146874800904,78418.0
ABMD,2019-08-15,0.0003880302163237,76600.0
ABMD,2019-08-16,0.000328047493482,68899.0
ABMD,2019-08-19,0.0002878952864156,83963.0
ABMD,2019-08-20,0.0003781273646386,71276.0
ABMD,2019-08-21,0.0003275588085744,100250.0
ABMD,2019-08-22,0.0003160100480702,87366.0
ABMD,2019-08-23,0.0004281184713665,97064.0
ABMD,2019-08-26,0.0004290489945163,55896.0
ABMD,2019-08-27,0.0003591133509732,61879.0
ABMD,2019-08-28,0.0003903805378418,50300.0
ABMD,2019-08-29,0.0004538056195745,97857.0
ABMD,2019-08-30,0.0003378893728209,76091.0
ABMD,2019-09-03,0.0004650128121109,109037.0
ABMD,2019-09-04,0.0004188897669098,76315.0
ABMD,2019-09-05,0.0003845277336861,72695.0
ABMD,2019-09-06,0.0003571416257892,51049.0
ABMD,2019-09-09,0.0003873088184141,73038.0
ABMD,2019-09-10,0.000419893280926,91888.0
ABMD,2019-09-11,0.0005717819947448,79478.0
ABMD,2019-09-12,0.0004606604281093,96608.0
ABMD,2019-09-13,0.0003697830124395,59074.0
ABMD,2019-09-16,0.000470208402496,83294.0
ABMD,2019-09-17,0.0003281485948932,45857.0
ABMD,2019-09-18,0.0003830410991385,25245.0
ABMD,2019-09-19,0.00032862654642,48925.0
ABMD,2019-09-20,0.0004264375800833,86411.0
ABMD,2019-09-23,0.0004609179729941,95984.0
ABMD,2019-09-24,0.0004948708984761,117200.0
ABMD,2019-09-25,0.0004143386849847,57227.0
ABMD,2019-09-26,0.0005146644105671,84709.0
ABMD,2019-09-27,0.0004562966417667,75077.0
ABMD,2019-09-30,0.0003524729877709,79178.0
ABMD,2019-10-01,0.0004060387781359,94443.0
ABMD,2019-10-02,0.0005140759520722,131685.0
ABMD,2019-10-03,0.0004324982291334,102220.0
ABMD,2019-10-04,0.0004241704917379,77360.0
ABMD,2019-10-07,0.0004570129641121,75472.0
ABMD,2019-10-08,0.0005392654952856,154311.0
ABMD,2019-10-09,0.0003809955824381,101112.0
ABMD,2019-10-10,0.0004982971580928,117555.0
ABMD,2019-10-11,0.0004584300498988,97544.0
ABMD,2019-10-14,0.0004209888430712,135540.0
ABMD,2019-10-15,0.0004019265902389,134422.0
ABMD,2019-10-16,0.0003970059944558,68411.0
ABMD,2019-10-17,0.0003855394206122,88114.0
ABMD,2019-10-18,0.0003743481863668,97348.0
ABMD,2019-10-21,0.0003388479203795,60269.0
ABMD,2019-10-22,0.0003047423278442,72734.0
ABMD,2019-10-23,0.0006650845286496,90923.0
ABMD,2019-10-24,0.000401051611525,84852.0
ABMD,2019-10-25,0.0002949130305374,57034.0
ABMD,2019-10-28,0.0003380929650669,74260.0
ABMD,2019-10-29,0.0004425424829985,146805.0
ABMD,2019-10-30,0.0005806316654278,135787.0
ABMD,2019-10-31,0.0011749392220233,280532.0
ABMD,2019-11-01,0.0005904666106191,168999.0
ABMD,2019-11-04,0.0004404110987449,130937.0
ABMD,2019-11-05,0.0005075151902788,89429.0
ABMD,2019-11-06,0.0003772369722034,83584.0
ABMD,2019-11-07,0.0003572802764883,65035.0
ABMD,2019-11-08,0.0004372732827279,55925.0
ABMD,2019-11-11,0.0003933866680684,103322.0
ABMD,2019-11-12,0.0004032764172233,93487.0
ABMD,2019-11-13,0.0003654336139116,57585.0
ABMD,2019-11-14,0.0003039477135273,57759.0
ABMD,2019-11-15,0.0003435514257513,48087.0
ABMD,2019-11-18,0.0011364065882193,344471.0
ABMD,2019-11-19,0.0008231244575103,315247.0
ABMD,2019-11-20,0.0006547525992133,213536.0
ABMD,2019-11-21,0.0005084011580296,133001.0
ABMD,2019-11-22,0.0004994247675646,148235.0
ABMD,2019-11-25,0.0004575130555824,123688.0
ABMD,2019-11-26,0.0004738905399289,140116.0
ABMD,2019-11-27,0.0005155282685482,105408.0
ABMD,2019-11-29,0.0004691355559521,58342.0
ABMD,2019-12-02,0.0004612930778885,97646.0
ABMD,2019-12-03,0.0003991066408606,79422.0
ABMD,2019-12-04,0.0003727604154246,64536.0
ABMD,2019-12-05,0.000405754427342,61389.0
ABMD,2019-12-06,0.0003428337927615,86250.0
ABMD,2019-12-09,0.0004439208986818,115517.0
ABMD,2019-12-10,0.000430697789386,111781.0
ABMD,2019-12-11,0.0003108469163502,79673.0
ABMD,2019-12-12,0.0003824606062708,100495.0
ABMD,2019-12-13,0.0004290858427512,78236.0
ABMD,2019-12-16,0.0005975386874706,136983.0
ABMD,2019-12-17,0.0004247714537897,91000.0
ABMD,2019-12-18,0.0003071706955161,63477.0
ABMD,2019-12-19,0.0006925929029071,186890.0
ABMD,2019-12-20,0.0005406216988762,280124.0
ABMD,2019-12-23,0.0005614065228228,159959.0
ABMD,2019-12-24,0.0002678956364674,59277.0
ABMD,2019-12-26,0.0002905647639579,87192.0
ABMD,2019-12-27,0.0002764534042389,67964.0
ABT,2019-01-02,0.0004111173978842,671787.0
ABT,2019-01-03,0.0004537597253179,776953.0
ABT,2019-01-04,0.0003491537780309,584386.0
ABT,2019-01-07,0.0003472774859415,599562.0
ABT,2019-01-08,0.0003404304283868,650898.0
ABT,2019-01-09,0.0001184937914914,11393.0
ABT,2019-01-10,0.0002751303785845,477339.0
ABT,2019-01-11,0.0002225213926682,364233.0
ABT,2019-01-14,0.0002236424362982,323580.0
ABT,2019-01-15,0.0002588542888468,491280.0
ABT,2019-01-16,0.0002351135664942,438076.0
ABT,2019-01-17,0.0002398976525375,389378.0
ABT,2019-01-18,0.0002246822364141,539549.0
ABT,2019-01-22,0.0002535644093367,542584.0
ABT,2019-01-23,0.0004522448494197,702228.0
ABT,2019-01-24,0.0002785507964803,471489.0
ABT,2019-01-25,0.0002342333581802,365986.0
ABT,2019-01-28,0.0002759076073419,348879.0
ABT,2019-01-29,0.000213888636956,516260.0
ABT,2019-01-30,0.0003003907453034,576301.0
ABT,2019-01-31,0.000235551468656,659122.0
ABT,2019-02-01,0.0002385691553043,369842.0
ABT,2019-02-04,0.000189820519807,311560.0
ABT,2019-02-05,0.0001958342936786,316347.0
ABT,2019-02-06,0.0001879371728818,322007.0
ABT,2019-02-07,0.0002404147722946,651969.0
ABT,2019-02-08,0.0002007993346797,351918.0
ABT,2019-02-11,0.0001781143955384,445431.0
ABT,2019-02-12,0.0001919385850255,443256.0
ABT,2019-02-13,0.0002122483211961,435765.0
ABT,2019-02-14,0.0002094878835337,358588.0
ABT,2019-02-15,0.0001856717725469,412529.0
ABT,2019-02-19,0.0002102123223608,390066.0
ABT,2019-02-20,0.0002048268353583,326363.0
ABT,2019-02-21,0.0002297378353036,457301.0
ABT,2019-02-22,0.0001944660898621,327832.0
ABT,2019-02-25,0.0001811708325944,345514.0
ABT,2019-02-26,0.000155692533694,402280.0
ABT,2019-02-27,0.0002440548510167,407147.0
ABT,2019-02-28,0.0002075978259346,380228.0
ABT,2019-03-01,0.0001925248193187,349497.0
ABT,2019-03-04,0.0002311719037935,442024.0
ABT,2019-03-05,0.0001842256950881,438641.0
ABT,2019-03-06,0.0002280578995631,372191.0
ABT,2019-03-07,0.000214711066807,372387.0
ABT,2019-03-08,0.0002414586074441,348277.0
ABT,2019-03-11,0.0001653380094577,332425.0
ABT,2019-03-12,0.0001820891944094,322371.0
ABT,2019-03-13,0.000176489991686,427879.0
ABT,2019-03-14,0.0001639632738531,425697.0
ABT,2019-03-15,0.0001850500038337,491025.0
ABT,2019-03-18,0.0002012077888036,548789.0
ABT,2019-03-19,0.0002030919920555,474846.0
ABT,2019-03-20,0.0002252206730401,329080.0
ABT,2019-03-21,0.0001978197699653,400176.0
ABT,2019-03-22,0.0002422884777855,688663.0
ABT,2019-03-25,0.0002504921164857,425025.0
ABT,2019-03-26,0.000211731189314,282707.0
ABT,2019-03-27,0.0002268011277091,392714.0
ABT,2019-03-28,0.0002177445607426,375507.0
ABT,2019-03-29,0.0001905552832227,363512.0
ABT,2019-04-01,0.0002280372830763,342606.0
ABT,2019-04-02,0.0001932861757238,273000.0
ABT,2019-04-03,0.000176770243687,275457.0
ABT,2019-04-04,0.0002073388859577,453996.0
ABT,2019-04-05,0.0001985627270043,247552.0
ABT,2019-04-08,0.000186782747922,384030.0
ABT,2019-04-09,0.0001625328358154,286137.0
ABT,2019-04-10,0.0001579483427513,316435.0
ABT,2019-04-11,0.0001850139232246,307202.0
ABT,2019-04-12,0.0002131270831686,326918.0
ABT,2019-04-15,0.000196994067843,404788.0
ABT,2019-04-16,0.0002554466061059,450955.0
ABT,2019-04-17,0.0007561798869245,657762.0
ABT,2019-04-18,0.0003941353197934,622824.0
ABT,2019-04-22,0.0003343977035486,311953.0
ABT,2019-04-23,0.000243140230012,479198.0
ABT,2019-04-24,0.0002552268357303,381555.0
ABT,2019-04-25,0.0002557093229852,440871.0
ABT,2019-04-26,0.0002262907342532,245003.0
ABT,2019-04-29,0.000215797272744,246819.0
ABT,2019-04-30,0.000213110123412,370664.0
ABT,2019-05-01,0.0002655150647257,378912.0
ABT,2019-05-02,0.0002420817846032,310664.0
ABT,2019-05-03,0.0001931782210795,402588.0
ABT,2019-05-06,0.0002454058393669,319165.0
ABT,2019-05-07,0.000320772244585,478402.0
ABT,2019-05-08,0.0002854978366233,409102.0
ABT,2019-05-09,0.0002813504637485,327068.0
ABT,2019-05-10,0.000302206640415,374314.0
ABT,2019-05-13,0.00030881968975,327313.0
ABT,2019-05-14,0.0002436872284322,332127.0
ABT,2019-05-15,0.0002944538676761,353692.0
ABT,2019-05-16,0.000222739724304,445752.0
ABT,2019-05-17,0.0002339136304992,363788.0
ABT,2019-05-20,0.0002546212785461,348951.0
ABT,2019-05-21,0.0002118200213223,315786.0
ABT,2019-05-22,0.0001754006733917,266349.0
ABT,2019-05-23,0.0002294571917895,476482.0
ABT,2019-05-24,0.000205302699845,418891.0
ABT,2019-05-28,0.0002195980925966,384705.0
ABT,2019-05-29,0.0002678631911287,359532.0
ABT,2019-05-30,0.0002116720636266,311014.0
ABT,2019-05-31,0.0002515557989584,422687.0
ABT,2019-06-03,0.0002869047883845,506629.0
ABT,2019-06-04,0.000268718529666,454596.0
ABT,2019-06-05,0.0002404731811201,436810.0
ABT,2019-06-06,0.000221950001251,462722.0
ABT,2019-06-07,0.0002304886444087,399841.0
ABT,2019-06-10,0.0001879421172333,380819.0
ABT,2019-06-11,0.0002128886842276,276372.0
ABT,2019-06-12,0.0001796758670987,309041.0
ABT,2019-06-13,0.0001706658918901,302563.0
ABT,2019-06-14,0.0002025888565143,331185.0
ABT,2019-06-17,0.0001669474752977,433796.0
ABT,2019-06-18,0.0001992051220017,485194.0
ABT,2019-06-19,0.0002107962772162,299517.0
ABT,2019-06-20,0.0002113118824054,363589.0
ABT,2019-06-21,0.0001992154238588,399232.0
ABT,2019-06-24,0.0001898484586731,458927.0
ABT,2019-06-25,0.0002366657596846,322877.0
ABT,2019-06-26,0.0002035102590956,369655.0
ABT,2019-06-27,0.0001785063508561,361775.0
ABT,2019-06-28,0.0001810070283037,478574.0
ABT,2019-07-01,0.0002319728881893,337985.0
ABT,2019-07-02,0.000237723631293,302595.0
ABT,2019-07-03,0.0001703197803527,210299.0
ABT,2019-07-05,0.000183606657282,216540.0
ABT,2019-07-08,0.0001728441252559,270973.0
ABT,2019-07-09,0.0001759176592526,301767.0
ABT,2019-07-10,0.0002077342513558,354081.0
ABT,2019-07-11,0.0001818995849113,350598.0
ABT,2019-07-12,0.0001919434690107,506648.0
ABT,2019-07-15,0.0001797759586068,378699.0
ABT,2019-07-16,0.0001632004468087,454892.0
ABT,2019-07-17,0.0003075672277399,668239.0
ABT,2019-07-18,0.000217149727589,691991.0
ABT,2019-07-19,0.0002096834592886,369787.0
ABT,2019-07-22,0.0001781861065105,416561.0
ABT,2019-07-23,0.0001667861869644,298020.0
ABT,2019-07-24,0.0001705680359047,304067.0
ABT,2019-07-25,0.0001951331064629,315337.0
ABT,2019-07-26,0.0002017965687787,355438.0
ABT,2019-07-29,0.0001644520843684,350711.0
ABT,2019-07-30,0.0001623687266237,286258.0
ABT,2019-07-31,0.0002768521209918,422496.0
ABT,2019-08-01,0.0003027888517657,573652.0
ABT,2019-08-02,0.0002676831377389,362371.0
ABT,2019-08-05,0.0003276341831518,464737.0
ABT,2019-08-06,0.000307221615254,378913.0
ABT,2019-08-07,0.0003249768689473,294722.0
ABT,2019-08-08,0.0002444501490391,466857.0
ABT,2019-08-09,0.0003006254023288,398257.0
ABT,2019-08-12,0.0002310652875148,398865.0
ABT,2019-08-13,0.0003128862245875,380261.0
ABT,2019-08-14,0.0003034243110323,292475.0
ABT,2019-08-15,0.0003086954956636,348685.0
ABT,2019-08-16,0.000222681297296,344185.0
ABT,2019-08-19,0.0001719525075899,398432.0
ABT,2019-08-20,0.0002054931917377,291749.0
ABT,2019-08-21,0.0001976485000291,267263.0
ABT,2019-08-22,0.0002166779741349,294835.0
ABT,2019-08-23,0.000350128527848,519590.0
ABT,2019-08-26,0.0002686649880475,261327.0
ABT,2019-08-27,0.0002519472832223,352295.0
ABT,2019-08-28,0.000216010348067,288798.0
ABT,2019-08-29,0.0002136966140435,262100.0
ABT,2019-08-30,0.0001873493318668,202440.0
ABT,2019-09-03,0.0002557718976127,312928.0
ABT,2019-09-04,0.0001689449222641,196010.0
ABT,2019-09-05,0.0002290640735228,365200.0
ABT,2019-09-06,0.0001807718629019,360717.0
ABT,2019-09-09,0.0002444719840975,322410.0
ABT,2019-09-10,0.0003297348021325,470607.0
ABT,2019-09-11,0.0002632586505852,394603.0
ABT,2019-09-12,0.0002904291197302,267719.0
ABT,2019-09-13,0.0002107417109481,248383.0
ABT,2019-09-16,0.0002096109960947,258573.0
ABT,2019-09-17,0.0001963804254922,292776.0
ABT,2019-09-18,0.0002220307409457,143783.0
ABT,2019-09-19,0.000185850215376,280502.0
ABT,2019-09-20,0.0002253714239537,314204.0
ABT,2019-09-23,0.0001826766816159,169767.0
ABT,2019-09-24,0.0002612053794621,294411.0
ABT,2019-09-25,0.000197909783469,218187.0
ABT,2019-09-26,0.0002106398247264,307065.0
ABT,2019-09-27,0.0002625706565833,285937.0
ABT,2019-09-30,0.0002410336094772,351083.0
ABT,2019-10-01,0.0002934160184653,332597.0
ABT,2019-10-02,0.0002834145823116,446863.0
ABT,2019-10-03,0.0002974110172622,317054.0
ABT,2019-10-04,0.0002540677500836,293803.0
ABT,2019-10-07,0.0002015233163325,208888.0
ABT,2019-10-08,0.0003281733627926,450550.0
ABT,2019-10-09,0.0002453657246097,292005.0
ABT,2019-10-10,0.0002374310800125,283963.0
ABT,2019-10-11,0.0003159390921213,327226.0
ABT,2019-10-14,0.0001766021198721,361634.0
ABT,2019-10-15,0.000275192100997,585854.0
ABT,2019-10-16,0.0005239422392284,542948.0
ABT,2019-10-17,0.0002130705987007,358939.0
ABT,2019-10-18,0.0002021675521579,294771.0
ABT,2019-10-21,0.0002006593200457,484328.0
ABT,2019-10-22,0.0002222837222061,359996.0
ABT,2019-10-23,0.0002228606874776,325649.0
ABT,2019-10-24,0.0002124501181587,383759.0
ABT,2019-10-25,0.0001973451440025,490318.0
ABT,2019-10-28,0.0002230050557754,370615.0
ABT,2019-10-29,0.0002011514086238,372122.0
ABT,2019-10-30,0.0002147350279359,304727.0
ABT,2019-10-31,0.0002113587196484,307275.0
ABT,2019-11-01,0.0001858256818248,375141.0
ABT,2019-11-04,0.0002195696248628,449950.0
ABT,2019-11-05,0.0003265659713529,785142.0
ABT,2019-11-06,0.0002194302369785,323139.0
ABT,2019-11-07,0.0001936560421609,374337.0
ABT,2019-11-08,0.0001993420182758,322799.0
ABT,2019-11-11,0.0001766904329722,275821.0
ABT,2019-11-12,0.0001789535342187,241502.0
ABT,2019-11-13,0.000201794165731,338884.0
ABT,2019-11-14,0.0001771828716694,368213.0
ABT,2019-11-15,0.0002019782241807,345032.0
ABT,2019-11-18,0.0001740535657774,379994.0
ABT,2019-11-19,0.0001761635943366,367676.0
ABT,2019-11-20,0.0002185189739009,348628.0
ABT,2019-11-21,0.0001990741090546,405108.0
ABT,2019-11-22,0.0002436640837106,358843.0
ABT,2019-11-25,0.0001580315378052,293334.0
ABT,2019-11-26,0.0001759821268313,374706.0
ABT,2019-11-27,0.0001855586023425,159776.0
ABT,2019-11-29,0.0001451174942789,120195.0
ABT,2019-12-02,0.0002219512052348,216546.0
ABT,2019-12-03,0.0002068399619256,163799.0
ABT,2019-12-04,0.0001607896838457,242816.0
ABT,2019-12-05,0.0001774470553527,206751.0
ABT,2019-12-06,0.0001579145060142,254632.0
ABT,2019-12-09,0.0001366015678307,362232.0
ABT,2019-12-10,0.0001617566561269,407866.0
ABT,2019-12-11,0.0001557219861975,290816.0
ABT,2019-12-12,0.0002508073109694,283833.0
ABT,2019-12-13,0.0001964754150139,251156.0
ABT,2019-12-16,0.0001692831513506,229513.0
ABT,2019-12-17,0.0001597847434024,589730.0
ABT,2019-12-18,0.0001595165250461,478074.0
ABT,2019-12-19,0.0001373704872994,336600.0
ABT,2019-12-20,0.0003004499743764,406444.0
ABT,2019-12-23,0.0001332084384661,296672.0
ABT,2019-12-24,0.0001161094175408,77525.0
ABT,2019-12-26,0.0001166693288103,134976.0
ABT,2019-12-27,0.0001307116020871,166863.0
ACN,2019-01-02,0.0003636525084976,178187.0
ACN,2019-01-03,0.0003920068576963,203401.0
ACN,2019-01-04,0.0003983111903207,168854.0
ACN,2019-01-07,0.0003016620902732,202900.0
ACN,2019-01-08,0.000383877201044,232191.0
ACN,2019-01-09,0.0001724224957839,5405.0
ACN,2019-01-10,0.00029730682941,203606.0
ACN,2019-01-11,0.0002286617982822,167567.0
ACN,2019-01-14,0.0002510073941281,141586.0
ACN,2019-01-15,0.0002410672581712,165971.0
ACN,2019-01-16,0.0002513021632369,306197.0
ACN,2019-01-17,0.0002141547066993,166232.0
ACN,2019-01-18,0.000235008772748,249804.0
ACN,2019-01-22,0.0002155808999471,222726.0
ACN,2019-01-23,0.0002118592703136,190366.0
ACN,2019-01-24,0.0002090675473317,223466.0
ACN,2019-01-25,0.0001696235231704,180165.0
ACN,2019-01-28,0.0002408219027201,184724.0
ACN,2019-01-29,0.0002102198673449,197045.0
ACN,2019-01-30,0.0002198064130711,171814.0
ACN,2019-01-31,0.0002059631134209,199819.0
ACN,2019-02-01,0.0001728849392699,153809.0
ACN,2019-02-04,0.0001345119980342,143386.0
ACN,2019-02-05,0.0001391098820942,175443.0
ACN,2019-02-06,0.0001440700595616,125467.0
ACN,2019-02-07,0.000218427347807,214179.0
ACN,2019-02-08,0.0001832519047384,201607.0
ACN,2019-02-11,0.0001613739708181,153156.0
ACN,2019-02-12,0.0001083986508591,173857.0
ACN,2019-02-13,0.000146119514226,213636.0
ACN,2019-02-14,0.0002125559758835,167582.0
ACN,2019-02-15,0.0001501751173706,166827.0
ACN,2019-02-19,0.0001180087305712,182570.0
ACN,2019-02-20,0.0001461961711901,255776.0
ACN,2019-02-21,0.0001540898762973,201222.0
ACN,2019-02-22,0.0001638995405326,159247.0
ACN,2019-02-25,0.0001343819091666,134597.0
ACN,2019-02-26,0.0001631636167992,188930.0
ACN,2019-02-27,0.000135018115216,204901.0
ACN,2019-02-28,0.0001341551026657,230599.0
ACN,2019-03-01,0.0001381029966833,208664.0
ACN,2019-03-04,0.0002162096098692,216114.0
ACN,2019-03-05,0.0001528278139334,201227.0
ACN,2019-03-06,0.0001421126970444,208596.0
ACN,2019-03-07,0.00017504777279,162342.0
ACN,2019-03-08,0.0001713973152585,147363.0
ACN,2019-03-11,0.0001423477502409,203724.0
ACN,2019-03-12,0.0001687732322987,264264.0
ACN,2019-03-13,0.000151013015072,249615.0
ACN,2019-03-14,0.000160464452713,276593.0
ACN,2019-03-15,0.0001613857127761,250953.0
ACN,2019-03-18,0.0001578179996393,198953.0
ACN,2019-03-19,0.0001550608169904,222438.0
ACN,2019-03-20,0.0002041675161488,266027.0
ACN,2019-03-21,0.0001390605504063,221216.0
ACN,2019-03-22,0.0002315252083544,209588.0
ACN,2019-03-25,0.0002056413879499,223209.0
ACN,2019-03-26,0.0001706547949122,218655.0
ACN,2019-03-27,0.0001840608293771,349378.0
ACN,2019-03-28,0.0004285619234077,530884.0
ACN,2019-03-29,0.0002379402592102,295969.0
ACN,2019-04-01,0.0001861267722074,269259.0
ACN,2019-04-02,0.0001964941242896,163490.0
ACN,2019-04-03,0.0001506634729234,176314.0
ACN,2019-04-04,0.000155904592222,178895.0
ACN,2019-04-05,0.0001337018417538,122070.0
ACN,2019-04-08,0.0001200021794537,174162.0
ACN,2019-04-09,0.0001474718216876,209949.0
ACN,2019-04-10,0.0001301404413723,177116.0
ACN,2019-04-11,0.0001637623056789,148308.0
ACN,2019-04-12,0.0001388303687972,163156.0
ACN,2019-04-15,0.000119999110334,124341.0
ACN,2019-04-16,0.0001209810845068,177339.0
ACN,2019-04-17,0.0001364852608508,186395.0
ACN,2019-04-18,0.0001484206243237,107738.0
ACN,2019-04-22,0.0001278736871061,152202.0
ACN,2019-04-23,0.0001514362159656,194895.0
ACN,2019-04-24,0.0001198005507082,122510.0
ACN,2019-04-25,0.0001231332023932,109019.0
ACN,2019-04-26,0.0001182571910204,100544.0
ACN,2019-04-29,0.000157486804115,89236.0
ACN,2019-04-30,0.0001271840686235,132853.0
ACN,2019-05-01,0.0001799984563974,120733.0
ACN,2019-05-02,0.0001950853278484,172092.0
ACN,2019-05-03,0.0001834984075464,266421.0
ACN,2019-05-06,0.0002213176711449,193651.0
ACN,2019-05-07,0.000257289988213,229808.0
ACN,2019-05-08,0.0002610220733931,267207.0
ACN,2019-05-09,0.0002558248492574,199018.0
ACN,2019-05-10,0.0003156190428875,225476.0
ACN,2019-05-13,0.0002972244966376,201929.0
ACN,2019-05-14,0.0001985196828333,197273.0
ACN,2019-05-15,0.0002141211003317,233892.0
ACN,2019-05-16,0.0001821122566715,222703.0
ACN,2019-05-17,0.0002112414671948,159474.0
ACN,2019-05-20,0.0002136455559081,235869.0
ACN,2019-05-21,0.0001557851185554,150688.0
ACN,2019-05-22,0.0001384229828492,124890.0
ACN,2019-05-23,0.0001975844793746,169788.0
ACN,2019-05-24,0.0001585003645658,177837.0
ACN,2019-05-28,0.0001665431266181,151565.0
ACN,2019-05-29,0.0002144593617997,173292.0
ACN,2019-05-30,0.0001673817569869,123133.0
ACN,2019-05-31,0.0001738838749181,167896.0
ACN,2019-06-03,0.0002569366264736,169647.0
ACN,2019-06-04,0.0002073421861037,213892.0
ACN,2019-06-05,0.0002057880286366,113700.0
ACN,2019-06-06,0.0001669400861816,154397.0
ACN,2019-06-07,0.0001779470200784,227003.0
ACN,2019-06-10,0.0001406499877945,144895.0
ACN,2019-06-11,0.0001734915873887,164286.0
ACN,2019-06-12,0.0001586802808939,145853.0
ACN,2019-06-13,0.0001523387721305,99072.0
ACN,2019-06-14,0.0001493760113357,178880.0
ACN,2019-06-17,0.0001334309006901,112956.0
ACN,2019-06-18,0.0002061044682939,178660.0
ACN,2019-06-19,0.0001854196247237,174620.0
ACN,2019-06-20,0.0001653210934478,178266.0
ACN,2019-06-21,0.000199263961259,178226.0
ACN,2019-06-24,0.0001619774384746,159705.0
ACN,2019-06-25,0.0001768502983948,214902.0
ACN,2019-06-26,0.0001439823920659,272503.0
ACN,2019-06-27,0.0002904576786147,253013.0
ACN,2019-06-28,0.0001966559842132,172364.0
ACN,2019-07-01,0.0001929024621498,196417.0
ACN,2019-07-02,0.0001523022691444,162161.0
ACN,2019-07-03,0.0001152335140567,88494.0
ACN,2019-07-05,0.0001690697708048,153248.0
ACN,2019-07-08,0.0001375205748291,134205.0
ACN,2019-07-09,0.0001386661470944,155447.0
ACN,2019-07-10,0.0001337853653671,132400.0
ACN,2019-07-11,0.0001464312157746,157720.0
ACN,2019-07-12,0.0001633452946954,191763.0
ACN,2019-07-15,0.000109126506364,139773.0
ACN,2019-07-16,0.0001363854817292,161998.0
ACN,2019-07-17,0.0001202061322997,152925.0
ACN,2019-07-18,0.0001225874911298,133139.0
ACN,2019-07-19,0.0001312196330253,141980.0
ACN,2019-07-22,0.000139260253298,102483.0
ACN,2019-07-23,0.0001362950640464,141296.0
ACN,2019-07-24,0.0001325880061294,145957.0
ACN,2019-07-25,0.0001518705340418,132104.0
ACN,2019-07-26,0.0001255530909273,94279.0
ACN,2019-07-29,0.0001295469710742,151491.0
ACN,2019-07-30,0.0001742172482177,149047.0
ACN,2019-07-31,0.0002350136860139,199129.0
ACN,2019-08-01,0.0002979586613731,175887.0
ACN,2019-08-02,0.0002715712579065,215547.0
ACN,2019-08-05,0.0003342919726718,290071.0
ACN,2019-08-06,0.000290355478453,209719.0
ACN,2019-08-07,0.000343782177733,267419.0
ACN,2019-08-08,0.0002399794711141,207972.0
ACN,2019-08-09,0.0002300083710188,166924.0
ACN,2019-08-12,0.0002266615232798,190319.0
ACN,2019-08-13,0.0002924221080571,308343.0
ACN,2019-08-14,0.0002935917298619,273105.0
ACN,2019-08-15,0.0002914737289809,232776.0
ACN,2019-08-16,0.0002136429694307,209900.0
ACN,2019-08-19,0.0001942078053028,146765.0
ACN,2019-08-20,0.0001842218364128,144628.0
ACN,2019-08-21,0.0001728814527289,122690.0
ACN,2019-08-22,0.0002042004919856,112356.0
ACN,2019-08-23,0.0003805843226719,205618.0
ACN,2019-08-26,0.0002554389985259,130589.0
ACN,2019-08-27,0.0002344649354919,138698.0
ACN,2019-08-28,0.0002379676274726,163247.0
ACN,2019-08-29,0.0002439654967191,118080.0
ACN,2019-08-30,0.0001905409404478,187623.0
ACN,2019-09-03,0.0002507549348639,172149.0
ACN,2019-09-04,0.0001412607056464,114769.0
ACN,2019-09-05,0.0001878862954131,208065.0
ACN,2019-09-06,0.0001833349317817,206153.0
ACN,2019-09-09,0.0002305421138992,269835.0
ACN,2019-09-10,0.0002757114767161,305993.0
ACN,2019-09-11,0.0002729600689259,284922.0
ACN,2019-09-12,0.0002641915269095,195237.0
ACN,2019-09-13,0.0002393289702544,154243.0
ACN,2019-09-16,0.0001726581125002,98745.0
ACN,2019-09-17,0.0002145121654324,92801.0
ACN,2019-09-18,0.0001869235522797,114756.0
ACN,2019-09-19,0.0001678449922273,110493.0
ACN,2019-09-20,0.0002091832532076,140809.0
ACN,2019-09-23,0.0001658937698377,91610.0
ACN,2019-09-24,0.0002617115715537,354423.0
ACN,2019-09-25,0.0002616859560797,237888.0
ACN,2019-09-26,0.0004763196213855,320302.0
ACN,2019-09-27,0.000253827753029,178251.0
ACN,2019-09-30,0.0002360659378516,188798.0
ACN,2019-10-01,0.0002332982891904,156599.0
ACN,2019-10-02,0.000245167157445,327767.0
ACN,2019-10-03,0.000307810794817,278494.0
ACN,2019-10-04,0.0002092622917421,183324.0
ACN,2019-10-07,0.0001930450021061,158184.0
ACN,2019-10-08,0.0002863477060659,301407.0
ACN,2019-10-09,0.0001943229808405,187959.0
ACN,2019-10-10,0.0002070176050655,283208.0
ACN,2019-10-11,0.0002697574527823,266568.0
ACN,2019-10-14,0.0001683149342711,114191.0
ACN,2019-10-15,0.0001622554890255,193443.0
ACN,2019-10-16,0.0002224247451505,159840.0
ACN,2019-10-17,0.0001444139262846,146289.0
ACN,2019-10-18,0.0002016216416584,248543.0
ACN,2019-10-21,0.0001619976063477,122636.0
ACN,2019-10-22,0.0001915995734398,222075.0
ACN,2019-10-23,0.0001948758428622,172964.0
ACN,2019-10-24,0.0001937982668993,199542.0
ACN,2019-10-25,0.0002137510156863,143795.0
ACN,2019-10-28,0.0001934762216867,187480.0
ACN,2019-10-29,0.0001915458872997,201477.0
ACN,2019-10-30,0.0002021229812935,124517.0
ACN,2019-10-31,0.0002279434718345,118227.0
ACN,2019-11-01,0.0002059673537264,165401.0
ACN,2019-11-04,0.0001585676507083,127200.0
ACN,2019-11-05,0.00016752755293,186509.0
ACN,2019-11-06,0.0001974826531193,155920.0
ACN,2019-11-07,0.0001947510487803,136458.0
ACN,2019-11-08,0.0001934527902017,107617.0
ACN,2019-11-11,0.0001316736502602,94577.0
ACN,2019-11-12,0.0001471975692589,163926.0
ACN,2019-11-13,0.0001886831126508,169725.0
ACN,2019-11-14,0.0001542179397298,128303.0
ACN,2019-11-15,0.0002119881698675,152763.0
ACN,2019-11-18,0.00014419869474,206711.0
ACN,2019-11-19,0.0001578161156114,115494.0
ACN,2019-11-20,0.0001881411393012,127916.0
ACN,2019-11-21,0.0002195833982153,156804.0
ACN,2019-11-22,0.000190108850401,91601.0
ACN,2019-11-25,0.0001522041393073,186011.0
ACN,2019-11-26,0.000136486289395,169800.0
ACN,2019-11-27,0.0001444507916325,84169.0
ACN,2019-11-29,0.0001427425619611,72148.0
ACN,2019-12-02,0.0002015055142016,84366.0
ACN,2019-12-03,0.0002250755369595,120570.0
ACN,2019-12-04,0.00014417389633,74614.0
ACN,2019-12-05,0.000157369908564,158552.0
ACN,2019-12-06,0.0001268495859524,94985.0
ACN,2019-12-09,0.000161542269081,142027.0
ACN,2019-12-10,0.0001584094807945,129208.0
ACN,2019-12-11,0.0001490826262819,165428.0
ACN,2019-12-12,0.0002465726337345,150072.0
ACN,2019-12-13,0.0001896684922362,126724.0
ACN,2019-12-16,0.0002034625414946,163959.0
ACN,2019-12-17,0.0001786100654069,203945.0
ACN,2019-12-18,0.0001806981960052,208344.0
ACN,2019-12-19,0.0003498459354736,180635.0
ACN,2019-12-20,0.0002969799658284,228166.0
ACN,2019-12-23,0.0001808475837014,153045.0
ACN,2019-12-24,0.000118520409968,55390.0
ACN,2019-12-26,9.434742769464044e-05,69797.0
ACN,2019-12-27,0.0001093178961127,83468.0
ADBE,2019-01-02,0.0005337973894804,356104.0
ADBE,2019-01-03,0.0005175799775735,606897.0
ADBE,2019-01-04,0.0003940888945217,474158.0
ADBE,2019-01-07,0.0004623171335568,436972.0
ADBE,2019-01-08,0.0003676184510934,467071.0
ADBE,2019-01-09,0.0001046439353189,9741.0
ADBE,2019-01-10,0.0003156678192372,371460.0
ADBE,2019-01-11,0.0002839955434446,463055.0
ADBE,2019-01-14,0.0002749942676774,323963.0
ADBE,2019-01-15,0.0003235351896398,505930.0
ADBE,2019-01-16,0.0002881963513796,328855.0
ADBE,2019-01-17,0.0003011304265622,406706.0
ADBE,2019-01-18,0.0003069399561728,518516.0
ADBE,2019-01-22,0.0003260904139785,451041.0
ADBE,2019-01-23,0.0003253462334741,310296.0
ADBE,2019-01-24,0.0003437460613571,361116.0
ADBE,2019-01-25,0.0002728757771773,601412.0
ADBE,2019-01-28,0.0002978413336116,337242.0
ADBE,2019-01-29,0.000262406613325,367152.0
ADBE,2019-01-30,0.0002891966877807,378516.0
ADBE,2019-01-31,0.0002826608638274,625482.0
ADBE,2019-02-01,0.000251469468466,399308.0
ADBE,2019-02-04,0.0002266732260112,564734.0
ADBE,2019-02-05,0.0002142211273352,476741.0
ADBE,2019-02-06,0.0002721021774166,344094.0
ADBE,2019-02-07,0.0003012556856781,315157.0
ADBE,2019-02-08,0.0002584832871598,317238.0
ADBE,2019-02-11,0.0002786182886003,436874.0
ADBE,2019-02-12,0.0001812736418641,371053.0
ADBE,2019-02-13,0.000229903318473,292953.0
ADBE,2019-02-14,0.000268047040095,240226.0
ADBE,2019-02-15,0.0002262001625372,345062.0
ADBE,2019-02-19,0.0001683788031898,350432.0
ADBE,2019-02-20,0.0002288665024915,465394.0
ADBE,2019-02-21,0.0002594314585648,322499.0
ADBE,2019-02-22,0.0002388373108617,326032.0
ADBE,2019-02-25,0.0002181271743225,279286.0
ADBE,2019-02-26,0.0002353980514649,370516.0
ADBE,2019-02-27,0.0002254145475851,389617.0
ADBE,2019-02-28,0.0002535026398116,393512.0
ADBE,2019-03-01,0.0002394552701624,344162.0
ADBE,2019-03-04,0.0003136234061764,466394.0
ADBE,2019-03-05,0.0002404318087573,386748.0
ADBE,2019-03-06,0.0002571635582523,365867.0
ADBE,2019-03-07,0.0002754637704116,318528.0
ADBE,2019-03-08,0.0003136275758719,292590.0
ADBE,2019-03-11,0.000261193460323,401401.0
ADBE,2019-03-12,0.0002621614589259,387213.0
ADBE,2019-03-13,0.0002187191788322,562256.0
ADBE,2019-03-14,0.0002325816599774,549488.0
ADBE,2019-03-15,0.0005247702551358,1057056.0
ADBE,2019-03-18,0.0002612857955663,587102.0
ADBE,2019-03-19,0.0002075863485363,603117.0
ADBE,2019-03-20,0.0002559397580763,580107.0
ADBE,2019-03-21,0.0002224969664208,362180.0
ADBE,2019-03-22,0.0003043163714056,548935.0
ADBE,2019-03-25,0.000322445941653,449587.0
ADBE,2019-03-26,0.0002520455972367,431677.0
ADBE,2019-03-27,0.0003051563901229,413344.0
ADBE,2019-03-28,0.0002400119122348,362151.0
ADBE,2019-03-29,0.0002179033959388,315054.0
ADBE,2019-04-01,0.0002343324198509,484100.0
ADBE,2019-04-02,0.0002164875352564,316653.0
ADBE,2019-04-03,0.0002262373129574,370870.0
ADBE,2019-04-04,0.0002593646606496,451516.0
ADBE,2019-04-05,0.0002503472156252,366613.0
ADBE,2019-04-08,0.0002254845227757,324193.0
ADBE,2019-04-09,0.0001975718987193,264576.0
ADBE,2019-04-10,0.0001769608470592,277194.0
ADBE,2019-04-11,0.0001950804406034,255589.0
ADBE,2019-04-12,0.0001990569754199,285448.0
ADBE,2019-04-15,0.0001735022759068,258901.0
ADBE,2019-04-16,0.0001850148787815,290287.0
ADBE,2019-04-17,0.0002543867897817,391218.0
ADBE,2019-04-18,0.0002556364845479,337009.0
ADBE,2019-04-22,0.0001719862259356,291414.0
ADBE,2019-04-23,0.0002156471282516,437242.0
ADBE,2019-04-24,0.0001995070223656,291565.0
ADBE,2019-04-25,0.0002777279692461,325317.0
ADBE,2019-04-26,0.0002187474226004,357668.0
ADBE,2019-04-29,0.0002936541228755,540340.0
ADBE,2019-04-30,0.0002394596829297,392493.0
ADBE,2019-05-01,0.0002420380928051,324801.0
ADBE,2019-05-02,0.0003125196980265,396605.0
ADBE,2019-05-03,0.0002333984017665,317053.0
ADBE,2019-05-06,0.0003348075480285,252373.0
ADBE,2019-05-07,0.0003806472439548,471257.0
ADBE,2019-05-08,0.0003224467748145,258787.0
ADBE,2019-05-09,0.0003618247662661,309916.0
ADBE,2019-05-10,0.0003733051958203,355118.0
ADBE,2019-05-13,0.000407052233625,446452.0
ADBE,2019-05-14,0.0002949519526454,287079.0
ADBE,2019-05-15,0.0003000343481433,360076.0
ADBE,2019-05-16,0.0002327073357649,401446.0
ADBE,2019-05-17,0.0002939437467044,370212.0
ADBE,2019-05-20,0.0003268258049902,382143.0
ADBE,2019-05-21,0.0002484238542683,310103.0
ADBE,2019-05-22,0.0002318471746305,333009.0
ADBE,2019-05-23,0.000310647773774,451097.0
ADBE,2019-05-24,0.0002676525687536,350574.0
ADBE,2019-05-28,0.0002604277768013,333162.0
ADBE,2019-05-29,0.0003148012669747,299632.0
ADBE,2019-05-30,0.0002247771603709,275381.0
ADBE,2019-05-31,0.0002573387903661,393842.0
ADBE,2019-06-03,0.0004005412759976,481526.0
ADBE,2019-06-04,0.0003620687838176,425553.0
ADBE,2019-06-05,0.0003322240686584,314571.0
ADBE,2019-06-06,0.0002703181125321,332101.0
ADBE,2019-06-07,0.0002282326416206,387052.0
ADBE,2019-06-10,0.000283043714649,333100.0
ADBE,2019-06-11,0.0003090494696828,413929.0
ADBE,2019-06-12,0.0002689065389347,238862.0
ADBE,2019-06-13,0.0002484411067918,254841.0
ADBE,2019-06-14,0.0002506349888723,359570.0
ADBE,2019-06-17,0.0002177561653886,329108.0
ADBE,2019-06-18,0.0002667720952363,457134.0
ADBE,2019-06-19,0.0004280286051515,1034800.0
ADBE,2019-06-20,0.0003094295559423,597881.0
ADBE,2019-06-21,0.0002219081415132,450819.0
ADBE,2019-06-24,0.0002063818535409,372681.0
ADBE,2019-06-25,0.0002730773755509,629302.0
ADBE,2019-06-26,0.0002699441908331,435262.0
ADBE,2019-06-27,0.0002184135878938,339966.0
ADBE,2019-06-28,0.0002209242632704,324434.0
ADBE,2019-07-01,0.0002473905380547,434180.0
ADBE,2019-07-02,0.0001946633034922,320866.0
ADBE,2019-07-03,0.0001729766381641,274420.0
ADBE,2019-07-05,0.000250980958601,379596.0
ADBE,2019-07-08,0.0001975123450386,402922.0
ADBE,2019-07-09,0.0001829344010438,274297.0
ADBE,2019-07-10,0.0002326294584495,322174.0
ADBE,2019-07-11,0.0001999437074735,307175.0
ADBE,2019-07-12,0.0001921751201005,244877.0
ADBE,2019-07-15,0.000190981388958,219840.0
ADBE,2019-07-16,0.0001963498105808,357083.0
ADBE,2019-07-17,0.0002153288843652,311607.0
ADBE,2019-07-18,0.0002055585215466,247098.0
ADBE,2019-07-19,0.0002410317199229,365138.0
ADBE,2019-07-22,0.0002001954261184,250352.0
ADBE,2019-07-23,0.000209887031501,327416.0
ADBE,2019-07-24,0.0001717732203058,266713.0
ADBE,2019-07-25,0.0002441317431472,269899.0
ADBE,2019-07-26,0.0001726343023703,236286.0
ADBE,2019-07-29,0.0002751352800977,363014.0
ADBE,2019-07-30,0.0002183296235667,378810.0
ADBE,2019-07-31,0.0003301997812343,438766.0
ADBE,2019-08-01,0.0004044676324863,512841.0
ADBE,2019-08-02,0.0003839811035313,530734.0
ADBE,2019-08-05,0.0004977819632644,586626.0
ADBE,2019-08-06,0.0003259002045973,380561.0
ADBE,2019-08-07,0.0004080286633918,382327.0
ADBE,2019-08-08,0.0002819201070227,343585.0
ADBE,2019-08-09,0.0003099689343051,268858.0
ADBE,2019-08-12,0.0002688728562038,268485.0
ADBE,2019-08-13,0.0003640665654523,390200.0
ADBE,2019-08-14,0.0003656784161005,371655.0
ADBE,2019-08-15,0.0003755641392217,350877.0
ADBE,2019-08-16,0.0002445837278198,324991.0
ADBE,2019-08-19,0.000181789967997,309119.0
ADBE,2019-08-20,0.0002225819520522,324279.0
ADBE,2019-08-21,0.0002022436332677,266756.0
ADBE,2019-08-22,0.0002615348239536,295822.0
ADBE,2019-08-23,0.0004327541824024,462894.0
ADBE,2019-08-26,0.0002858593542588,258835.0
ADBE,2019-08-27,0.0002733313096301,206577.0
ADBE,2019-08-28,0.0003026374740742,462322.0
ADBE,2019-08-29,0.0002827067718077,375712.0
ADBE,2019-08-30,0.0002438973404255,342053.0
ADBE,2019-09-03,0.0003021126869855,274495.0
ADBE,2019-09-04,0.000188023488737,244931.0
ADBE,2019-09-05,0.0002709189279174,437102.0
ADBE,2019-09-06,0.0002121055122812,357363.0
ADBE,2019-09-09,0.0002859882852192,493428.0
ADBE,2019-09-10,0.0003805642996505,481380.0
ADBE,2019-09-11,0.0003314723266136,376673.0
ADBE,2019-09-12,0.0003184981163824,490152.0
ADBE,2019-09-13,0.0002665162389404,279758.0
ADBE,2019-09-16,0.0002469585873804,369864.0
ADBE,2019-09-17,0.0002345152235727,549264.0
ADBE,2019-09-18,0.0004103138719815,708871.0
ADBE,2019-09-19,0.0002495559146645,531268.0
ADBE,2019-09-20,0.0002587717257778,509744.0
ADBE,2019-09-23,0.0002345279392702,274480.0
ADBE,2019-09-24,0.0003271701686671,433282.0
ADBE,2019-09-25,0.0003149988834903,408957.0
ADBE,2019-09-26,0.0002885373339578,576699.0
ADBE,2019-09-27,0.0003215487010917,458379.0
ADBE,2019-09-30,0.0002427140622385,530943.0
ADBE,2019-10-01,0.0002658627998784,420662.0
ADBE,2019-10-02,0.0002871446659525,580938.0
ADBE,2019-10-03,0.0003419263033036,501818.0
ADBE,2019-10-04,0.0002653165110146,434591.0
ADBE,2019-10-07,0.0002283119752874,281362.0
ADBE,2019-10-08,0.0003442768720295,420221.0
ADBE,2019-10-09,0.0002425739549719,249158.0
ADBE,2019-10-10,0.0002385060374243,224388.0
ADBE,2019-10-11,0.0002631943000146,304404.0
ADBE,2019-10-14,0.0001663977082015,258243.0
ADBE,2019-10-15,0.000168508356941,325790.0
ADBE,2019-10-16,0.0002994519191151,559541.0
ADBE,2019-10-17,0.0002215284509773,420866.0
ADBE,2019-10-18,0.0002638222684424,634717.0
ADBE,2019-10-21,0.0002156585636836,368322.0
ADBE,2019-10-22,0.0002411085763778,502154.0
ADBE,2019-10-23,0.0002725566912841,493263.0
ADBE,2019-10-24,0.0002610315492084,555307.0
ADBE,2019-10-25,0.0002433391160167,312848.0
ADBE,2019-10-28,0.0001940622754346,431181.0
ADBE,2019-10-29,0.0001976127925565,316957.0
ADBE,2019-10-30,0.0002330554659288,400537.0
ADBE,2019-10-31,0.0002366819835146,444016.0
ADBE,2019-11-01,0.0002126991656953,467394.0
ADBE,2019-11-04,0.0002089261099878,397061.0
ADBE,2019-11-05,0.0003484373688192,744814.0
ADBE,2019-11-06,0.0002569832738871,398805.0
ADBE,2019-11-07,0.0002229174167213,404645.0
ADBE,2019-11-08,0.0002172890039052,283393.0
ADBE,2019-11-11,0.0001997354995237,356968.0
ADBE,2019-11-12,0.0002051104045923,408656.0
ADBE,2019-11-13,0.0001942597861109,287138.0
ADBE,2019-11-14,0.000187638769749,262053.0
ADBE,2019-11-15,0.0001823797591306,288149.0
ADBE,2019-11-18,0.0001902779464675,230195.0
ADBE,2019-11-19,0.0001857703017745,289675.0
ADBE,2019-11-20,0.000237998240975,294842.0
ADBE,2019-11-21,0.0002183687168164,277553.0
ADBE,2019-11-22,0.0002038965820424,281517.0
ADBE,2019-11-25,0.000176310218725,333573.0
ADBE,2019-11-26,0.0001998662189736,334220.0
ADBE,2019-11-27,0.000159764738227,217455.0
ADBE,2019-11-29,0.0001205021652385,219676.0
ADBE,2019-12-02,0.0003290068139875,388779.0
ADBE,2019-12-03,0.0002656147904701,267869.0
ADBE,2019-12-04,0.0002344472700999,296165.0
ADBE,2019-12-05,0.0002099400091079,279411.0
ADBE,2019-12-06,0.0002231258430572,286060.0
ADBE,2019-12-09,0.0001973649519201,392133.0
ADBE,2019-12-10,0.0001828413123891,423724.0
ADBE,2019-12-11,0.0001932833940567,448821.0
ADBE,2019-12-12,0.0002526404799095,344793.0
ADBE,2019-12-13,0.0003851815409686,674738.0
ADBE,2019-12-16,0.0002040440429514,430480.0
ADBE,2019-12-17,0.0001915201578824,313044.0
ADBE,2019-12-18,0.0001492018722601,269200.0
ADBE,2019-12-19,0.0001311030384213,320130.0
ADBE,2019-12-20,0.0001942441858966,380041.0
ADBE,2019-12-23,0.0001487113634154,269507.0
ADBE,2019-12-24,0.0001032702688231,155544.0
ADBE,2019-12-26,0.0001059198725145,176644.0
ADBE,2019-12-27,0.0001330375003215,202758.0
ADI,2019-01-02,0.000375042299222,504721.0
ADI,2019-01-03,0.0004708364498924,568957.0
ADI,2019-01-04,0.0003735052801642,617988.0
ADI,2019-01-07,0.0003258832986965,427741.0
ADI,2019-01-08,0.0003928022719195,611333.0
ADI,2019-01-09,0.0001991218831917,26453.0
ADI,2019-01-10,0.0002885436704888,304992.0
ADI,2019-01-11,0.0003034423295976,493730.0
ADI,2019-01-14,0.0003158992232902,391241.0
ADI,2019-01-15,0.0002457532807674,352821.0
ADI,2019-01-16,0.0002229425216619,279960.0
ADI,2019-01-17,0.0002800183473034,412231.0
ADI,2019-01-18,0.0003189899587392,560604.0
ADI,2019-01-22,0.0003230298153212,454098.0
ADI,2019-01-23,0.0002860699749969,327531.0
ADI,2019-01-24,0.0004511820056517,756272.0
ADI,2019-01-25,0.0003154238543286,688573.0
ADI,2019-01-28,0.0003177601529825,398965.0
ADI,2019-01-29,0.0002828607539592,371370.0
ADI,2019-01-30,0.0003075392151684,413160.0
ADI,2019-01-31,0.000281645377909,416405.0
ADI,2019-02-01,0.0002465718487515,508195.0
ADI,2019-02-04,0.0002546524722989,435172.0
ADI,2019-02-05,0.0002519163177987,360439.0
ADI,2019-02-06,0.0003217916490507,505995.0
ADI,2019-02-07,0.0003419152889944,532862.0
ADI,2019-02-08,0.0002985861447954,382411.0
ADI,2019-02-11,0.0002659014096887,382148.0
ADI,2019-02-12,0.0002477277309465,570416.0
ADI,2019-02-13,0.0002306656731651,429568.0
ADI,2019-02-14,0.0002659764239549,471056.0
ADI,2019-02-15,0.0002410561534368,421717.0
ADI,2019-02-19,0.0001902237982994,737368.0
ADI,2019-02-20,0.0004502363328429,712417.0
ADI,2019-02-21,0.0002327720395208,594320.0
ADI,2019-02-22,0.0002196049393386,298325.0
ADI,2019-02-25,0.0002208141571197,642556.0
ADI,2019-02-26,0.0002012828997586,452631.0
ADI,2019-02-27,0.0002336433056463,350377.0
ADI,2019-02-28,0.0002093980873404,287685.0
ADI,2019-03-01,0.0002236481887807,480289.0
ADI,2019-03-04,0.0002352649162845,361787.0
ADI,2019-03-05,0.0002142244839484,339132.0
ADI,2019-03-06,0.0002181547691048,357207.0
ADI,2019-03-07,0.0002711485341744,402539.0
ADI,2019-03-08,0.0002501608434427,484763.0
ADI,2019-03-11,0.0002403731901575,368800.0
ADI,2019-03-12,0.0002171449893596,396698.0
ADI,2019-03-13,0.0001842079642023,315446.0
ADI,2019-03-14,0.000169412550648,379452.0
ADI,2019-03-15,0.0002154538252663,441782.0
ADI,2019-03-18,0.0002033434807427,294044.0
ADI,2019-03-19,0.0002000244526482,294444.0
ADI,2019-03-20,0.0002754559295403,411794.0
ADI,2019-03-21,0.0002149778764854,495334.0
ADI,2019-03-22,0.0002465986476281,396458.0
ADI,2019-03-25,0.0002627542016837,477853.0
ADI,2019-03-26,0.0002455803038997,468286.0
ADI,2019-03-27,0.0003110788898481,443411.0
ADI,2019-03-28,0.0002332218099444,539842.0
ADI,2019-03-29,0.0002477022957424,282697.0
ADI,2019-04-01,0.0002686568079932,639336.0
ADI,2019-04-02,0.0002349605392755,328207.0
ADI,2019-04-03,0.0002222931172264,365143.0
ADI,2019-04-04,0.0002128198790734,312607.0
ADI,2019-04-05,0.0001985827915932,262233.0
ADI,2019-04-08,0.0001813582357176,308158.0
ADI,2019-04-09,0.000206786763795,274446.0
ADI,2019-04-10,0.0001781407748647,316948.0
ADI,2019-04-11,0.0002056574524632,280840.0
ADI,2019-04-12,0.0001606485382243,274561.0
ADI,2019-04-15,0.0001678252441153,277557.0
ADI,2019-04-16,0.0001980671571729,330770.0
ADI,2019-04-17,0.0002349944615326,358699.0
ADI,2019-04-18,0.0002333533652007,234719.0
ADI,2019-04-22,0.0001750664016671,341887.0
ADI,2019-04-23,0.0001712982850768,464464.0
ADI,2019-04-24,0.0002936191753504,694985.0
ADI,2019-04-25,0.0002900342594507,438787.0
ADI,2019-04-26,0.0003004123355365,399649.0
ADI,2019-04-29,0.000209003190712,328332.0
ADI,2019-04-30,0.0002241487737549,435112.0
ADI,2019-05-01,0.000261691786179,270205.0
ADI,2019-05-02,0.0002764192092869,337145.0
ADI,2019-05-03,0.0002176341124682,411833.0
ADI,2019-05-06,0.00027086774024,375810.0
ADI,2019-05-07,0.000400541359542,483007.0
ADI,2019-05-08,0.0003579069011123,504513.0
ADI,2019-05-09,0.0004290621753981,529942.0
ADI,2019-05-10,0.0003610214408054,517694.0
ADI,2019-05-13,0.0004372795935895,748094.0
ADI,2019-05-14,0.0003236488552929,385621.0
ADI,2019-05-15,0.0003184911554627,316168.0
ADI,2019-05-16,0.0003839470613441,667059.0
ADI,2019-05-17,0.0003947936106259,764786.0
ADI,2019-05-20,0.0004545059363183,586857.0
ADI,2019-05-21,0.0004204329843822,707000.0
ADI,2019-05-22,0.0005460443077919,859463.0
ADI,2019-05-23,0.0004413780928509,537393.0
ADI,2019-05-24,0.0002790800284674,469374.0
ADI,2019-05-28,0.0002887216172586,386458.0
ADI,2019-05-29,0.0003445585299068,595332.0
ADI,2019-05-30,0.0003194442300474,466043.0
ADI,2019-05-31,0.0003294096109749,392152.0
ADI,2019-06-03,0.0004127232673292,451976.0
ADI,2019-06-04,0.000325400342315,663024.0
ADI,2019-06-05,0.0003714071922421,311065.0
ADI,2019-06-06,0.0002843504607464,275250.0
ADI,2019-06-07,0.0002576798334176,344050.0
ADI,2019-06-10,0.0003923300542372,674753.0
ADI,2019-06-11,0.0003105073731681,380222.0
ADI,2019-06-12,0.0002703014862588,221583.0
ADI,2019-06-13,0.0002684308690046,231851.0
ADI,2019-06-14,0.0003098785499019,351450.0
ADI,2019-06-17,0.0002006982457525,346176.0
ADI,2019-06-18,0.0003500470889244,523476.0
ADI,2019-06-19,0.0003119386117956,426057.0
ADI,2019-06-20,0.0003104086171763,328967.0
ADI,2019-06-21,0.0003025806167063,426187.0
ADI,2019-06-24,0.000252922328035,365428.0
ADI,2019-06-25,0.0002637866723538,392780.0
ADI,2019-06-26,0.0002761720579055,565001.0
ADI,2019-06-27,0.0002185200124838,338711.0
ADI,2019-06-28,0.000210554815365,397306.0
ADI,2019-07-01,0.0003473213782924,480205.0
ADI,2019-07-02,0.0002635141627264,320105.0
ADI,2019-07-03,0.0001787418641273,199522.0
ADI,2019-07-05,0.0002195096644782,211391.0
ADI,2019-07-08,0.0002254792540372,249796.0
ADI,2019-07-09,0.0002049110673792,376104.0
ADI,2019-07-10,0.0002257988258543,317223.0
ADI,2019-07-11,0.0002083087070646,214247.0
ADI,2019-07-12,0.0002222187934138,373204.0
ADI,2019-07-15,0.0002161823952753,204937.0
ADI,2019-07-16,0.0002839607653413,384762.0
ADI,2019-07-17,0.0002633846086021,315064.0
ADI,2019-07-18,0.0002480372674249,411627.0
ADI,2019-07-19,0.0002587656335165,274458.0
ADI,2019-07-22,0.0002222161412271,274474.0
ADI,2019-07-23,0.0001960131149085,432659.0
ADI,2019-07-24,0.0003453695130466,626988.0
ADI,2019-07-25,0.0003149429980581,442457.0
ADI,2019-07-26,0.0002048411520234,264100.0
ADI,2019-07-29,0.0002353507901969,317411.0
ADI,2019-07-30,0.0002308805660496,238607.0
ADI,2019-07-31,0.0003950527996078,426831.0
ADI,2019-08-01,0.000484801045436,549984.0
ADI,2019-08-02,0.0004243020076255,504590.0
ADI,2019-08-05,0.000348394242276,538677.0
ADI,2019-08-06,0.00039296835766,407734.0
ADI,2019-08-07,0.0004041735977589,361777.0
ADI,2019-08-08,0.0003088343791664,279821.0
ADI,2019-08-09,0.0003540273159087,297797.0
ADI,2019-08-12,0.0003322503974967,354010.0
ADI,2019-08-13,0.0003728911707453,457787.0
ADI,2019-08-14,0.0004004766366904,270956.0
ADI,2019-08-15,0.0003646873167375,338906.0
ADI,2019-08-16,0.0003064110116597,397399.0
ADI,2019-08-19,0.000245845230541,415040.0
ADI,2019-08-20,0.0002499316108789,397126.0
ADI,2019-08-21,0.0004967371843879,483324.0
ADI,2019-08-22,0.0003229653243719,476228.0
ADI,2019-08-23,0.0004960830504997,746817.0
ADI,2019-08-26,0.0003017964907414,326745.0
ADI,2019-08-27,0.0002990889793302,415158.0
ADI,2019-08-28,0.0002844899011772,307080.0
ADI,2019-08-29,0.0002670222954419,325382.0
ADI,2019-08-30,0.0002687964668269,254038.0
ADI,2019-09-03,0.0003226632419483,484181.0
ADI,2019-09-04,0.0002396838881238,224076.0
ADI,2019-09-05,0.0002561315947224,424802.0
ADI,2019-09-06,0.0002383321172525,196808.0
ADI,2019-09-09,0.0002222002522144,208804.0
ADI,2019-09-10,0.0002142692380635,327974.0
ADI,2019-09-11,0.0002666290936792,370416.0
ADI,2019-09-12,0.0003521796005242,371644.0
ADI,2019-09-13,0.0002147663640844,256719.0
ADI,2019-09-16,0.0002325210116924,150138.0
ADI,2019-09-17,0.0002018559622095,215268.0
ADI,2019-09-18,0.0002433398224629,160139.0
ADI,2019-09-19,0.0002118540386107,297495.0
ADI,2019-09-20,0.0003298033283145,406758.0
ADI,2019-09-23,0.0002578225443243,299896.0
ADI,2019-09-24,0.000353308427443,476107.0
ADI,2019-09-25,0.0003056842631564,308866.0
ADI,2019-09-26,0.0002705143965176,198015.0
ADI,2019-09-27,0.0003467019374658,263784.0
ADI,2019-09-30,0.0002529159607227,345059.0
ADI,2019-10-01,0.0003331725028983,570577.0
ADI,2019-10-02,0.0003354838290895,314871.0
ADI,2019-10-03,0.0003505962481476,291841.0
ADI,2019-10-04,0.0002693053609105,273420.0
ADI,2019-10-07,0.000277206559191,345289.0
ADI,2019-10-08,0.0004115200839402,560480.0
ADI,2019-10-09,0.0003162736932766,296310.0
ADI,2019-10-10,0.0002992220363387,307616.0
ADI,2019-10-11,0.0003509795842837,529730.0
ADI,2019-10-14,0.0002123170236937,240933.0
ADI,2019-10-15,0.0002133352481133,355920.0
ADI,2019-10-16,0.0002391098035597,355028.0
ADI,2019-10-17,0.0002542292373149,240977.0
ADI,2019-10-18,0.0002382528580566,247367.0
ADI,2019-10-21,0.0001998422110538,209408.0
ADI,2019-10-22,0.0002302239769274,305710.0
ADI,2019-10-23,0.0003589416146353,625684.0
ADI,2019-10-24,0.0002855912793602,464720.0
ADI,2019-10-25,0.0002454071494851,315084.0
ADI,2019-10-28,0.0002231786525482,307475.0
ADI,2019-10-29,0.0002253703804203,361331.0
ADI,2019-10-30,0.0003109196133671,382278.0
ADI,2019-10-31,0.0002708097744129,498967.0
ADI,2019-11-01,0.0002439964132702,368033.0
ADI,2019-11-04,0.0002530827536385,337129.0
ADI,2019-11-05,0.0002469208424383,408283.0
ADI,2019-11-06,0.0002649608723083,320805.0
ADI,2019-11-07,0.0002345039588904,224761.0
ADI,2019-11-08,0.0001963588972181,211327.0
ADI,2019-11-11,0.0001764984824137,208717.0
ADI,2019-11-12,0.0001770305366821,190872.0
ADI,2019-11-13,0.0002147914754908,247652.0
ADI,2019-11-14,0.0001881549826226,205554.0
ADI,2019-11-15,0.0001954553189437,288604.0
ADI,2019-11-18,0.0002004270025134,232862.0
ADI,2019-11-19,0.0002192014590594,302755.0
ADI,2019-11-20,0.0003102378692563,483085.0
ADI,2019-11-21,0.0002602434087045,347581.0
ADI,2019-11-22,0.0002057223619559,319355.0
ADI,2019-11-25,0.0002310229042463,444757.0
ADI,2019-11-26,0.0006208480500473,778571.0
ADI,2019-11-27,0.0003040328054824,476220.0
ADI,2019-11-29,0.0002239893148525,173444.0
ADI,2019-12-02,0.0002697271922391,281534.0
ADI,2019-12-03,0.0002714821020601,331957.0
ADI,2019-12-04,0.0002314477726727,494662.0
ADI,2019-12-05,0.0002236956003516,434102.0
ADI,2019-12-06,0.0001883829412034,317850.0
ADI,2019-12-09,0.0001625621973539,208093.0
ADI,2019-12-10,0.0001783069447773,255275.0
ADI,2019-12-11,0.0002095840057324,289839.0
ADI,2019-12-12,0.0003188715356021,416494.0
ADI,2019-12-13,0.0002910709508915,332302.0
ADI,2019-12-16,0.0001869454223992,258281.0
ADI,2019-12-17,0.0001811369400735,247466.0
ADI,2019-12-18,0.0002072130481368,507001.0
ADI,2019-12-19,0.0001828227228111,254516.0
ADI,2019-12-20,0.0002364980147293,314065.0
ADI,2019-12-23,0.0001790036356899,193626.0
ADI,2019-12-24,0.0001276186689438,71655.0
ADI,2019-12-26,0.0001119276783251,130026.0
ADI,2019-12-27,0.000126967132762,134618.0
ADM,2019-01-02,0.0002961918116355,269608.0
ADM,2019-01-03,0.0003558043314395,284122.0
ADM,2019-01-04,0.0003112707338453,269545.0
ADM,2019-01-07,0.0003021484266393,275241.0
ADM,2019-01-08,0.0002800635047056,291507.0
ADM,2019-01-09,7.341615205039051e-05,6675.0
ADM,2019-01-10,0.000230442395068,258755.0
ADM,2019-01-11,0.0002251310988694,237529.0
ADM,2019-01-14,0.0002137116041202,245299.0
ADM,2019-01-15,0.0002309908119558,320690.0
ADM,2019-01-16,0.0002516865826881,362032.0
ADM,2019-01-17,0.0002544410459669,290664.0
ADM,2019-01-18,0.0002464628417609,249944.0
ADM,2019-01-22,0.0002405474229558,321991.0
ADM,2019-01-23,0.000203998420528,254825.0
ADM,2019-01-24,0.0002421509567468,283046.0
ADM,2019-01-25,0.0002086921200022,207679.0
ADM,2019-01-28,0.0002154802736478,341646.0
ADM,2019-01-29,0.0001878452061251,180983.0
ADM,2019-01-30,0.0002673936356507,281379.0
ADM,2019-01-31,0.0002014035090251,312005.0
ADM,2019-02-01,0.0002040867769213,260622.0
ADM,2019-02-04,0.0001656202213215,319651.0
ADM,2019-02-05,0.0005140131138283,968702.0
ADM,2019-02-06,0.0003300989923313,488774.0
ADM,2019-02-07,0.0002600676234856,449209.0
ADM,2019-02-08,0.0002604911122973,439549.0
ADM,2019-02-11,0.0001883563698787,249668.0
ADM,2019-02-12,0.0001822611767629,268371.0
ADM,2019-02-13,0.0002054743703723,271201.0
ADM,2019-02-14,0.0001933599412304,263399.0
ADM,2019-02-15,0.0001759158757311,291806.0
ADM,2019-02-19,0.0001814046413098,379885.0
ADM,2019-02-20,0.0002675374248139,396446.0
ADM,2019-02-21,0.000236210335264,449535.0
ADM,2019-02-22,0.0002621107575575,401453.0
ADM,2019-02-25,0.0001892341357033,282566.0
ADM,2019-02-26,0.0001827645815311,237853.0
ADM,2019-02-27,0.0001854423001472,268426.0
ADM,2019-02-28,0.0001913484847965,205888.0
ADM,2019-03-01,0.0001663933856417,254202.0
ADM,2019-03-04,0.0002069625251161,315225.0
ADM,2019-03-05,0.0001868570560518,213858.0
ADM,2019-03-06,0.0001848142194412,236078.0
ADM,2019-03-07,0.000228982154893,300741.0
ADM,2019-03-08,0.000196479709511,252282.0
ADM,2019-03-11,0.0001677340045028,203662.0
ADM,2019-03-12,0.000157359976297,313680.0
ADM,2019-03-13,0.00017003040951,289853.0
ADM,2019-03-14,0.0001748956943232,384146.0
ADM,2019-03-15,0.0002778632594049,430848.0
ADM,2019-03-18,0.00023388359417,372516.0
ADM,2019-03-19,0.000181693934236,386522.0
ADM,2019-03-20,0.0002393395031309,432120.0
ADM,2019-03-21,0.0002384016497928,286870.0
ADM,2019-03-22,0.0002256744528318,326940.0
ADM,2019-03-25,0.0001957562950102,305404.0
ADM,2019-03-26,0.0001894884934662,325582.0
ADM,2019-03-27,0.0002082098169122,305311.0
ADM,2019-03-28,0.0001750265743638,234761.0
ADM,2019-03-29,0.0001884607413018,250299.0
ADM,2019-04-01,0.0001640929037515,261625.0
ADM,2019-04-02,0.0001626797006774,298830.0
ADM,2019-04-03,0.0001716203670413,258069.0
ADM,2019-04-04,0.0001964047742054,297520.0
ADM,2019-04-05,0.0001850808314576,192652.0
ADM,2019-04-08,0.0001447114969962,170609.0
ADM,2019-04-09,0.000159188237847,283317.0
ADM,2019-04-10,0.0001753396366954,277498.0
ADM,2019-04-11,0.000158994588251,209944.0
ADM,2019-04-12,0.0001748995365861,162846.0
ADM,2019-04-15,0.0001418890212831,149138.0
ADM,2019-04-16,0.0001570820185734,164559.0
ADM,2019-04-17,0.0001529087505092,155190.0
ADM,2019-04-18,0.0001636210533405,181638.0
ADM,2019-04-22,0.0001651768361167,199893.0
ADM,2019-04-23,0.0001903373805399,232622.0
ADM,2019-04-24,0.0001742568934621,253717.0
ADM,2019-04-25,0.0002305880724229,469190.0
ADM,2019-04-26,0.0004923712823742,737299.0
ADM,2019-04-29,0.0004484577747456,659952.0
ADM,2019-04-30,0.0002757536953616,505553.0
ADM,2019-05-01,0.0002461103072313,436304.0
ADM,2019-05-02,0.0002564110744217,426364.0
ADM,2019-05-03,0.0002046090089679,290602.0
ADM,2019-05-06,0.0002334995090159,265788.0
ADM,2019-05-07,0.0002315036447039,411081.0
ADM,2019-05-08,0.0002783662076294,400815.0
ADM,2019-05-09,0.0002529588231668,239649.0
ADM,2019-05-10,0.0002478511926737,360127.0
ADM,2019-05-13,0.0002807092756525,452637.0
ADM,2019-05-14,0.0002577237491544,320806.0
ADM,2019-05-15,0.0002061871038758,286424.0
ADM,2019-05-16,0.0001969389379262,286524.0
ADM,2019-05-17,0.0002322146318608,324231.0
ADM,2019-05-20,0.0002070995636983,274589.0
ADM,2019-05-21,0.0002293071728119,403239.0
ADM,2019-05-22,0.0001870105652214,245971.0
ADM,2019-05-23,0.0002759109069971,393976.0
ADM,2019-05-24,0.0002007054629644,378519.0
ADM,2019-05-28,0.0002119126329835,401137.0
ADM,2019-05-29,0.0002543134049592,332020.0
ADM,2019-05-30,0.0002187448908573,214537.0
ADM,2019-05-31,0.0002599635807241,340419.0
ADM,2019-06-03,0.0002758397464003,364515.0
ADM,2019-06-04,0.0002334059742705,283338.0
ADM,2019-06-05,0.0002400055951084,283253.0
ADM,2019-06-06,0.0002089841538606,236600.0
ADM,2019-06-07,0.0001933483688422,201733.0
ADM,2019-06-10,0.0002111908155897,265673.0
ADM,2019-06-11,0.0001931138563887,181560.0
ADM,2019-06-12,0.0002174691245312,327120.0
ADM,2019-06-13,0.0002040830840203,288303.0
ADM,2019-06-14,0.0001994579631573,225223.0
ADM,2019-06-17,0.0001941887538715,180614.0
ADM,2019-06-18,0.0002497473486549,287875.0
ADM,2019-06-19,0.0002035235198831,415451.0
ADM,2019-06-20,0.0002525776109754,306359.0
ADM,2019-06-21,0.0002018346969049,368743.0
ADM,2019-06-24,0.0002450354091346,249999.0
ADM,2019-06-25,0.0002338455768065,265124.0
ADM,2019-06-26,0.0002400456899237,284675.0
ADM,2019-06-27,0.0002352428246053,251177.0
ADM,2019-06-28,0.0002259746893179,321566.0
ADM,2019-07-01,0.000251747652723,418136.0
ADM,2019-07-02,0.0002112979315301,195723.0
ADM,2019-07-03,0.0001590940426331,141586.0
ADM,2019-07-05,0.0002381975703628,156595.0
ADM,2019-07-08,0.0002088566769499,203192.0
ADM,2019-07-09,0.0002555437871184,360189.0
ADM,2019-07-10,0.0002411131868968,308062.0
ADM,2019-07-11,0.0002101225978876,389221.0
ADM,2019-07-12,0.0002353151801016,258471.0
ADM,2019-07-15,0.0002321161277387,289380.0
ADM,2019-07-16,0.0002059701810219,353397.0
ADM,2019-07-17,0.0001744546018979,261412.0
ADM,2019-07-18,0.000251381093757,348887.0
ADM,2019-07-19,0.0002190931273655,307686.0
ADM,2019-07-22,0.000199444135112,262868.0
ADM,2019-07-23,0.0001861620872486,217094.0
ADM,2019-07-24,0.0001763204644418,214393.0
ADM,2019-07-25,0.0002181586180115,280690.0
ADM,2019-07-26,0.0002815447485193,213994.0
ADM,2019-07-29,0.0001927736656132,250361.0
ADM,2019-07-30,0.0002295030525441,336134.0
ADM,2019-07-31,0.0003091161065387,464641.0
ADM,2019-08-01,0.0004227823358485,482778.0
ADM,2019-08-02,0.0004504840630633,623445.0
ADM,2019-08-05,0.0003461993944511,741178.0
ADM,2019-08-06,0.0003268479178621,602016.0
ADM,2019-08-07,0.0003536748972362,507488.0
ADM,2019-08-08,0.0002700225024649,376729.0
ADM,2019-08-09,0.0002468169227603,389902.0
ADM,2019-08-12,0.0002652044263717,369361.0
ADM,2019-08-13,0.00032992621731,418323.0
ADM,2019-08-14,0.0003357803277359,362798.0
ADM,2019-08-15,0.0002967232964802,372926.0
ADM,2019-08-16,0.0002392264175467,317260.0
ADM,2019-08-19,0.0002124688052932,224847.0
ADM,2019-08-20,0.0002057183419079,313511.0
ADM,2019-08-21,0.0002131608301065,290721.0
ADM,2019-08-22,0.0002154075650963,217121.0
ADM,2019-08-23,0.0004071422339919,553098.0
ADM,2019-08-26,0.0002641263656826,460119.0
ADM,2019-08-27,0.0002869796279862,449213.0
ADM,2019-08-28,0.0002467844707853,270492.0
ADM,2019-08-29,0.0002502003009892,213071.0
ADM,2019-08-30,0.0002340014269074,250042.0
ADM,2019-09-03,0.0002379548066502,283975.0
ADM,2019-09-04,0.000177762641967,162759.0
ADM,2019-09-05,0.0002164209268929,229668.0
ADM,2019-09-06,0.0001874266418767,193233.0
ADM,2019-09-09,0.0001954591027924,259009.0
ADM,2019-09-10,0.0002597776967325,391190.0
ADM,2019-09-11,0.0002507594558834,274048.0
ADM,2019-09-12,0.0002737379103804,399850.0
ADM,2019-09-13,0.0002478253065017,442562.0
ADM,2019-09-16,0.0002341130615376,282455.0
ADM,2019-09-17,0.0003358759985089,380071.0
ADM,2019-09-18,0.0002273441543323,172371.0
ADM,2019-09-19,0.0002277867720347,238441.0
ADM,2019-09-20,0.0002279687808704,250114.0
ADM,2019-09-23,0.000202640312167,222657.0
ADM,2019-09-24,0.0002571325581693,454028.0
ADM,2019-09-25,0.000222866521704,220223.0
ADM,2019-09-26,0.000206303595384,203917.0
ADM,2019-09-27,0.0002054930239445,140293.0
ADM,2019-09-30,0.0001754176464121,192561.0
ADM,2019-10-01,0.0002454817069619,254428.0
ADM,2019-10-02,0.0002499393827373,254508.0
ADM,2019-10-03,0.0002772472902042,203596.0
ADM,2019-10-04,0.0002028094028134,131807.0
ADM,2019-10-07,0.0002137057557912,212687.0
ADM,2019-10-08,0.0002917339026252,383534.0
ADM,2019-10-09,0.0002347951867562,235082.0
ADM,2019-10-10,0.0002680708894583,317776.0
ADM,2019-10-11,0.0002763170468644,269999.0
ADM,2019-10-14,0.0002061751383196,168560.0
ADM,2019-10-15,0.0001894834330685,183603.0
ADM,2019-10-16,0.0002008812064881,230254.0
ADM,2019-10-17,0.0002519948292468,246703.0
ADM,2019-10-18,0.0002513281142381,241363.0
ADM,2019-10-21,0.0001897610387662,175388.0
ADM,2019-10-22,0.0002198524509485,166395.0
ADM,2019-10-23,0.000224767449825,118666.0
ADM,2019-10-24,0.000211425296529,187444.0
ADM,2019-10-25,0.0002268623044515,212289.0
ADM,2019-10-28,0.0002035603585437,234731.0
ADM,2019-10-29,0.0002070325230879,237250.0
ADM,2019-10-30,0.0002439745425058,337713.0
ADM,2019-10-31,0.0004665843458883,442943.0
ADM,2019-11-01,0.0002303233644573,291587.0
ADM,2019-11-04,0.0002194546982462,381561.0
ADM,2019-11-05,0.0002208465752262,274960.0
ADM,2019-11-06,0.0001972884232742,190677.0
ADM,2019-11-07,0.0002035419453819,193924.0
ADM,2019-11-08,0.0002215075026954,198815.0
ADM,2019-11-11,0.0001851147395119,230978.0
ADM,2019-11-12,0.0002156445213282,218315.0
ADM,2019-11-13,0.000228996702899,209925.0
ADM,2019-11-14,0.0001840005696843,196877.0
ADM,2019-11-15,0.0001945954353102,289701.0
ADM,2019-11-18,0.0001737288839129,222620.0
ADM,2019-11-19,0.0001803885163859,243134.0
ADM,2019-11-20,0.0002258006929803,209782.0
ADM,2019-11-21,0.0002237013711505,246261.0
ADM,2019-11-22,0.0002174813426978,196343.0
ADM,2019-11-25,0.000149391180918,124169.0
ADM,2019-11-26,0.0002512499669924,170672.0
ADM,2019-11-27,0.0001626081286398,173185.0
ADM,2019-11-29,0.0001437150914008,112072.0
ADM,2019-12-02,0.0002137308152958,274217.0
ADM,2019-12-03,0.000243556821175,212043.0
ADM,2019-12-04,0.000281164265052,176805.0
ADM,2019-12-05,0.0001802303274657,147119.0
ADM,2019-12-06,0.0002000590923703,190755.0
ADM,2019-12-09,0.0001922791342939,216653.0
ADM,2019-12-10,0.000159724867952,191930.0
ADM,2019-12-11,0.0001478913888276,154067.0
ADM,2019-12-12,0.0001991512106847,247785.0
ADM,2019-12-13,0.0002213425723957,232055.0
ADM,2019-12-16,0.0001710211073036,284223.0
ADM,2019-12-17,0.000232111429649,213468.0
ADM,2019-12-18,0.0002622062665421,338666.0
ADM,2019-12-19,0.0001542725905314,146713.0
ADM,2019-12-20,0.0001830716680482,284653.0
ADM,2019-12-23,0.0001934368732025,104987.0
ADM,2019-12-24,0.0001768233738362,56153.0
ADM,2019-12-26,0.000146100743834,72024.0
ADM,2019-12-27,0.0001595705722512,83429.0
ADP,2019-01-02,0.0003700904740804,296332.0
ADP,2019-01-03,0.0004025201584246,323156.0
ADP,2019-01-04,0.0003476527017352,241159.0
ADP,2019-01-07,0.0003176430740143,341854.0
ADP,2019-01-08,0.0002820837920852,339819.0
ADP,2019-01-09,9.118548018116122e-05,4037.0
ADP,2019-01-10,0.0002897235155619,203643.0
ADP,2019-01-11,0.0002193670398896,178426.0
ADP,2019-01-14,0.0001719565341742,238827.0
ADP,2019-01-15,0.0002278944828153,339935.0
ADP,2019-01-16,0.0002072256680031,268682.0
ADP,2019-01-17,0.0002212512708399,309229.0
ADP,2019-01-18,0.0002296628906142,252745.0
ADP,2019-01-22,0.0002333506472412,365579.0
ADP,2019-01-23,0.0002410146424138,300948.0
ADP,2019-01-24,0.0002261231996599,271970.0
ADP,2019-01-25,0.0002104867147621,261866.0
ADP,2019-01-28,0.0002025534752944,272423.0
ADP,2019-01-29,0.000141290735468,308198.0
ADP,2019-01-30,0.0003721672983563,596574.0
ADP,2019-01-31,0.0002259749267514,667175.0
ADP,2019-02-01,0.0002074821980702,509527.0
ADP,2019-02-04,0.0001611800437266,563117.0
ADP,2019-02-05,0.0001610056335277,491659.0
ADP,2019-02-06,0.0001598293258752,399671.0
ADP,2019-02-07,0.0002152631123739,457452.0
ADP,2019-02-08,0.0001767476618839,319626.0
ADP,2019-02-11,0.0001686062015269,347744.0
ADP,2019-02-12,0.0001680031888572,475963.0
ADP,2019-02-13,0.0001662119450445,389098.0
ADP,2019-02-14,0.0001799608700138,570964.0
ADP,2019-02-15,0.0001658017711134,345199.0
ADP,2019-02-19,0.000115883112982,258116.0
ADP,2019-02-20,0.0001570117272157,245373.0
ADP,2019-02-21,0.0001673641421489,234320.0
ADP,2019-02-22,0.0001440102546581,296052.0
ADP,2019-02-25,0.0001475248640812,264086.0
ADP,2019-02-26,0.0001465602516498,192251.0
ADP,2019-02-27,0.000166415925749,216101.0
ADP,2019-02-28,0.0001441219449812,252827.0
ADP,2019-03-01,0.0001539237502138,263843.0
ADP,2019-03-04,0.0002286243165569,733998.0
ADP,2019-03-05,0.0001552768697309,511416.0
ADP,2019-03-06,0.0001488282988284,378136.0
ADP,2019-03-07,0.0001798657550315,467446.0
ADP,2019-03-08,0.000182242300535,256687.0
ADP,2019-03-11,0.0001644583618578,390435.0
ADP,2019-03-12,0.0001376334868479,393912.0
ADP,2019-03-13,0.0001750478190396,273262.0
ADP,2019-03-14,0.0001351124368967,344774.0
ADP,2019-03-15,0.0001653719188409,430339.0
ADP,2019-03-18,0.0001348118841283,285372.0
ADP,2019-03-19,0.000141651425024,239039.0
ADP,2019-03-20,0.0001795216683103,346602.0
ADP,2019-03-21,0.0001358233734921,247934.0
ADP,2019-03-22,0.0002072759646381,246771.0
ADP,2019-03-25,0.0001844915960982,238087.0
ADP,2019-03-26,0.000171808316937,244883.0
ADP,2019-03-27,0.0001897436472516,318451.0
ADP,2019-03-28,0.0001555101219374,288238.0
ADP,2019-03-29,0.0001662617632996,290053.0
ADP,2019-04-01,0.0001688071763068,348718.0
ADP,2019-04-02,0.0001306829243559,210035.0
ADP,2019-04-03,0.0001507889798948,193799.0
ADP,2019-04-04,0.0001434437899916,350306.0
ADP,2019-04-05,0.0001374141590157,137862.0
ADP,2019-04-08,0.0001412448153501,128915.0
ADP,2019-04-09,0.0001459284342081,189996.0
ADP,2019-04-10,0.0001206645649587,140857.0
ADP,2019-04-11,0.0001347794014528,170937.0
ADP,2019-04-12,0.0001231808369101,140968.0
ADP,2019-04-15,0.0001222262454346,135435.0
ADP,2019-04-16,0.0001269203676503,165629.0
ADP,2019-04-17,0.0001575548523781,159102.0
ADP,2019-04-18,0.0001319382457888,149077.0
ADP,2019-04-22,0.0001213342974684,123895.0
ADP,2019-04-23,0.0001314376147729,246439.0
ADP,2019-04-24,0.0001340810524209,288473.0
ADP,2019-04-25,0.0001824711581119,210966.0
ADP,2019-04-26,0.000149789571379,199013.0
ADP,2019-04-29,0.0001356781922773,277283.0
ADP,2019-04-30,0.0001826861591293,298439.0
ADP,2019-05-01,0.0006337272057099,499573.0
ADP,2019-05-02,0.0002774890928678,326438.0
ADP,2019-05-03,0.0001816113074782,161042.0
ADP,2019-05-06,0.0002044685344236,214753.0
ADP,2019-05-07,0.0002756229113789,327236.0
ADP,2019-05-08,0.000252708679179,340502.0
ADP,2019-05-09,0.0002592167830223,286652.0
ADP,2019-05-10,0.0002803740051986,280539.0
ADP,2019-05-13,0.0003142655530577,316846.0
ADP,2019-05-14,0.0002240900749862,264323.0
ADP,2019-05-15,0.0002535346927462,314221.0
ADP,2019-05-16,0.0002004130977277,374948.0
ADP,2019-05-17,0.0002153885214959,263576.0
ADP,2019-05-20,0.00024526830735,271934.0
ADP,2019-05-21,0.0001814369627337,176301.0
ADP,2019-05-22,0.0001690053113926,151349.0
ADP,2019-05-23,0.0002024996586917,237218.0
ADP,2019-05-24,0.0001695929295071,150731.0
ADP,2019-05-28,0.0001829946766643,182824.0
ADP,2019-05-29,0.0001934288113959,206400.0
ADP,2019-05-30,0.0001676857462584,130730.0
ADP,2019-05-31,0.0001792040131599,160984.0
ADP,2019-06-03,0.0002600937393445,305065.0
ADP,2019-06-04,0.0002297415042632,239143.0
ADP,2019-06-05,0.0001987297033899,215376.0
ADP,2019-06-06,0.0001792471962879,196834.0
ADP,2019-06-07,0.0001792016438976,236237.0
ADP,2019-06-10,0.0001817058267246,180242.0
ADP,2019-06-11,0.000185847262286,229714.0
ADP,2019-06-12,0.0001564057887489,174550.0
ADP,2019-06-13,0.0001791736543266,214460.0
ADP,2019-06-14,0.0001639179231196,170208.0
ADP,2019-06-17,0.0001493532721403,118524.0
ADP,2019-06-18,0.0002676396547962,207496.0
ADP,2019-06-19,0.0001997411037962,179165.0
ADP,2019-06-20,0.0001678151983844,140807.0
ADP,2019-06-21,0.0001816296100059,212349.0
ADP,2019-06-24,0.0001468888930984,157657.0
ADP,2019-06-25,0.0001893815001007,251162.0
ADP,2019-06-26,0.0002266893955423,235822.0
ADP,2019-06-27,0.0001928132063337,251489.0
ADP,2019-06-28,0.0001741583727521,203096.0
ADP,2019-07-01,0.0001766836308527,178247.0
ADP,2019-07-02,0.0002875817214392,827223.0
ADP,2019-07-03,0.0001720124230615,191891.0
ADP,2019-07-05,0.000196363316098,240168.0
ADP,2019-07-08,0.0001526914785336,152967.0
ADP,2019-07-09,0.0001762748276484,185379.0
ADP,2019-07-10,0.0001861380338256,263996.0
ADP,2019-07-11,0.0001344429561551,183650.0
ADP,2019-07-12,0.0001504796353588,240558.0
ADP,2019-07-15,0.0001302366933997,245426.0
ADP,2019-07-16,0.0001451061791927,358088.0
ADP,2019-07-17,0.0001556232937696,273153.0
ADP,2019-07-18,0.0001624971158173,197768.0
ADP,2019-07-19,0.0001797884608318,196148.0
ADP,2019-07-22,0.0001480923843768,246506.0
ADP,2019-07-23,0.0001510424802766,179443.0
ADP,2019-07-24,0.0001474671777589,192558.0
ADP,2019-07-25,0.0001788093871223,219669.0
ADP,2019-07-26,0.0001439529912012,182655.0
ADP,2019-07-29,0.000143179565609,170567.0
ADP,2019-07-30,0.0001533390004782,284347.0
ADP,2019-07-31,0.0003681802284004,456388.0
ADP,2019-08-01,0.000322074715089,633968.0
ADP,2019-08-02,0.0002797432888963,377159.0
ADP,2019-08-05,0.0003699919799341,482658.0
ADP,2019-08-06,0.0002935317222715,372692.0
ADP,2019-08-07,0.0003517858984416,282071.0
ADP,2019-08-08,0.0002410761421227,392660.0
ADP,2019-08-09,0.0002236772186022,295872.0
ADP,2019-08-12,0.0002238063470394,177986.0
ADP,2019-08-13,0.000290964150735,255174.0
ADP,2019-08-14,0.0002921856632414,260284.0
ADP,2019-08-15,0.0003159004908147,219837.0
ADP,2019-08-16,0.0001975672074821,188598.0
ADP,2019-08-19,0.0001617078461578,199932.0
ADP,2019-08-20,0.0001776152269082,182761.0
ADP,2019-08-21,0.0001585065296187,253346.0
ADP,2019-08-22,0.0001988478337046,192098.0
ADP,2019-08-23,0.0003372054685087,251282.0
ADP,2019-08-26,0.0002221240040765,188001.0
ADP,2019-08-27,0.0001990449891616,211843.0
ADP,2019-08-28,0.0002119816855271,233055.0
ADP,2019-08-29,0.0002126931599999,197966.0
ADP,2019-08-30,0.0001929789216186,143541.0
ADP,2019-09-03,0.0002604698594022,260214.0
ADP,2019-09-04,0.0001735874181261,264946.0
ADP,2019-09-05,0.0001678311496479,232615.0
ADP,2019-09-06,0.0001579009047778,176398.0
ADP,2019-09-09,0.0002140684046102,280237.0
ADP,2019-09-10,0.0002673172924068,315984.0
ADP,2019-09-11,0.0002509956072208,451031.0
ADP,2019-09-12,0.0002742306635862,420220.0
ADP,2019-09-13,0.0002253019566785,322102.0
ADP,2019-09-16,0.0001810802508434,304782.0
ADP,2019-09-17,0.0002002124815362,385001.0
ADP,2019-09-18,0.0001823019060395,195728.0
ADP,2019-09-19,0.0001931356836518,308521.0
ADP,2019-09-20,0.0002311896026223,275120.0
ADP,2019-09-23,0.0001434160967641,244181.0
ADP,2019-09-24,0.0002574706419483,461701.0
ADP,2019-09-25,0.0002027086983463,327105.0
ADP,2019-09-26,0.0001915305703021,323562.0
ADP,2019-09-27,0.0002464936854132,486475.0
ADP,2019-09-30,0.0001807786596139,258973.0
ADP,2019-10-01,0.0002149826800214,298969.0
ADP,2019-10-02,0.0002628371639113,417262.0
ADP,2019-10-03,0.0002593843519712,290529.0
ADP,2019-10-04,0.000170362251953,263943.0
ADP,2019-10-07,0.000181725554292,153139.0
ADP,2019-10-08,0.0002833636567502,330950.0
ADP,2019-10-09,0.0002020179547634,308843.0
ADP,2019-10-10,0.0001984297286361,389636.0
ADP,2019-10-11,0.0002469554016228,356987.0
ADP,2019-10-14,0.0001562630264083,221399.0
ADP,2019-10-15,0.0001327171680588,251017.0
ADP,2019-10-16,0.0002016664742943,311447.0
ADP,2019-10-17,0.0001557289478785,227330.0
ADP,2019-10-18,0.000157304054858,259653.0
ADP,2019-10-21,0.0001501883023805,191485.0
ADP,2019-10-22,0.000186965997078,211889.0
ADP,2019-10-23,0.0001663599695382,167751.0
ADP,2019-10-24,0.0001642183235194,204271.0
ADP,2019-10-25,0.0001644120209665,215220.0
ADP,2019-10-28,0.0001704613250792,215228.0
ADP,2019-10-29,0.0001550905428462,298202.0
ADP,2019-10-30,0.000416545446373,389843.0
ADP,2019-10-31,0.0002212058800879,340197.0
ADP,2019-11-01,0.0001792405858579,256184.0
ADP,2019-11-04,0.0001877070890428,443806.0
ADP,2019-11-05,0.0002518435725156,659350.0
ADP,2019-11-06,0.0002146305138469,390737.0
ADP,2019-11-07,0.0001919213857266,399297.0
ADP,2019-11-08,0.0001784968931763,289274.0
ADP,2019-11-11,0.0001882252504879,222486.0
ADP,2019-11-12,0.0001909952133212,320863.0
ADP,2019-11-13,0.000208217003148,424682.0
ADP,2019-11-14,0.0001909711632282,356379.0
ADP,2019-11-15,0.0001876394698938,255872.0
ADP,2019-11-18,0.0001529811774485,223726.0
ADP,2019-11-19,0.0001572509201057,211573.0
ADP,2019-11-20,0.0001983304476226,233999.0
ADP,2019-11-21,0.0001676409174169,221636.0
ADP,2019-11-22,0.0001915691668437,286786.0
ADP,2019-11-25,0.0001447101354771,243141.0
ADP,2019-11-26,0.0001322831080188,223063.0
ADP,2019-11-27,0.0001250406023289,190529.0
ADP,2019-11-29,0.0001144265410803,113418.0
ADP,2019-12-02,0.0002164155754207,255757.0
ADP,2019-12-03,0.000222958747954,564523.0
ADP,2019-12-04,0.0001822732194173,487132.0
ADP,2019-12-05,0.0001533244916368,328655.0
ADP,2019-12-06,0.0001350821866389,312700.0
ADP,2019-12-09,0.0001262693206634,220731.0
ADP,2019-12-10,0.000153644053109,249428.0
ADP,2019-12-11,0.0001417150730925,285074.0
ADP,2019-12-12,0.0002333119450389,208322.0
ADP,2019-12-13,0.0001974013612342,190867.0
ADP,2019-12-16,0.0001335847306303,134218.0
ADP,2019-12-17,0.0001593809104006,291701.0
ADP,2019-12-18,0.000134096519549,272684.0
ADP,2019-12-19,0.0001550416622413,209524.0
ADP,2019-12-20,0.0002844206613391,273604.0
ADP,2019-12-23,0.0001379334711734,190493.0
ADP,2019-12-24,9.302389161428697e-05,49657.0
ADP,2019-12-26,0.0001030307885877,92439.0
ADP,2019-12-27,0.0001298690108497,102612.0
ADS,2019-01-02,0.0005903594795429,102794.0
ADS,2019-01-03,0.0006941597380108,85534.0
ADS,2019-01-04,0.0006220621675326,71857.0
ADS,2019-01-07,0.0005155604954092,76312.0
ADS,2019-01-08,0.0006027328606654,55614.0
ADS,2019-01-09,0.0001279933628619,513.0
ADS,2019-01-10,0.0005797092358674,85364.0
ADS,2019-01-11,0.0005506484284535,97663.0
ADS,2019-01-14,0.0004600162774952,47317.0
ADS,2019-01-15,0.0004833695251177,91531.0
ADS,2019-01-16,0.000327754832524,60598.0
ADS,2019-01-17,0.0004420111244963,28265.0
ADS,2019-01-18,0.0004781374218423,80067.0
ADS,2019-01-22,0.0003823502680279,63269.0
ADS,2019-01-23,0.0005349666111135,63083.0
ADS,2019-01-24,0.0004324775863674,56640.0
ADS,2019-01-25,0.0003766570988132,57959.0
ADS,2019-01-28,0.00033477058333,90707.0
ADS,2019-01-29,0.0003038141366131,97585.0
ADS,2019-01-30,0.0003614697720367,68677.0
ADS,2019-01-31,0.0003285213159935,100844.0
ADS,2019-02-01,0.00039840581693,97428.0
ADS,2019-02-04,0.0002682040541852,71082.0
ADS,2019-02-05,0.0003103501266674,61060.0
ADS,2019-02-06,0.0003648741630403,74051.0
ADS,2019-02-07,0.0009465486089804,230866.0
ADS,2019-02-08,0.0004027573395055,197864.0
ADS,2019-02-11,0.000294330814405,111783.0
ADS,2019-02-12,0.0002559964082899,124435.0
ADS,2019-02-13,0.0002790777559046,108727.0
ADS,2019-02-14,0.0002544908723021,81783.0
ADS,2019-02-15,0.000282755904594,110803.0
ADS,2019-02-19,0.0001888767893744,98892.0
ADS,2019-02-20,0.0002667728647512,62181.0
ADS,2019-02-21,0.000295118151333,75130.0
ADS,2019-02-22,0.0002563835924139,52418.0
ADS,2019-02-25,0.0002502475265395,44401.0
ADS,2019-02-26,0.0003549993923417,75116.0
ADS,2019-02-27,0.0003510551219829,43794.0
ADS,2019-02-28,0.000220793178533,90918.0
ADS,2019-03-01,0.0002423179092262,113051.0
ADS,2019-03-04,0.0002720857367352,97667.0
ADS,2019-03-05,0.0002414613743406,83299.0
ADS,2019-03-06,0.0002814693773879,68497.0
ADS,2019-03-07,0.0003221094073223,109268.0
ADS,2019-03-08,0.0002218849117778,57937.0
ADS,2019-03-11,0.0002028847716504,65665.0
ADS,2019-03-12,0.0002669393421079,54745.0
ADS,2019-03-13,0.0002424388012309,103967.0
ADS,2019-03-14,0.0002341534114149,76701.0
ADS,2019-03-15,0.0002409065284753,61879.0
ADS,2019-03-18,0.0002215750283632,68602.0
ADS,2019-03-19,0.000241965048289,68639.0
ADS,2019-03-20,0.0003046875812729,64393.0
ADS,2019-03-21,0.0002345363374877,53878.0
ADS,2019-03-22,0.0003237743096318,85630.0
ADS,2019-03-25,0.0003487406521185,77518.0
ADS,2019-03-26,0.0003046229161617,95746.0
ADS,2019-03-27,0.0003198613560599,108403.0
ADS,2019-03-28,0.0003250406759224,96259.0
ADS,2019-03-29,0.0004122173156725,103584.0
ADS,2019-04-01,0.0003981283160877,131141.0
ADS,2019-04-02,0.0004273733041093,70713.0
ADS,2019-04-03,0.0003261550738041,68264.0
ADS,2019-04-04,0.000291962999272,44965.0
ADS,2019-04-05,0.0003944892929934,98993.0
ADS,2019-04-08,0.0003023843625161,66988.0
ADS,2019-04-09,0.0002558545775831,46878.0
ADS,2019-04-10,0.0003117047270874,108519.0
ADS,2019-04-11,0.0002161466554929,54383.0
ADS,2019-04-12,0.0004405167675788,80730.0
ADS,2019-04-15,0.0007594866153596,314643.0
ADS,2019-04-16,0.000207886804672,145850.0
ADS,2019-04-17,0.0002600960494692,78341.0
ADS,2019-04-18,0.0003392458688484,130337.0
ADS,2019-04-22,0.0003007418588783,83309.0
ADS,2019-04-23,0.0002679183899195,131842.0
ADS,2019-04-24,0.0002601699901668,87035.0
ADS,2019-04-25,0.000735691246402,190120.0
ADS,2019-04-26,0.0004485623191751,167606.0
ADS,2019-04-29,0.0002914422082111,73790.0
ADS,2019-04-30,0.0002425163279492,90083.0
ADS,2019-05-01,0.0002783466073187,81994.0
ADS,2019-05-02,0.0003083799326661,97789.0
ADS,2019-05-03,0.0002676971458913,77077.0
ADS,2019-05-06,0.0003775198660763,84798.0
ADS,2019-05-07,0.0003297668368574,94316.0
ADS,2019-05-08,0.0002933511119369,53698.0
ADS,2019-05-09,0.0003408828120138,132641.0
ADS,2019-05-10,0.0002990365626898,75600.0
ADS,2019-05-13,0.0003243675959618,74532.0
ADS,2019-05-14,0.0002426873048148,107897.0
ADS,2019-05-15,0.0003666610999751,55761.0
ADS,2019-05-16,0.0002323550892465,72745.0
ADS,2019-05-17,0.0002612639163375,80005.0
ADS,2019-05-20,0.0003172112233287,78438.0
ADS,2019-05-21,0.0003052380191888,97654.0
ADS,2019-05-22,0.000193884867729,61875.0
ADS,2019-05-23,0.0002899937767949,66105.0
ADS,2019-05-24,0.0003405807161076,73994.0
ADS,2019-05-28,0.0002050731101209,65898.0
ADS,2019-05-29,0.0003190764614819,106873.0
ADS,2019-05-30,0.0002614632959507,64944.0
ADS,2019-05-31,0.000303350744213,74791.0
ADS,2019-06-03,0.0002984560378269,90923.0
ADS,2019-06-04,0.0002826594053162,77651.0
ADS,2019-06-05,0.0003412311690898,107441.0
ADS,2019-06-06,0.0002886169170687,67948.0
ADS,2019-06-07,0.0002314465675026,73281.0
ADS,2019-06-10,0.000592426143927,169141.0
ADS,2019-06-11,0.0002869797381794,90587.0
ADS,2019-06-12,0.0001996453795837,49870.0
ADS,2019-06-13,0.0002204979911046,56037.0
ADS,2019-06-14,0.0002099654954202,53805.0
ADS,2019-06-17,0.0002670146515207,49120.0
ADS,2019-06-18,0.0002522427887079,65157.0
ADS,2019-06-19,0.000208029837177,44746.0
ADS,2019-06-20,0.0002189982850235,77675.0
ADS,2019-06-21,0.0002195203185182,55638.0
ADS,2019-06-24,0.0002314884899145,69005.0
ADS,2019-06-25,0.0002420692781798,71987.0
ADS,2019-06-26,0.0002615893958517,67450.0
ADS,2019-06-27,0.0002050822940957,45358.0
ADS,2019-06-28,0.0002721120295689,105114.0
ADS,2019-07-01,0.0003875501979158,158188.0
ADS,2019-07-02,0.0003267653590893,179552.0
ADS,2019-07-03,0.0001960023570269,70888.0
ADS,2019-07-05,0.0002185629237724,70450.0
ADS,2019-07-08,0.0002699000837692,70586.0
ADS,2019-07-09,0.000262165709524,88570.0
ADS,2019-07-10,0.000189339420747,68505.0
ADS,2019-07-11,0.0002067763225345,65927.0
ADS,2019-07-12,0.0002219208965232,57614.0
ADS,2019-07-15,0.0002114843540615,66664.0
ADS,2019-07-16,0.0002218521576702,60346.0
ADS,2019-07-17,0.0001987047456688,84592.0
ADS,2019-07-18,0.0005687835608516,209110.0
ADS,2019-07-19,0.0004612366454118,249632.0
ADS,2019-07-22,0.0002667772975725,110922.0
ADS,2019-07-23,0.0002087946594488,159155.0
ADS,2019-07-24,0.000197462650552,108910.0
ADS,2019-07-25,0.0002131411011491,117248.0
ADS,2019-07-26,0.0002181571867264,77361.0
ADS,2019-07-29,0.000207480353257,83024.0
ADS,2019-07-30,0.0001713346551937,71073.0
ADS,2019-07-31,0.0002550529022854,100675.0
ADS,2019-08-01,0.0003143330944134,144566.0
ADS,2019-08-02,0.0002614241721238,132914.0
ADS,2019-08-05,0.0003549961985676,173009.0
ADS,2019-08-06,0.0003143169749549,139097.0
ADS,2019-08-07,0.000351911343539,151303.0
ADS,2019-08-08,0.0002687098812215,108330.0
ADS,2019-08-09,0.0003385135901339,142458.0
ADS,2019-08-12,0.0002580447902157,212055.0
ADS,2019-08-13,0.0003618791487328,246819.0
ADS,2019-08-14,0.0003086167028028,208053.0
ADS,2019-08-15,0.0004024871397473,355244.0
ADS,2019-08-16,0.0005418358670613,470895.0
ADS,2019-08-19,0.0003235081080613,150635.0
ADS,2019-08-20,0.0004947051285285,122143.0
ADS,2019-08-21,0.0004967215647465,299973.0
ADS,2019-08-22,0.0003166864299466,145780.0
ADS,2019-08-23,0.0004849635674626,186945.0
ADS,2019-08-26,0.0004199579070275,165515.0
ADS,2019-08-27,0.0003750231270135,158777.0
ADS,2019-08-28,0.000319604832736,112568.0
ADS,2019-08-29,0.0003238529117828,108541.0
ADS,2019-08-30,0.000278787907615,91053.0
ADS,2019-09-03,0.0003922810298928,216145.0
ADS,2019-09-04,0.0003799903031729,160266.0
ADS,2019-09-05,0.0003809141351748,114839.0
ADS,2019-09-06,0.0002932735256802,79822.0
ADS,2019-09-09,0.0003066823191792,105277.0
ADS,2019-09-10,0.0003838897409754,141578.0
ADS,2019-09-11,0.0004884510016997,115186.0
ADS,2019-09-12,0.0003692629904712,85619.0
ADS,2019-09-13,0.0003564601956127,105332.0
ADS,2019-09-16,0.000319064185824,97860.0
ADS,2019-09-17,0.00042147425022,115791.0
ADS,2019-09-18,0.0003479984920406,50583.0
ADS,2019-09-19,0.0003288537222776,63839.0
ADS,2019-09-20,0.0003478879561343,53968.0
ADS,2019-09-23,0.0004085820787793,52192.0
ADS,2019-09-24,0.0003871540559664,98120.0
ADS,2019-09-25,0.0004219917931492,59470.0
ADS,2019-09-26,0.0003771287392884,62775.0
ADS,2019-09-27,0.0002876549562869,41234.0
ADS,2019-09-30,0.0002521948324208,52110.0
ADS,2019-10-01,0.0003554035726422,55646.0
ADS,2019-10-02,0.0004391442168106,88826.0
ADS,2019-10-03,0.0004220895737179,57601.0
ADS,2019-10-04,0.0003617255545548,44418.0
ADS,2019-10-07,0.0003381986963404,69948.0
ADS,2019-10-08,0.0004276366997124,83908.0
ADS,2019-10-09,0.0003830129441074,88503.0
ADS,2019-10-10,0.0003955529867847,58150.0
ADS,2019-10-11,0.0004202644070454,67007.0
ADS,2019-10-14,0.0003759518380399,54666.0
ADS,2019-10-15,0.0003224056516795,67687.0
ADS,2019-10-16,0.0003777899295892,91727.0
ADS,2019-10-17,0.0003314131699475,54500.0
ADS,2019-10-18,0.0003094303797874,71358.0
ADS,2019-10-21,0.0003033989365981,38180.0
ADS,2019-10-22,0.0003727963185707,68935.0
ADS,2019-10-23,0.0002857597557022,85027.0
ADS,2019-10-24,0.0012765602296436,283223.0
ADS,2019-10-25,0.0005825670520348,128639.0
ADS,2019-10-28,0.0004602661734859,109968.0
ADS,2019-10-29,0.0005406127120511,191497.0
ADS,2019-10-30,0.0004931474464896,106942.0
ADS,2019-10-31,0.0004626273654614,135403.0
ADS,2019-11-01,0.0003452746257584,143943.0
ADS,2019-11-04,0.0003312126373479,83603.0
ADS,2019-11-05,0.0003975406783825,133698.0
ADS,2019-11-06,0.0004307325137278,66132.0
ADS,2019-11-07,0.0003772915016998,96902.0
ADS,2019-11-08,0.0003810650556261,119162.0
ADS,2019-11-11,0.0004170047341591,138476.0
ADS,2019-11-12,0.0004129135145641,89001.0
ADS,2019-11-13,0.0003407819082436,64179.0
ADS,2019-11-14,0.0003557430318757,79722.0
ADS,2019-11-15,0.0005692316233033,115256.0
ADS,2019-11-18,0.0003326830066403,111035.0
ADS,2019-11-19,0.0005000474673727,103667.0
ADS,2019-11-20,0.0002916843956864,119046.0
ADS,2019-11-21,0.000340865029136,102872.0
ADS,2019-11-22,0.0003495479702323,109428.0
ADS,2019-11-25,0.0003012788621425,75472.0
ADS,2019-11-26,0.0003470270057862,85858.0
ADS,2019-11-27,0.0002484113910244,53811.0
ADS,2019-11-29,0.000231017056275,44669.0
ADS,2019-12-02,0.0003436688399532,160658.0
ADS,2019-12-03,0.0003600419294507,101937.0
ADS,2019-12-04,0.0003301101333978,98589.0
ADS,2019-12-05,0.0003205048909455,60571.0
ADS,2019-12-06,0.000302114845856,89748.0
ADS,2019-12-09,0.0002792127734241,112874.0
ADS,2019-12-10,0.0002303483159205,60717.0
ADS,2019-12-11,0.0002465718163091,112297.0
ADS,2019-12-12,0.0003277545691844,112407.0
ADS,2019-12-13,0.000342433520911,120732.0
ADS,2019-12-16,0.0003755522962689,64596.0
ADS,2019-12-17,0.0002390442304292,74540.0
ADS,2019-12-18,0.0003101498535758,73893.0
ADS,2019-12-19,0.0002520548866793,64181.0
ADS,2019-12-20,0.0003162636198377,86608.0
ADS,2019-12-23,0.0002348061716276,61470.0
ADS,2019-12-24,0.0002080919552762,26042.0
ADS,2019-12-26,0.0002239206949725,49638.0
ADS,2019-12-27,0.0002049596607266,50361.0
ADSK,2019-01-02,0.0005433555412148,223894.0
ADSK,2019-01-03,0.0005851817277659,415023.0
ADSK,2019-01-04,0.0005347429760979,356493.0
ADSK,2019-01-07,0.0004255459335681,235112.0
ADSK,2019-01-08,0.0004126021892115,216260.0
ADSK,2019-01-09,0.0001477010507569,11573.0
ADSK,2019-01-10,0.0003328125948335,249872.0
ADSK,2019-01-11,0.0003123578046164,171603.0
ADSK,2019-01-14,0.0002893159133049,186378.0
ADSK,2019-01-15,0.0003975567833495,221860.0
ADSK,2019-01-16,0.0002765409279119,226123.0
ADSK,2019-01-17,0.0003240289035126,282686.0
ADSK,2019-01-18,0.0003297062502327,396914.0
ADSK,2019-01-22,0.0003238256341898,287614.0
ADSK,2019-01-23,0.0003370690769212,298153.0
ADSK,2019-01-24,0.000313299679415,328179.0
ADSK,2019-01-25,0.0002860325319334,305743.0
ADSK,2019-01-28,0.0003019205557719,175242.0
ADSK,2019-01-29,0.000261478538996,179344.0
ADSK,2019-01-30,0.0003107103872282,243118.0
ADSK,2019-01-31,0.0002794588924759,251569.0
ADSK,2019-02-01,0.0002763159164885,237553.0
ADSK,2019-02-04,0.0002291671559379,242118.0
ADSK,2019-02-05,0.0002346241844014,191440.0
ADSK,2019-02-06,0.0003045899563121,301289.0
ADSK,2019-02-07,0.0003251855894208,288046.0
ADSK,2019-02-08,0.0002823384719002,288026.0
ADSK,2019-02-11,0.0003215626867556,323258.0
ADSK,2019-02-12,0.0002275871156232,297746.0
ADSK,2019-02-13,0.0002379922182122,290131.0
ADSK,2019-02-14,0.0003125737145798,195302.0
ADSK,2019-02-15,0.0002648105111502,274097.0
ADSK,2019-02-19,0.0002334593442881,224975.0
ADSK,2019-02-20,0.0002336895646946,227400.0
ADSK,2019-02-21,0.0002661473313556,244586.0
ADSK,2019-02-22,0.0002168199428265,209385.0
ADSK,2019-02-25,0.0002851463830529,318189.0
ADSK,2019-02-26,0.0002578311409,315371.0
ADSK,2019-02-27,0.0002566197231393,263688.0
ADSK,2019-02-28,0.0002573250704055,357398.0
ADSK,2019-03-01,0.0006830580473062,573629.0
ADSK,2019-03-04,0.0004178118432012,631547.0
ADSK,2019-03-05,0.00035380750238,359695.0
ADSK,2019-03-06,0.0002811474841555,307926.0
ADSK,2019-03-07,0.0003203339283081,609678.0
ADSK,2019-03-08,0.0003471076999863,251382.0
ADSK,2019-03-11,0.0002872409716116,380149.0
ADSK,2019-03-12,0.0002586963368888,257216.0
ADSK,2019-03-13,0.0002275582476064,281650.0
ADSK,2019-03-14,0.0002736469604625,318657.0
ADSK,2019-03-15,0.0002274252453916,305899.0
ADSK,2019-03-18,0.0002106646051368,257553.0
ADSK,2019-03-19,0.0002451701739752,303690.0
ADSK,2019-03-20,0.0002761408066973,246973.0
ADSK,2019-03-21,0.0002356802859249,222235.0
ADSK,2019-03-22,0.0003123602379142,329686.0
ADSK,2019-03-25,0.0003383333766472,294999.0
ADSK,2019-03-26,0.0002749523472692,218358.0
ADSK,2019-03-27,0.0003110250894067,314264.0
ADSK,2019-03-28,0.0003160776872978,282622.0
ADSK,2019-03-29,0.0002581557701944,258216.0
ADSK,2019-04-01,0.0003966007280822,554706.0
ADSK,2019-04-02,0.0002391688746009,283220.0
ADSK,2019-04-03,0.0002988821208253,345949.0
ADSK,2019-04-04,0.0003217286805766,367280.0
ADSK,2019-04-05,0.0002758756298957,284619.0
ADSK,2019-04-08,0.0002987136793853,221478.0
ADSK,2019-04-09,0.0002114169862019,286739.0
ADSK,2019-04-10,0.0002436784497343,332875.0
ADSK,2019-04-11,0.0002308193157762,312702.0
ADSK,2019-04-12,0.0002418792253497,286693.0
ADSK,2019-04-15,0.0002249958131412,188460.0
ADSK,2019-04-16,0.0002477917087152,277057.0
ADSK,2019-04-17,0.0003132828052545,350783.0
ADSK,2019-04-18,0.0003200690583358,286742.0
ADSK,2019-04-22,0.0002308258947377,214177.0
ADSK,2019-04-23,0.0002452584435114,228360.0
ADSK,2019-04-24,0.000240080562305,158683.0
ADSK,2019-04-25,0.0002601426820631,227760.0
ADSK,2019-04-26,0.0002481050738455,193774.0
ADSK,2019-04-29,0.0002233711372462,154237.0
ADSK,2019-04-30,0.0002412953072216,205590.0
ADSK,2019-05-01,0.0003027544793419,199740.0
ADSK,2019-05-02,0.0003562777573491,208444.0
ADSK,2019-05-03,0.0002353736545147,151476.0
ADSK,2019-05-06,0.0003406777587651,216067.0
ADSK,2019-05-07,0.000403521756878,240907.0
ADSK,2019-05-08,0.0003816254776479,169047.0
ADSK,2019-05-09,0.0003924671530917,228586.0
ADSK,2019-05-10,0.0003889218856704,213957.0
ADSK,2019-05-13,0.0004447662532643,346642.0
ADSK,2019-05-14,0.0003440083484583,237575.0
ADSK,2019-05-15,0.0003461722965522,286814.0
ADSK,2019-05-16,0.0002560746199962,196452.0
ADSK,2019-05-17,0.0003189377998593,218156.0
ADSK,2019-05-20,0.0003871953369593,300359.0
ADSK,2019-05-21,0.0002889773085127,278251.0
ADSK,2019-05-22,0.0002297528544922,248639.0
ADSK,2019-05-23,0.0004527565460896,407507.0
ADSK,2019-05-24,0.0006312410856938,666019.0
ADSK,2019-05-28,0.000373883332126,336373.0
ADSK,2019-05-29,0.0003369585049769,331405.0
ADSK,2019-05-30,0.0003059226682182,180869.0
ADSK,2019-05-31,0.0002650362501229,284552.0
ADSK,2019-06-03,0.0004210512251132,476881.0
ADSK,2019-06-04,0.0003163115055082,357826.0
ADSK,2019-06-05,0.000338964341117,305732.0
ADSK,2019-06-06,0.0003042388073581,301820.0
ADSK,2019-06-07,0.0002961491245305,202361.0
ADSK,2019-06-10,0.00032410583164,370472.0
ADSK,2019-06-11,0.000282067241907,243675.0
ADSK,2019-06-12,0.0003202665117488,223646.0
ADSK,2019-06-13,0.0002755146771071,201175.0
ADSK,2019-06-14,0.0003205602780777,296691.0
ADSK,2019-06-17,0.0002464376079924,281394.0
ADSK,2019-06-18,0.0003116897329592,254918.0
ADSK,2019-06-19,0.0003176363112534,335914.0
ADSK,2019-06-20,0.0002823482392708,332252.0
ADSK,2019-06-21,0.0002365691194742,248700.0
ADSK,2019-06-24,0.0002932783111493,269782.0
ADSK,2019-06-25,0.0002793135591665,242283.0
ADSK,2019-06-26,0.0002558594108229,169050.0
ADSK,2019-06-27,0.0002225537214697,232503.0
ADSK,2019-06-28,0.0002625895860906,316268.0
ADSK,2019-07-01,0.0003289870585811,363634.0
ADSK,2019-07-02,0.000231076746868,163817.0
ADSK,2019-07-03,0.0001887071442364,89942.0
ADSK,2019-07-05,0.0002564520985524,135693.0
ADSK,2019-07-08,0.0002525085188534,213268.0
ADSK,2019-07-09,0.000229413509265,196636.0
ADSK,2019-07-10,0.0002577285859854,182336.0
ADSK,2019-07-11,0.0002436465237529,186552.0
ADSK,2019-07-12,0.0002000133937802,158259.0
ADSK,2019-07-15,0.0002199384547767,157929.0
ADSK,2019-07-16,0.0002226564010963,171156.0
ADSK,2019-07-17,0.0001980313222685,177834.0
ADSK,2019-07-18,0.0002115103119726,158801.0
ADSK,2019-07-19,0.0002590719431578,241374.0
ADSK,2019-07-22,0.0002453390585807,241396.0
ADSK,2019-07-23,0.0002222417171663,186797.0
ADSK,2019-07-24,0.0001989406624482,195848.0
ADSK,2019-07-25,0.0003301285193251,216675.0
ADSK,2019-07-26,0.0002226255661385,213986.0
ADSK,2019-07-29,0.0003227818249926,296295.0
ADSK,2019-07-30,0.0002590202974904,201506.0
ADSK,2019-07-31,0.0003687848647588,305060.0
ADSK,2019-08-01,0.0003952871041289,415277.0
ADSK,2019-08-02,0.0004695879668424,557961.0
ADSK,2019-08-05,0.000413672835704,514579.0
ADSK,2019-08-06,0.0003338430124788,380142.0
ADSK,2019-08-07,0.000379284059208,358588.0
ADSK,2019-08-08,0.0003385906996969,478988.0
ADSK,2019-08-09,0.0003072408829252,295215.0
ADSK,2019-08-12,0.0002966569137805,385526.0
ADSK,2019-08-13,0.0003781415983403,301890.0
ADSK,2019-08-14,0.0004051342069746,278089.0
ADSK,2019-08-15,0.0004858081989968,370557.0
ADSK,2019-08-16,0.0002518361109055,287202.0
ADSK,2019-08-19,0.000206394375694,255956.0
ADSK,2019-08-20,0.0002408021807865,258031.0
ADSK,2019-08-21,0.0002368908128199,347642.0
ADSK,2019-08-22,0.000305336908513,469188.0
ADSK,2019-08-23,0.0004575253084582,459655.0
ADSK,2019-08-26,0.000315151247235,295531.0
ADSK,2019-08-27,0.000325970991735,490678.0
ADSK,2019-08-28,0.0008208834014709,1896004.0
ADSK,2019-08-29,0.0003043225788837,484743.0
ADSK,2019-08-30,0.0003027523545967,459558.0
ADSK,2019-09-03,0.0003314382906179,363924.0
ADSK,2019-09-04,0.000289676337234,283173.0
ADSK,2019-09-05,0.0002742084670289,334391.0
ADSK,2019-09-06,0.0002628601520813,280298.0
ADSK,2019-09-09,0.0003045424805283,453579.0
ADSK,2019-09-10,0.0003530047276719,419277.0
ADSK,2019-09-11,0.0003017429077775,515482.0
ADSK,2019-09-12,0.0004315459726932,715113.0
ADSK,2019-09-13,0.0002627544799217,235584.0
ADSK,2019-09-16,0.0002681067439913,205621.0
ADSK,2019-09-17,0.0002615413725709,253721.0
ADSK,2019-09-18,0.0002528132136288,144565.0
ADSK,2019-09-19,0.0002237960446208,230778.0
ADSK,2019-09-20,0.0002812384510951,229703.0
ADSK,2019-09-23,0.0002348183616018,206561.0
ADSK,2019-09-24,0.0003214875609997,429370.0
ADSK,2019-09-25,0.0003031464074939,328730.0
ADSK,2019-09-26,0.0002811704123879,216543.0
ADSK,2019-09-27,0.0003421455816129,281085.0
ADSK,2019-09-30,0.0002758825928828,212813.0
ADSK,2019-10-01,0.0003323678430118,316737.0
ADSK,2019-10-02,0.0003297421864714,247341.0
ADSK,2019-10-03,0.0003504655235637,265104.0
ADSK,2019-10-04,0.0003157825304967,213617.0
ADSK,2019-10-07,0.0002758013509301,185745.0
ADSK,2019-10-08,0.0003873850568979,256415.0
ADSK,2019-10-09,0.0002633172612204,157939.0
ADSK,2019-10-10,0.000279534012491,264780.0
ADSK,2019-10-11,0.0003428467227159,311834.0
ADSK,2019-10-14,0.0002129905613379,188994.0
ADSK,2019-10-15,0.0002351837217926,199192.0
ADSK,2019-10-16,0.0003334740103053,275725.0
ADSK,2019-10-17,0.0002513753525695,235904.0
ADSK,2019-10-18,0.0003075175626574,511063.0
ADSK,2019-10-21,0.0002535156626526,318515.0
ADSK,2019-10-22,0.0002375670365071,288070.0
ADSK,2019-10-23,0.0002541490890059,295168.0
ADSK,2019-10-24,0.0003169104069695,209865.0
ADSK,2019-10-25,0.00023945790419,179298.0
ADSK,2019-10-28,0.0002441066429058,156145.0
ADSK,2019-10-29,0.0002073653164166,120773.0
ADSK,2019-10-30,0.0002753640875302,204013.0
ADSK,2019-10-31,0.000285070616343,168285.0
ADSK,2019-11-01,0.0002231307248342,169378.0
ADSK,2019-11-04,0.0002691651037686,188492.0
ADSK,2019-11-05,0.0002520365811577,168638.0
ADSK,2019-11-06,0.0002595310685965,144578.0
ADSK,2019-11-07,0.0002169171407108,101447.0
ADSK,2019-11-08,0.000207429293439,115517.0
ADSK,2019-11-11,0.0002180951471219,114870.0
ADSK,2019-11-12,0.0003216881436455,307946.0
ADSK,2019-11-13,0.0002332478025341,193449.0
ADSK,2019-11-14,0.0002346780679245,227939.0
ADSK,2019-11-15,0.0002247998414749,186220.0
ADSK,2019-11-18,0.0002678084085629,224007.0
ADSK,2019-11-19,0.0002352855277907,155018.0
ADSK,2019-11-20,0.0003035570890641,263556.0
ADSK,2019-11-21,0.0002835062351363,238046.0
ADSK,2019-11-22,0.0002817555403152,204668.0
ADSK,2019-11-25,0.0002088805936956,250139.0
ADSK,2019-11-26,0.0002539735071734,451039.0
ADSK,2019-11-27,0.0006305032368865,566525.0
ADSK,2019-11-29,0.0002816410126861,271961.0
ADSK,2019-12-02,0.000358069491808,370513.0
ADSK,2019-12-03,0.0003340436079531,236522.0
ADSK,2019-12-04,0.0002683053711162,219511.0
ADSK,2019-12-05,0.0002460480061626,198152.0
ADSK,2019-12-06,0.0002381376510032,160820.0
ADSK,2019-12-09,0.0001674460020277,188239.0
ADSK,2019-12-10,0.0001810900688944,162406.0
ADSK,2019-12-11,0.0001847308608296,224332.0
ADSK,2019-12-12,0.000285829516597,247476.0
ADSK,2019-12-13,0.0002381173974695,318378.0
ADSK,2019-12-16,0.0002054055538311,219071.0
ADSK,2019-12-17,0.0002337887528587,318034.0
ADSK,2019-12-18,0.0001700957060127,200794.0
ADSK,2019-12-19,0.000186716864128,153611.0
ADSK,2019-12-20,0.0002100392826932,205449.0
ADSK,2019-12-23,0.0001774378713346,177544.0
ADSK,2019-12-24,0.0001334042276279,72382.0
ADSK,2019-12-26,0.0001300317635556,135219.0
ADSK,2019-12-27,0.0001602367530199,146166.0
AEE,2019-01-02,0.0003942386572809,208553.0
AEE,2019-01-03,0.0003374967453215,193015.0
AEE,2019-01-04,0.0002821711927565,240811.0
AEE,2019-01-07,0.0002712827287413,203621.0
AEE,2019-01-08,0.0002703579452368,110964.0
AEE,2019-01-09,0.0001503654857629,3692.0
AEE,2019-01-10,0.0002481093360882,160449.0
AEE,2019-01-11,0.000256077745265,132784.0
AEE,2019-01-14,0.00027975853808,159820.0
AEE,2019-01-15,0.0003248203428332,248615.0
AEE,2019-01-16,0.0002160120577555,150146.0
AEE,2019-01-17,0.0002292193466012,144290.0
AEE,2019-01-18,0.000200223876561,121492.0
AEE,2019-01-22,0.0002633497527045,178565.0
AEE,2019-01-23,0.0001917066628566,166287.0
AEE,2019-01-24,0.000217444654113,176823.0
AEE,2019-01-25,0.0002400394859615,141829.0
AEE,2019-01-28,0.000222686380997,116263.0
AEE,2019-01-29,0.000195146611638,214459.0
AEE,2019-01-30,0.00029141400349,209565.0
AEE,2019-01-31,0.0002015752702323,271065.0
AEE,2019-02-01,0.0002459577013616,149520.0
AEE,2019-02-04,0.0002505883925282,218638.0
AEE,2019-02-05,0.000178574926372,182882.0
AEE,2019-02-06,0.0002349416599603,104916.0
AEE,2019-02-07,0.0002133352628201,205553.0
AEE,2019-02-08,0.0002462248654971,140524.0
AEE,2019-02-11,0.0002196324729078,174238.0
AEE,2019-02-12,0.0002017224564383,305595.0
AEE,2019-02-13,0.0002218584638765,260076.0
AEE,2019-02-14,0.0004014866946202,277838.0
AEE,2019-02-15,0.0002618373814192,197119.0
AEE,2019-02-19,0.0001873050066123,130614.0
AEE,2019-02-20,0.0002009644288614,182759.0
AEE,2019-02-21,0.0002203383655692,177646.0
AEE,2019-02-22,0.0002042939710761,257750.0
AEE,2019-02-25,0.0001923900465018,255936.0
AEE,2019-02-26,0.0002011901256084,214839.0
AEE,2019-02-27,0.0001852216814771,196324.0
AEE,2019-02-28,0.0001772041278318,198140.0
AEE,2019-03-01,0.0002053139359274,146291.0
AEE,2019-03-04,0.0002452674643145,227472.0
AEE,2019-03-05,0.0002083820684868,165163.0
AEE,2019-03-06,0.0002002040657569,190419.0
AEE,2019-03-07,0.0001924001080302,179680.0
AEE,2019-03-08,0.0001722626028938,121703.0
AEE,2019-03-11,0.0001702520350198,171748.0
AEE,2019-03-12,0.000195010675788,157427.0
AEE,2019-03-13,0.0001811111392262,201596.0
AEE,2019-03-14,0.0001697523497196,147866.0
AEE,2019-03-15,0.0001837693643855,147106.0
AEE,2019-03-18,0.0001544211056437,170109.0
AEE,2019-03-19,0.0001812658471596,267485.0
AEE,2019-03-20,0.0002191223191121,163543.0
AEE,2019-03-21,0.0001767992334843,137423.0
AEE,2019-03-22,0.000214221024682,221995.0
AEE,2019-03-25,0.0001913725437445,177429.0
AEE,2019-03-26,0.0002016815233723,151848.0
AEE,2019-03-27,0.0001957315617345,192404.0
AEE,2019-03-28,0.0002033259581304,136192.0
AEE,2019-03-29,0.000196464217203,157560.0
AEE,2019-04-01,0.0002356268468723,193098.0
AEE,2019-04-02,0.0002467785215935,232052.0
AEE,2019-04-03,0.0002138475875931,192138.0
AEE,2019-04-04,0.0001813735247538,226580.0
AEE,2019-04-05,0.0002389844707696,167637.0
AEE,2019-04-08,0.0001962438710639,112571.0
AEE,2019-04-09,0.0001903978711862,130430.0
AEE,2019-04-10,0.0002202542906467,132727.0
AEE,2019-04-11,0.0002253560100058,107528.0
AEE,2019-04-12,0.0002114400123445,114677.0
AEE,2019-04-15,0.0001508387308139,99992.0
AEE,2019-04-16,0.0001877629457654,112023.0
AEE,2019-04-17,0.0001649465078747,130125.0
AEE,2019-04-18,0.0001784242683331,130298.0
AEE,2019-04-22,0.0001873225959371,186424.0
AEE,2019-04-23,0.0001831174908016,194818.0
AEE,2019-04-24,0.0002110602549305,223917.0
AEE,2019-04-25,0.0002109671971164,173761.0
AEE,2019-04-26,0.0001909422973913,171303.0
AEE,2019-04-29,0.0001806151082604,113107.0
AEE,2019-04-30,0.0001752447640628,203275.0
AEE,2019-05-01,0.0002716309336622,131598.0
AEE,2019-05-02,0.0002033033986238,200249.0
AEE,2019-05-03,0.0001656247833332,108719.0
AEE,2019-05-06,0.0002008598097111,147362.0
AEE,2019-05-07,0.0002124053504145,113049.0
AEE,2019-05-08,0.0002394482721414,189770.0
AEE,2019-05-09,0.0002950402519233,271505.0
AEE,2019-05-10,0.0002101755353499,176045.0
AEE,2019-05-13,0.0002512230196467,229726.0
AEE,2019-05-14,0.0002410241458254,202023.0
AEE,2019-05-15,0.0002202942953343,162350.0
AEE,2019-05-16,0.0001828435378579,132022.0
AEE,2019-05-17,0.0002045454892529,138807.0
AEE,2019-05-20,0.000203917725064,127309.0
AEE,2019-05-21,0.0001653462928558,187999.0
AEE,2019-05-22,0.0001409716818997,105411.0
AEE,2019-05-23,0.0001843231828493,144574.0
AEE,2019-05-24,0.0001555750725383,146122.0
AEE,2019-05-28,0.0001771969194268,143479.0
AEE,2019-05-29,0.0002044421016485,159925.0
AEE,2019-05-30,0.0001848849349514,122819.0
AEE,2019-05-31,0.0001758208513503,292468.0
AEE,2019-06-03,0.0001989100276874,251653.0
AEE,2019-06-04,0.0002150138171491,188698.0
AEE,2019-06-05,0.0002341669935197,222971.0
AEE,2019-06-06,0.0001821461635883,190053.0
AEE,2019-06-07,0.0001937026244376,187474.0
AEE,2019-06-10,0.0002407182481623,159759.0
AEE,2019-06-11,0.0001993125769424,113483.0
AEE,2019-06-12,0.0002575085487029,144970.0
AEE,2019-06-13,0.0002282372576471,137318.0
AEE,2019-06-14,0.000177838847891,125636.0
AEE,2019-06-17,0.0001937925091223,160178.0
AEE,2019-06-18,0.0002059139081283,212646.0
AEE,2019-06-19,0.0002275195221567,189157.0
AEE,2019-06-20,0.0002303757377299,103379.0
AEE,2019-06-21,0.000191358935806,113593.0
AEE,2019-06-24,0.0001982422630375,166907.0
AEE,2019-06-25,0.0001980138455007,159452.0
AEE,2019-06-26,0.0001899929570377,140515.0
AEE,2019-06-27,0.0002090114374765,158384.0
AEE,2019-06-28,0.0002370289251044,173152.0
AEE,2019-07-01,0.0002375765386465,161874.0
AEE,2019-07-02,0.0002120089161307,148361.0
AEE,2019-07-03,0.0001672917727044,50944.0
AEE,2019-07-05,0.0002210990387559,100190.0
AEE,2019-07-08,0.0001586397998165,135758.0
AEE,2019-07-09,0.0001647803598328,169277.0
AEE,2019-07-10,0.0001810433391207,154471.0
AEE,2019-07-11,0.0001682598337688,154958.0
AEE,2019-07-12,0.0001626597821173,135916.0
AEE,2019-07-15,0.0001666043560677,104547.0
AEE,2019-07-16,0.0001806319660147,203179.0
AEE,2019-07-17,0.0001888183498704,125097.0
AEE,2019-07-18,0.0001751510661294,134818.0
AEE,2019-07-19,0.0001785597579332,139373.0
AEE,2019-07-22,0.0002051421849652,190571.0
AEE,2019-07-23,0.0002037447896408,197531.0
AEE,2019-07-24,0.0001888405417111,142996.0
AEE,2019-07-25,0.0002269539351999,230715.0
AEE,2019-07-26,0.0001741350500504,213333.0
AEE,2019-07-29,0.0001847309581909,188693.0
AEE,2019-07-30,0.0001887236933582,143604.0
AEE,2019-07-31,0.0002979897547768,115553.0
AEE,2019-08-01,0.0002776483325222,346339.0
AEE,2019-08-02,0.0003954810323361,360285.0
AEE,2019-08-05,0.0002785413226669,283619.0
AEE,2019-08-06,0.0003601608835854,495870.0
AEE,2019-08-07,0.0003084559639282,348748.0
AEE,2019-08-08,0.000243522463129,247460.0
AEE,2019-08-09,0.000229065654536,253849.0
AEE,2019-08-12,0.0002107784598292,204304.0
AEE,2019-08-13,0.0002314044664599,265861.0
AEE,2019-08-14,0.0002336894658922,185884.0
AEE,2019-08-15,0.0002920443021267,338617.0
AEE,2019-08-16,0.0002214934921851,258934.0
AEE,2019-08-19,0.0001852739844465,142567.0
AEE,2019-08-20,0.0002026539370527,138869.0
AEE,2019-08-21,0.0001976506240432,134043.0
AEE,2019-08-22,0.0002092469923045,127739.0
AEE,2019-08-23,0.0002622172827061,227498.0
AEE,2019-08-26,0.0002222231683403,195362.0
AEE,2019-08-27,0.0002030030196601,136325.0
AEE,2019-08-28,0.0002015148367734,235894.0
AEE,2019-08-29,0.0002018763152074,336719.0
AEE,2019-08-30,0.0001829490470608,143208.0
AEE,2019-09-03,0.0002197951280583,163556.0
AEE,2019-09-04,0.0001910392194712,157685.0
AEE,2019-09-05,0.0002314445726693,137827.0
AEE,2019-09-06,0.0001951674445145,221099.0
AEE,2019-09-09,0.0002325362205613,265319.0
AEE,2019-09-10,0.0002708263944299,238386.0
AEE,2019-09-11,0.0002635396370407,267621.0
AEE,2019-09-12,0.0003794049626743,389328.0
AEE,2019-09-13,0.0002582609881207,264274.0
AEE,2019-09-16,0.0001871439315477,179572.0
AEE,2019-09-17,0.0002347357638714,210460.0
AEE,2019-09-18,0.0002171187789229,102848.0
AEE,2019-09-19,0.0001675938204505,135008.0
AEE,2019-09-20,0.0002049128504309,192987.0
AEE,2019-09-23,0.0001739913921314,123171.0
AEE,2019-09-24,0.0002023943344739,234640.0
AEE,2019-09-25,0.0002424602926911,239336.0
AEE,2019-09-26,0.0001749626674603,180275.0
AEE,2019-09-27,0.0002225336775418,181454.0
AEE,2019-09-30,0.0001858712655078,128114.0
AEE,2019-10-01,0.0002086184645783,141372.0
AEE,2019-10-02,0.000246969131463,123965.0
AEE,2019-10-03,0.0002112832422251,135131.0
AEE,2019-10-04,0.000194352113107,130230.0
AEE,2019-10-07,0.0001949020317613,120484.0
AEE,2019-10-08,0.0002058013771475,186216.0
AEE,2019-10-09,0.0001948104116549,201833.0
AEE,2019-10-10,0.0002086626585471,149640.0
AEE,2019-10-11,0.0002160104635664,171203.0
AEE,2019-10-14,0.0001882246678753,129889.0
AEE,2019-10-15,0.0001697422721775,214343.0
AEE,2019-10-16,0.0002470429612772,199781.0
AEE,2019-10-17,0.0001822614590896,169164.0
AEE,2019-10-18,0.0001875785801267,230757.0
AEE,2019-10-21,0.0001585284778115,156808.0
AEE,2019-10-22,0.0001582129417986,157365.0
AEE,2019-10-23,0.000147220796793,141147.0
AEE,2019-10-24,0.0001802924010076,110129.0
AEE,2019-10-25,0.000184830714834,162613.0
AEE,2019-10-28,0.0002084316978788,231222.0
AEE,2019-10-29,0.0002622088801301,174069.0
AEE,2019-10-30,0.0002101714137458,173753.0
AEE,2019-10-31,0.000234217802693,233746.0
AEE,2019-11-01,0.0001621971419274,99716.0
AEE,2019-11-04,0.0002398671404764,170222.0
AEE,2019-11-05,0.0002188001495652,248820.0
AEE,2019-11-06,0.0002125821957436,180926.0
AEE,2019-11-07,0.0002194828441024,177470.0
AEE,2019-11-08,0.0003904835971857,289802.0
AEE,2019-11-11,0.0001771279758732,183808.0
AEE,2019-11-12,0.0001909046710211,208792.0
AEE,2019-11-13,0.0001838447958463,175858.0
AEE,2019-11-14,0.0001923308274147,292414.0
AEE,2019-11-15,0.0001846350554886,209444.0
AEE,2019-11-18,0.0001813053410045,164093.0
AEE,2019-11-19,0.0002104499618941,155204.0
AEE,2019-11-20,0.0001884838709324,192225.0
AEE,2019-11-21,0.0001914860749851,175301.0
AEE,2019-11-22,0.0002035686411685,163468.0
AEE,2019-11-25,0.0001700945925489,194871.0
AEE,2019-11-26,0.0001992063643361,140184.0
AEE,2019-11-27,0.0001397550161777,149721.0
AEE,2019-11-29,0.0001467788745988,91941.0
AEE,2019-12-02,0.0002222091213797,163976.0
AEE,2019-12-03,0.000139546043894,83219.0
AEE,2019-12-04,0.0001638405502972,110287.0
AEE,2019-12-05,0.0001398760840987,149442.0
AEE,2019-12-06,0.0001544608589503,150025.0
AEE,2019-12-09,0.0001268027153821,120818.0
AEE,2019-12-10,0.0001572334053247,144648.0
AEE,2019-12-11,0.0001833914650329,128006.0
AEE,2019-12-12,0.0001660707158828,116060.0
AEE,2019-12-13,0.0001680457713187,110787.0
AEE,2019-12-16,0.0001459347646256,207521.0
AEE,2019-12-17,0.0001825799220521,238516.0
AEE,2019-12-18,0.0001453218005389,162655.0
AEE,2019-12-19,0.0001267965515797,174615.0
AEE,2019-12-20,0.0001740191268108,159266.0
AEE,2019-12-23,0.0001590614653486,107279.0
AEE,2019-12-24,0.000120445978611,64598.0
AEE,2019-12-26,0.0001220950528624,78476.0
AEE,2019-12-27,0.0001308504333313,139560.0
AEP,2019-01-02,0.0003819474411023,351144.0
AEP,2019-01-03,0.0003834625645073,339747.0
AEP,2019-01-04,0.0003070976075941,297397.0
AEP,2019-01-07,0.0003034781267852,336908.0
AEP,2019-01-08,0.0002534585827957,335181.0
AEP,2019-01-09,0.0001473507805797,13464.0
AEP,2019-01-10,0.000225289987708,279437.0
AEP,2019-01-11,0.0002584873925272,243644.0
AEP,2019-01-14,0.0003028540076178,308072.0
AEP,2019-01-15,0.0003016762429355,283964.0
AEP,2019-01-16,0.0002254219223574,256992.0
AEP,2019-01-17,0.000240288155363,217202.0
AEP,2019-01-18,0.0002549491009956,201828.0
AEP,2019-01-22,0.0002911896445406,199728.0
AEP,2019-01-23,0.0002310156888676,274488.0
AEP,2019-01-24,0.0002659187214472,275888.0
AEP,2019-01-25,0.0002384190769108,264149.0
AEP,2019-01-28,0.0002017235107083,262407.0
AEP,2019-01-29,0.000212550830504,286676.0
AEP,2019-01-30,0.0002120835145367,337876.0
AEP,2019-01-31,0.0002388828300767,519770.0
AEP,2019-02-01,0.000238721073062,327762.0
AEP,2019-02-04,0.0001906300817213,301925.0
AEP,2019-02-05,0.0001841323286451,305302.0
AEP,2019-02-06,0.0001866894845289,208323.0
AEP,2019-02-07,0.0002389808079102,278661.0
AEP,2019-02-08,0.0002047566101622,225661.0
AEP,2019-02-11,0.000186461526644,250118.0
AEP,2019-02-12,0.0001830522383846,358680.0
AEP,2019-02-13,0.0001837880312781,393255.0
AEP,2019-02-14,0.000200027511212,218442.0
AEP,2019-02-15,0.0001762964100269,237348.0
AEP,2019-02-19,0.0001460380645514,241837.0
AEP,2019-02-20,0.0001665558084944,204640.0
AEP,2019-02-21,0.0001738547082373,254105.0
AEP,2019-02-22,0.0001685394006488,237136.0
AEP,2019-02-25,0.0001735301427528,345357.0
AEP,2019-02-26,0.0001662921895043,348329.0
AEP,2019-02-27,0.0001697537873774,223636.0
AEP,2019-02-28,0.0001592896972811,285577.0
AEP,2019-03-01,0.0001477312864739,336619.0
AEP,2019-03-04,0.0001876033558709,375119.0
AEP,2019-03-05,0.0001580461361896,290295.0
AEP,2019-03-06,0.0001672348685979,257678.0
AEP,2019-03-07,0.0002079320277929,279015.0
AEP,2019-03-08,0.0001849831932578,192369.0
AEP,2019-03-11,0.0001460740214528,283956.0
AEP,2019-03-12,0.0001609824453857,266126.0
AEP,2019-03-13,0.0001686220043038,205514.0
AEP,2019-03-14,0.0001785816432678,347116.0
AEP,2019-03-15,0.000165520847987,361213.0
AEP,2019-03-18,0.0001700468613836,314156.0
AEP,2019-03-19,0.000174927827393,399399.0
AEP,2019-03-20,0.0001967723498998,295692.0
AEP,2019-03-21,0.0001783211955403,344308.0
AEP,2019-03-22,0.000196254942497,426628.0
AEP,2019-03-25,0.000167112544963,324815.0
AEP,2019-03-26,0.0001604381007662,262461.0
AEP,2019-03-27,0.0001875957426155,347719.0
AEP,2019-03-28,0.0002098113660132,424104.0
AEP,2019-03-29,0.0001844877067476,446333.0
AEP,2019-04-01,0.000202417537833,442121.0
AEP,2019-04-02,0.0002141481115978,374488.0
AEP,2019-04-03,0.0001784765167428,231561.0
AEP,2019-04-04,0.0001619910573858,241208.0
AEP,2019-04-05,0.0001723761604363,241201.0
AEP,2019-04-08,0.0001797132800121,248689.0
AEP,2019-04-09,0.0001570778850581,214007.0
AEP,2019-04-10,0.0001589978101733,255609.0
AEP,2019-04-11,0.0001739984432961,248488.0
AEP,2019-04-12,0.0001784275793188,192434.0
AEP,2019-04-15,0.0001597483599985,188290.0
AEP,2019-04-16,0.0001809429021009,199548.0
AEP,2019-04-17,0.000221041766773,208306.0
AEP,2019-04-18,0.0002254134063882,212224.0
AEP,2019-04-22,0.0001616127777703,176668.0
AEP,2019-04-23,0.0002062280193981,267519.0
AEP,2019-04-24,0.0001772059570359,223354.0
AEP,2019-04-25,0.000256246555494,225084.0
AEP,2019-04-26,0.0001726863186433,236846.0
AEP,2019-04-29,0.0001713169609869,182334.0
AEP,2019-04-30,0.0001647211416865,315942.0
AEP,2019-05-01,0.0002028391998438,223450.0
AEP,2019-05-02,0.0001942103287189,170251.0
AEP,2019-05-03,0.0001766469112591,147297.0
AEP,2019-05-06,0.0001779158198259,211264.0
AEP,2019-05-07,0.000197024610085,191914.0
AEP,2019-05-08,0.0002057465336444,241330.0
AEP,2019-05-09,0.0002784445414998,263156.0
AEP,2019-05-10,0.0002370134286147,298576.0
AEP,2019-05-13,0.0002427312046409,371705.0
AEP,2019-05-14,0.0002176566066302,264493.0
AEP,2019-05-15,0.0001940057900449,239053.0
AEP,2019-05-16,0.0001887570931335,203878.0
AEP,2019-05-17,0.0001869506249283,253241.0
AEP,2019-05-20,0.0001821674980748,265366.0
AEP,2019-05-21,0.0001623836009875,230177.0
AEP,2019-05-22,0.0001402753306103,214428.0
AEP,2019-05-23,0.000165886042222,246554.0
AEP,2019-05-24,0.0001489376751747,180588.0
AEP,2019-05-28,0.0001775117979187,237982.0
AEP,2019-05-29,0.000202014843741,267589.0
AEP,2019-05-30,0.0001830614222755,192815.0
AEP,2019-05-31,0.0002107231232725,251170.0
AEP,2019-06-03,0.0002013907313694,251507.0
AEP,2019-06-04,0.0002139555889878,231797.0
AEP,2019-06-05,0.0002318584544971,287743.0
AEP,2019-06-06,0.0001809079990015,223261.0
AEP,2019-06-07,0.0001717388395077,241321.0
AEP,2019-06-10,0.00019529531408,222731.0
AEP,2019-06-11,0.0001943733708846,196019.0
AEP,2019-06-12,0.000227958934881,196469.0
AEP,2019-06-13,0.0001794943754385,169250.0
AEP,2019-06-14,0.000178781929307,197605.0
AEP,2019-06-17,0.0002141420773249,192661.0
AEP,2019-06-18,0.0002114011259496,284780.0
AEP,2019-06-19,0.000206381859422,282719.0
AEP,2019-06-20,0.0002186837622851,285990.0
AEP,2019-06-21,0.0001932466872864,222140.0
AEP,2019-06-24,0.0001984331552871,279869.0
AEP,2019-06-25,0.0001705416906019,348117.0
AEP,2019-06-26,0.0002002401260926,319958.0
AEP,2019-06-27,0.0001834439155403,294333.0
AEP,2019-06-28,0.00020242451172,333539.0
AEP,2019-07-01,0.0001951760456525,251221.0
AEP,2019-07-02,0.0002114423173274,306934.0
AEP,2019-07-03,0.0001496309234982,161978.0
AEP,2019-07-05,0.0001992746117461,240499.0
AEP,2019-07-08,0.0001845274688038,149614.0
AEP,2019-07-09,0.000135171726367,183386.0
AEP,2019-07-10,0.0001890686176944,191103.0
AEP,2019-07-11,0.0001766142033729,199637.0
AEP,2019-07-12,0.000186247431645,179485.0
AEP,2019-07-15,0.0001877526996011,199483.0
AEP,2019-07-16,0.0001690722533725,140101.0
AEP,2019-07-17,0.0003088959986468,210798.0
AEP,2019-07-18,0.0001865980497782,200498.0
AEP,2019-07-19,0.0002005985867997,176668.0
AEP,2019-07-22,0.0001906602586139,164045.0
AEP,2019-07-23,0.000187944363053,235532.0
AEP,2019-07-24,0.000196503712791,269842.0
AEP,2019-07-25,0.000255600829298,306157.0
AEP,2019-07-26,0.0001950047213054,243261.0
AEP,2019-07-29,0.0001825288752962,204025.0
AEP,2019-07-30,0.0001849337986239,210651.0
AEP,2019-07-31,0.0003278422588327,248608.0
AEP,2019-08-01,0.0002998424963562,385472.0
AEP,2019-08-02,0.0002483757725087,258536.0
AEP,2019-08-05,0.0003059866133845,344710.0
AEP,2019-08-06,0.0003178004893348,285130.0
AEP,2019-08-07,0.0003160915921207,253622.0
AEP,2019-08-08,0.0002668271121467,243439.0
AEP,2019-08-09,0.0002352323198449,147739.0
AEP,2019-08-12,0.0002059394577333,220232.0
AEP,2019-08-13,0.000236001276083,249942.0
AEP,2019-08-14,0.0002672370823287,295645.0
AEP,2019-08-15,0.0002724345284629,268820.0
AEP,2019-08-16,0.000247665476198,220650.0
AEP,2019-08-19,0.0001942578141894,192139.0
AEP,2019-08-20,0.0002148477943306,176239.0
AEP,2019-08-21,0.0002131521550041,156755.0
AEP,2019-08-22,0.0001906965099954,161297.0
AEP,2019-08-23,0.0002384566508314,278451.0
AEP,2019-08-26,0.0002146039776624,180694.0
AEP,2019-08-27,0.0001955237983594,148713.0
AEP,2019-08-28,0.0001919762431356,298887.0
AEP,2019-08-29,0.0001789851681206,186519.0
AEP,2019-08-30,0.0001713928865544,223605.0
AEP,2019-09-03,0.0002124637646232,200460.0
AEP,2019-09-04,0.0002164221101163,159281.0
AEP,2019-09-05,0.0002496891491343,266385.0
AEP,2019-09-06,0.0001908655645088,157843.0
AEP,2019-09-09,0.0002395221043776,369856.0
AEP,2019-09-10,0.0002577634972178,415369.0
AEP,2019-09-11,0.0002460508712284,235521.0
AEP,2019-09-12,0.000227007621122,245605.0
AEP,2019-09-13,0.0002188622156024,157933.0
AEP,2019-09-16,0.0001772194657433,250037.0
AEP,2019-09-17,0.0001860305578389,282165.0
AEP,2019-09-18,0.0001785406375814,151186.0
AEP,2019-09-19,0.0001750004915986,105111.0
AEP,2019-09-20,0.0002040705431763,216650.0
AEP,2019-09-23,0.0001804860926628,185628.0
AEP,2019-09-24,0.0001933894373501,287447.0
AEP,2019-09-25,0.0001994675474592,288875.0
AEP,2019-09-26,0.0001839567043815,476911.0
AEP,2019-09-27,0.0001938168165106,328825.0
AEP,2019-09-30,0.0001852923985003,304776.0
AEP,2019-10-01,0.0001742570690603,405635.0
AEP,2019-10-02,0.0002027739007613,350749.0
AEP,2019-10-03,0.000188451499818,240439.0
AEP,2019-10-04,0.0002006773609058,236694.0
AEP,2019-10-07,0.0001549192778833,193562.0
AEP,2019-10-08,0.0001931949557877,214935.0
AEP,2019-10-09,0.0001774851609484,167025.0
AEP,2019-10-10,0.000177833582551,184974.0
AEP,2019-10-11,0.0002067743041054,222182.0
AEP,2019-10-14,0.0001955466912301,209213.0
AEP,2019-10-15,0.0001514926295095,209740.0
AEP,2019-10-16,0.0001825609472865,266505.0
AEP,2019-10-17,0.000172618080553,204133.0
AEP,2019-10-18,0.0002026567950038,319047.0
AEP,2019-10-21,0.0001555316527504,343144.0
AEP,2019-10-22,0.0001776568411526,307272.0
AEP,2019-10-23,0.0001673568459236,260166.0
AEP,2019-10-24,0.0002654299197874,231670.0
AEP,2019-10-25,0.0001862798189399,244537.0
AEP,2019-10-28,0.0001790896067096,222350.0
AEP,2019-10-29,0.0001675321288276,247680.0
AEP,2019-10-30,0.0001741067032097,152282.0
AEP,2019-10-31,0.0001917375317855,242648.0
AEP,2019-11-01,0.0001775203274285,165683.0
AEP,2019-11-04,0.0001792503489849,294987.0
AEP,2019-11-05,0.0002260074469106,238439.0
AEP,2019-11-06,0.0001871282044598,281593.0
AEP,2019-11-07,0.000201842077276,349059.0
AEP,2019-11-08,0.0002727714269967,386694.0
AEP,2019-11-11,0.0001812987246408,260295.0
AEP,2019-11-12,0.0001803542122362,278855.0
AEP,2019-11-13,0.0002156079581126,341922.0
AEP,2019-11-14,0.0001776693634685,241139.0
AEP,2019-11-15,0.0001595264747217,293406.0
AEP,2019-11-18,0.0001744559148919,232235.0
AEP,2019-11-19,0.0002131874838675,266977.0
AEP,2019-11-20,0.0001761389405917,212019.0
AEP,2019-11-21,0.0002263508374752,233405.0
AEP,2019-11-22,0.0001888766809232,302799.0
AEP,2019-11-25,0.0001498156953105,222444.0
AEP,2019-11-26,0.0001543518565493,231894.0
AEP,2019-11-27,0.0001462444188804,154772.0
AEP,2019-11-29,0.0001514446531527,55701.0
AEP,2019-12-02,0.0002039832994666,192732.0
AEP,2019-12-03,0.0001851490671435,172120.0
AEP,2019-12-04,0.0001484976528312,230348.0
AEP,2019-12-05,0.0001582976953194,175202.0
AEP,2019-12-06,0.0001492039253045,190153.0
AEP,2019-12-09,0.0001265120894014,124458.0
AEP,2019-12-10,0.0001404001587908,159625.0
AEP,2019-12-11,0.0001251979864898,246845.0
AEP,2019-12-12,0.0001689889462869,197605.0
AEP,2019-12-13,0.0001622910589762,251130.0
AEP,2019-12-16,0.000150962133686,158237.0
AEP,2019-12-17,0.0001584700110159,362709.0
AEP,2019-12-18,0.0001508938760634,365775.0
AEP,2019-12-19,0.0001694549555831,194901.0
AEP,2019-12-20,0.0002232182176635,208026.0
AEP,2019-12-23,0.0001624538192254,133436.0
AEP,2019-12-24,0.0001102797412006,47435.0
AEP,2019-12-26,0.0001042900972977,46387.0
AEP,2019-12-27,0.0001225005947708,138334.0
AES,2019-01-02,0.0004027796537741,455771.0
AES,2019-01-03,0.0004366583093078,825277.0
AES,2019-01-04,0.0003747752917355,407080.0
AES,2019-01-07,0.0003604625056029,324243.0
AES,2019-01-08,0.0003000771502811,256151.0
AES,2019-01-09,0.0001218654204273,23148.0
AES,2019-01-10,0.0002932621922249,297214.0
AES,2019-01-11,0.0002825234842438,219562.0
AES,2019-01-14,0.0002816597024857,356761.0
AES,2019-01-15,0.0003071697367228,440806.0
AES,2019-01-16,0.0002416631027841,298271.0
AES,2019-01-17,0.0003011089725376,263167.0
AES,2019-01-18,0.0002536506383091,312861.0
AES,2019-01-22,0.0003079626596864,305915.0
AES,2019-01-23,0.0002837300057762,411937.0
AES,2019-01-24,0.0003339976413032,410433.0
AES,2019-01-25,0.0002985690505641,361293.0
AES,2019-01-28,0.0002830107143292,396261.0
AES,2019-01-29,0.0002551325798988,434960.0
AES,2019-01-30,0.0002867262802261,449523.0
AES,2019-01-31,0.0003031930285471,476669.0
AES,2019-02-01,0.0003073995730536,534534.0
AES,2019-02-04,0.0002754909973701,550700.0
AES,2019-02-05,0.0002096054948647,347082.0
AES,2019-02-06,0.0002692445463125,279131.0
AES,2019-02-07,0.0002615996752894,314159.0
AES,2019-02-08,0.0002666599829534,286773.0
AES,2019-02-11,0.0002373179615917,284611.0
AES,2019-02-12,0.0002025913447281,434438.0
AES,2019-02-13,0.0002366284809158,411940.0
AES,2019-02-14,0.0002600682084746,256712.0
AES,2019-02-15,0.0002677757327889,383684.0
AES,2019-02-19,0.0002150197292509,382461.0
AES,2019-02-20,0.0002316516153388,233660.0
AES,2019-02-21,0.0002409028701474,330981.0
AES,2019-02-22,0.0002293036319333,266092.0
AES,2019-02-25,0.0002571978983664,507913.0
AES,2019-02-26,0.0002041982043455,312949.0
AES,2019-02-27,0.000369980449067,433066.0
AES,2019-02-28,0.0003242024340656,457782.0
AES,2019-03-01,0.0003005789719634,459455.0
AES,2019-03-04,0.0003666542205016,943665.0
AES,2019-03-05,0.0002949002227786,633895.0
AES,2019-03-06,0.0002644736740872,485902.0
AES,2019-03-07,0.0003433317129741,490109.0
AES,2019-03-08,0.0002789018951323,296452.0
AES,2019-03-11,0.0001818861130707,270753.0
AES,2019-03-12,0.0002193583429053,273847.0
AES,2019-03-13,0.000241599797329,321972.0
AES,2019-03-14,0.0002022723906941,306615.0
AES,2019-03-15,0.0002613673049026,447252.0
AES,2019-03-18,0.0002187216700062,392749.0
AES,2019-03-19,0.0002577251427859,692550.0
AES,2019-03-20,0.0002860782086815,551367.0
AES,2019-03-21,0.0002701942263113,413844.0
AES,2019-03-22,0.0002848524781848,342689.0
AES,2019-03-25,0.0002894208084195,312997.0
AES,2019-03-26,0.0002149166462467,335521.0
AES,2019-03-27,0.0003197062454789,331536.0
AES,2019-03-28,0.0002434853901539,238885.0
AES,2019-03-29,0.0002387614884181,464175.0
AES,2019-04-01,0.0002638227466245,364003.0
AES,2019-04-02,0.0002343112821631,487892.0
AES,2019-04-03,0.0002294324663613,771829.0
AES,2019-04-04,0.0002670858099523,355815.0
AES,2019-04-05,0.0002025847602043,336927.0
AES,2019-04-08,0.0002226652801516,381588.0
AES,2019-04-09,0.0002062379033427,226596.0
AES,2019-04-10,0.0002059924353609,344604.0
AES,2019-04-11,0.0002285892437296,318340.0
AES,2019-04-12,0.0001921407613676,221725.0
AES,2019-04-15,0.0001938405521172,241241.0
AES,2019-04-16,0.0002333753738797,325536.0
AES,2019-04-17,0.0002272237224416,255352.0
AES,2019-04-18,0.000246413773899,325964.0
AES,2019-04-22,0.0002214444941892,282775.0
AES,2019-04-23,0.0002483004965666,405025.0
AES,2019-04-24,0.0002488481802036,331278.0
AES,2019-04-25,0.0002684648197007,361554.0
AES,2019-04-26,0.0002968284862673,592201.0
AES,2019-04-29,0.0002581111286489,354023.0
AES,2019-04-30,0.0003269041963871,759198.0
AES,2019-05-01,0.0002995191577068,422950.0
AES,2019-05-02,0.0003034763854732,783642.0
AES,2019-05-03,0.0002542769929707,654472.0
AES,2019-05-06,0.0002954507781417,571495.0
AES,2019-05-07,0.000485216357665,557089.0
AES,2019-05-08,0.0003416270726444,764152.0
AES,2019-05-09,0.0003160280989307,697776.0
AES,2019-05-10,0.0003034362850203,449236.0
AES,2019-05-13,0.0002477686754372,497299.0
AES,2019-05-14,0.0003027799240832,515945.0
AES,2019-05-15,0.0002463748125198,467208.0
AES,2019-05-16,0.0002283018322922,393320.0
AES,2019-05-17,0.0002228793914897,389605.0
AES,2019-05-20,0.0002413939539628,381319.0
AES,2019-05-21,0.0002129394021821,338037.0
AES,2019-05-22,0.0002812865627349,402013.0
AES,2019-05-23,0.0002676084774659,625415.0
AES,2019-05-24,0.0002018723528234,335991.0
AES,2019-05-28,0.0002445581609734,605437.0
AES,2019-05-29,0.0002959281936409,625587.0
AES,2019-05-30,0.0002277336953065,322403.0
AES,2019-05-31,0.0002527187845826,297810.0
AES,2019-06-03,0.0002878057584463,417580.0
AES,2019-06-04,0.0002392891396698,486358.0
AES,2019-06-05,0.0002837082238445,510564.0
AES,2019-06-06,0.0002513591100376,723622.0
AES,2019-06-07,0.0002600570163634,377543.0
AES,2019-06-10,0.0002369897573297,340646.0
AES,2019-06-11,0.0002525712230321,453076.0
AES,2019-06-12,0.0002195530281666,246240.0
AES,2019-06-13,0.0002238949467081,202757.0
AES,2019-06-14,0.0001907910110854,346384.0
AES,2019-06-17,0.0002319027449991,411653.0
AES,2019-06-18,0.0002523049434238,252396.0
AES,2019-06-19,0.0003432056882491,664484.0
AES,2019-06-20,0.0003138254428257,433907.0
AES,2019-06-21,0.0002028979669496,266052.0
AES,2019-06-24,0.0002173490495917,230740.0
AES,2019-06-25,0.00022178755345,326402.0
AES,2019-06-26,0.0002172013733824,303625.0
AES,2019-06-27,0.0002337062134717,253098.0
AES,2019-06-28,0.000260593243363,344634.0
AES,2019-07-01,0.0002393187457584,291027.0
AES,2019-07-02,0.0002184401825727,505360.0
AES,2019-07-03,0.0002179940839263,365377.0
AES,2019-07-05,0.0002115531195621,294950.0
AES,2019-07-08,0.0002346814867487,249497.0
AES,2019-07-09,0.0001926004863092,322762.0
AES,2019-07-10,0.0002038560541295,330845.0
AES,2019-07-11,0.0002137786598024,272485.0
AES,2019-07-12,0.0001879204230879,240759.0
AES,2019-07-15,0.0002165932334889,315541.0
AES,2019-07-16,0.0002247523288419,517093.0
AES,2019-07-17,0.0003318397409669,1080870.0
AES,2019-07-18,0.0003152636956946,465071.0
AES,2019-07-19,0.000241726907553,270406.0
AES,2019-07-22,0.0002276268074541,513566.0
AES,2019-07-23,0.0002382978942557,352175.0
AES,2019-07-24,0.000209250633366,223773.0
AES,2019-07-25,0.0002323975711282,276432.0
AES,2019-07-26,0.0002250222672704,298415.0
AES,2019-07-29,0.0002190930306734,303198.0
AES,2019-07-30,0.0003023786846126,354726.0
AES,2019-07-31,0.000358878343937,641249.0
AES,2019-08-01,0.0003653172506756,507966.0
AES,2019-08-02,0.0003344232846043,506992.0
AES,2019-08-05,0.0003968687137301,468872.0
AES,2019-08-06,0.0006151092656123,883185.0
AES,2019-08-07,0.0004137435031666,632224.0
AES,2019-08-08,0.000316935780983,316056.0
AES,2019-08-09,0.0002757866365924,219780.0
AES,2019-08-12,0.0003110368560617,348491.0
AES,2019-08-13,0.0003168239377047,361617.0
AES,2019-08-14,0.0002897569578424,467898.0
AES,2019-08-15,0.0003297131421603,411633.0
AES,2019-08-16,0.0002703979512243,542086.0
AES,2019-08-19,0.0002089984108438,308609.0
AES,2019-08-20,0.0002695643400547,407064.0
AES,2019-08-21,0.0002486967311652,240348.0
AES,2019-08-22,0.0002281886225444,298167.0
AES,2019-08-23,0.0003313214292172,303696.0
AES,2019-08-26,0.0002336040981524,187591.0
AES,2019-08-27,0.0002491263935306,287367.0
AES,2019-08-28,0.0002677876775693,325141.0
AES,2019-08-29,0.0002407303231908,384342.0
AES,2019-08-30,0.0002437637141789,468496.0
AES,2019-09-03,0.0002873116547116,551716.0
AES,2019-09-04,0.000246125733866,243683.0
AES,2019-09-05,0.0002404327208282,602964.0
AES,2019-09-06,0.0001953558937659,240263.0
AES,2019-09-09,0.0002358316463469,374764.0
AES,2019-09-10,0.0002394154020497,274572.0
AES,2019-09-11,0.0002476211837751,349604.0
AES,2019-09-12,0.0002876795205676,536689.0
AES,2019-09-13,0.0003011837109228,522674.0
AES,2019-09-16,0.0002171234529834,218590.0
AES,2019-09-17,0.0002123594746821,299954.0
AES,2019-09-18,0.0002022933120179,191323.0
AES,2019-09-19,0.000205950992118,196699.0
AES,2019-09-20,0.0002481084688836,321957.0
AES,2019-09-23,0.0002556991968191,231708.0
AES,2019-09-24,0.0002682928461862,313440.0
AES,2019-09-25,0.0002489934127505,251061.0
AES,2019-09-26,0.0002376162049092,232413.0
AES,2019-09-27,0.0002493745284745,279886.0
AES,2019-09-30,0.0002219691469405,204483.0
AES,2019-10-01,0.0002605895258819,319016.0
AES,2019-10-02,0.0002603268913386,335939.0
AES,2019-10-03,0.0002939066926168,264920.0
AES,2019-10-04,0.0002606316324747,262338.0
AES,2019-10-07,0.000255091440306,256296.0
AES,2019-10-08,0.0002393671299512,289303.0
AES,2019-10-09,0.0002725311513594,370845.0
AES,2019-10-10,0.0003066924264593,264997.0
AES,2019-10-11,0.000277096620313,244024.0
AES,2019-10-14,0.0002249853752714,195891.0
AES,2019-10-15,0.0002787139391956,352834.0
AES,2019-10-16,0.0002014122875782,245844.0
AES,2019-10-17,0.0002132203332035,250398.0
AES,2019-10-18,0.0001869217160811,311921.0
AES,2019-10-21,0.0001973948436666,276383.0
AES,2019-10-22,0.0002409251294317,339003.0
AES,2019-10-23,0.0002525377560026,401067.0
AES,2019-10-24,0.0002162474223283,406295.0
AES,2019-10-25,0.0002595774229972,327323.0
AES,2019-10-28,0.0002786248501902,353785.0
AES,2019-10-29,0.0002021110714716,386744.0
AES,2019-10-30,0.0002331491544119,351121.0
AES,2019-10-31,0.0002193112983637,327591.0
AES,2019-11-01,0.0002560847185372,341934.0
AES,2019-11-04,0.0002815483370568,418792.0
AES,2019-11-05,0.0002672787213143,487380.0
AES,2019-11-06,0.0004941355368247,357080.0
AES,2019-11-07,0.0003160382063172,392051.0
AES,2019-11-08,0.0002476076272966,290426.0
AES,2019-11-11,0.0002859536946613,482857.0
AES,2019-11-12,0.000244081861685,497701.0
AES,2019-11-13,0.0002171005500696,274082.0
AES,2019-11-14,0.0002204119969008,354496.0
AES,2019-11-15,0.0001688532404501,430095.0
AES,2019-11-18,0.0001795299324621,355139.0
AES,2019-11-19,0.0001654727304124,338071.0
AES,2019-11-20,0.0002126211849109,575032.0
AES,2019-11-21,0.0001957510651503,462477.0
AES,2019-11-22,0.0002504924733055,457905.0
AES,2019-11-25,0.0001909977800982,375109.0
AES,2019-11-26,0.000213041366032,457536.0
AES,2019-11-27,0.0001664150324259,200844.0
AES,2019-11-29,0.0001671435897119,169540.0
AES,2019-12-02,0.0002267240912324,442017.0
AES,2019-12-03,0.0002103116711841,380888.0
AES,2019-12-04,0.000168250803221,376571.0
AES,2019-12-05,0.0001574640987153,360226.0
AES,2019-12-06,0.0001585827640891,431801.0
AES,2019-12-09,0.0001468970127368,318229.0
AES,2019-12-10,0.0002014790451354,324374.0
AES,2019-12-11,0.0001542731793865,271217.0
AES,2019-12-12,0.0002010985828645,337015.0
AES,2019-12-13,0.0001920553556466,396441.0
AES,2019-12-16,0.0001748841499674,407636.0
AES,2019-12-17,0.0001568601414415,585780.0
AES,2019-12-18,0.0002652395953167,738057.0
AES,2019-12-19,0.0002175755705305,485998.0
AES,2019-12-20,0.0003007067771984,439293.0
AES,2019-12-23,0.0001718899955957,188755.0
AES,2019-12-24,0.0001469761655968,68431.0
AES,2019-12-26,0.000170316568812,164916.0
AES,2019-12-27,0.0001621840766008,157277.0
AFL,2019-01-02,0.0003131200125745,380523.0
AFL,2019-01-03,0.0003393421518234,432988.0
AFL,2019-01-04,0.000280600397488,451288.0
AFL,2019-01-07,0.0002608962179748,268460.0
AFL,2019-01-08,0.0002732296954932,263886.0
AFL,2019-01-09,0.0001190573231105,7194.0
AFL,2019-01-10,0.0002243499232356,290444.0
AFL,2019-01-11,0.0002139605528448,226700.0
AFL,2019-01-14,0.0001884581819901,258870.0
AFL,2019-01-15,0.0002716066014084,294983.0
AFL,2019-01-16,0.000241868738679,308617.0
AFL,2019-01-17,0.0002321674187885,360973.0
AFL,2019-01-18,0.0002326176971693,352902.0
AFL,2019-01-22,0.0002363027002722,327725.0
AFL,2019-01-23,0.0002138162610781,276455.0
AFL,2019-01-24,0.0001874415300925,289210.0
AFL,2019-01-25,0.000200918513299,311400.0
AFL,2019-01-28,0.0001964547590383,235310.0
AFL,2019-01-29,0.0001753674210966,233104.0
AFL,2019-01-30,0.0002079645693398,365974.0
AFL,2019-01-31,0.0002729572456992,463795.0
AFL,2019-02-01,0.0003512688117526,452101.0
AFL,2019-02-04,0.0002556175860031,311185.0
AFL,2019-02-05,0.0002076086998862,249876.0
AFL,2019-02-06,0.0001633985201272,258993.0
AFL,2019-02-07,0.0002535558512842,265939.0
AFL,2019-02-08,0.0001800375370838,190067.0
AFL,2019-02-11,0.0001733463425813,278704.0
AFL,2019-02-12,0.0001709039034595,183816.0
AFL,2019-02-13,0.0001697029889873,191143.0
AFL,2019-02-14,0.0002046126949663,213412.0
AFL,2019-02-15,0.0001929560197008,272011.0
AFL,2019-02-19,0.0001268209115914,202269.0
AFL,2019-02-20,0.0001660217805985,196426.0
AFL,2019-02-21,0.0001437964667936,190688.0
AFL,2019-02-22,0.0001546210758782,220471.0
AFL,2019-02-25,0.0001410309355549,205144.0
AFL,2019-02-26,0.0001493660889868,194878.0
AFL,2019-02-27,0.0001670625421982,179450.0
AFL,2019-02-28,0.0001617200872044,266573.0
AFL,2019-03-01,0.0001749035635085,305253.0
AFL,2019-03-04,0.0002147137918228,277594.0
AFL,2019-03-05,0.000178235451098,239647.0
AFL,2019-03-06,0.000163103100162,231318.0
AFL,2019-03-07,0.0002412601858279,303269.0
AFL,2019-03-08,0.0001714031215499,193689.0
AFL,2019-03-11,0.0001602726881538,229614.0
AFL,2019-03-12,0.0001412220638643,239262.0
AFL,2019-03-13,0.0001358555982519,224555.0
AFL,2019-03-14,0.000115615365046,233220.0
AFL,2019-03-15,0.0001490030802179,354003.0
AFL,2019-03-18,0.0001583861679025,243462.0
AFL,2019-03-19,0.0001590372594555,202184.0
AFL,2019-03-20,0.0001772731866895,293401.0
AFL,2019-03-21,0.0001739630768763,211699.0
AFL,2019-03-22,0.0002199325718627,328153.0
AFL,2019-03-25,0.0001973023538425,269124.0
AFL,2019-03-26,0.000182115727029,224807.0
AFL,2019-03-27,0.0001607866669987,239406.0
AFL,2019-03-28,0.0001615660923843,180829.0
AFL,2019-03-29,0.0001709358299614,283429.0
AFL,2019-04-01,0.0002213751585102,311761.0
AFL,2019-04-02,0.0001493053351609,246242.0
AFL,2019-04-03,0.000231489594224,352134.0
AFL,2019-04-04,0.0001631901633323,158264.0
AFL,2019-04-05,0.0002012372993634,161356.0
AFL,2019-04-08,0.0001443924480122,208994.0
AFL,2019-04-09,0.0001786528521777,245001.0
AFL,2019-04-10,0.0001542875957694,186445.0
AFL,2019-04-11,0.0001455973903014,193948.0
AFL,2019-04-12,0.0001832835165227,285466.0
AFL,2019-04-15,0.0001506719687194,204785.0
AFL,2019-04-16,0.0001560700517372,242112.0
AFL,2019-04-17,0.0001779934788448,256314.0
AFL,2019-04-18,0.0001696537750675,208400.0
AFL,2019-04-22,0.0001965804264785,164779.0
AFL,2019-04-23,0.0001631570687997,269406.0
AFL,2019-04-24,0.0001580333873439,146958.0
AFL,2019-04-25,0.0001776394291076,267039.0
AFL,2019-04-26,0.0003330015675727,247755.0
AFL,2019-04-29,0.0001789152241656,263378.0
AFL,2019-04-30,0.0001414502940611,380793.0
AFL,2019-05-01,0.0002001507242461,330234.0
AFL,2019-05-02,0.0001912232757862,264860.0
AFL,2019-05-03,0.000149751799716,205729.0
AFL,2019-05-06,0.0001584604131905,201023.0
AFL,2019-05-07,0.0002047049267505,319871.0
AFL,2019-05-08,0.0001846209877374,292849.0
AFL,2019-05-09,0.0002229520352133,279576.0
AFL,2019-05-10,0.0002432475037788,360344.0
AFL,2019-05-13,0.0002548069697369,335129.0
AFL,2019-05-14,0.0002004721818468,293012.0
AFL,2019-05-15,0.0002077632724493,271842.0
AFL,2019-05-16,0.0001725344187425,261526.0
AFL,2019-05-17,0.0002090849841544,312785.0
AFL,2019-05-20,0.0001901344947538,295374.0
AFL,2019-05-21,0.0001469519562769,299548.0
AFL,2019-05-22,0.0001618678449337,270909.0
AFL,2019-05-23,0.000221139250333,246058.0
AFL,2019-05-24,0.0001499653726491,243255.0
AFL,2019-05-28,0.0001703655127022,278729.0
AFL,2019-05-29,0.0002046592298562,343708.0
AFL,2019-05-30,0.0001836685947167,221503.0
AFL,2019-05-31,0.000179080775683,305691.0
AFL,2019-06-03,0.0002317064514938,432848.0
AFL,2019-06-04,0.00019673977384,318348.0
AFL,2019-06-05,0.0001945613854219,341447.0
AFL,2019-06-06,0.0001884660655467,341947.0
AFL,2019-06-07,0.0001615240555269,245112.0
AFL,2019-06-10,0.0001601886003666,378859.0
AFL,2019-06-11,0.0001582940648831,359314.0
AFL,2019-06-12,0.0001882863246097,238399.0
AFL,2019-06-13,0.0001457105668734,234622.0
AFL,2019-06-14,0.0001605579755622,239466.0
AFL,2019-06-17,0.0001388119272242,195492.0
AFL,2019-06-18,0.0001778057420008,235437.0
AFL,2019-06-19,0.0001990820717837,320114.0
AFL,2019-06-20,0.0001870136989332,384305.0
AFL,2019-06-21,0.0001649770140698,272977.0
AFL,2019-06-24,0.0001453526254466,292767.0
AFL,2019-06-25,0.0001684449431808,312575.0
AFL,2019-06-26,0.000208068866152,271344.0
AFL,2019-06-27,0.0001469098442001,317840.0
AFL,2019-06-28,0.0001379896227411,219355.0
AFL,2019-07-01,0.0001655991398956,308332.0
AFL,2019-07-02,0.0001639045131587,261217.0
AFL,2019-07-03,0.0001347622299875,190825.0
AFL,2019-07-05,0.00015402288205,237191.0
AFL,2019-07-08,0.0001409160677956,266000.0
AFL,2019-07-09,0.0001337235762351,326964.0
AFL,2019-07-10,0.0001398072955034,331682.0
AFL,2019-07-11,0.0001392243934995,303508.0
AFL,2019-07-12,0.0001290875169858,253036.0
AFL,2019-07-15,0.000177536294004,328265.0
AFL,2019-07-16,0.0001497528903561,352656.0
AFL,2019-07-17,0.0001351531720484,234593.0
AFL,2019-07-18,0.0001474845252609,275450.0
AFL,2019-07-19,0.000199800613441,367653.0
AFL,2019-07-22,0.0001631749178275,256827.0
AFL,2019-07-23,0.0001680470955943,268978.0
AFL,2019-07-24,0.0002591626216585,503925.0
AFL,2019-07-25,0.0001878462865396,358241.0
AFL,2019-07-26,0.0003107892439093,365950.0
AFL,2019-07-29,0.0001952713919969,363142.0
AFL,2019-07-30,0.0001822936802279,328301.0
AFL,2019-07-31,0.0002662414973976,399576.0
AFL,2019-08-01,0.0003377361185061,521375.0
AFL,2019-08-02,0.0002401792878679,434561.0
AFL,2019-08-05,0.0002754317827694,399563.0
AFL,2019-08-06,0.0002780049285427,413291.0
AFL,2019-08-07,0.0003007358511095,345480.0
AFL,2019-08-08,0.0002309791806183,393228.0
AFL,2019-08-09,0.0002276912884028,236824.0
AFL,2019-08-12,0.0002356619402503,280099.0
AFL,2019-08-13,0.0002801336167934,338106.0
AFL,2019-08-14,0.0002753855064183,372369.0
AFL,2019-08-15,0.0002894033073757,356923.0
AFL,2019-08-16,0.0002057259903921,280139.0
AFL,2019-08-19,0.0001688975315743,324665.0
AFL,2019-08-20,0.0001802769407274,356751.0
AFL,2019-08-21,0.0004893741037836,708936.0
AFL,2019-08-22,0.0003368891652931,549690.0
AFL,2019-08-23,0.0003195044902903,496897.0
AFL,2019-08-26,0.000212775262144,348291.0
AFL,2019-08-27,0.000209008175601,377814.0
AFL,2019-08-28,0.0001813655345217,430536.0
AFL,2019-08-29,0.0001981692059163,332491.0
AFL,2019-08-30,0.0001833849108183,420600.0
AFL,2019-09-03,0.0002349403403119,517145.0
AFL,2019-09-04,0.0001462765451593,334164.0
AFL,2019-09-05,0.0001685925290655,404889.0
AFL,2019-09-06,0.0001743202235594,338028.0
AFL,2019-09-09,0.0001830457403748,401787.0
AFL,2019-09-10,0.0002247832004172,455565.0
AFL,2019-09-11,0.0001969487847026,365615.0
AFL,2019-09-12,0.0002585676347966,425558.0
AFL,2019-09-13,0.0001641856177943,308328.0
AFL,2019-09-16,0.0001460954625792,268949.0
AFL,2019-09-17,0.0001952171323952,273159.0
AFL,2019-09-18,0.0001644523819605,144527.0
AFL,2019-09-19,0.0001440568300522,218151.0
AFL,2019-09-20,0.0001866649426879,340300.0
AFL,2019-09-23,0.0001629649389425,236607.0
AFL,2019-09-24,0.0002109882520541,360719.0
AFL,2019-09-25,0.0002269892692353,368802.0
AFL,2019-09-26,0.0001974797612665,453512.0
AFL,2019-09-27,0.0002030619737249,405117.0
AFL,2019-09-30,0.00019969896827,335390.0
AFL,2019-10-01,0.0002167081047805,389925.0
AFL,2019-10-02,0.0002319576800557,431431.0
AFL,2019-10-03,0.0002586958578992,400303.0
AFL,2019-10-04,0.0001849380131865,294022.0
AFL,2019-10-07,0.0002011702154595,273844.0
AFL,2019-10-08,0.0002219335477974,349997.0
AFL,2019-10-09,0.000183454806694,303897.0
AFL,2019-10-10,0.0002123380001161,292906.0
AFL,2019-10-11,0.0002322759673425,311456.0
AFL,2019-10-14,0.0001638196670872,250130.0
AFL,2019-10-15,0.0001416114377696,232641.0
AFL,2019-10-16,0.0001481579366353,224512.0
AFL,2019-10-17,0.0001530748356649,198742.0
AFL,2019-10-18,0.0001372294010392,233458.0
AFL,2019-10-21,0.0001408518626912,236708.0
AFL,2019-10-22,0.0001390600040945,259928.0
AFL,2019-10-23,0.0001532707501296,204913.0
AFL,2019-10-24,0.0001627788634745,241579.0
AFL,2019-10-25,0.00026413870321,278287.0
AFL,2019-10-28,0.000171630233376,204006.0
AFL,2019-10-29,0.0001635430307571,166454.0
AFL,2019-10-30,0.0001717148223349,206884.0
AFL,2019-10-31,0.000184362672617,247726.0
AFL,2019-11-01,0.0001346724172511,178599.0
AFL,2019-11-04,0.0001155298681311,161025.0
AFL,2019-11-05,0.0001482811334139,250629.0
AFL,2019-11-06,0.0001626144234899,260421.0
AFL,2019-11-07,0.0001861744218074,231170.0
AFL,2019-11-08,0.0001421214506702,156113.0
AFL,2019-11-11,0.0001296934982376,123461.0
AFL,2019-11-12,0.0001278233242337,202654.0
AFL,2019-11-13,0.0001563707478681,167484.0
AFL,2019-11-14,0.0001765172465335,166895.0
AFL,2019-11-15,0.0001456929659512,188554.0
AFL,2019-11-18,0.0001359779153433,283940.0
AFL,2019-11-19,0.0001490385618237,332710.0
AFL,2019-11-20,0.0001987721380792,220185.0
AFL,2019-11-21,0.0001186852422032,192811.0
AFL,2019-11-22,0.0001569952165308,190841.0
AFL,2019-11-25,0.0001076953018142,167650.0
AFL,2019-11-26,0.0001587368590393,178772.0
AFL,2019-11-27,0.0001076415376559,139777.0
AFL,2019-11-29,0.0001142072224888,84358.0
AFL,2019-12-02,0.000262990135842,426554.0
AFL,2019-12-03,0.0002109469399983,399623.0
AFL,2019-12-04,0.0002030502801297,229980.0
AFL,2019-12-05,0.0001517401555619,242058.0
AFL,2019-12-06,0.0001277395351702,187685.0
AFL,2019-12-09,0.0001064670893177,162057.0
AFL,2019-12-10,0.0001220781005905,214580.0
AFL,2019-12-11,0.0001280067744717,220557.0
AFL,2019-12-12,0.0001913326683484,256122.0
AFL,2019-12-13,0.0001850703043095,288265.0
AFL,2019-12-16,0.0002788429210566,304778.0
AFL,2019-12-17,0.0001401274859189,186163.0
AFL,2019-12-18,0.0001202293436846,183716.0
AFL,2019-12-19,0.000120826793264,156340.0
AFL,2019-12-20,0.0002054415137149,223815.0
AFL,2019-12-23,0.0001293808186714,226920.0
AFL,2019-12-24,0.0001187485210921,68425.0
AFL,2019-12-26,0.0001150304139214,129939.0
AFL,2019-12-27,0.0001393500787618,118495.0
AGN,2019-01-02,0.0004730581959334,143364.0
AGN,2019-01-03,0.000657262253895,199416.0
AGN,2019-01-04,0.0004633454771227,186126.0
AGN,2019-01-07,0.0005061227182196,255400.0
AGN,2019-01-08,0.0004194152590499,128072.0
AGN,2019-01-09,0.0002254725897563,1863.0
AGN,2019-01-10,0.000424073623101,105594.0
AGN,2019-01-11,0.0003880408040655,174458.0
AGN,2019-01-14,0.0003614980575565,162716.0
AGN,2019-01-15,0.0003806371245594,152274.0
AGN,2019-01-16,0.000333563712469,129251.0
AGN,2019-01-17,0.0003988798255093,72250.0
AGN,2019-01-18,0.0004658533520768,179183.0
AGN,2019-01-22,0.0004443328082663,178633.0
AGN,2019-01-23,0.0003406239661387,156437.0
AGN,2019-01-24,0.0004239828412822,213540.0
AGN,2019-01-25,0.0003007834973381,140745.0
AGN,2019-01-28,0.0003223100759706,263352.0
AGN,2019-01-29,0.0008111200472643,576116.0
AGN,2019-01-30,0.0006168730497875,482172.0
AGN,2019-01-31,0.000340387257034,280802.0
AGN,2019-02-01,0.0004030911188482,271333.0
AGN,2019-02-04,0.0003667191542152,240673.0
AGN,2019-02-05,0.0004128066714576,262198.0
AGN,2019-02-06,0.0003082975678258,170889.0
AGN,2019-02-07,0.0003323043067942,205673.0
AGN,2019-02-08,0.0003175974295201,247105.0
AGN,2019-02-11,0.0002946812202586,210085.0
AGN,2019-02-12,0.0002453451675436,193870.0
AGN,2019-02-13,0.0002738518179754,203997.0
AGN,2019-02-14,0.0002938459824867,179909.0
AGN,2019-02-15,0.0002869187176409,180134.0
AGN,2019-02-19,0.0002530663414688,142977.0
AGN,2019-02-20,0.0003089251574619,182545.0
AGN,2019-02-21,0.00024232407184,125135.0
AGN,2019-02-22,0.0002338820242271,159359.0
AGN,2019-02-25,0.000206686213247,152510.0
AGN,2019-02-26,0.0002434391390679,182379.0
AGN,2019-02-27,0.000276155505745,163106.0
AGN,2019-02-28,0.0002725553856887,155607.0
AGN,2019-03-01,0.0002374156849682,177099.0
AGN,2019-03-04,0.0002680109911549,231388.0
AGN,2019-03-05,0.0002420400802049,186033.0
AGN,2019-03-06,0.0002658716222641,227784.0
AGN,2019-03-07,0.0006528723504998,508210.0
AGN,2019-03-08,0.0003980001617676,365553.0
AGN,2019-03-11,0.0002602348775738,265907.0
AGN,2019-03-12,0.0003572455488811,352223.0
AGN,2019-03-13,0.0002606440439894,226615.0
AGN,2019-03-14,0.0002479568327013,221509.0
AGN,2019-03-15,0.0002425094626195,217908.0
AGN,2019-03-18,0.0002149576114393,264146.0
AGN,2019-03-19,0.0002523791070757,362479.0
AGN,2019-03-20,0.0002743945038896,301923.0
AGN,2019-03-21,0.0002281304031312,265060.0
AGN,2019-03-22,0.0003044135560901,368371.0
AGN,2019-03-25,0.0002735916690673,363257.0
AGN,2019-03-26,0.0003567365747812,289758.0
AGN,2019-03-27,0.0002857664623528,185447.0
AGN,2019-03-28,0.0002378585840975,143427.0
AGN,2019-03-29,0.0002446830217642,162615.0
AGN,2019-04-01,0.0002973393122255,145735.0
AGN,2019-04-02,0.0002502780710532,141343.0
AGN,2019-04-03,0.0002196396419979,272813.0
AGN,2019-04-04,0.0002327204453847,218926.0
AGN,2019-04-05,0.0002608255768107,154390.0
AGN,2019-04-08,0.0002764825130936,146882.0
AGN,2019-04-09,0.0002256664807996,122637.0
AGN,2019-04-10,0.0002294049523816,126420.0
AGN,2019-04-11,0.0002038239560763,112205.0
AGN,2019-04-12,0.000187437235269,132814.0
AGN,2019-04-15,0.0002882107335576,324505.0
AGN,2019-04-16,0.0002644380581911,121882.0
AGN,2019-04-17,0.0003562105809917,315896.0
AGN,2019-04-18,0.0002884721079501,223866.0
AGN,2019-04-22,0.0002380976383837,107078.0
AGN,2019-04-23,0.0002842791886377,162166.0
AGN,2019-04-24,0.0003069501120325,144181.0
AGN,2019-04-25,0.0002246947879559,83376.0
AGN,2019-04-26,0.0002745152119663,133717.0
AGN,2019-04-29,0.0002828541045236,172315.0
AGN,2019-04-30,0.0002498472725822,115827.0
AGN,2019-05-01,0.0004056969281242,242399.0
AGN,2019-05-02,0.0003756961794163,206824.0
AGN,2019-05-03,0.0002959737423622,203050.0
AGN,2019-05-06,0.0003235931042476,179878.0
AGN,2019-05-07,0.0006983910756864,296782.0
AGN,2019-05-08,0.0003509627788279,245243.0
AGN,2019-05-09,0.0003544494640084,297184.0
AGN,2019-05-10,0.0003829593049384,237161.0
AGN,2019-05-13,0.0004400601543795,220640.0
AGN,2019-05-14,0.0003669171417909,273490.0
AGN,2019-05-15,0.0003175185147802,208442.0
AGN,2019-05-16,0.0004532084331352,459671.0
AGN,2019-05-17,0.0003846947344658,245262.0
AGN,2019-05-20,0.0003122751903744,164568.0
AGN,2019-05-21,0.0002374930032762,149137.0
AGN,2019-05-22,0.0002129067863452,142169.0
AGN,2019-05-23,0.0003045067341858,208544.0
AGN,2019-05-24,0.000269606395981,184618.0
AGN,2019-05-28,0.0002501524338402,263223.0
AGN,2019-05-29,0.0004841530257037,604400.0
AGN,2019-05-30,0.0003256602537544,304164.0
AGN,2019-05-31,0.0003350843179254,247979.0
AGN,2019-06-03,0.0004283069055035,347719.0
AGN,2019-06-04,0.0003120199359609,560386.0
AGN,2019-06-05,0.000383723989618,236807.0
AGN,2019-06-06,0.000323477732142,178957.0
AGN,2019-06-07,0.0003211376684781,242053.0
AGN,2019-06-10,0.0003069863579393,300080.0
AGN,2019-06-11,0.000306847243555,381454.0
AGN,2019-06-12,0.0003166244822964,292341.0
AGN,2019-06-13,0.0002676508814325,280534.0
AGN,2019-06-14,0.0004592565216449,553738.0
AGN,2019-06-17,0.0003913569845357,343193.0
AGN,2019-06-18,0.0005529306712637,424646.0
AGN,2019-06-19,0.000601320914275,518713.0
AGN,2019-06-20,0.0003976671900631,274731.0
AGN,2019-06-21,0.0003178089375513,439999.0
AGN,2019-06-24,0.0003569284404492,177469.0
AGN,2019-06-25,0.0004388088662749,1425419.0
AGN,2019-06-26,0.0003009804223281,899724.0
AGN,2019-06-27,0.0002157358672159,693435.0
AGN,2019-06-28,0.0002349110595012,506484.0
AGN,2019-07-01,0.0002242203036287,613085.0
AGN,2019-07-02,0.0002300258299137,420139.0
AGN,2019-07-03,0.0001339331747112,359884.0
AGN,2019-07-05,0.0001540360984745,353894.0
AGN,2019-07-08,0.0001617909760978,571384.0
AGN,2019-07-09,0.0001997412127691,504301.0
AGN,2019-07-10,0.0001606541422441,398688.0
AGN,2019-07-11,0.0001757907348883,396675.0
AGN,2019-07-12,0.0001739359070822,405108.0
AGN,2019-07-15,0.0001494693298317,447407.0
AGN,2019-07-16,0.0001773755774,403600.0
AGN,2019-07-17,0.0001939787913586,372351.0
AGN,2019-07-18,0.0002044547355806,341259.0
AGN,2019-07-19,0.0001620617154844,227613.0
AGN,2019-07-22,0.0001542870872671,220990.0
AGN,2019-07-23,0.0001318327196475,296232.0
AGN,2019-07-24,0.0001553478456371,445607.0
AGN,2019-07-25,0.0001835307529119,433365.0
AGN,2019-07-26,0.0002084995767284,358693.0
AGN,2019-07-29,0.0001706739520535,364998.0
AGN,2019-07-30,0.0001815719623492,483128.0
AGN,2019-07-31,0.0001919952663275,413981.0
AGN,2019-08-01,0.0002777588581181,354048.0
AGN,2019-08-02,0.0002013647673605,311673.0
AGN,2019-08-05,0.0002170047135522,236180.0
AGN,2019-08-06,0.0002093196097,284128.0
AGN,2019-08-07,0.0002331329128125,319299.0
AGN,2019-08-08,0.0001730160579929,372999.0
AGN,2019-08-09,0.0001992858761882,445200.0
AGN,2019-08-12,0.0001607792833629,338995.0
AGN,2019-08-13,0.0002013359591561,303759.0
AGN,2019-08-14,0.000230428416012,273370.0
AGN,2019-08-15,0.0002348473100615,256420.0
AGN,2019-08-16,0.0001636401465407,235858.0
AGN,2019-08-19,0.0001219765438896,202418.0
AGN,2019-08-20,0.0001489855340019,262234.0
AGN,2019-08-21,0.0001937570450038,237479.0
AGN,2019-08-22,0.0001338787000419,130914.0
AGN,2019-08-23,0.0002272690157251,397896.0
AGN,2019-08-26,0.0001714062436037,198752.0
AGN,2019-08-27,0.0001801766932531,279548.0
AGN,2019-08-28,0.0001677575587007,181495.0
AGN,2019-08-29,0.0001324227486775,190577.0
AGN,2019-08-30,0.0001923074461733,169825.0
AGN,2019-09-03,0.0001668699539599,194678.0
AGN,2019-09-04,0.0001499013053017,313895.0
AGN,2019-09-05,0.0001266094242107,156472.0
AGN,2019-09-06,0.0001200216698684,143098.0
AGN,2019-09-09,0.0001388833125843,232250.0
AGN,2019-09-10,0.0001525519243958,215380.0
AGN,2019-09-11,0.0001485757552313,156443.0
AGN,2019-09-12,0.0001745007373395,168927.0
AGN,2019-09-13,0.000143351250278,136778.0
AGN,2019-09-16,0.0001188929673115,148704.0
AGN,2019-09-17,0.0001293457564978,211177.0
AGN,2019-09-18,9.778079212266374e-05,62691.0
AGN,2019-09-19,9.418740038624938e-05,221362.0
AGN,2019-09-20,0.0001832668778642,362233.0
AGN,2019-09-23,0.0001466222276885,203473.0
AGN,2019-09-24,0.0001534017415544,171113.0
AGN,2019-09-25,0.0001274376503027,172519.0
AGN,2019-09-26,0.000132253514082,154119.0
AGN,2019-09-27,0.0001542257507522,154677.0
AGN,2019-09-30,0.0001159745872092,139776.0
AGN,2019-10-01,0.0001418652389462,274020.0
AGN,2019-10-02,0.0001632511332054,161773.0
AGN,2019-10-03,0.0001613364196758,118607.0
AGN,2019-10-04,0.0001158809603135,97124.0
AGN,2019-10-07,0.0001156288398965,149678.0
AGN,2019-10-08,0.0001471044157212,168596.0
AGN,2019-10-09,0.0001132831170672,144320.0
AGN,2019-10-10,0.0001274864302812,102547.0
AGN,2019-10-11,0.0001441444799591,167798.0
AGN,2019-10-14,0.000107987089897,145567.0
AGN,2019-10-15,9.55737594109884e-05,152867.0
AGN,2019-10-16,0.0001307482764364,154450.0
AGN,2019-10-17,0.0001721855044388,165006.0
AGN,2019-10-18,0.0001341520143797,222762.0
AGN,2019-10-21,0.000136034955806,137227.0
AGN,2019-10-22,0.000123461580016,95001.0
AGN,2019-10-23,0.0001182688101612,166460.0
AGN,2019-10-24,0.0001360515020697,189559.0
AGN,2019-10-25,0.0001298287435683,113632.0
AGN,2019-10-28,0.0001999681299324,213004.0
AGN,2019-10-29,0.0001308567219779,93524.0
AGN,2019-10-30,0.0001160087610849,61597.0
AGN,2019-10-31,0.0001433623859723,60141.0
AGN,2019-11-01,0.0001754406397563,246625.0
AGN,2019-11-04,0.0001397927667324,247293.0
AGN,2019-11-05,0.0001601289414166,118209.0
AGN,2019-11-06,0.0001625447280429,154584.0
AGN,2019-11-07,0.0001131971580836,87563.0
AGN,2019-11-08,0.0001421536179607,167831.0
AGN,2019-11-11,0.0001331394986614,105279.0
AGN,2019-11-12,0.000156007119651,128745.0
AGN,2019-11-13,0.0001611799272087,119555.0
AGN,2019-11-14,0.0001727694219518,90268.0
AGN,2019-11-15,0.0001250153633633,174770.0
AGN,2019-11-18,0.0001443645309456,181021.0
AGN,2019-11-19,0.0001592132251023,169175.0
AGN,2019-11-20,0.0001704165547468,88835.0
AGN,2019-11-21,0.0001794345261783,88623.0
AGN,2019-11-22,0.0001370841735629,113170.0
AGN,2019-11-25,0.0001539034371036,116130.0
AGN,2019-11-26,0.0001305197609818,172531.0
AGN,2019-11-27,9.531627760942231e-05,83461.0
AGN,2019-11-29,0.0001053931227536,38064.0
AGN,2019-12-02,0.0001303134110212,115226.0
AGN,2019-12-03,0.0001869879043871,170570.0
AGN,2019-12-04,0.0001232192720558,95006.0
AGN,2019-12-05,0.0001402239979911,58017.0
AGN,2019-12-06,9.31694203657708e-05,94506.0
AGN,2019-12-09,9.798973730459326e-05,119143.0
AGN,2019-12-10,0.0001058096996388,95900.0
AGN,2019-12-11,0.0001114228944609,96283.0
AGN,2019-12-12,0.00013788167932,109714.0
AGN,2019-12-13,0.0001685851309725,144877.0
AGN,2019-12-16,0.0001349109717207,82873.0
AGN,2019-12-17,0.0001061606971303,95029.0
AGN,2019-12-18,0.0001389838761026,87891.0
AGN,2019-12-19,0.0001081576657455,78697.0
AGN,2019-12-20,0.0002489227903799,123073.0
AGN,2019-12-23,0.0001571905062325,89342.0
AGN,2019-12-24,7.276627718271007e-05,27007.0
AGN,2019-12-26,9.733208904075775e-05,74796.0
AGN,2019-12-27,0.0001195052249528,90979.0
AIG,2019-01-02,0.0004110526677013,419869.0
AIG,2019-01-03,0.0004377647887439,472653.0
AIG,2019-01-04,0.0003879385585591,387880.0
AIG,2019-01-07,0.0004008256729315,368867.0
AIG,2019-01-08,0.0003764187910364,322838.0
AIG,2019-01-09,0.000112791166169,4392.0
AIG,2019-01-10,0.0003380558037478,260058.0
AIG,2019-01-11,0.0002987555510631,334679.0
AIG,2019-01-14,0.0003032724540044,289134.0
AIG,2019-01-15,0.0003314556988,385096.0
AIG,2019-01-16,0.0002717700154007,387977.0
AIG,2019-01-17,0.0003371139824928,419697.0
AIG,2019-01-18,0.0003144038012475,377272.0
AIG,2019-01-22,0.0003565356700701,405620.0
AIG,2019-01-23,0.0002854125223712,354319.0
AIG,2019-01-24,0.0002880794319782,349601.0
AIG,2019-01-25,0.0002621489295627,332875.0
AIG,2019-01-28,0.0002641884706341,338630.0
AIG,2019-01-29,0.0002403763141952,341600.0
AIG,2019-01-30,0.0003090556227078,475603.0
AIG,2019-01-31,0.0002733164129134,376021.0
AIG,2019-02-01,0.0002541889925716,310427.0
AIG,2019-02-04,0.0002311088739745,334720.0
AIG,2019-02-05,0.0002365836822276,422232.0
AIG,2019-02-06,0.0002229670179256,345406.0
AIG,2019-02-07,0.0003192429726123,481041.0
AIG,2019-02-08,0.0002585645653489,410170.0
AIG,2019-02-11,0.0002591936614533,457787.0
AIG,2019-02-12,0.0002150676779168,382710.0
AIG,2019-02-13,0.0002180543372479,436324.0
AIG,2019-02-14,0.0006381555547637,1254219.0
AIG,2019-02-15,0.0003676253133084,827900.0
AIG,2019-02-19,0.0002676349016179,599718.0
AIG,2019-02-20,0.0002367442305065,369102.0
AIG,2019-02-21,0.0002742445000139,400917.0
AIG,2019-02-22,0.0002663584793991,329105.0
AIG,2019-02-25,0.0002910322356812,557639.0
AIG,2019-02-26,0.0002833564230225,401610.0
AIG,2019-02-27,0.0002713118666778,374369.0
AIG,2019-02-28,0.0002307307752692,299126.0
AIG,2019-03-01,0.0002353032899893,323278.0
AIG,2019-03-04,0.0003164575453542,452072.0
AIG,2019-03-05,0.0002369069367608,344907.0
AIG,2019-03-06,0.0002525464824548,332651.0
AIG,2019-03-07,0.0002840063195885,509014.0
AIG,2019-03-08,0.0002683083654084,271532.0
AIG,2019-03-11,0.0002123773234624,281660.0
AIG,2019-03-12,0.0002195121225673,311376.0
AIG,2019-03-13,0.000237915930447,454458.0
AIG,2019-03-14,0.0002169432362161,388437.0
AIG,2019-03-15,0.0002256598097953,439190.0
AIG,2019-03-18,0.0002481875135045,279883.0
AIG,2019-03-19,0.0002395498922759,331774.0
AIG,2019-03-20,0.0002837036421672,365028.0
AIG,2019-03-21,0.0002536017669643,430699.0
AIG,2019-03-22,0.0003171871756943,413987.0
AIG,2019-03-25,0.000333089866541,333074.0
AIG,2019-03-26,0.000235799812767,281247.0
AIG,2019-03-27,0.0002565784657257,308446.0
AIG,2019-03-28,0.0002516172555494,306022.0
AIG,2019-03-29,0.0002561808519538,372529.0
AIG,2019-04-01,0.0002373468826203,318501.0
AIG,2019-04-02,0.0002269073829474,348791.0
AIG,2019-04-03,0.0002376113742704,389791.0
AIG,2019-04-04,0.0002082255011133,345876.0
AIG,2019-04-05,0.0002321805768119,442534.0
AIG,2019-04-08,0.0002168776665447,171440.0
AIG,2019-04-09,0.0002230773903279,309408.0
AIG,2019-04-10,0.0002092158180074,189538.0
AIG,2019-04-11,0.0002444219034672,331128.0
AIG,2019-04-12,0.000303357081649,348078.0
AIG,2019-04-15,0.0002002250291487,199580.0
AIG,2019-04-16,0.0002141967666295,286562.0
AIG,2019-04-17,0.0002433681581665,284449.0
AIG,2019-04-18,0.000243505124252,260521.0
AIG,2019-04-22,0.000213966565733,226313.0
AIG,2019-04-23,0.0002253439829544,313081.0
AIG,2019-04-24,0.000220332191475,277784.0
AIG,2019-04-25,0.0002545234060354,480768.0
AIG,2019-04-26,0.00021754386248,292040.0
AIG,2019-04-29,0.0002426969355644,311712.0
AIG,2019-04-30,0.000194489380884,429293.0
AIG,2019-05-01,0.0002398977608581,362791.0
AIG,2019-05-02,0.0002608096199985,368347.0
AIG,2019-05-03,0.0002283623111693,438692.0
AIG,2019-05-06,0.000288789067689,568106.0
AIG,2019-05-07,0.0005556553966711,1216842.0
AIG,2019-05-08,0.0003465174861164,653967.0
AIG,2019-05-09,0.0003162325942397,496529.0
AIG,2019-05-10,0.0003255175649334,561474.0
AIG,2019-05-13,0.0003258732378636,524357.0
AIG,2019-05-14,0.0002410970743079,478262.0
AIG,2019-05-15,0.0002754880095459,500487.0
AIG,2019-05-16,0.0002440093592744,554446.0
AIG,2019-05-17,0.0002713564309051,376873.0
AIG,2019-05-20,0.0002384027286348,394555.0
AIG,2019-05-21,0.0002024099278828,331826.0
AIG,2019-05-22,0.0001983935005513,334367.0
AIG,2019-05-23,0.0002453853316036,370190.0
AIG,2019-05-24,0.0001824643991503,322354.0
AIG,2019-05-28,0.0002120273091002,404928.0
AIG,2019-05-29,0.0002214250167951,380400.0
AIG,2019-05-30,0.000207381525648,265046.0
AIG,2019-05-31,0.0002769371116055,463517.0
AIG,2019-06-03,0.0002766259516842,564766.0
AIG,2019-06-04,0.0002323240670633,478666.0
AIG,2019-06-05,0.0002645437416727,381156.0
AIG,2019-06-06,0.0002217249459287,396030.0
AIG,2019-06-07,0.0001936463479987,432378.0
AIG,2019-06-10,0.0002192944224666,352566.0
AIG,2019-06-11,0.0002054486830303,294684.0
AIG,2019-06-12,0.0001974060520863,272214.0
AIG,2019-06-13,0.0002046090211204,337775.0
AIG,2019-06-14,0.0002020271547022,248093.0
AIG,2019-06-17,0.0001828540792338,212170.0
AIG,2019-06-18,0.0001959197574086,270158.0
AIG,2019-06-19,0.0002229652750558,392041.0
AIG,2019-06-20,0.0002336175651468,420804.0
AIG,2019-06-21,0.0002198355661442,323172.0
AIG,2019-06-24,0.000188667740236,263122.0
AIG,2019-06-25,0.0002098656906764,501541.0
AIG,2019-06-26,0.0002212791874831,336751.0
AIG,2019-06-27,0.0001980782569244,315666.0
AIG,2019-06-28,0.0002116369674634,272864.0
AIG,2019-07-01,0.0001980221607204,334667.0
AIG,2019-07-02,0.0002294655181983,303466.0
AIG,2019-07-03,0.0002103650859286,243855.0
AIG,2019-07-05,0.0001920699332608,232774.0
AIG,2019-07-08,0.0002197492541959,291763.0
AIG,2019-07-09,0.0001960878332074,276817.0
AIG,2019-07-10,0.0002069173236212,285073.0
AIG,2019-07-11,0.000195801027933,294381.0
AIG,2019-07-12,0.0002023678766849,234849.0
AIG,2019-07-15,0.0001937000347108,269725.0
AIG,2019-07-16,0.0001722722936336,220072.0
AIG,2019-07-17,0.0001938349110835,314649.0
AIG,2019-07-18,0.0001921254206867,309085.0
AIG,2019-07-19,0.0002295690877438,339615.0
AIG,2019-07-22,0.000163734456541,207616.0
AIG,2019-07-23,0.000176635623338,211356.0
AIG,2019-07-24,0.000160961566323,319798.0
AIG,2019-07-25,0.0001985089909078,266310.0
AIG,2019-07-26,0.000145308658872,203527.0
AIG,2019-07-29,0.0001652598429009,272637.0
AIG,2019-07-30,0.000201182536097,233102.0
AIG,2019-07-31,0.0002549020347469,331562.0
AIG,2019-08-01,0.0003381080455079,525125.0
AIG,2019-08-02,0.0003015505733399,294798.0
AIG,2019-08-05,0.0003032883562587,523393.0
AIG,2019-08-06,0.000300437116295,517877.0
AIG,2019-08-07,0.0004250402304737,441167.0
AIG,2019-08-08,0.0004465785332482,762175.0
AIG,2019-08-09,0.0002652941926078,440820.0
AIG,2019-08-12,0.0002729877344937,372731.0
AIG,2019-08-13,0.0004117454285102,587475.0
AIG,2019-08-14,0.0003762156471658,869993.0
AIG,2019-08-15,0.000345979469745,543307.0
AIG,2019-08-16,0.0002315728692514,407749.0
AIG,2019-08-19,0.0002060899866641,299295.0
AIG,2019-08-20,0.0002410196569796,357815.0
AIG,2019-08-21,0.0002223717550295,263744.0
AIG,2019-08-22,0.0002511481260168,268703.0
AIG,2019-08-23,0.0003411467428836,382934.0
AIG,2019-08-26,0.0002524155758272,267522.0
AIG,2019-08-27,0.0002392540232736,263427.0
AIG,2019-08-28,0.0002309580476952,280360.0
AIG,2019-08-29,0.0002478269482583,333250.0
AIG,2019-08-30,0.0002239033163319,407320.0
AIG,2019-09-03,0.000276569352285,415108.0
AIG,2019-09-04,0.0001998109506824,415523.0
AIG,2019-09-05,0.0002522623391329,342124.0
AIG,2019-09-06,0.000187591760543,183977.0
AIG,2019-09-09,0.0001958344993803,353401.0
AIG,2019-09-10,0.000255853208069,318289.0
AIG,2019-09-11,0.0002306243477869,324764.0
AIG,2019-09-12,0.0002723101117158,307909.0
AIG,2019-09-13,0.000208779520604,327183.0
AIG,2019-09-16,0.0001780022070435,310469.0
AIG,2019-09-17,0.0002188031809449,427712.0
AIG,2019-09-18,0.0002402573630192,291216.0
AIG,2019-09-19,0.0002358158002619,649924.0
AIG,2019-09-20,0.0002376457741639,435983.0
AIG,2019-09-23,0.0002061596765799,291108.0
AIG,2019-09-24,0.0002474911780796,441776.0
AIG,2019-09-25,0.0002103372329148,303411.0
AIG,2019-09-26,0.0002465453507248,449723.0
AIG,2019-09-27,0.0002566458197814,330954.0
AIG,2019-09-30,0.0001912914855511,285730.0
AIG,2019-10-01,0.0002463986654792,391974.0
AIG,2019-10-02,0.0002473217117803,354762.0
AIG,2019-10-03,0.000319682809178,294485.0
AIG,2019-10-04,0.0002706867957399,320114.0
AIG,2019-10-07,0.0002476969508492,274441.0
AIG,2019-10-08,0.0002814015266033,401549.0
AIG,2019-10-09,0.0002454504858835,244454.0
AIG,2019-10-10,0.0002651339621937,470461.0
AIG,2019-10-11,0.0002970076915206,487601.0
AIG,2019-10-14,0.0001862633760297,197367.0
AIG,2019-10-15,0.000196255635794,264755.0
AIG,2019-10-16,0.0002154268889478,340273.0
AIG,2019-10-17,0.0001804591721097,203173.0
AIG,2019-10-18,0.0001861416737325,262457.0
AIG,2019-10-21,0.0001974546206068,169246.0
AIG,2019-10-22,0.0002407224135268,446689.0
AIG,2019-10-23,0.0001866194577328,290889.0
AIG,2019-10-24,0.0001813557132041,164388.0
AIG,2019-10-25,0.0002075738098546,255542.0
AIG,2019-10-28,0.0001760328904298,212113.0
AIG,2019-10-29,0.0004862936384802,695184.0
AIG,2019-10-30,0.0002528300419434,417253.0
AIG,2019-10-31,0.0002448763298447,435337.0
AIG,2019-11-01,0.0004614851366235,402204.0
AIG,2019-11-04,0.0002389991433645,325239.0
AIG,2019-11-05,0.0002361663851266,336067.0
AIG,2019-11-06,0.0002354161105954,377464.0
AIG,2019-11-07,0.0002198998919224,300048.0
AIG,2019-11-08,0.0002090585373049,234933.0
AIG,2019-11-11,0.0001695540040557,188763.0
AIG,2019-11-12,0.000175727795366,226187.0
AIG,2019-11-13,0.0002152206478079,206788.0
AIG,2019-11-14,0.0001775225706337,291264.0
AIG,2019-11-15,0.0001741434019984,227821.0
AIG,2019-11-18,0.0001711462272198,215792.0
AIG,2019-11-19,0.0001710281416483,275190.0
AIG,2019-11-20,0.0002328600281943,423908.0
AIG,2019-11-21,0.000226494735597,358280.0
AIG,2019-11-22,0.0002193789563914,321396.0
AIG,2019-11-25,0.0001833447100363,234924.0
AIG,2019-11-26,0.000275776794496,336087.0
AIG,2019-11-27,0.0002028329291544,262817.0
AIG,2019-11-29,0.0001957682710958,129388.0
AIG,2019-12-02,0.0002269119601651,296930.0
AIG,2019-12-03,0.0003169208124218,395177.0
AIG,2019-12-04,0.0002083519943264,317511.0
AIG,2019-12-05,0.0002182978661519,219397.0
AIG,2019-12-06,0.000257834644847,372805.0
AIG,2019-12-09,0.0001903014266632,271432.0
AIG,2019-12-10,0.0002131583019494,346488.0
AIG,2019-12-11,0.0002194968397819,439506.0
AIG,2019-12-12,0.0002698073888797,347404.0
AIG,2019-12-13,0.0002623218947752,404055.0
AIG,2019-12-16,0.0001928018106209,253530.0
AIG,2019-12-17,0.0001927092942295,285847.0
AIG,2019-12-18,0.0002345920619775,319031.0
AIG,2019-12-19,0.0002235689370676,276583.0
AIG,2019-12-20,0.0002502520735944,383800.0
AIG,2019-12-23,0.000173398189261,268451.0
AIG,2019-12-24,0.0002375031317813,95848.0
AIG,2019-12-26,0.0001610758999985,192781.0
AIG,2019-12-27,0.0001559000667478,160053.0
AIV,2019-01-02,0.0005694410784141,208015.0
AIV,2019-01-03,0.000474058239673,193581.0
AIV,2019-01-04,0.0003906937286289,181664.0
AIV,2019-01-07,0.0004045576434389,155171.0
AIV,2019-01-08,0.0003323646192546,129049.0
AIV,2019-01-09,0.000162471454348,1865.0
AIV,2019-01-10,0.0003427674393371,197445.0
AIV,2019-01-11,0.0003604584256082,131551.0
AIV,2019-01-14,0.0003412450002902,123442.0
AIV,2019-01-15,0.0003715430102922,120453.0
AIV,2019-01-16,0.0002552119711479,121383.0
AIV,2019-01-17,0.000311893471873,176575.0
AIV,2019-01-18,0.000356246956604,153077.0
AIV,2019-01-22,0.0003424344248936,166134.0
AIV,2019-01-23,0.0003471707198272,189020.0
AIV,2019-01-24,0.0003437060465613,131138.0
AIV,2019-01-25,0.0003324025666334,127184.0
AIV,2019-01-28,0.0002861458008079,183485.0
AIV,2019-01-29,0.0002655616682878,215481.0
AIV,2019-01-30,0.0003009137353994,171025.0
AIV,2019-01-31,0.0003331337152857,166131.0
AIV,2019-02-01,0.0003937355993244,127431.0
AIV,2019-02-04,0.0004251887964762,160671.0
AIV,2019-02-05,0.0003726025159062,237258.0
AIV,2019-02-06,0.0002805642135317,148195.0
AIV,2019-02-07,0.000259038709917,242548.0
AIV,2019-02-08,0.0001823168553237,179079.0
AIV,2019-02-11,0.000186905472893,170846.0
AIV,2019-02-12,0.0002642200981666,219455.0
AIV,2019-02-13,0.0002686610897936,172864.0
AIV,2019-02-14,0.0002610744759259,167569.0
AIV,2019-02-15,0.0001864667272844,115803.0
AIV,2019-02-19,0.0002093896287076,195423.0
AIV,2019-02-20,0.0002097485726191,332048.0
AIV,2019-02-21,0.0002669555854542,170890.0
AIV,2019-02-22,0.0001885520718581,189860.0
AIV,2019-02-25,0.0002035643633,203000.0
AIV,2019-02-26,0.0001643808314242,152416.0
AIV,2019-02-27,0.0001894387206059,189381.0
AIV,2019-02-28,0.000194679051679,237209.0
AIV,2019-03-01,0.0002276330500697,173146.0
AIV,2019-03-04,0.0002154970326016,171303.0
AIV,2019-03-05,0.0001924187662922,138643.0
AIV,2019-03-06,0.0001852496701984,241571.0
AIV,2019-03-07,0.0002287378467811,175583.0
AIV,2019-03-08,0.0002212137738559,147681.0
AIV,2019-03-11,0.0002066141240524,200236.0
AIV,2019-03-12,0.000198424215676,175659.0
AIV,2019-03-13,0.0001473173646609,113748.0
AIV,2019-03-14,0.0001595996087947,129584.0
AIV,2019-03-15,0.0001537100755281,124345.0
AIV,2019-03-18,0.0001873686878644,197957.0
AIV,2019-03-19,0.0001959281904495,147155.0
AIV,2019-03-20,0.0002214046076092,143508.0
AIV,2019-03-21,0.0002038358597255,147229.0
AIV,2019-03-22,0.0002330157798339,192804.0
AIV,2019-03-25,0.0001887617506197,231599.0
AIV,2019-03-26,0.0001866706944946,169845.0
AIV,2019-03-27,0.0002166866520639,131177.0
AIV,2019-03-28,0.0001525028875903,139243.0
AIV,2019-03-29,0.0001703485174069,200062.0
AIV,2019-04-01,0.0002164060705998,126779.0
AIV,2019-04-02,0.0002190664447209,128420.0
AIV,2019-04-03,0.0001854883746696,166060.0
AIV,2019-04-04,0.0001569051991608,101585.0
AIV,2019-04-05,0.000185848922122,98190.0
AIV,2019-04-08,0.0001556343681426,91154.0
AIV,2019-04-09,0.0001625387140792,89795.0
AIV,2019-04-10,0.0001679044917905,175483.0
AIV,2019-04-11,0.0001900041420245,128189.0
AIV,2019-04-12,0.0001909559212945,122389.0
AIV,2019-04-15,0.0001608679577003,129246.0
AIV,2019-04-16,0.0002045794336084,157326.0
AIV,2019-04-17,0.0002126602120795,175791.0
AIV,2019-04-18,0.0002475966602362,167087.0
AIV,2019-04-22,0.0002069019349863,146907.0
AIV,2019-04-23,0.0002278648876007,142821.0
AIV,2019-04-24,0.0001904179477731,86701.0
AIV,2019-04-25,0.0002234415268583,83261.0
AIV,2019-04-26,0.000177813570837,79645.0
AIV,2019-04-29,0.0001754389797123,105731.0
AIV,2019-04-30,0.0001993211160205,113585.0
AIV,2019-05-01,0.0002470599514272,110822.0
AIV,2019-05-02,0.0002719644796865,158706.0
AIV,2019-05-03,0.0002827413440315,182905.0
AIV,2019-05-06,0.0002018141513083,180577.0
AIV,2019-05-07,0.0002747584368848,172709.0
AIV,2019-05-08,0.0002360265898808,126925.0
AIV,2019-05-09,0.0002509334672727,160395.0
AIV,2019-05-10,0.0002340913067358,118268.0
AIV,2019-05-13,0.0002854542295927,144149.0
AIV,2019-05-14,0.0002112924977134,156532.0
AIV,2019-05-15,0.0002879958042789,120888.0
AIV,2019-05-16,0.0002501772229057,113671.0
AIV,2019-05-17,0.0002085027903451,115881.0
AIV,2019-05-20,0.0002001895296036,104580.0
AIV,2019-05-21,0.0001666954799568,122493.0
AIV,2019-05-22,0.0001576990454343,60425.0
AIV,2019-05-23,0.000170469561973,115680.0
AIV,2019-05-24,0.0001570620934845,107226.0
AIV,2019-05-28,0.0001825541045426,163690.0
AIV,2019-05-29,0.0002397849476037,219675.0
AIV,2019-05-30,0.0001965955223086,98706.0
AIV,2019-05-31,0.0001731665868462,144969.0
AIV,2019-06-03,0.0002288718195497,115921.0
AIV,2019-06-04,0.0002105018408832,133602.0
AIV,2019-06-05,0.0002286672290049,92604.0
AIV,2019-06-06,0.0001743227998403,94683.0
AIV,2019-06-07,0.0001727119616792,96483.0
AIV,2019-06-10,0.0001932977958653,92999.0
AIV,2019-06-11,0.0001764797500629,76036.0
AIV,2019-06-12,0.0002375502301867,79567.0
AIV,2019-06-13,0.0001575952065804,82924.0
AIV,2019-06-14,0.0001996332482431,88809.0
AIV,2019-06-17,0.0002305299337228,146248.0
AIV,2019-06-18,0.0002245727416386,151751.0
AIV,2019-06-19,0.0002800781359427,120696.0
AIV,2019-06-20,0.0002186344059243,227291.0
AIV,2019-06-21,0.000262834389304,166354.0
AIV,2019-06-24,0.0002596769552266,136027.0
AIV,2019-06-25,0.0002210407345244,124055.0
AIV,2019-06-26,0.0003255179255204,170954.0
AIV,2019-06-27,0.0003058659153671,107936.0
AIV,2019-06-28,0.0002362215055021,149561.0
AIV,2019-07-01,0.0003197034575016,154288.0
AIV,2019-07-02,0.0002548734896916,119793.0
AIV,2019-07-03,0.0001607665670814,82231.0
AIV,2019-07-05,0.0002498076811145,76264.0
AIV,2019-07-08,0.0002012463810754,118959.0
AIV,2019-07-09,0.0001763118668731,123369.0
AIV,2019-07-10,0.000267786232055,166304.0
AIV,2019-07-11,0.0002321180578281,165327.0
AIV,2019-07-12,0.0001984073366624,159656.0
AIV,2019-07-15,0.0002163815294655,97621.0
AIV,2019-07-16,0.000219296526751,135632.0
AIV,2019-07-17,0.0001787147718909,106908.0
AIV,2019-07-18,0.0002074593419969,146544.0
AIV,2019-07-19,0.0002122888597539,157982.0
AIV,2019-07-22,0.0002357915548274,177930.0
AIV,2019-07-23,0.0002250139336294,140767.0
AIV,2019-07-24,0.0002160916560201,79228.0
AIV,2019-07-25,0.0002157345521812,98964.0
AIV,2019-07-26,0.0002265905643076,119979.0
AIV,2019-07-29,0.0002043361981193,148378.0
AIV,2019-07-30,0.0002052129631387,169648.0
AIV,2019-07-31,0.0003317351963342,143454.0
AIV,2019-08-01,0.0003636071513641,238877.0
AIV,2019-08-02,0.0004507027124558,189347.0
AIV,2019-08-05,0.0003976159192351,231224.0
AIV,2019-08-06,0.0004143667849907,167257.0
AIV,2019-08-07,0.0003693648429794,100814.0
AIV,2019-08-08,0.0003671456978252,82102.0
AIV,2019-08-09,0.0002935910965652,116972.0
AIV,2019-08-12,0.0002307191931308,117841.0
AIV,2019-08-13,0.00029841922716,137621.0
AIV,2019-08-14,0.0002835346261231,159817.0
AIV,2019-08-15,0.0002932356275296,113138.0
AIV,2019-08-16,0.0002316738544582,131520.0
AIV,2019-08-19,0.0002067740933175,106034.0
AIV,2019-08-20,0.0002713623765901,126111.0
AIV,2019-08-21,0.0002386999646044,96123.0
AIV,2019-08-22,0.0002292919278996,142310.0
AIV,2019-08-23,0.0002711990739472,170259.0
AIV,2019-08-26,0.0002351236178375,76792.0
AIV,2019-08-27,0.0002183352968061,90369.0
AIV,2019-08-28,0.0002033834115571,61439.0
AIV,2019-08-29,0.0002005155588589,70600.0
AIV,2019-08-30,0.0002041247020822,79152.0
AIV,2019-09-03,0.0002522891143257,117356.0
AIV,2019-09-04,0.0002596804855345,136935.0
AIV,2019-09-05,0.0002959112627554,158288.0
AIV,2019-09-06,0.0002519039806363,120629.0
AIV,2019-09-09,0.0001995527125277,127514.0
AIV,2019-09-10,0.0002501571524327,134216.0
AIV,2019-09-11,0.0002925855992038,103471.0
AIV,2019-09-12,0.0003658164987733,92859.0
AIV,2019-09-13,0.000238104462383,107027.0
AIV,2019-09-16,0.0002814138501654,73782.0
AIV,2019-09-17,0.0002961009490239,134113.0
AIV,2019-09-18,0.0002132448194554,66844.0
AIV,2019-09-19,0.0001913065665549,103989.0
AIV,2019-09-20,0.0002141241833017,118710.0
AIV,2019-09-23,0.0001856021975526,84657.0
AIV,2019-09-24,0.000197147284418,95786.0
AIV,2019-09-25,0.0002162477091449,77715.0
AIV,2019-09-26,0.0001624895039556,80863.0
AIV,2019-09-27,0.0002004512378864,73582.0
AIV,2019-09-30,0.0001976011148708,74511.0
AIV,2019-10-01,0.0003338682782899,97249.0
AIV,2019-10-02,0.0002351807698395,112977.0
AIV,2019-10-03,0.0002796926766277,97864.0
AIV,2019-10-04,0.0002526919684108,80177.0
AIV,2019-10-07,0.0002125647695217,113994.0
AIV,2019-10-08,0.0002746469079256,67155.0
AIV,2019-10-09,0.0002445002942608,96904.0
AIV,2019-10-10,0.0001912646245713,51728.0
AIV,2019-10-11,0.0002812915084028,128293.0
AIV,2019-10-14,0.0003009767940468,49782.0
AIV,2019-10-15,0.0001904140174719,96524.0
AIV,2019-10-16,0.0002551306971885,50222.0
AIV,2019-10-17,0.0002015319494234,78270.0
AIV,2019-10-18,0.0001961014699782,60370.0
AIV,2019-10-21,0.0001712821665274,55437.0
AIV,2019-10-22,0.0001796593387156,67368.0
AIV,2019-10-23,0.0001949920675626,77057.0
AIV,2019-10-24,0.0002172758853246,71651.0
AIV,2019-10-25,0.0001876989812408,66635.0
AIV,2019-10-28,0.0001776489652664,70340.0
AIV,2019-10-29,0.0002329114960421,53778.0
AIV,2019-10-30,0.0002210872693711,75482.0
AIV,2019-10-31,0.0002516185442324,128456.0
AIV,2019-11-01,0.0003504091304058,176939.0
AIV,2019-11-04,0.0003147979535359,103786.0
AIV,2019-11-05,0.0003019165001362,106635.0
AIV,2019-11-06,0.0002796813608289,77809.0
AIV,2019-11-07,0.0002511367544422,73337.0
AIV,2019-11-08,0.0002068153050611,89155.0
AIV,2019-11-11,0.0001901098242727,63898.0
AIV,2019-11-12,0.0002646398108805,79071.0
AIV,2019-11-13,0.0003186794879798,78032.0
AIV,2019-11-14,0.0002346714667411,72851.0
AIV,2019-11-15,0.0002890846536994,50780.0
AIV,2019-11-18,0.0001943439752183,39758.0
AIV,2019-11-19,0.0001973112684214,68540.0
AIV,2019-11-20,0.00022695303089,78946.0
AIV,2019-11-21,0.0003078132957562,55746.0
AIV,2019-11-22,0.0002547923215788,72141.0
AIV,2019-11-25,0.000180462585614,64292.0
AIV,2019-11-26,0.0001828690611958,94516.0
AIV,2019-11-27,0.0002268465400889,80757.0
AIV,2019-11-29,0.0001832790207422,51710.0
AIV,2019-12-02,0.0002830621059482,95913.0
AIV,2019-12-03,0.0002417408903125,160768.0
AIV,2019-12-04,0.0002250679277381,167745.0
AIV,2019-12-05,0.000194003070154,124240.0
AIV,2019-12-06,0.000182580349961,72988.0
AIV,2019-12-09,0.0001823118643583,137712.0
AIV,2019-12-10,0.0001685451607243,81158.0
AIV,2019-12-11,0.000220399279804,96261.0
AIV,2019-12-12,0.0002241364580481,146806.0
AIV,2019-12-13,0.0002371981710587,141627.0
AIV,2019-12-16,0.0002228146511514,131622.0
AIV,2019-12-17,0.0002063367680397,178418.0
AIV,2019-12-18,0.0002044215157955,112268.0
AIV,2019-12-19,0.0001728953377712,84451.0
AIV,2019-12-20,0.0001825280049159,155924.0
AIV,2019-12-23,0.0001774798518869,137107.0
AIV,2019-12-24,0.0001552968061153,38070.0
AIV,2019-12-26,0.0001593350936801,52061.0
AIV,2019-12-27,0.0001600375500179,71339.0
AIZ,2019-01-02,0.0005268976268215,75099.0
AIZ,2019-01-03,0.0004955708760788,56997.0
AIZ,2019-01-04,0.0004453332617896,37871.0
AIZ,2019-01-07,0.0004865744628897,38455.0
AIZ,2019-01-08,0.000480017686432,40221.0
AIZ,2019-01-09,0.0001318855754023,617.0
AIZ,2019-01-10,0.0004926732221723,29154.0
AIZ,2019-01-11,0.0002512534089029,39827.0
AIZ,2019-01-14,0.0003424111271746,41265.0
AIZ,2019-01-15,0.0004218883379402,38783.0
AIZ,2019-01-16,0.0002989942860227,42235.0
AIZ,2019-01-17,0.0003138994297096,59458.0
AIZ,2019-01-18,0.0004444531439993,72692.0
AIZ,2019-01-22,0.0003522461676118,40413.0
AIZ,2019-01-23,0.0002976585747081,37452.0
AIZ,2019-01-24,0.0002646528636147,45747.0
AIZ,2019-01-25,0.0003055760493212,50519.0
AIZ,2019-01-28,0.0003436176926326,80751.0
AIZ,2019-01-29,0.0002974467148429,45544.0
AIZ,2019-01-30,0.0002311647914237,54833.0
AIZ,2019-01-31,0.0004795783969761,42610.0
AIZ,2019-02-01,0.0004489256145825,40719.0
AIZ,2019-02-04,0.0001962015232184,55606.0
AIZ,2019-02-05,0.0002529188231454,79108.0
AIZ,2019-02-06,0.0002063738935769,63809.0
AIZ,2019-02-07,0.0002620676514808,43340.0
AIZ,2019-02-08,0.0002577463185191,41465.0
AIZ,2019-02-11,0.0002260890465124,42043.0
AIZ,2019-02-12,0.000230431796878,47385.0
AIZ,2019-02-13,0.0008274003869321,121715.0
AIZ,2019-02-14,0.0003452880732166,101004.0
AIZ,2019-02-15,0.0002732382723067,74108.0
AIZ,2019-02-19,0.0002465048342522,47864.0
AIZ,2019-02-20,0.0002182445368616,76634.0
AIZ,2019-02-21,0.0002422675683772,97860.0
AIZ,2019-02-22,0.0002113372098715,37772.0
AIZ,2019-02-25,0.0002238468060367,93090.0
AIZ,2019-02-26,0.0002348368515549,66679.0
AIZ,2019-02-27,0.0002500457621118,77986.0
AIZ,2019-02-28,0.0002586403469927,102382.0
AIZ,2019-03-01,0.000174133088005,90591.0
AIZ,2019-03-04,0.0002105022349923,64167.0
AIZ,2019-03-05,0.0002543672542727,87402.0
AIZ,2019-03-06,0.0002810419072863,96104.0
AIZ,2019-03-07,0.0003220623726922,55110.0
AIZ,2019-03-08,0.0002269218191084,64913.0
AIZ,2019-03-11,0.0001746691700443,63691.0
AIZ,2019-03-12,0.0002317040490464,61733.0
AIZ,2019-03-13,0.0001822846125053,82872.0
AIZ,2019-03-14,0.0004654898122957,189566.0
AIZ,2019-03-15,0.0002354879531761,148313.0
AIZ,2019-03-18,0.0002470902106764,109902.0
AIZ,2019-03-19,0.0002890257986314,528971.0
AIZ,2019-03-20,0.0003295975312667,271820.0
AIZ,2019-03-21,0.000267008087527,188216.0
AIZ,2019-03-22,0.0003026580514363,118175.0
AIZ,2019-03-25,0.0002325191622203,136948.0
AIZ,2019-03-26,0.0002082419608747,129225.0
AIZ,2019-03-27,0.0002288667819831,90179.0
AIZ,2019-03-28,0.0002418964044106,94142.0
AIZ,2019-03-29,0.0002087872874616,90551.0
AIZ,2019-04-01,0.0002051479233851,82670.0
AIZ,2019-04-02,0.0002534133032061,69037.0
AIZ,2019-04-03,0.0002022739574132,68356.0
AIZ,2019-04-04,0.0001820939893034,94221.0
AIZ,2019-04-05,0.0001592038086131,84573.0
AIZ,2019-04-08,0.0001589765153755,70193.0
AIZ,2019-04-09,0.0001870225827545,92662.0
AIZ,2019-04-10,0.0002021109384135,105348.0
AIZ,2019-04-11,0.0001783142685915,63304.0
AIZ,2019-04-12,0.0002514267141749,71764.0
AIZ,2019-04-15,0.0001736721180481,65561.0
AIZ,2019-04-16,0.0002129871982957,97682.0
AIZ,2019-04-17,0.0002241850985358,90738.0
AIZ,2019-04-18,0.0001966379865041,57602.0
AIZ,2019-04-22,0.0001909707117108,91350.0
AIZ,2019-04-23,0.0001718593957551,85982.0
AIZ,2019-04-24,0.0001858185387269,82785.0
AIZ,2019-04-25,0.0002057027410432,78395.0
AIZ,2019-04-26,0.0001428207714322,47457.0
AIZ,2019-04-29,0.000199439730931,64503.0
AIZ,2019-04-30,0.0001707358847642,95718.0
AIZ,2019-05-01,0.0002035504817606,66183.0
AIZ,2019-05-02,0.0002403124716926,56083.0
AIZ,2019-05-03,0.0001610345554584,53146.0
AIZ,2019-05-06,0.0002304002252305,79568.0
AIZ,2019-05-07,0.0005967987086022,123975.0
AIZ,2019-05-08,0.0002750304462982,120740.0
AIZ,2019-05-09,0.0002412041728927,96076.0
AIZ,2019-05-10,0.000271872973883,83191.0
AIZ,2019-05-13,0.0003463252000669,131737.0
AIZ,2019-05-14,0.0001962940488449,67802.0
AIZ,2019-05-15,0.0002386757702519,55895.0
AIZ,2019-05-16,0.0001756491345792,53257.0
AIZ,2019-05-17,0.0002121622994335,85663.0
AIZ,2019-05-20,0.0002299782811415,102947.0
AIZ,2019-05-21,0.0003501534453434,139498.0
AIZ,2019-05-22,0.0001881892340993,88699.0
AIZ,2019-05-23,0.0002596937882873,156305.0
AIZ,2019-05-24,0.0002347848990657,95783.0
AIZ,2019-05-28,0.0001742393332616,92654.0
AIZ,2019-05-29,0.0002230455777424,92242.0
AIZ,2019-05-30,0.0002221463273377,61646.0
AIZ,2019-05-31,0.0001945401260253,92335.0
AIZ,2019-06-03,0.0002318253189637,73592.0
AIZ,2019-06-04,0.0002089148826694,105424.0
AIZ,2019-06-05,0.0002136720744737,97731.0
AIZ,2019-06-06,0.000196159544487,47280.0
AIZ,2019-06-07,0.0001656938381687,46515.0
AIZ,2019-06-10,0.0001806361978779,54037.0
AIZ,2019-06-11,0.0001981407134969,83207.0
AIZ,2019-06-12,0.0001618146460301,52719.0
AIZ,2019-06-13,0.0002081014103424,133776.0
AIZ,2019-06-14,0.0001832712245286,127579.0
AIZ,2019-06-17,0.0001736464508425,106961.0
AIZ,2019-06-18,0.0002035209765142,70946.0
AIZ,2019-06-19,0.0002121762347798,113118.0
AIZ,2019-06-20,0.0002290488834347,65247.0
AIZ,2019-06-21,0.0001793525914964,81202.0
AIZ,2019-06-24,0.0001705848199747,55209.0
AIZ,2019-06-25,0.0002175174747687,78332.0
AIZ,2019-06-26,0.0001876009976116,56080.0
AIZ,2019-06-27,0.0001925416761473,49711.0
AIZ,2019-06-28,0.000225530372456,63852.0
AIZ,2019-07-01,0.0002031898749202,118273.0
AIZ,2019-07-02,0.0002296467954181,80151.0
AIZ,2019-07-03,0.0001349129023059,38955.0
AIZ,2019-07-05,0.000153843184663,56207.0
AIZ,2019-07-08,0.000173407688205,77018.0
AIZ,2019-07-09,0.0001766253422649,58804.0
AIZ,2019-07-10,0.0001702692385086,46539.0
AIZ,2019-07-11,0.0001381363261807,40475.0
AIZ,2019-07-12,0.0001339127442117,76932.0
AIZ,2019-07-15,0.0001723185810867,63328.0
AIZ,2019-07-16,0.0001693703904568,62281.0
AIZ,2019-07-17,0.0001792975565339,69734.0
AIZ,2019-07-18,0.0001586971785725,48913.0
AIZ,2019-07-19,0.0002290348550202,46033.0
AIZ,2019-07-22,0.0001802691900874,47614.0
AIZ,2019-07-23,0.0001548813300141,60207.0
AIZ,2019-07-24,0.000175174154088,57274.0
AIZ,2019-07-25,0.0001760470078038,61179.0
AIZ,2019-07-26,0.0001906105415683,65565.0
AIZ,2019-07-29,0.0001840792229058,73522.0
AIZ,2019-07-30,0.0002198036999296,76046.0
AIZ,2019-07-31,0.0002706799116669,78363.0
AIZ,2019-08-01,0.0002990980204222,60747.0
AIZ,2019-08-02,0.0002380790677843,69903.0
AIZ,2019-08-05,0.0002531832598576,92528.0
AIZ,2019-08-06,0.000295164930698,87322.0
AIZ,2019-08-07,0.0005642370280277,117144.0
AIZ,2019-08-08,0.0003086756988716,131113.0
AIZ,2019-08-09,0.0002953295583717,121364.0
AIZ,2019-08-12,0.0003050893723238,95311.0
AIZ,2019-08-13,0.0003764341451032,118541.0
AIZ,2019-08-14,0.0003350701668576,131036.0
AIZ,2019-08-15,0.0003801387289316,117473.0
AIZ,2019-08-16,0.0002750407195991,149531.0
AIZ,2019-08-19,0.0002683750816689,94599.0
AIZ,2019-08-20,0.000249290624201,86008.0
AIZ,2019-08-21,0.000224017163265,58716.0
AIZ,2019-08-22,0.0002326600408234,62303.0
AIZ,2019-08-23,0.0002911991939952,63661.0
AIZ,2019-08-26,0.0002213095922707,67803.0
AIZ,2019-08-27,0.0002185572217364,51239.0
AIZ,2019-08-28,0.0002294757789837,72115.0
AIZ,2019-08-29,0.0002193948724343,68596.0
AIZ,2019-08-30,0.0002246976444127,71026.0
AIZ,2019-09-03,0.0002216787953195,65762.0
AIZ,2019-09-04,0.0001839207577148,64635.0
AIZ,2019-09-05,0.0001889657408326,97520.0
AIZ,2019-09-06,0.0001772666807447,69535.0
AIZ,2019-09-09,0.0002155514805171,79076.0
AIZ,2019-09-10,0.0003114218400208,118894.0
AIZ,2019-09-11,0.0003616194897215,148526.0
AIZ,2019-09-12,0.0002422299939765,70521.0
AIZ,2019-09-13,0.0002531171765946,62068.0
AIZ,2019-09-16,0.0001997178571215,45616.0
AIZ,2019-09-17,0.0002270810724794,61559.0
AIZ,2019-09-18,0.0002230091013615,32846.0
AIZ,2019-09-19,0.000187182976271,69973.0
AIZ,2019-09-20,0.0001980488276961,54379.0
AIZ,2019-09-23,0.0001902414566513,51883.0
AIZ,2019-09-24,0.0001913134889816,66659.0
AIZ,2019-09-25,0.0002456115165439,44224.0
AIZ,2019-09-26,0.000170589333421,34509.0
AIZ,2019-09-27,0.0001749735021566,44177.0
AIZ,2019-09-30,0.0001707349411568,53800.0
AIZ,2019-10-01,0.0002023718708745,71241.0
AIZ,2019-10-02,0.0002280576505328,42691.0
AIZ,2019-10-03,0.0002830972093142,59761.0
AIZ,2019-10-04,0.0002348512955195,48524.0
AIZ,2019-10-07,0.0002189114500962,45782.0
AIZ,2019-10-08,0.0002833108256137,51242.0
AIZ,2019-10-09,0.000246596563264,56436.0
AIZ,2019-10-10,0.0002758087038557,48415.0
AIZ,2019-10-11,0.0002247038096794,55810.0
AIZ,2019-10-14,0.000140842572025,51190.0
AIZ,2019-10-15,0.0001950719865297,54801.0
AIZ,2019-10-16,0.0001823497122861,50368.0
AIZ,2019-10-17,0.0001943606399998,50129.0
AIZ,2019-10-18,0.0001931225298965,47869.0
AIZ,2019-10-21,0.0002387059572328,56072.0
AIZ,2019-10-22,0.0001723477560564,53073.0
AIZ,2019-10-23,0.000208030377304,58798.0
AIZ,2019-10-24,0.0003097362910481,71321.0
AIZ,2019-10-25,0.0001981320913474,45675.0
AIZ,2019-10-28,0.0001601690600618,60451.0
AIZ,2019-10-29,0.0001739764828919,37694.0
AIZ,2019-10-30,0.0001793354551205,37268.0
AIZ,2019-10-31,0.0001792152717746,58628.0
AIZ,2019-11-01,0.0001536267310332,47061.0
AIZ,2019-11-04,0.0001783699506425,46084.0
AIZ,2019-11-05,0.0002522831840766,91806.0
AIZ,2019-11-06,0.0004201566488946,87101.0
AIZ,2019-11-07,0.0002425005633998,39095.0
AIZ,2019-11-08,0.000252680291253,57565.0
AIZ,2019-11-11,0.0002217282350766,40575.0
AIZ,2019-11-12,0.0002423155702883,50895.0
AIZ,2019-11-13,0.0001909798174895,25684.0
AIZ,2019-11-14,0.0002177101026309,64655.0
AIZ,2019-11-15,0.0001566676580804,66077.0
AIZ,2019-11-18,0.0002385108852915,53714.0
AIZ,2019-11-19,0.0001763535638465,70707.0
AIZ,2019-11-20,0.0002042333325519,64235.0
AIZ,2019-11-21,0.0002622523382158,86331.0
AIZ,2019-11-22,0.0002676125440515,91242.0
AIZ,2019-11-25,0.0002003677947703,40025.0
AIZ,2019-11-26,0.0001664885774389,56005.0
AIZ,2019-11-27,0.0002026330801695,39309.0
AIZ,2019-11-29,0.000158243342334,28682.0
AIZ,2019-12-02,0.0002202012454215,39694.0
AIZ,2019-12-03,0.0002483897843277,116684.0
AIZ,2019-12-04,0.0001822421419973,63414.0
AIZ,2019-12-05,0.0001838504934148,34923.0
AIZ,2019-12-06,0.0002067417329429,52265.0
AIZ,2019-12-09,0.0001575368538927,36481.0
AIZ,2019-12-10,0.0001566577094815,49535.0
AIZ,2019-12-11,0.0001896163126302,44399.0
AIZ,2019-12-12,0.0001811896765033,44550.0
AIZ,2019-12-13,0.0001711597655263,54454.0
AIZ,2019-12-16,0.0001956617666137,48578.0
AIZ,2019-12-17,0.0001828559245187,62458.0
AIZ,2019-12-18,0.0001636786857547,24648.0
AIZ,2019-12-19,0.0001717306087678,25886.0
AIZ,2019-12-20,0.0002725852784182,35362.0
AIZ,2019-12-23,0.0001742157935415,44255.0
AIZ,2019-12-24,0.0001284980582,13684.0
AIZ,2019-12-26,0.000146083716194,15144.0
AIZ,2019-12-27,0.0002064897768971,32864.0
AJG,2019-01-02,0.0004262377272105,115696.0
AJG,2019-01-03,0.0004200368144183,119940.0
AJG,2019-01-04,0.0003779269055903,193238.0
AJG,2019-01-07,0.0002202565791977,89492.0
AJG,2019-01-08,0.000374519053222,117748.0
AJG,2019-01-09,0.0001426515282079,1096.0
AJG,2019-01-10,0.0002998249998339,67382.0
AJG,2019-01-11,0.0002360369192281,135303.0
AJG,2019-01-14,0.0002438788550527,111035.0
AJG,2019-01-15,0.0002939954226202,90940.0
AJG,2019-01-16,0.000225903229389,146406.0
AJG,2019-01-17,0.0002592051318588,101848.0
AJG,2019-01-18,0.0002792401130788,124487.0
AJG,2019-01-22,0.0002156127676655,137922.0
AJG,2019-01-23,0.0002514649048477,89600.0
AJG,2019-01-24,0.000223076404844,115376.0
AJG,2019-01-25,0.0002257714577867,145598.0
AJG,2019-01-28,0.0001766466964448,116893.0
AJG,2019-01-29,0.0001661335006496,151364.0
AJG,2019-01-30,0.0002425349533623,158357.0
AJG,2019-01-31,0.0002300620893682,223033.0
AJG,2019-02-01,0.0004832254004172,223638.0
AJG,2019-02-04,0.0001801175751182,176501.0
AJG,2019-02-05,0.0001843385060212,191470.0
AJG,2019-02-06,0.0002097761395545,188784.0
AJG,2019-02-07,0.0002084159791516,108526.0
AJG,2019-02-08,0.0001832362847304,118637.0
AJG,2019-02-11,0.0001941931384892,120261.0
AJG,2019-02-12,0.0002010079788051,176899.0
AJG,2019-02-13,0.0001435139750278,141247.0
AJG,2019-02-14,0.0002138488474549,206872.0
AJG,2019-02-15,0.0001811103195347,102339.0
AJG,2019-02-19,0.0001961468840675,84270.0
AJG,2019-02-20,0.0001613882544466,109107.0
AJG,2019-02-21,0.0001435794357366,172476.0
AJG,2019-02-22,0.000146273748778,177304.0
AJG,2019-02-25,0.000145438771862,75851.0
AJG,2019-02-26,0.0001589965365296,118986.0
AJG,2019-02-27,0.000167359908451,111333.0
AJG,2019-02-28,0.0001320398806916,132871.0
AJG,2019-03-01,0.0001639050265777,129246.0
AJG,2019-03-04,0.0001749947711742,165112.0
AJG,2019-03-05,0.0002429275420202,198425.0
AJG,2019-03-06,0.0002254086393257,175867.0
AJG,2019-03-07,0.0001841095304254,159744.0
AJG,2019-03-08,0.000174379255466,104781.0
AJG,2019-03-11,0.0001433796227807,221450.0
AJG,2019-03-12,0.0001704611674714,191263.0
AJG,2019-03-13,0.0001481721036454,148622.0
AJG,2019-03-14,0.0001471111323653,134935.0
AJG,2019-03-15,0.0001360121005526,187091.0
AJG,2019-03-18,0.0001884748277168,155888.0
AJG,2019-03-19,0.0002078091590388,147592.0
AJG,2019-03-20,0.0002082053861337,162932.0
AJG,2019-03-21,0.0001700391457677,125175.0
AJG,2019-03-22,0.0002091836675195,146206.0
AJG,2019-03-25,0.0001754589410384,90034.0
AJG,2019-03-26,0.00014557591453,117334.0
AJG,2019-03-27,0.0002032366970056,137993.0
AJG,2019-03-28,0.000215073850238,164768.0
AJG,2019-03-29,0.0001838708433134,220092.0
AJG,2019-04-01,0.0001811632693762,131514.0
AJG,2019-04-02,0.0001472961168898,99054.0
AJG,2019-04-03,0.0001564119363387,105427.0
AJG,2019-04-04,0.0001588789951293,90612.0
AJG,2019-04-05,0.0001493980813704,123364.0
AJG,2019-04-08,0.0001317693739363,84591.0
AJG,2019-04-09,0.0001438633820148,146656.0
AJG,2019-04-10,0.0001248849088045,130122.0
AJG,2019-04-11,0.0001507832707843,153928.0
AJG,2019-04-12,0.0001486504426929,88772.0
AJG,2019-04-15,0.0001443386727234,84299.0
AJG,2019-04-16,0.000133345762475,67331.0
AJG,2019-04-17,0.0001870025348189,170796.0
AJG,2019-04-18,0.0001658167458853,61775.0
AJG,2019-04-22,0.0001272924775245,67657.0
AJG,2019-04-23,0.0001373335024421,103160.0
AJG,2019-04-24,0.000112250073051,155914.0
AJG,2019-04-25,0.0001447395566004,133730.0
AJG,2019-04-26,0.0003877594409684,177425.0
AJG,2019-04-29,0.000178454214144,111969.0
AJG,2019-04-30,0.0001689705873776,169088.0
AJG,2019-05-01,0.0001921432974437,106203.0
AJG,2019-05-02,0.0002147582650515,124565.0
AJG,2019-05-03,0.0001509974781583,103925.0
AJG,2019-05-06,0.000192030333038,86090.0
AJG,2019-05-07,0.0002155671888077,96580.0
AJG,2019-05-08,0.0001849206101518,78132.0
AJG,2019-05-09,0.0002342330055755,144058.0
AJG,2019-05-10,0.0002012780481617,87930.0
AJG,2019-05-13,0.0002833315776069,118909.0
AJG,2019-05-14,0.0001814616080653,79730.0
AJG,2019-05-15,0.0002030704158989,122360.0
AJG,2019-05-16,0.0001591687839213,105982.0
AJG,2019-05-17,0.0002213031699983,95787.0
AJG,2019-05-20,0.0001715565057516,83910.0
AJG,2019-05-21,0.0001354091987019,90021.0
AJG,2019-05-22,0.0001389921686817,91981.0
AJG,2019-05-23,0.0001749632888663,101487.0
AJG,2019-05-24,0.0001887414721935,49302.0
AJG,2019-05-28,0.0001478805655163,92199.0
AJG,2019-05-29,0.0001844608591611,82091.0
AJG,2019-05-30,0.0001717903216372,104883.0
AJG,2019-05-31,0.0001707925513996,98529.0
AJG,2019-06-03,0.0002453536670223,131423.0
AJG,2019-06-04,0.0001878222983632,149333.0
AJG,2019-06-05,0.0001668907752481,117300.0
AJG,2019-06-06,0.0001742592332279,79654.0
AJG,2019-06-07,0.0001457610610266,89442.0
AJG,2019-06-10,0.0001521465652793,103516.0
AJG,2019-06-11,0.0001563265703665,115270.0
AJG,2019-06-12,0.0002019523870025,59459.0
AJG,2019-06-13,0.000175119432589,116745.0
AJG,2019-06-14,0.000138845176013,75541.0
AJG,2019-06-17,0.0001631946109148,113530.0
AJG,2019-06-18,0.0001839290689136,134239.0
AJG,2019-06-19,0.000185150284766,116974.0
AJG,2019-06-20,0.0001786093449854,194599.0
AJG,2019-06-21,0.0001747248627811,90822.0
AJG,2019-06-24,0.0001448778186311,66615.0
AJG,2019-06-25,0.0001568107623391,132046.0
AJG,2019-06-26,0.0001579260774953,94126.0
AJG,2019-06-27,0.0001745833999391,90913.0
AJG,2019-06-28,0.0001799907008996,201860.0
AJG,2019-07-01,0.0001875645570693,113178.0
AJG,2019-07-02,0.0001811451939327,123484.0
AJG,2019-07-03,0.0001508377642717,71611.0
AJG,2019-07-05,0.0001821053468655,81522.0
AJG,2019-07-08,0.0001237552499565,66359.0
AJG,2019-07-09,0.0001496078209815,94274.0
AJG,2019-07-10,0.0001403607934289,79840.0
AJG,2019-07-11,0.0001229675486535,123964.0
AJG,2019-07-12,0.0001442475810614,91654.0
AJG,2019-07-15,0.0001227240576115,158708.0
AJG,2019-07-16,0.0001446236738923,203795.0
AJG,2019-07-17,0.0001430094811788,189307.0
AJG,2019-07-18,0.0001603611043034,200401.0
AJG,2019-07-19,0.0001619974944675,201942.0
AJG,2019-07-22,0.0001956970892534,293389.0
AJG,2019-07-23,0.0001785389389137,123874.0
AJG,2019-07-24,0.0001520489518065,106825.0
AJG,2019-07-25,0.0001940706241338,140960.0
AJG,2019-07-26,0.0002756710161408,171004.0
AJG,2019-07-29,0.0001636360236443,161506.0
AJG,2019-07-30,0.0001681990095672,121868.0
AJG,2019-07-31,0.0002284689478657,133124.0
AJG,2019-08-01,0.0002566021910295,150382.0
AJG,2019-08-02,0.0002018905875725,102476.0
AJG,2019-08-05,0.0002613131800965,145991.0
AJG,2019-08-06,0.0002651876519478,133804.0
AJG,2019-08-07,0.0003030381923576,107797.0
AJG,2019-08-08,0.0001950774163595,90653.0
AJG,2019-08-09,0.0002166412503326,65819.0
AJG,2019-08-12,0.0001991603620218,72508.0
AJG,2019-08-13,0.000315216890172,84859.0
AJG,2019-08-14,0.0002970414379517,117389.0
AJG,2019-08-15,0.0002998710304255,98624.0
AJG,2019-08-16,0.0002202158341596,119523.0
AJG,2019-08-19,0.0001773873475744,75052.0
AJG,2019-08-20,0.0001801875127486,58680.0
AJG,2019-08-21,0.0001896878924934,73381.0
AJG,2019-08-22,0.0001910009698568,67216.0
AJG,2019-08-23,0.0003289500181187,145953.0
AJG,2019-08-26,0.0002435265182854,98320.0
AJG,2019-08-27,0.0002634291034871,102590.0
AJG,2019-08-28,0.0002154004683145,129402.0
AJG,2019-08-29,0.0002325804833717,98948.0
AJG,2019-08-30,0.0002647866313132,148848.0
AJG,2019-09-03,0.0002418394041406,99383.0
AJG,2019-09-04,0.0001849338044007,72154.0
AJG,2019-09-05,0.0002029381144835,70799.0
AJG,2019-09-06,0.0001664556822232,101476.0
AJG,2019-09-09,0.0001893740682898,69806.0
AJG,2019-09-10,0.0002403205432767,108356.0
AJG,2019-09-11,0.0003069590727426,106220.0
AJG,2019-09-12,0.0003244079306494,120207.0
AJG,2019-09-13,0.0002926218995031,107242.0
AJG,2019-09-16,0.0002854798398028,75835.0
AJG,2019-09-17,0.0002379616554772,137385.0
AJG,2019-09-18,0.0002466599128587,48855.0
AJG,2019-09-19,0.0001775411057774,71730.0
AJG,2019-09-20,0.0001984891761965,68443.0
AJG,2019-09-23,0.0001680459784484,69450.0
AJG,2019-09-24,0.0002196949746394,97265.0
AJG,2019-09-25,0.0001908984797246,62941.0
AJG,2019-09-26,0.0002226926308145,79288.0
AJG,2019-09-27,0.0002075379663157,42465.0
AJG,2019-09-30,0.0001829826402367,41954.0
AJG,2019-10-01,0.0002097961037661,106819.0
AJG,2019-10-02,0.0002850596302739,101683.0
AJG,2019-10-03,0.0002541302352835,53347.0
AJG,2019-10-04,0.0002409180270896,87402.0
AJG,2019-10-07,0.0002086650499978,105434.0
AJG,2019-10-08,0.0002659355688535,131699.0
AJG,2019-10-09,0.0002405074412242,75716.0
AJG,2019-10-10,0.000242340634485,98434.0
AJG,2019-10-11,0.0002438835914508,79919.0
AJG,2019-10-14,0.000178882848297,112657.0
AJG,2019-10-15,0.0001907590712587,138195.0
AJG,2019-10-16,0.0002142909521131,86406.0
AJG,2019-10-17,0.0001620533813608,118129.0
AJG,2019-10-18,0.0002265439916092,87538.0
AJG,2019-10-21,0.0001821864034922,106693.0
AJG,2019-10-22,0.0001789358822012,61895.0
AJG,2019-10-23,0.0001818339863825,80158.0
AJG,2019-10-24,0.0002036435382521,150556.0
AJG,2019-10-25,0.0003857265275541,126565.0
AJG,2019-10-28,0.0002250150531421,115154.0
AJG,2019-10-29,0.0002486367306159,125418.0
AJG,2019-10-30,0.0002129310441503,102314.0
AJG,2019-10-31,0.0002020109816328,61173.0
AJG,2019-11-01,0.0001469860059611,58873.0
AJG,2019-11-04,0.0001974870870386,88084.0
AJG,2019-11-05,0.0001862819683328,81998.0
AJG,2019-11-06,0.0002361452978824,83699.0
AJG,2019-11-07,0.0001829782766485,62869.0
AJG,2019-11-08,0.0001769976161356,58778.0
AJG,2019-11-11,0.0001574582863148,49006.0
AJG,2019-11-12,0.0001598791909571,71049.0
AJG,2019-11-13,0.0001738923529848,71225.0
AJG,2019-11-14,0.0001643437087063,84098.0
AJG,2019-11-15,0.0001279187483672,65487.0
AJG,2019-11-18,0.0001601706149418,44634.0
AJG,2019-11-19,0.0001444062702827,67529.0
AJG,2019-11-20,0.0001817790878586,75936.0
AJG,2019-11-21,0.0001718996605783,61418.0
AJG,2019-11-22,0.0001619001856269,82443.0
AJG,2019-11-25,0.0001625302994094,88856.0
AJG,2019-11-26,0.0001683547398157,71065.0
AJG,2019-11-27,0.0001538326246075,91788.0
AJG,2019-11-29,0.0001470683462601,37883.0
AJG,2019-12-02,0.0002192022536929,90182.0
AJG,2019-12-03,0.0001947855594807,59469.0
AJG,2019-12-04,0.0001881598002912,103106.0
AJG,2019-12-05,0.0002610235256366,72657.0
AJG,2019-12-06,0.000168957572209,46848.0
AJG,2019-12-09,0.000145422711171,74609.0
AJG,2019-12-10,0.0001435488297982,48290.0
AJG,2019-12-11,0.0001851343101283,54327.0
AJG,2019-12-12,0.0002169195841766,66989.0
AJG,2019-12-13,0.0002331440415116,58168.0
AJG,2019-12-16,0.0001476459694837,67834.0
AJG,2019-12-17,0.0001561318209388,87384.0
AJG,2019-12-18,0.000163536236187,68303.0
AJG,2019-12-19,0.0001468564886686,70015.0
AJG,2019-12-20,0.0002182692046691,83424.0
AJG,2019-12-23,0.0001825252958496,67835.0
AJG,2019-12-24,0.0001155298687751,28721.0
AJG,2019-12-26,0.0001245005042689,31598.0
AJG,2019-12-27,0.0001740578562563,50932.0
AKAM,2019-01-02,0.0004465942928755,376850.0
AKAM,2019-01-03,0.0004723952882245,335907.0
AKAM,2019-01-04,0.0003517615828723,371124.0
AKAM,2019-01-07,0.0003575809089515,367193.0
AKAM,2019-01-08,0.0003039261643789,343425.0
AKAM,2019-01-09,0.0002494479115442,12222.0
AKAM,2019-01-10,0.0002864681971345,176770.0
AKAM,2019-01-11,0.0002398069708052,160919.0
AKAM,2019-01-14,0.0002213955420987,146029.0
AKAM,2019-01-15,0.0002827669964911,332230.0
AKAM,2019-01-16,0.0002333097689568,167217.0
AKAM,2019-01-17,0.000260957537116,303235.0
AKAM,2019-01-18,0.0002615897066763,232229.0
AKAM,2019-01-22,0.0002579643747847,159463.0
AKAM,2019-01-23,0.0002518997671567,179939.0
AKAM,2019-01-24,0.000275207658701,137329.0
AKAM,2019-01-25,0.0002214438737414,174713.0
AKAM,2019-01-28,0.000254350406103,202026.0
AKAM,2019-01-29,0.0001816445060691,183405.0
AKAM,2019-01-30,0.0002550389741578,188764.0
AKAM,2019-01-31,0.0002350163827662,286949.0
AKAM,2019-02-01,0.0003295267307265,290185.0
AKAM,2019-02-04,0.0001814342029239,271866.0
AKAM,2019-02-05,0.0002057022643089,310146.0
AKAM,2019-02-06,0.0002338672646467,292350.0
AKAM,2019-02-07,0.0002670540313518,241743.0
AKAM,2019-02-08,0.0002189469228348,219252.0
AKAM,2019-02-11,0.0002497996902958,337169.0
AKAM,2019-02-12,0.0002174394306516,469117.0
AKAM,2019-02-13,0.0005789477522354,606504.0
AKAM,2019-02-14,0.0002514839337538,248804.0
AKAM,2019-02-15,0.0002066569513243,231633.0
AKAM,2019-02-19,0.000196093197383,237524.0
AKAM,2019-02-20,0.0001934913794623,188719.0
AKAM,2019-02-21,0.0002438423404379,284791.0
AKAM,2019-02-22,0.0001664650263776,184075.0
AKAM,2019-02-25,0.0001983593123068,139172.0
AKAM,2019-02-26,0.0002002799889008,227574.0
AKAM,2019-02-27,0.0001956718854002,148245.0
AKAM,2019-02-28,0.0001661030671892,218982.0
AKAM,2019-03-01,0.0002123568066987,371865.0
AKAM,2019-03-04,0.0002362549184124,230884.0
AKAM,2019-03-05,0.0002048913572986,256253.0
AKAM,2019-03-06,0.0001980349952341,300480.0
AKAM,2019-03-07,0.0002174165700698,289610.0
AKAM,2019-03-08,0.0002144268395733,142971.0
AKAM,2019-03-11,0.0001950537560924,244296.0
AKAM,2019-03-12,0.0001892533240651,296004.0
AKAM,2019-03-13,0.0001453804271883,225206.0
AKAM,2019-03-14,0.000174795789377,174030.0
AKAM,2019-03-15,0.0001604586047037,192894.0
AKAM,2019-03-18,0.0001642102221119,190555.0
AKAM,2019-03-19,0.000181553544302,203809.0
AKAM,2019-03-20,0.0002049401123526,285807.0
AKAM,2019-03-21,0.0001655499563879,219278.0
AKAM,2019-03-22,0.0002670944240499,200193.0
AKAM,2019-03-25,0.0004280706732078,346348.0
AKAM,2019-03-26,0.0002647283658501,268800.0
AKAM,2019-03-27,0.0002794296233387,353256.0
AKAM,2019-03-28,0.0002235288691055,144034.0
AKAM,2019-03-29,0.000210818766791,176558.0
AKAM,2019-04-01,0.0001920600407075,224074.0
AKAM,2019-04-02,0.0002479690585527,257091.0
AKAM,2019-04-03,0.0001706170261846,173968.0
AKAM,2019-04-04,0.0002005621846699,154420.0
AKAM,2019-04-05,0.0001925752659767,174415.0
AKAM,2019-04-08,0.0001802660228486,135995.0
AKAM,2019-04-09,0.0001547254818455,181864.0
AKAM,2019-04-10,0.0001851125173356,296332.0
AKAM,2019-04-11,0.0001582254911692,159659.0
AKAM,2019-04-12,0.0001598063855613,263562.0
AKAM,2019-04-15,0.0001757531841511,276734.0
AKAM,2019-04-16,0.0001313014755137,239737.0
AKAM,2019-04-17,0.000179328307274,238331.0
AKAM,2019-04-18,0.0001846031011474,211512.0
AKAM,2019-04-22,0.0001716322987898,203689.0
AKAM,2019-04-23,0.0001579939270445,146142.0
AKAM,2019-04-24,0.0001903620853809,165173.0
AKAM,2019-04-25,0.0002342856266204,214966.0
AKAM,2019-04-26,0.0001662341843892,184329.0
AKAM,2019-04-29,0.0001485100129094,206899.0
AKAM,2019-04-30,0.0002067893106175,435385.0
AKAM,2019-05-01,0.0006682786951366,522767.0
AKAM,2019-05-02,0.0002799225623657,321605.0
AKAM,2019-05-03,0.0002234397519775,215543.0
AKAM,2019-05-06,0.000403333070818,326243.0
AKAM,2019-05-07,0.0003157301062398,378600.0
AKAM,2019-05-08,0.0002425806030846,231151.0
AKAM,2019-05-09,0.000301778548845,208091.0
AKAM,2019-05-10,0.0002395540544444,239031.0
AKAM,2019-05-13,0.0003175720052908,208521.0
AKAM,2019-05-14,0.0002685202542949,202675.0
AKAM,2019-05-15,0.0002372375627495,167989.0
AKAM,2019-05-16,0.0002469812545816,226521.0
AKAM,2019-05-17,0.0002504037060706,152818.0
AKAM,2019-05-20,0.0002540143946871,171229.0
AKAM,2019-05-21,0.0001951481428022,176856.0
AKAM,2019-05-22,0.0002149287416165,269057.0
AKAM,2019-05-23,0.0002273342514931,240588.0
AKAM,2019-05-24,0.0001999585237666,161166.0
AKAM,2019-05-28,0.0002565950329852,142545.0
AKAM,2019-05-29,0.0002450347219104,159814.0
AKAM,2019-05-30,0.0002209414452094,171043.0
AKAM,2019-05-31,0.0002422195366688,220307.0
AKAM,2019-06-03,0.0003263446593713,262503.0
AKAM,2019-06-04,0.0002557327727748,256060.0
AKAM,2019-06-05,0.0002571944071206,220131.0
AKAM,2019-06-06,0.0002159384458561,147771.0
AKAM,2019-06-07,0.0002325074156388,203228.0
AKAM,2019-06-10,0.0002321553073057,207622.0
AKAM,2019-06-11,0.00022215449927,141271.0
AKAM,2019-06-12,0.0001846694767814,147890.0
AKAM,2019-06-13,0.0001920885368778,130914.0
AKAM,2019-06-14,0.0002091715736409,161115.0
AKAM,2019-06-17,0.0003091721554074,262581.0
AKAM,2019-06-18,0.0002349189805307,246329.0
AKAM,2019-06-19,0.0002344907437311,202929.0
AKAM,2019-06-20,0.0002114623692885,211603.0
AKAM,2019-06-21,0.0002308772466304,239212.0
AKAM,2019-06-24,0.0001908113157237,203834.0
AKAM,2019-06-25,0.0002024290669524,152898.0
AKAM,2019-06-26,0.000228519242317,179119.0
AKAM,2019-06-27,0.0001959842695535,121480.0
AKAM,2019-06-28,0.0001900985911649,155970.0
AKAM,2019-07-01,0.0002049520274921,208384.0
AKAM,2019-07-02,0.0001911018540898,156104.0
AKAM,2019-07-03,0.0001624521987172,104991.0
AKAM,2019-07-05,0.0001655842604221,90936.0
AKAM,2019-07-08,0.0001670996499202,171803.0
AKAM,2019-07-09,0.0001890180935843,192720.0
AKAM,2019-07-10,0.0001758446475085,137227.0
AKAM,2019-07-11,0.0001631594052529,130739.0
AKAM,2019-07-12,0.0001541833599505,129899.0
AKAM,2019-07-15,0.0001490971478181,144633.0
AKAM,2019-07-16,0.0001810050057664,163695.0
AKAM,2019-07-17,0.0001937045353726,188037.0
AKAM,2019-07-18,0.0002178828913371,211880.0
AKAM,2019-07-19,0.0002044418938958,218175.0
AKAM,2019-07-22,0.0002181295785072,253617.0
AKAM,2019-07-23,0.0002033364238329,164497.0
AKAM,2019-07-24,0.0002032458649606,144700.0
AKAM,2019-07-25,0.0002071709389527,161246.0
AKAM,2019-07-26,0.0001753794376291,191090.0
AKAM,2019-07-29,0.0002215607428705,220087.0
AKAM,2019-07-30,0.0002524589668954,302578.0
AKAM,2019-07-31,0.0005585209249122,730852.0
AKAM,2019-08-01,0.0003782994265704,420465.0
AKAM,2019-08-02,0.0003170265370655,299423.0
AKAM,2019-08-05,0.0003896983417172,367474.0
AKAM,2019-08-06,0.0003153489899692,249555.0
AKAM,2019-08-07,0.0003918268931312,228400.0
AKAM,2019-08-08,0.0003040168574653,238219.0
AKAM,2019-08-09,0.0003077583957139,216898.0
AKAM,2019-08-12,0.0002811649934689,151743.0
AKAM,2019-08-13,0.0004751432530005,450754.0
AKAM,2019-08-14,0.000617855056857,604534.0
AKAM,2019-08-15,0.0003627750955134,281601.0
AKAM,2019-08-16,0.000309940803848,204107.0
AKAM,2019-08-19,0.0002168579033645,217091.0
AKAM,2019-08-20,0.0002319354921241,232203.0
AKAM,2019-08-21,0.0002244486501226,214838.0
AKAM,2019-08-22,0.000216816576582,153777.0
AKAM,2019-08-23,0.0003333847527556,263296.0
AKAM,2019-08-26,0.000308596169451,147872.0
AKAM,2019-08-27,0.000280832480515,177173.0
AKAM,2019-08-28,0.0002714792797538,171030.0
AKAM,2019-08-29,0.0002588174266868,181029.0
AKAM,2019-08-30,0.0002137274848556,164897.0
AKAM,2019-09-03,0.0002604393982965,230518.0
AKAM,2019-09-04,0.0001773808376647,167653.0
AKAM,2019-09-05,0.0002326920469099,285400.0
AKAM,2019-09-06,0.0002399087456538,269217.0
AKAM,2019-09-09,0.0002932748575627,214630.0
AKAM,2019-09-10,0.0002798180456545,174672.0
AKAM,2019-09-11,0.0002401800867342,219563.0
AKAM,2019-09-12,0.0003283529168409,519727.0
AKAM,2019-09-13,0.0003106259110169,560540.0
AKAM,2019-09-16,0.0004275853741933,700741.0
AKAM,2019-09-17,0.0002863080030924,267321.0
AKAM,2019-09-18,0.0002649594142853,125533.0
AKAM,2019-09-19,0.0002760227325549,160498.0
AKAM,2019-09-20,0.0002706368340542,237203.0
AKAM,2019-09-23,0.0002569800378151,160619.0
AKAM,2019-09-24,0.0003044155317462,252905.0
AKAM,2019-09-25,0.0002996089305101,190124.0
AKAM,2019-09-26,0.0002229177613039,168542.0
AKAM,2019-09-27,0.0002551729937505,247336.0
AKAM,2019-09-30,0.0002135488561379,174535.0
AKAM,2019-10-01,0.0002973341758178,259316.0
AKAM,2019-10-02,0.0002772143886664,269454.0
AKAM,2019-10-03,0.0003109525460681,218957.0
AKAM,2019-10-04,0.0002160955489553,248292.0
AKAM,2019-10-07,0.0002058786565241,197133.0
AKAM,2019-10-08,0.0003197598981141,170014.0
AKAM,2019-10-09,0.000228431278124,192163.0
AKAM,2019-10-10,0.0002182922398537,156533.0
AKAM,2019-10-11,0.0002793115987245,217881.0
AKAM,2019-10-14,0.0002372115554339,153790.0
AKAM,2019-10-15,0.000222727844284,164729.0
AKAM,2019-10-16,0.0002141328473186,173712.0
AKAM,2019-10-17,0.0002355103291899,209549.0
AKAM,2019-10-18,0.0002607463767638,278142.0
AKAM,2019-10-21,0.0002082181687063,199484.0
AKAM,2019-10-22,0.0002451430144915,229801.0
AKAM,2019-10-23,0.000196823103651,185150.0
AKAM,2019-10-24,0.00023652740343,253617.0
AKAM,2019-10-25,0.0002049176563552,271022.0
AKAM,2019-10-28,0.0002472515516736,615207.0
AKAM,2019-10-29,0.0008564672337982,566121.0
AKAM,2019-10-30,0.0003555032794802,356281.0
AKAM,2019-10-31,0.0002344455112467,241155.0
AKAM,2019-11-01,0.0002093514605584,219906.0
AKAM,2019-11-04,0.000236839732015,253873.0
AKAM,2019-11-05,0.0001949959326535,384954.0
AKAM,2019-11-06,0.0002221067405896,430575.0
AKAM,2019-11-07,0.0002232384167574,276208.0
AKAM,2019-11-08,0.0002954671866995,348363.0
AKAM,2019-11-11,0.0002060717016111,195445.0
AKAM,2019-11-12,0.0002233343161736,267474.0
AKAM,2019-11-13,0.000225904070336,199757.0
AKAM,2019-11-14,0.0002217690490077,214615.0
AKAM,2019-11-15,0.0002131329929115,307257.0
AKAM,2019-11-18,0.0002352856587851,228867.0
AKAM,2019-11-19,0.0001880309258678,186213.0
AKAM,2019-11-20,0.0002367045391335,209052.0
AKAM,2019-11-21,0.0002366272430067,290076.0
AKAM,2019-11-22,0.0002260561376215,272970.0
AKAM,2019-11-25,0.0001667919977032,179301.0
AKAM,2019-11-26,0.0001845487324849,270892.0
AKAM,2019-11-27,0.0002133108468588,241239.0
AKAM,2019-11-29,0.000179926684977,85784.0
AKAM,2019-12-02,0.0002892554268577,223713.0
AKAM,2019-12-03,0.0002240774785847,196916.0
AKAM,2019-12-04,0.0001939279871326,252396.0
AKAM,2019-12-05,0.0002565236607324,322418.0
AKAM,2019-12-06,0.0002105639687622,255052.0
AKAM,2019-12-09,0.0001628261463157,142980.0
AKAM,2019-12-10,0.0002010862688626,190960.0
AKAM,2019-12-11,0.0001625808550299,148742.0
AKAM,2019-12-12,0.0002745261776559,200461.0
AKAM,2019-12-13,0.0002177971413587,204074.0
AKAM,2019-12-16,0.000183954866057,205446.0
AKAM,2019-12-17,0.0002039858391072,186880.0
AKAM,2019-12-18,0.0001735967385936,209118.0
AKAM,2019-12-19,0.0001520393302263,153957.0
AKAM,2019-12-20,0.0002914077904497,446395.0
AKAM,2019-12-23,0.0002172446666453,179938.0
AKAM,2019-12-24,0.0001274825908232,65211.0
AKAM,2019-12-26,0.0001378006222219,87787.0
AKAM,2019-12-27,0.0001492177067144,151488.0
ALB,2019-01-02,0.0004574948414175,150089.0
ALB,2019-01-03,0.0005713803924957,208810.0
ALB,2019-01-04,0.0004727962166022,257753.0
ALB,2019-01-07,0.0004895637286579,115251.0
ALB,2019-01-08,0.0003401567386801,175510.0
ALB,2019-01-09,0.0001288572335366,1549.0
ALB,2019-01-10,0.000429231816523,140286.0
ALB,2019-01-11,0.0003750939619641,165180.0
ALB,2019-01-14,0.0003760984919186,134094.0
ALB,2019-01-15,0.0004446986977062,241146.0
ALB,2019-01-16,0.0003716822743478,261700.0
ALB,2019-01-17,0.0003861368635385,184053.0
ALB,2019-01-18,0.0003718189622847,183315.0
ALB,2019-01-22,0.0004055283241982,175440.0
ALB,2019-01-23,0.0003376599169581,159000.0
ALB,2019-01-24,0.0004334610972562,180442.0
ALB,2019-01-25,0.0003292751141641,193595.0
ALB,2019-01-28,0.0003407032182632,188121.0
ALB,2019-01-29,0.0003324108280042,222438.0
ALB,2019-01-30,0.000393740414144,165493.0
ALB,2019-01-31,0.000410953956698,185964.0
ALB,2019-02-01,0.0003559097039773,163393.0
ALB,2019-02-04,0.0002805440046185,114065.0
ALB,2019-02-05,0.0003678629896184,131011.0
ALB,2019-02-06,0.0002856255870281,144067.0
ALB,2019-02-07,0.0003357901304139,155892.0
ALB,2019-02-08,0.0003427185530906,107008.0
ALB,2019-02-11,0.0003538366782382,110863.0
ALB,2019-02-12,0.0003509556784458,306277.0
ALB,2019-02-13,0.0002801289962606,117758.0
ALB,2019-02-14,0.0003017128911647,155075.0
ALB,2019-02-15,0.0002679223796717,250466.0
ALB,2019-02-19,0.000233329116446,185574.0
ALB,2019-02-20,0.000294834064799,247890.0
ALB,2019-02-21,0.0008816267906608,560767.0
ALB,2019-02-22,0.0003381187776805,179483.0
ALB,2019-02-25,0.0003722379311008,169121.0
ALB,2019-02-26,0.0002553521609569,150145.0
ALB,2019-02-27,0.0002575019025608,178764.0
ALB,2019-02-28,0.0002691504369441,228248.0
ALB,2019-03-01,0.000300287939989,232955.0
ALB,2019-03-04,0.000364050914354,193680.0
ALB,2019-03-05,0.0002022582825446,89972.0
ALB,2019-03-06,0.0002326841766746,114785.0
ALB,2019-03-07,0.0002965322119337,191287.0
ALB,2019-03-08,0.0004361798733105,204428.0
ALB,2019-03-11,0.0002553071320321,102683.0
ALB,2019-03-12,0.0002179886855753,134136.0
ALB,2019-03-13,0.0002259296102842,130875.0
ALB,2019-03-14,0.0002139099635399,128412.0
ALB,2019-03-15,0.0002449822912306,106903.0
ALB,2019-03-18,0.0002339867735442,76746.0
ALB,2019-03-19,0.0002328297310745,100172.0
ALB,2019-03-20,0.0002717455411828,93387.0
ALB,2019-03-21,0.000207802018838,142738.0
ALB,2019-03-22,0.0003045906772878,112493.0
ALB,2019-03-25,0.0003352187576931,119835.0
ALB,2019-03-26,0.0002697238238053,172426.0
ALB,2019-03-27,0.0003416832332277,198263.0
ALB,2019-03-28,0.000299719538435,114954.0
ALB,2019-03-29,0.0003518711128648,177778.0
ALB,2019-04-01,0.0003073598973856,253335.0
ALB,2019-04-02,0.0003348188217703,207584.0
ALB,2019-04-03,0.0002870917049166,212633.0
ALB,2019-04-04,0.0002964762009361,191767.0
ALB,2019-04-05,0.0002184784789699,113308.0
ALB,2019-04-08,0.0002190927801239,106912.0
ALB,2019-04-09,0.0003065576487003,159655.0
ALB,2019-04-10,0.0002442281256606,87176.0
ALB,2019-04-11,0.0002736179429226,159114.0
ALB,2019-04-12,0.0002335735214066,117029.0
ALB,2019-04-15,0.0002548403289424,126309.0
ALB,2019-04-16,0.0002465927933246,112820.0
ALB,2019-04-17,0.0003108140940875,142336.0
ALB,2019-04-18,0.000246305334383,86480.0
ALB,2019-04-22,0.0001841029579293,90994.0
ALB,2019-04-23,0.0003695891752853,200120.0
ALB,2019-04-24,0.0002947537761143,191409.0
ALB,2019-04-25,0.0003250953920786,174978.0
ALB,2019-04-26,0.0003810803520601,169726.0
ALB,2019-04-29,0.0002898229615052,155377.0
ALB,2019-04-30,0.0002271896340044,110899.0
ALB,2019-05-01,0.0003420728529108,121341.0
ALB,2019-05-02,0.0003699880852852,267403.0
ALB,2019-05-03,0.0002826144166783,160203.0
ALB,2019-05-06,0.0003839330357827,205915.0
ALB,2019-05-07,0.0003160978618512,300378.0
ALB,2019-05-08,0.0004864728921915,363192.0
ALB,2019-05-09,0.0006845717736795,301008.0
ALB,2019-05-10,0.0004372100787538,256525.0
ALB,2019-05-13,0.0004104572131629,373693.0
ALB,2019-05-14,0.0003151210462967,198438.0
ALB,2019-05-15,0.000322166593224,196866.0
ALB,2019-05-16,0.0002574014842931,167796.0
ALB,2019-05-17,0.0003589869884591,155666.0
ALB,2019-05-20,0.0002931444756542,142006.0
ALB,2019-05-21,0.0002827409260773,150726.0
ALB,2019-05-22,0.0002313852499207,93666.0
ALB,2019-05-23,0.0002849168995737,185701.0
ALB,2019-05-24,0.0002550322736164,134171.0
ALB,2019-05-28,0.000276053563797,190956.0
ALB,2019-05-29,0.0003116322430794,281869.0
ALB,2019-05-30,0.0003150208512685,158747.0
ALB,2019-05-31,0.0003233983546887,167457.0
ALB,2019-06-03,0.0003707903180484,282980.0
ALB,2019-06-04,0.0003780166313988,163239.0
ALB,2019-06-05,0.0003415129569383,116834.0
ALB,2019-06-06,0.0003165998833956,119310.0
ALB,2019-06-07,0.0003295917193133,122160.0
ALB,2019-06-10,0.0003259774208193,113322.0
ALB,2019-06-11,0.0003443096290904,324741.0
ALB,2019-06-12,0.0003241963434697,181153.0
ALB,2019-06-13,0.0002504217002872,117877.0
ALB,2019-06-14,0.0002768683661251,157892.0
ALB,2019-06-17,0.000348667520891,118457.0
ALB,2019-06-18,0.0003080482134357,140807.0
ALB,2019-06-19,0.0003780699839805,210319.0
ALB,2019-06-20,0.0004486973731389,183316.0
ALB,2019-06-21,0.0003699795262302,156390.0
ALB,2019-06-24,0.0003409013826262,116943.0
ALB,2019-06-25,0.0003001723591863,139179.0
ALB,2019-06-26,0.000313941261514,159350.0
ALB,2019-06-27,0.0003338764127827,81785.0
ALB,2019-06-28,0.0003461676760934,150736.0
ALB,2019-07-01,0.000299010982367,139380.0
ALB,2019-07-02,0.0002700121248557,100080.0
ALB,2019-07-03,0.0002223934859799,76750.0
ALB,2019-07-05,0.0002579810186279,103122.0
ALB,2019-07-08,0.0002662000464386,111940.0
ALB,2019-07-09,0.0002410735214438,145168.0
ALB,2019-07-10,0.0002700768621161,143217.0
ALB,2019-07-11,0.0001972091806795,87637.0
ALB,2019-07-12,0.0002750248366016,143867.0
ALB,2019-07-15,0.0003136069412932,91123.0
ALB,2019-07-16,0.0002853268737239,135639.0
ALB,2019-07-17,0.000254680170064,105892.0
ALB,2019-07-18,0.0002529118881774,73137.0
ALB,2019-07-19,0.0002405418779437,148962.0
ALB,2019-07-22,0.0003042719181491,159132.0
ALB,2019-07-23,0.0002900406275377,103096.0
ALB,2019-07-24,0.000235198360068,107897.0
ALB,2019-07-25,0.0002727834206078,129892.0
ALB,2019-07-26,0.0002810690530139,154031.0
ALB,2019-07-29,0.0002664175177546,157952.0
ALB,2019-07-30,0.0002890770856958,199988.0
ALB,2019-07-31,0.0003425491869281,132578.0
ALB,2019-08-01,0.0004814646214748,172669.0
ALB,2019-08-02,0.0005045439983814,202319.0
ALB,2019-08-05,0.0004918901761694,312345.0
ALB,2019-08-06,0.0003983392788946,290354.0
ALB,2019-08-07,0.0005479159778517,307468.0
ALB,2019-08-08,0.0008479177998055,391075.0
ALB,2019-08-09,0.000487208436271,239245.0
ALB,2019-08-12,0.0004005513830672,181971.0
ALB,2019-08-13,0.0004725161919779,224555.0
ALB,2019-08-14,0.0004220619555972,234270.0
ALB,2019-08-15,0.0004780525323093,276486.0
ALB,2019-08-16,0.0003261078635843,201016.0
ALB,2019-08-19,0.0003224521815097,145475.0
ALB,2019-08-20,0.0003093275979481,108613.0
ALB,2019-08-21,0.0002808602415968,176067.0
ALB,2019-08-22,0.0005253370542845,213159.0
ALB,2019-08-23,0.000473859163504,160893.0
ALB,2019-08-26,0.000396409375719,105779.0
ALB,2019-08-27,0.0003177884762827,108882.0
ALB,2019-08-28,0.0003358026975756,190950.0
ALB,2019-08-29,0.0003881693006119,288644.0
ALB,2019-08-30,0.0003665117535577,164578.0
ALB,2019-09-03,0.0004108133130282,153630.0
ALB,2019-09-04,0.0003739888691513,142679.0
ALB,2019-09-05,0.0003974720407675,184760.0
ALB,2019-09-06,0.0003366249023444,98634.0
ALB,2019-09-09,0.0003260736640796,138736.0
ALB,2019-09-10,0.0004805643856912,276990.0
ALB,2019-09-11,0.0006104977995945,240274.0
ALB,2019-09-12,0.0004507015546235,155688.0
ALB,2019-09-13,0.0005028398746812,143241.0
ALB,2019-09-16,0.0004365475269452,111262.0
ALB,2019-09-17,0.0004587235979008,143274.0
ALB,2019-09-18,0.0003601616968548,78643.0
ALB,2019-09-19,0.0003304141600823,131553.0
ALB,2019-09-20,0.0004025606203128,246964.0
ALB,2019-09-23,0.0003610088261403,96029.0
ALB,2019-09-24,0.0003548132832484,147345.0
ALB,2019-09-25,0.0003565045448218,106988.0
ALB,2019-09-26,0.0003127358380114,114862.0
ALB,2019-09-27,0.0003980469742494,170902.0
ALB,2019-09-30,0.0003140323776142,125365.0
ALB,2019-10-01,0.0003593265727016,175982.0
ALB,2019-10-02,0.0003926132215949,143812.0
ALB,2019-10-03,0.0004490137722107,127660.0
ALB,2019-10-04,0.0003204008488879,97368.0
ALB,2019-10-07,0.0003432033743665,83906.0
ALB,2019-10-08,0.0004160667426239,110944.0
ALB,2019-10-09,0.0003494946606581,126308.0
ALB,2019-10-10,0.0003826400798127,123723.0
ALB,2019-10-11,0.0004233105898683,180048.0
ALB,2019-10-14,0.000303058789727,160814.0
ALB,2019-10-15,0.0002694959927364,103689.0
ALB,2019-10-16,0.0003254730140939,96113.0
ALB,2019-10-17,0.0003030972538757,107537.0
ALB,2019-10-18,0.0002774602612535,111267.0
ALB,2019-10-21,0.0003139928700814,96668.0
ALB,2019-10-22,0.0003676708705483,140851.0
ALB,2019-10-23,0.0003160828038313,108304.0
ALB,2019-10-24,0.0003367283570781,164292.0
ALB,2019-10-25,0.0007476918205751,479495.0
ALB,2019-10-28,0.0005244922420861,245255.0
ALB,2019-10-29,0.0003910869032565,218063.0
ALB,2019-10-30,0.0004326827520929,228227.0
ALB,2019-10-31,0.000449133362054,246794.0
ALB,2019-11-01,0.0003827634059032,309466.0
ALB,2019-11-04,0.0003397755211935,267725.0
ALB,2019-11-05,0.0004180405952677,183592.0
ALB,2019-11-06,0.0004522654972105,339825.0
ALB,2019-11-07,0.0007020233043794,226807.0
ALB,2019-11-08,0.0006628114850883,223910.0
ALB,2019-11-11,0.0003902973104918,117872.0
ALB,2019-11-12,0.0003503304722638,201798.0
ALB,2019-11-13,0.0004037683959938,125106.0
ALB,2019-11-14,0.000396715878397,100279.0
ALB,2019-11-15,0.0003813265729997,96932.0
ALB,2019-11-18,0.0003242095854229,89101.0
ALB,2019-11-19,0.0004028510758647,154302.0
ALB,2019-11-20,0.0004553504108042,178466.0
ALB,2019-11-21,0.0003888281892346,127682.0
ALB,2019-11-22,0.0004386629933478,101854.0
ALB,2019-11-25,0.0002924729228345,107790.0
ALB,2019-11-26,0.0003340566269147,108722.0
ALB,2019-11-27,0.0003120524203402,83671.0
ALB,2019-11-29,0.0002583437262381,44847.0
ALB,2019-12-02,0.0004377848863777,120982.0
ALB,2019-12-03,0.0004379415844008,143626.0
ALB,2019-12-04,0.000347546574894,129817.0
ALB,2019-12-05,0.0002815828970342,129526.0
ALB,2019-12-06,0.0003106448420527,134476.0
ALB,2019-12-09,0.0002452786418583,81903.0
ALB,2019-12-10,0.0002824939170454,103552.0
ALB,2019-12-11,0.0002562495962744,110744.0
ALB,2019-12-12,0.0003750312255279,121777.0
ALB,2019-12-13,0.0004448709906763,132431.0
ALB,2019-12-16,0.0002687508922036,145830.0
ALB,2019-12-17,0.0003085120842958,191037.0
ALB,2019-12-18,0.0002838290234005,83928.0
ALB,2019-12-19,0.0003414889552716,196254.0
ALB,2019-12-20,0.000339427546301,172278.0
ALB,2019-12-23,0.0003293989689424,160504.0
ALB,2019-12-24,0.0002061888010366,72075.0
ALB,2019-12-26,0.0001793408216148,64000.0
ALB,2019-12-27,0.0002172394973842,72546.0
ALGN,2019-01-02,0.0006597218670112,193854.0
ALGN,2019-01-03,0.0008808477195951,413309.0
ALGN,2019-01-04,0.0006708716163626,343191.0
ALGN,2019-01-07,0.0004738298733159,245466.0
ALGN,2019-01-08,0.0004369790247774,150348.0
ALGN,2019-01-09,0.0001526791693479,2662.0
ALGN,2019-01-10,0.0007137015348207,155995.0
ALGN,2019-01-11,0.0003808999711883,194708.0
ALGN,2019-01-14,0.0003763845009995,188698.0
ALGN,2019-01-15,0.0003906254639104,345244.0
ALGN,2019-01-16,0.0005599397586168,363909.0
ALGN,2019-01-17,0.0005601364795384,228274.0
ALGN,2019-01-18,0.0007486980370883,251057.0
ALGN,2019-01-22,0.0005083331299024,194961.0
ALGN,2019-01-23,0.0003842278372285,196591.0
ALGN,2019-01-24,0.000505331349779,181938.0
ALGN,2019-01-25,0.0003836612512568,238490.0
ALGN,2019-01-28,0.0005664217627318,222413.0
ALGN,2019-01-29,0.0004932102558465,167649.0
ALGN,2019-01-30,0.0011933024777184,499520.0
ALGN,2019-01-31,0.0005762498768015,622432.0
ALGN,2019-02-01,0.0004499842151788,269327.0
ALGN,2019-02-04,0.0003428645667897,155277.0
ALGN,2019-02-05,0.0003967787793598,195858.0
ALGN,2019-02-06,0.0003148150029989,165139.0
ALGN,2019-02-07,0.0003853085539384,159222.0
ALGN,2019-02-08,0.0003564926549156,149389.0
ALGN,2019-02-11,0.0004142750311159,239926.0
ALGN,2019-02-12,0.0004056018673353,310245.0
ALGN,2019-02-13,0.0004217427446881,208519.0
ALGN,2019-02-14,0.0003734615889636,192643.0
ALGN,2019-02-15,0.0003225203660403,140676.0
ALGN,2019-02-19,0.0003537190254472,128235.0
ALGN,2019-02-20,0.0003863683543968,171818.0
ALGN,2019-02-21,0.0003335472026866,247521.0
ALGN,2019-02-22,0.000321853096922,188715.0
ALGN,2019-02-25,0.0004217791741922,253108.0
ALGN,2019-02-26,0.0003238892633104,261133.0
ALGN,2019-02-27,0.0003460904444528,329599.0
ALGN,2019-02-28,0.0003021788976875,242246.0
ALGN,2019-03-01,0.0004114936161131,248883.0
ALGN,2019-03-04,0.0004338817301052,510655.0
ALGN,2019-03-05,0.0006916386391403,694283.0
ALGN,2019-03-06,0.0004689326759023,370141.0
ALGN,2019-03-07,0.0004123325091677,341647.0
ALGN,2019-03-08,0.0004331120711468,224037.0
ALGN,2019-03-11,0.0003719373082198,301768.0
ALGN,2019-03-12,0.0003568772276786,319057.0
ALGN,2019-03-13,0.0003715745513176,206438.0
ALGN,2019-03-14,0.0003859521671994,236861.0
ALGN,2019-03-15,0.0003490134579304,314010.0
ALGN,2019-03-18,0.0002999767857165,204346.0
ALGN,2019-03-19,0.0004756909530922,248455.0
ALGN,2019-03-20,0.0003494837117019,272848.0
ALGN,2019-03-21,0.0003767698807264,425488.0
ALGN,2019-03-22,0.000417372039442,238385.0
ALGN,2019-03-25,0.0004388261357829,261781.0
ALGN,2019-03-26,0.0003824356925042,103867.0
ALGN,2019-03-27,0.0003948102366627,244539.0
ALGN,2019-03-28,0.0004760413231427,233135.0
ALGN,2019-03-29,0.0004181005922391,137573.0
ALGN,2019-04-01,0.0003827600798395,157208.0
ALGN,2019-04-02,0.0003831914281038,184083.0
ALGN,2019-04-03,0.0003734140321886,302378.0
ALGN,2019-04-04,0.0003127977135225,101185.0
ALGN,2019-04-05,0.0003986809583087,283224.0
ALGN,2019-04-08,0.0003218287867541,98501.0
ALGN,2019-04-09,0.0003410635322827,254570.0
ALGN,2019-04-10,0.0002744086086501,176756.0
ALGN,2019-04-11,0.0003175797881249,70004.0
ALGN,2019-04-12,0.0003687517356459,135073.0
ALGN,2019-04-15,0.0003513868119956,199917.0
ALGN,2019-04-16,0.0003010420976816,94552.0
ALGN,2019-04-17,0.000465877926559,268565.0
ALGN,2019-04-18,0.0004563721735365,261185.0
ALGN,2019-04-22,0.0003945231149987,213040.0
ALGN,2019-04-23,0.0004630261980925,253852.0
ALGN,2019-04-24,0.0003880012191238,247105.0
ALGN,2019-04-25,0.001068224531053,399629.0
ALGN,2019-04-26,0.0004546412610546,246732.0
ALGN,2019-04-29,0.0003447196934625,225071.0
ALGN,2019-04-30,0.0003006572051067,209556.0
ALGN,2019-05-01,0.0003901440466223,172793.0
ALGN,2019-05-02,0.0004555917832255,225733.0
ALGN,2019-05-03,0.0003679669234217,143754.0
ALGN,2019-05-06,0.0004920923690528,315758.0
ALGN,2019-05-07,0.0004975116516827,160330.0
ALGN,2019-05-08,0.000420799178323,123273.0
ALGN,2019-05-09,0.0004425788507231,134832.0
ALGN,2019-05-10,0.0004605417412287,115114.0
ALGN,2019-05-13,0.0005330527160841,142967.0
ALGN,2019-05-14,0.0004008015054111,161920.0
ALGN,2019-05-15,0.0004111793763432,126397.0
ALGN,2019-05-16,0.00032039149477,162807.0
ALGN,2019-05-17,0.0004216944357413,144788.0
ALGN,2019-05-20,0.0004169340655883,143297.0
ALGN,2019-05-21,0.0003161422577743,115530.0
ALGN,2019-05-22,0.0002853404172044,93309.0
ALGN,2019-05-23,0.0003827839368688,195624.0
ALGN,2019-05-24,0.0003096614284024,92242.0
ALGN,2019-05-28,0.0003529532660992,91593.0
ALGN,2019-05-29,0.0005269851526955,214261.0
ALGN,2019-05-30,0.0003669888379007,98459.0
ALGN,2019-05-31,0.0008256461174335,355078.0
ALGN,2019-06-03,0.0005043287906302,210088.0
ALGN,2019-06-04,0.0004253839386119,174832.0
ALGN,2019-06-05,0.0003871503497176,184204.0
ALGN,2019-06-06,0.0003264217085216,93461.0
ALGN,2019-06-07,0.0003083387704406,111149.0
ALGN,2019-06-10,0.0003757798502582,114225.0
ALGN,2019-06-11,0.0004568651352338,131297.0
ALGN,2019-06-12,0.0003202840359856,77049.0
ALGN,2019-06-13,0.0003071161326178,59273.0
ALGN,2019-06-14,0.0002890446915559,64470.0
ALGN,2019-06-17,0.0006811859063153,328804.0
ALGN,2019-06-18,0.0003860168707863,150315.0
ALGN,2019-06-19,0.0003029144617629,97342.0
ALGN,2019-06-20,0.0003636531867369,116163.0
ALGN,2019-06-21,0.0003767427645273,163944.0
ALGN,2019-06-24,0.0003590821963191,161303.0
ALGN,2019-06-25,0.0003302538796592,123183.0
ALGN,2019-06-26,0.000351202106176,197722.0
ALGN,2019-06-27,0.0003669315687911,151569.0
ALGN,2019-06-28,0.0003270048600063,189115.0
ALGN,2019-07-01,0.000424595512121,148680.0
ALGN,2019-07-02,0.0003132432764319,152080.0
ALGN,2019-07-03,0.0002524265726858,103656.0
ALGN,2019-07-05,0.0003232539171056,83026.0
ALGN,2019-07-08,0.0002387861419759,89675.0
ALGN,2019-07-09,0.0002622594574761,80463.0
ALGN,2019-07-10,0.0003586629348406,163526.0
ALGN,2019-07-11,0.000288177896373,83580.0
ALGN,2019-07-12,0.00026514735092,113572.0
ALGN,2019-07-15,0.0002676877992681,81043.0
ALGN,2019-07-16,0.0002267982638025,54672.0
ALGN,2019-07-17,0.0002426922605508,74715.0
ALGN,2019-07-18,0.0004136208080879,142824.0
ALGN,2019-07-19,0.0002783965950341,122321.0
ALGN,2019-07-22,0.000318269147123,123943.0
ALGN,2019-07-23,0.0003119114194345,167866.0
ALGN,2019-07-24,0.0004608165692689,195373.0
ALGN,2019-07-25,0.0010354758170266,930075.0
ALGN,2019-07-26,0.0003581215185925,407534.0
ALGN,2019-07-29,0.0005295526129355,424459.0
ALGN,2019-07-30,0.0004292216826582,330176.0
ALGN,2019-07-31,0.0005927445594786,362879.0
ALGN,2019-08-01,0.0006166512958889,310125.0
ALGN,2019-08-02,0.0004573896002135,270891.0
ALGN,2019-08-05,0.000481094364351,347012.0
ALGN,2019-08-06,0.000421267165334,214658.0
ALGN,2019-08-07,0.000519975700545,360309.0
ALGN,2019-08-08,0.0004107201385273,221464.0
ALGN,2019-08-09,0.0003411992502404,141914.0
ALGN,2019-08-12,0.0004140134379275,194844.0
ALGN,2019-08-13,0.0003683380553578,160893.0
ALGN,2019-08-14,0.0004338013331319,187767.0
ALGN,2019-08-15,0.0004723833211435,199052.0
ALGN,2019-08-16,0.0003663883296645,172001.0
ALGN,2019-08-19,0.0003201938546142,197060.0
ALGN,2019-08-20,0.0003082716622413,157738.0
ALGN,2019-08-21,0.0002842928542213,116127.0
ALGN,2019-08-22,0.0003124138443583,152363.0
ALGN,2019-08-23,0.0004698442640909,204904.0
ALGN,2019-08-26,0.0004100058022739,160529.0
ALGN,2019-08-27,0.0003187512110764,147710.0
ALGN,2019-08-28,0.0002771499500304,156503.0
ALGN,2019-08-29,0.0002925301570571,190263.0
ALGN,2019-08-30,0.0003872370079068,254797.0
ALGN,2019-09-03,0.000438152406113,290590.0
ALGN,2019-09-04,0.00038133058382,202026.0
ALGN,2019-09-05,0.0003335753379014,199130.0
ALGN,2019-09-06,0.000360703406623,202625.0
ALGN,2019-09-09,0.0003345770736716,253955.0
ALGN,2019-09-10,0.0004383201889835,265574.0
ALGN,2019-09-11,0.0004132916001786,145232.0
ALGN,2019-09-12,0.0005120915679005,221681.0
ALGN,2019-09-13,0.0003724354340429,172934.0
ALGN,2019-09-16,0.0003239212658203,121789.0
ALGN,2019-09-17,0.0002948494391781,93108.0
ALGN,2019-09-18,0.0002859173765667,80310.0
ALGN,2019-09-19,0.0002756666926589,148688.0
ALGN,2019-09-20,0.0004519511782042,297273.0
ALGN,2019-09-23,0.0003508582318105,194879.0
ALGN,2019-09-24,0.0003919849234521,230570.0
ALGN,2019-09-25,0.0003625850362359,147073.0
ALGN,2019-09-26,0.0003765174052471,233711.0
ALGN,2019-09-27,0.0004608947197821,125133.0
ALGN,2019-09-30,0.0003254643039511,137416.0
ALGN,2019-10-01,0.0003230861213135,228895.0
ALGN,2019-10-02,0.0004011002750518,192753.0
ALGN,2019-10-03,0.0003522228179298,139196.0
ALGN,2019-10-04,0.0003125795922207,165574.0
ALGN,2019-10-07,0.0004346380946604,162021.0
ALGN,2019-10-08,0.0004282430564207,162917.0
ALGN,2019-10-09,0.0003523177282916,206919.0
ALGN,2019-10-10,0.0003573566593693,147450.0
ALGN,2019-10-11,0.0004178858957749,299925.0
ALGN,2019-10-14,0.0003787826724881,186644.0
ALGN,2019-10-15,0.0003326088316089,185667.0
ALGN,2019-10-16,0.0003139906165276,144438.0
ALGN,2019-10-17,0.0003549681367568,157201.0
ALGN,2019-10-18,0.0003823931140542,198973.0
ALGN,2019-10-21,0.0002962360578975,240671.0
ALGN,2019-10-22,0.0003508038515417,209898.0
ALGN,2019-10-23,0.0004570082116169,226391.0
ALGN,2019-10-24,0.0011174138239191,568393.0
ALGN,2019-10-25,0.0004841427347859,180022.0
ALGN,2019-10-28,0.0003742262014927,180237.0
ALGN,2019-10-29,0.0003672947903249,204157.0
ALGN,2019-10-30,0.0003770806654319,144590.0
ALGN,2019-10-31,0.000380732891607,119997.0
ALGN,2019-11-01,0.0003474574835505,137301.0
ALGN,2019-11-04,0.0003386846339878,163038.0
ALGN,2019-11-05,0.0003120673901845,160998.0
ALGN,2019-11-06,0.00039653589433,171472.0
ALGN,2019-11-07,0.0003414798513385,186188.0
ALGN,2019-11-08,0.0003174936796763,149389.0
ALGN,2019-11-11,0.0002584434580609,82862.0
ALGN,2019-11-12,0.0002962331399479,82578.0
ALGN,2019-11-13,0.0003324471177078,69324.0
ALGN,2019-11-14,0.0002902801420209,76686.0
ALGN,2019-11-15,0.0002484528724587,88985.0
ALGN,2019-11-18,0.0003529943661821,139706.0
ALGN,2019-11-19,0.0002825270617429,111024.0
ALGN,2019-11-20,0.0003657963232316,100056.0
ALGN,2019-11-21,0.0003811349387631,84549.0
ALGN,2019-11-22,0.0002293567323382,94557.0
ALGN,2019-11-25,0.0002881235122532,118624.0
ALGN,2019-11-26,0.0002639103367857,81443.0
ALGN,2019-11-27,0.0002486362525227,71725.0
ALGN,2019-11-29,0.0001882635365927,52056.0
ALGN,2019-12-02,0.0003337386082244,113847.0
ALGN,2019-12-03,0.0004445192676976,95702.0
ALGN,2019-12-04,0.0002721293014349,70774.0
ALGN,2019-12-05,0.0002979628854531,82693.0
ALGN,2019-12-06,0.0002754361647235,102372.0
ALGN,2019-12-09,0.0002093085017789,72054.0
ALGN,2019-12-10,0.0002885163641658,84231.0
ALGN,2019-12-11,0.0002428433875621,85446.0
ALGN,2019-12-12,0.00036851118071,164528.0
ALGN,2019-12-13,0.0005090526999026,183462.0
ALGN,2019-12-16,0.0002691759691166,102541.0
ALGN,2019-12-17,0.0002542222014997,107009.0
ALGN,2019-12-18,0.0002233557256211,109795.0
ALGN,2019-12-19,0.0002649172932114,100724.0
ALGN,2019-12-20,0.0002590124712473,119993.0
ALGN,2019-12-23,0.0002686297433057,96619.0
ALGN,2019-12-24,0.0002184155664486,31737.0
ALGN,2019-12-26,0.0001864549853784,45807.0
ALGN,2019-12-27,0.0002167456667396,43131.0
ALK,2019-01-02,0.0004583966618786,177873.0
ALK,2019-01-03,0.0005433564000308,312623.0
ALK,2019-01-04,0.0004337581824232,217697.0
ALK,2019-01-07,0.0003675703158147,154073.0
ALK,2019-01-08,0.000345946170995,170086.0
ALK,2019-01-09,0.0001442047539823,3135.0
ALK,2019-01-10,0.0004845878953024,235808.0
ALK,2019-01-11,0.0003287823838231,191278.0
ALK,2019-01-14,0.0003658420294327,289463.0
ALK,2019-01-15,0.0004032094659618,204845.0
ALK,2019-01-16,0.0003359150246595,207959.0
ALK,2019-01-17,0.0003344897310454,199219.0
ALK,2019-01-18,0.0002909649234056,236316.0
ALK,2019-01-22,0.0003018987992868,177900.0
ALK,2019-01-23,0.0002842001460074,212558.0
ALK,2019-01-24,0.0003720831431736,260235.0
ALK,2019-01-25,0.0006657862472684,499687.0
ALK,2019-01-28,0.0004103580334372,218493.0
ALK,2019-01-29,0.0002589298149609,213363.0
ALK,2019-01-30,0.0003318506807705,276929.0
ALK,2019-01-31,0.0002590466585082,247133.0
ALK,2019-02-01,0.0002998813480561,175721.0
ALK,2019-02-04,0.0002355020508247,164882.0
ALK,2019-02-05,0.0002587974428994,103975.0
ALK,2019-02-06,0.0002805442597251,115684.0
ALK,2019-02-07,0.0002569863496416,152102.0
ALK,2019-02-08,0.000268681694787,106746.0
ALK,2019-02-11,0.0002232281622293,134990.0
ALK,2019-02-12,0.0002547840711355,180648.0
ALK,2019-02-13,0.0002546862609212,108222.0
ALK,2019-02-14,0.0002958379238325,161368.0
ALK,2019-02-15,0.0002419381810051,86344.0
ALK,2019-02-19,0.0002871523213331,325298.0
ALK,2019-02-20,0.000279527311766,308500.0
ALK,2019-02-21,0.000305038807144,195366.0
ALK,2019-02-22,0.0002622707138554,209388.0
ALK,2019-02-25,0.0002216333165134,141317.0
ALK,2019-02-26,0.000205921875792,160068.0
ALK,2019-02-27,0.0003018581794406,183572.0
ALK,2019-02-28,0.0002909381620408,143206.0
ALK,2019-03-01,0.000270254246934,299651.0
ALK,2019-03-04,0.0003021560383675,196776.0
ALK,2019-03-05,0.0004009010860521,423092.0
ALK,2019-03-06,0.0003199639321916,304626.0
ALK,2019-03-07,0.0004469620805425,332104.0
ALK,2019-03-08,0.0002819534802036,199342.0
ALK,2019-03-11,0.0003234244104281,231016.0
ALK,2019-03-12,0.0004051897567264,425238.0
ALK,2019-03-13,0.0003823975589372,303024.0
ALK,2019-03-14,0.0003865044815717,213310.0
ALK,2019-03-15,0.0002720338254074,182175.0
ALK,2019-03-18,0.0002414624023226,173777.0
ALK,2019-03-19,0.0002336379987096,189781.0
ALK,2019-03-20,0.0002916804299667,152639.0
ALK,2019-03-21,0.0002517065721709,176285.0
ALK,2019-03-22,0.0003063485939145,165358.0
ALK,2019-03-25,0.0002857815256829,180934.0
ALK,2019-03-26,0.0002865307527386,153547.0
ALK,2019-03-27,0.0003882355308475,219619.0
ALK,2019-03-28,0.0002773479342056,111957.0
ALK,2019-03-29,0.0002611734896432,185329.0
ALK,2019-04-01,0.0002835037242469,255950.0
ALK,2019-04-02,0.0003441755814705,192740.0
ALK,2019-04-03,0.0003038882045035,272395.0
ALK,2019-04-04,0.0002781647750007,127756.0
ALK,2019-04-05,0.0002657595355942,137974.0
ALK,2019-04-08,0.0002576592584257,133546.0
ALK,2019-04-09,0.0002260823876772,119250.0
ALK,2019-04-10,0.0003100800371702,157111.0
ALK,2019-04-11,0.0003515765479378,241615.0
ALK,2019-04-12,0.0003359874550122,240421.0
ALK,2019-04-15,0.0002842003156937,111924.0
ALK,2019-04-16,0.0001926942681048,133418.0
ALK,2019-04-17,0.0002838069649249,139567.0
ALK,2019-04-18,0.0002430101457665,151923.0
ALK,2019-04-22,0.0002519609826735,231977.0
ALK,2019-04-23,0.0002712008376869,141454.0
ALK,2019-04-24,0.0003270033205732,123117.0
ALK,2019-04-25,0.0004532924727105,233815.0
ALK,2019-04-26,0.0004440333138482,372627.0
ALK,2019-04-29,0.0002712987083259,185260.0
ALK,2019-04-30,0.0003540223655567,140347.0
ALK,2019-05-01,0.0002601867568056,128131.0
ALK,2019-05-02,0.0002620284423938,132287.0
ALK,2019-05-03,0.0002379197001726,79647.0
ALK,2019-05-06,0.0002904346130851,86263.0
ALK,2019-05-07,0.0003105124110457,114570.0
ALK,2019-05-08,0.0002685193994556,103839.0
ALK,2019-05-09,0.00034425308217,213690.0
ALK,2019-05-10,0.0003148620789515,135947.0
ALK,2019-05-13,0.0003859110633329,148488.0
ALK,2019-05-14,0.0002760705918992,96451.0
ALK,2019-05-15,0.0002932465977958,113567.0
ALK,2019-05-16,0.0002813267761011,165707.0
ALK,2019-05-17,0.0002706425089097,101865.0
ALK,2019-05-20,0.0002773517830403,126219.0
ALK,2019-05-21,0.0002152787222897,100713.0
ALK,2019-05-22,0.0002517085198819,119935.0
ALK,2019-05-23,0.0003247921516954,137501.0
ALK,2019-05-24,0.0002247664799263,126000.0
ALK,2019-05-28,0.0002769182035907,133144.0
ALK,2019-05-29,0.0003036372218797,138429.0
ALK,2019-05-30,0.0002793751886216,109537.0
ALK,2019-05-31,0.000255971496892,116792.0
ALK,2019-06-03,0.0003424125678405,136945.0
ALK,2019-06-04,0.0003343488686101,151628.0
ALK,2019-06-05,0.0003292463288329,184802.0
ALK,2019-06-06,0.0002813311324291,105539.0
ALK,2019-06-07,0.0002304444358569,134825.0
ALK,2019-06-10,0.0002880366808016,97969.0
ALK,2019-06-11,0.0003166470141544,80716.0
ALK,2019-06-12,0.0002509462688424,75003.0
ALK,2019-06-13,0.0003321829975008,105173.0
ALK,2019-06-14,0.000314664966376,196649.0
ALK,2019-06-17,0.0002393784793043,94938.0
ALK,2019-06-18,0.0002643819017863,85172.0
ALK,2019-06-19,0.0002375600721879,75275.0
ALK,2019-06-20,0.0003434695290289,262421.0
ALK,2019-06-21,0.0003021368600896,160707.0
ALK,2019-06-24,0.0002761345933091,97100.0
ALK,2019-06-25,0.0002656075946959,119819.0
ALK,2019-06-26,0.0002799695824375,67272.0
ALK,2019-06-27,0.0002753051542664,70310.0
ALK,2019-06-28,0.0002625653743095,144499.0
ALK,2019-07-01,0.0003637523038787,154668.0
ALK,2019-07-02,0.0003053932466355,112376.0
ALK,2019-07-03,0.0002246160983198,65231.0
ALK,2019-07-05,0.0002106262476167,75893.0
ALK,2019-07-08,0.0002571810831938,104010.0
ALK,2019-07-09,0.0002348302832374,101584.0
ALK,2019-07-10,0.0003037971622873,134045.0
ALK,2019-07-11,0.0002580894349003,128344.0
ALK,2019-07-12,0.0002462986698841,124629.0
ALK,2019-07-15,0.0002970102445335,155283.0
ALK,2019-07-16,0.000278537327267,183780.0
ALK,2019-07-17,0.0002537024483367,146725.0
ALK,2019-07-18,0.000248111057933,82868.0
ALK,2019-07-19,0.0002377795569746,116357.0
ALK,2019-07-22,0.0002698818280162,181007.0
ALK,2019-07-23,0.0002592012925993,171901.0
ALK,2019-07-24,0.0002437204871837,149423.0
ALK,2019-07-25,0.0003424234005943,251299.0
ALK,2019-07-26,0.0003757015566824,200512.0
ALK,2019-07-29,0.0003169730627033,179937.0
ALK,2019-07-30,0.0002491247761195,133233.0
ALK,2019-07-31,0.0003092905952934,174965.0
ALK,2019-08-01,0.0003196136152352,165763.0
ALK,2019-08-02,0.0002970074548161,139995.0
ALK,2019-08-05,0.0003352357194764,158019.0
ALK,2019-08-06,0.0003265762976066,131293.0
ALK,2019-08-07,0.0003616746328485,117421.0
ALK,2019-08-08,0.0002742341328552,93325.0
ALK,2019-08-09,0.0002965699911637,143382.0
ALK,2019-08-12,0.0003085257730927,163615.0
ALK,2019-08-13,0.0003524233552371,186766.0
ALK,2019-08-14,0.0004835214832152,170783.0
ALK,2019-08-15,0.0003441307351993,101565.0
ALK,2019-08-16,0.0002931971511823,135866.0
ALK,2019-08-19,0.000232402873014,83972.0
ALK,2019-08-20,0.0002766909622357,110963.0
ALK,2019-08-21,0.0002545187738003,127351.0
ALK,2019-08-22,0.0002574698260969,114354.0
ALK,2019-08-23,0.0003816245388468,124628.0
ALK,2019-08-26,0.0003227936057809,108633.0
ALK,2019-08-27,0.0002773425860832,160836.0
ALK,2019-08-28,0.0002527717514575,90757.0
ALK,2019-08-29,0.0002960528727635,114722.0
ALK,2019-08-30,0.0002240911402657,118851.0
ALK,2019-09-03,0.0003155196750185,131360.0
ALK,2019-09-04,0.0003418154595302,145075.0
ALK,2019-09-05,0.0003583007970633,120025.0
ALK,2019-09-06,0.0002818912095165,101507.0
ALK,2019-09-09,0.0003321509633715,111981.0
ALK,2019-09-10,0.0003689525413705,96154.0
ALK,2019-09-11,0.0003193820789269,79308.0
ALK,2019-09-12,0.0003071661849972,99866.0
ALK,2019-09-13,0.0002916183699249,63230.0
ALK,2019-09-16,0.0003863393551534,119030.0
ALK,2019-09-17,0.0003566744758067,54145.0
ALK,2019-09-18,0.000299931152286,40966.0
ALK,2019-09-19,0.0002711910656528,57451.0
ALK,2019-09-20,0.000318425322973,86276.0
ALK,2019-09-23,0.0002737188438046,84628.0
ALK,2019-09-24,0.0003187985940084,67383.0
ALK,2019-09-25,0.0003309135969379,47656.0
ALK,2019-09-26,0.0002498947415942,53709.0
ALK,2019-09-27,0.0002873534583802,70649.0
ALK,2019-09-30,0.0002289162697419,93436.0
ALK,2019-10-01,0.0003156135323499,74919.0
ALK,2019-10-02,0.0003938259797444,113479.0
ALK,2019-10-03,0.000376955426555,121500.0
ALK,2019-10-04,0.0002962073820984,56101.0
ALK,2019-10-07,0.0002499336968095,60639.0
ALK,2019-10-08,0.0003651200527372,88059.0
ALK,2019-10-09,0.0003444692333577,54988.0
ALK,2019-10-10,0.0003853305035582,60578.0
ALK,2019-10-11,0.0004302284690289,117376.0
ALK,2019-10-14,0.0002724289925843,58066.0
ALK,2019-10-15,0.0002798963822975,90818.0
ALK,2019-10-16,0.0003015050295718,70056.0
ALK,2019-10-17,0.0002677109998902,58736.0
ALK,2019-10-18,0.0002758746021787,72954.0
ALK,2019-10-21,0.000291339096925,124962.0
ALK,2019-10-22,0.000286516507313,112824.0
ALK,2019-10-23,0.0002443423638728,60845.0
ALK,2019-10-24,0.0003135192236235,124405.0
ALK,2019-10-25,0.0004536244219492,151406.0
ALK,2019-10-28,0.0003181408924489,118724.0
ALK,2019-10-29,0.0002321656931506,64860.0
ALK,2019-10-30,0.000230716777662,78691.0
ALK,2019-10-31,0.0003182537653654,78808.0
ALK,2019-11-01,0.0002227606725746,57591.0
ALK,2019-11-04,0.0002338150687068,74686.0
ALK,2019-11-05,0.0002351186309552,69225.0
ALK,2019-11-06,0.0002753810073725,55794.0
ALK,2019-11-07,0.0002453580645659,52221.0
ALK,2019-11-08,0.0002507881840621,58458.0
ALK,2019-11-11,0.0003003624507752,60623.0
ALK,2019-11-12,0.0002547230662317,66278.0
ALK,2019-11-13,0.0002735738479639,38665.0
ALK,2019-11-14,0.0002266269132784,55806.0
ALK,2019-11-15,0.0002026352200599,48557.0
ALK,2019-11-18,0.0001855892788697,39290.0
ALK,2019-11-19,0.000292001532982,70202.0
ALK,2019-11-20,0.0003041162186597,87696.0
ALK,2019-11-21,0.0002645087103663,52975.0
ALK,2019-11-22,0.0002579949611863,50890.0
ALK,2019-11-25,0.0001921335133808,63190.0
ALK,2019-11-26,0.0002178277124942,49347.0
ALK,2019-11-27,0.0002807675479261,48245.0
ALK,2019-11-29,0.0001714197390537,29585.0
ALK,2019-12-02,0.0002490555826822,109809.0
ALK,2019-12-03,0.0002828159264725,88457.0
ALK,2019-12-04,0.0002051496992581,78472.0
ALK,2019-12-05,0.0002250477847654,59681.0
ALK,2019-12-06,0.0002036757185569,93150.0
ALK,2019-12-09,0.0001694101584784,69601.0
ALK,2019-12-10,0.0002300782357247,69212.0
ALK,2019-12-11,0.0002368065222046,74090.0
ALK,2019-12-12,0.0002754075738172,136829.0
ALK,2019-12-13,0.0002592344376619,129571.0
ALK,2019-12-16,0.0002201324750978,106777.0
ALK,2019-12-17,0.000196618619214,150938.0
ALK,2019-12-18,0.0002206679504281,130839.0
ALK,2019-12-19,0.0001710939492449,95882.0
ALK,2019-12-20,0.0001880943907956,83925.0
ALK,2019-12-23,0.0001728005110359,98940.0
ALK,2019-12-24,0.000155121776094,38812.0
ALK,2019-12-26,0.0001740790920982,75612.0
ALK,2019-12-27,0.0001813915313527,121686.0
ALL,2019-01-02,0.0003257640235458,231729.0
ALL,2019-01-03,0.0003519185090924,236551.0
ALL,2019-01-04,0.0003045418851609,236208.0
ALL,2019-01-07,0.0002836122476343,281363.0
ALL,2019-01-08,0.0002883364243359,322937.0
ALL,2019-01-09,0.0001090996983401,11209.0
ALL,2019-01-10,0.0002139534247995,196628.0
ALL,2019-01-11,0.0002103396418549,216485.0
ALL,2019-01-14,0.0001873567057713,260056.0
ALL,2019-01-15,0.0002140115845097,333153.0
ALL,2019-01-16,0.0001967874710983,303597.0
ALL,2019-01-17,0.0002355880179022,364320.0
ALL,2019-01-18,0.0002225369131842,335559.0
ALL,2019-01-22,0.0002170770747881,340286.0
ALL,2019-01-23,0.0002376222879455,199505.0
ALL,2019-01-24,0.0002123465123755,240128.0
ALL,2019-01-25,0.0001815083862777,234814.0
ALL,2019-01-28,0.0002081266054932,225158.0
ALL,2019-01-29,0.0002039768506101,244656.0
ALL,2019-01-30,0.0002226819641027,208023.0
ALL,2019-01-31,0.0001985248046763,166041.0
ALL,2019-02-01,0.0002247768662547,195832.0
ALL,2019-02-04,0.000144795379531,173695.0
ALL,2019-02-05,0.000151060653563,288455.0
ALL,2019-02-06,0.0003746514617603,458226.0
ALL,2019-02-07,0.0002818808481279,371661.0
ALL,2019-02-08,0.0002026831101205,298432.0
ALL,2019-02-11,0.0002082763732524,201920.0
ALL,2019-02-12,0.0001703729244756,272784.0
ALL,2019-02-13,0.0002140672437731,183288.0
ALL,2019-02-14,0.0002200712163492,232069.0
ALL,2019-02-15,0.000194233884768,142741.0
ALL,2019-02-19,0.0001573635436755,161213.0
ALL,2019-02-20,0.0001625439566834,186225.0
ALL,2019-02-21,0.0001630606541245,156061.0
ALL,2019-02-22,0.0001482146789069,127035.0
ALL,2019-02-25,0.0001161536130969,173500.0
ALL,2019-02-26,0.0001704907824207,268479.0
ALL,2019-02-27,0.0001647099398381,195723.0
ALL,2019-02-28,0.0001342211314068,236161.0
ALL,2019-03-01,0.000183369434298,242550.0
ALL,2019-03-04,0.0001911931788396,233914.0
ALL,2019-03-05,0.0001712204314226,211212.0
ALL,2019-03-06,0.0001643226265563,206105.0
ALL,2019-03-07,0.0001910353860249,210664.0
ALL,2019-03-08,0.0001878789823407,170994.0
ALL,2019-03-11,0.0001290536777467,233552.0
ALL,2019-03-12,0.000163988555915,284049.0
ALL,2019-03-13,0.0001964258858964,282497.0
ALL,2019-03-14,0.0001392505484483,243450.0
ALL,2019-03-15,0.0001595543747562,213427.0
ALL,2019-03-18,0.0001442343390947,203864.0
ALL,2019-03-19,0.0001619377297696,169200.0
ALL,2019-03-20,0.000196247074995,181034.0
ALL,2019-03-21,0.0001914826660224,251662.0
ALL,2019-03-22,0.0002401012146548,179157.0
ALL,2019-03-25,0.0001968022522895,195464.0
ALL,2019-03-26,0.000215149304407,202357.0
ALL,2019-03-27,0.0001748842329965,179257.0
ALL,2019-03-28,0.0001719072722441,138126.0
ALL,2019-03-29,0.0001736769255265,220189.0
ALL,2019-04-01,0.0001653401407798,211523.0
ALL,2019-04-02,0.0001627058338603,168007.0
ALL,2019-04-03,0.0001874204489539,217614.0
ALL,2019-04-04,0.0001649360763125,135350.0
ALL,2019-04-05,0.0001524162041513,137401.0
ALL,2019-04-08,0.000244552319922,179258.0
ALL,2019-04-09,0.000157309743002,120940.0
ALL,2019-04-10,0.0001590083817693,91164.0
ALL,2019-04-11,0.0001639738709485,128975.0
ALL,2019-04-12,0.0001612082979042,144613.0
ALL,2019-04-15,0.0001340131134491,103401.0
ALL,2019-04-16,0.0001623260309489,154795.0
ALL,2019-04-17,0.0001727616553936,148516.0
ALL,2019-04-18,0.000177447214928,223114.0
ALL,2019-04-22,0.0001521836354735,175337.0
ALL,2019-04-23,0.000175761825286,196563.0
ALL,2019-04-24,0.0001793793845804,168129.0
ALL,2019-04-25,0.0001745267402531,117975.0
ALL,2019-04-26,0.0001670096026336,153088.0
ALL,2019-04-29,0.0001592629771101,169193.0
ALL,2019-04-30,0.0001511143687872,146090.0
ALL,2019-05-01,0.0001984005668027,298959.0
ALL,2019-05-02,0.0003062439768273,286621.0
ALL,2019-05-03,0.0001849448554462,190434.0
ALL,2019-05-06,0.0001933813240356,181557.0
ALL,2019-05-07,0.0002253688274661,199245.0
ALL,2019-05-08,0.0002128899499803,237064.0
ALL,2019-05-09,0.0002706125881481,242031.0
ALL,2019-05-10,0.0002258992849815,258900.0
ALL,2019-05-13,0.0002380671827772,170607.0
ALL,2019-05-14,0.0002019793595119,226283.0
ALL,2019-05-15,0.0002807920888909,193001.0
ALL,2019-05-16,0.0001930681133553,188167.0
ALL,2019-05-17,0.0002010793463967,192342.0
ALL,2019-05-20,0.0001798351322189,151266.0
ALL,2019-05-21,0.0001440529922573,180936.0
ALL,2019-05-22,0.000178764927795,181731.0
ALL,2019-05-23,0.0001828234798356,174604.0
ALL,2019-05-24,0.0001408160793349,150010.0
ALL,2019-05-28,0.000161027752573,167196.0
ALL,2019-05-29,0.000207231662625,285816.0
ALL,2019-05-30,0.000173917551784,193663.0
ALL,2019-05-31,0.0001881401865298,159554.0
ALL,2019-06-03,0.0002419277610045,172510.0
ALL,2019-06-04,0.0002336054543773,145790.0
ALL,2019-06-05,0.0001790835797077,180267.0
ALL,2019-06-06,0.0001532501299038,117416.0
ALL,2019-06-07,0.0002106631911482,156407.0
ALL,2019-06-10,0.0001981801219246,114427.0
ALL,2019-06-11,0.0001572536848002,173040.0
ALL,2019-06-12,0.0001735867160436,127300.0
ALL,2019-06-13,0.0001494823608626,167457.0
ALL,2019-06-14,0.0001332928666263,199435.0
ALL,2019-06-17,0.0001507174037042,110493.0
ALL,2019-06-18,0.0001905054718046,171170.0
ALL,2019-06-19,0.000187299733607,165922.0
ALL,2019-06-20,0.0002062232454165,309590.0
ALL,2019-06-21,0.0001789603361728,208949.0
ALL,2019-06-24,0.0002062935347604,139676.0
ALL,2019-06-25,0.0001818629298183,215041.0
ALL,2019-06-26,0.0001684697601266,190001.0
ALL,2019-06-27,0.0001643715638781,92944.0
ALL,2019-06-28,0.0001692754448226,164770.0
ALL,2019-07-01,0.0001697846679011,137128.0
ALL,2019-07-02,0.00019039592313,137698.0
ALL,2019-07-03,0.0001491900171314,136726.0
ALL,2019-07-05,0.0001723436467805,148228.0
ALL,2019-07-08,0.0001304318784741,159970.0
ALL,2019-07-09,0.0001604811864051,184990.0
ALL,2019-07-10,0.0001483913152232,148177.0
ALL,2019-07-11,0.0001606307469935,236116.0
ALL,2019-07-12,0.0001359835139098,133870.0
ALL,2019-07-15,0.0001285876329645,144338.0
ALL,2019-07-16,0.0001307074163323,144091.0
ALL,2019-07-17,0.0001838883484534,234563.0
ALL,2019-07-18,0.0001708794060459,188590.0
ALL,2019-07-19,0.0001670213864678,191625.0
ALL,2019-07-22,0.0001645766032215,140790.0
ALL,2019-07-23,0.00017788937304,163280.0
ALL,2019-07-24,0.0001604607347737,132938.0
ALL,2019-07-25,0.0001887970033899,150992.0
ALL,2019-07-26,0.0001366198118233,105651.0
ALL,2019-07-29,0.0001479069309824,182781.0
ALL,2019-07-30,0.0001608526392577,179577.0
ALL,2019-07-31,0.0006369061306286,371854.0
ALL,2019-08-01,0.0003904874618318,249598.0
ALL,2019-08-02,0.0002203230293805,251147.0
ALL,2019-08-05,0.0002455765491167,186610.0
ALL,2019-08-06,0.0002531617880268,220915.0
ALL,2019-08-07,0.0002991694057606,211377.0
ALL,2019-08-08,0.0002333924816982,170665.0
ALL,2019-08-09,0.0002103197278954,314564.0
ALL,2019-08-12,0.0002019800732227,157883.0
ALL,2019-08-13,0.0002859815448482,204276.0
ALL,2019-08-14,0.0002931383449832,205420.0
ALL,2019-08-15,0.0002713257700485,119219.0
ALL,2019-08-16,0.0002045634494415,122579.0
ALL,2019-08-19,0.000139593042862,135865.0
ALL,2019-08-20,0.0001975037881667,138553.0
ALL,2019-08-21,0.0001592169412251,105058.0
ALL,2019-08-22,0.0001802685519392,170710.0
ALL,2019-08-23,0.0002947333302641,185790.0
ALL,2019-08-26,0.0002032257003994,152488.0
ALL,2019-08-27,0.0002023716190766,151284.0
ALL,2019-08-28,0.0002186565240778,221026.0
ALL,2019-08-29,0.0002056151064759,156492.0
ALL,2019-08-30,0.0001916470594049,177219.0
ALL,2019-09-03,0.0002245621229187,125405.0
ALL,2019-09-04,0.0001431812039795,143137.0
ALL,2019-09-05,0.0002139301073843,165249.0
ALL,2019-09-06,0.0001629822113807,128190.0
ALL,2019-09-09,0.0001467187230222,139821.0
ALL,2019-09-10,0.0002353830378989,194540.0
ALL,2019-09-11,0.0002094580171695,205681.0
ALL,2019-09-12,0.0002639162609134,186454.0
ALL,2019-09-13,0.0002910612049201,135711.0
ALL,2019-09-16,0.0001961144198053,103961.0
ALL,2019-09-17,0.0002166348860631,183003.0
ALL,2019-09-18,0.0002672084973585,147083.0
ALL,2019-09-19,0.000193321533233,147651.0
ALL,2019-09-20,0.0001927351112307,105725.0
ALL,2019-09-23,0.0001524779402219,100566.0
ALL,2019-09-24,0.0002216940115326,211337.0
ALL,2019-09-25,0.0001808733163965,242836.0
ALL,2019-09-26,0.0002287515168546,120697.0
ALL,2019-09-27,0.0002014516164141,174680.0
ALL,2019-09-30,0.0001601626536354,137265.0
ALL,2019-10-01,0.0002340951680634,176925.0
ALL,2019-10-02,0.0002268934507172,144593.0
ALL,2019-10-03,0.0002447997443271,124235.0
ALL,2019-10-04,0.0002378831395858,137827.0
ALL,2019-10-07,0.0002174918539294,108936.0
ALL,2019-10-08,0.0002649250259067,210694.0
ALL,2019-10-09,0.0001921313815212,99279.0
ALL,2019-10-10,0.000230292527073,161065.0
ALL,2019-10-11,0.0002962111295863,173582.0
ALL,2019-10-14,0.0002100664705098,155097.0
ALL,2019-10-15,0.0001714441216741,153559.0
ALL,2019-10-16,0.0002169766016942,141437.0
ALL,2019-10-17,0.0001762528555173,101091.0
ALL,2019-10-18,0.0001846608652544,174469.0
ALL,2019-10-21,0.00015568498179,137411.0
ALL,2019-10-22,0.0002596509868872,163480.0
ALL,2019-10-23,0.0001799742276287,92549.0
ALL,2019-10-24,0.0001668974185705,66458.0
ALL,2019-10-25,0.0002271495995631,159537.0
ALL,2019-10-28,0.000176313410062,191254.0
ALL,2019-10-29,0.0002255102687376,253059.0
ALL,2019-10-30,0.0003524838032643,177698.0
ALL,2019-10-31,0.0002429492714783,113782.0
ALL,2019-11-01,0.0002100962289085,175169.0
ALL,2019-11-04,0.0001851806739708,138384.0
ALL,2019-11-05,0.0002064169676297,175406.0
ALL,2019-11-06,0.0002301234930643,112347.0
ALL,2019-11-07,0.0002276875999622,187098.0
ALL,2019-11-08,0.0001844654044887,106705.0
ALL,2019-11-11,0.0001584066779109,136114.0
ALL,2019-11-12,0.0002145293266205,228698.0
ALL,2019-11-13,0.0002101427682749,150692.0
ALL,2019-11-14,0.0001824264845661,91019.0
ALL,2019-11-15,0.0001587220881874,127912.0
ALL,2019-11-18,0.0001666930500279,95430.0
ALL,2019-11-19,0.0001933255232306,113071.0
ALL,2019-11-20,0.0002193073803939,137781.0
ALL,2019-11-21,0.0002051645118869,164105.0
ALL,2019-11-22,0.0001701912438609,113356.0
ALL,2019-11-25,0.0001507339879419,107858.0
ALL,2019-11-26,0.0001480166038697,183627.0
ALL,2019-11-27,0.000157205726639,127257.0
ALL,2019-11-29,0.000174853773978,54934.0
ALL,2019-12-02,0.0002086865544,108821.0
ALL,2019-12-03,0.00019102862725,124355.0
ALL,2019-12-04,0.0001619614223357,110401.0
ALL,2019-12-05,0.0001847088077097,288497.0
ALL,2019-12-06,0.0002290850001548,127167.0
ALL,2019-12-09,0.0001508270742895,106408.0
ALL,2019-12-10,0.0001421412152332,102997.0
ALL,2019-12-11,0.0001587942428972,165884.0
ALL,2019-12-12,0.0002150112751621,136892.0
ALL,2019-12-13,0.0002020924291608,122019.0
ALL,2019-12-16,0.0001782642378378,141111.0
ALL,2019-12-17,0.000182983062063,168514.0
ALL,2019-12-18,0.0001606704204634,130182.0
ALL,2019-12-19,0.0001492898901182,277985.0
ALL,2019-12-20,0.0002073886782899,152736.0
ALL,2019-12-23,0.0001637092520575,170784.0
ALL,2019-12-24,0.0001279843173253,40497.0
ALL,2019-12-26,0.0001333766932132,57617.0
ALL,2019-12-27,0.0001419320490277,87848.0
ALLE,2019-01-02,0.0005210453572527,131356.0
ALLE,2019-01-03,0.0005212985498317,97151.0
ALLE,2019-01-04,0.00048611959659,103427.0
ALLE,2019-01-07,0.0004926890662455,61736.0
ALLE,2019-01-08,0.000481981008076,79804.0
ALLE,2019-01-09,8.609408708197937e-05,300.0
ALLE,2019-01-10,0.0004744367353919,111756.0
ALLE,2019-01-11,0.0003333018009252,49559.0
ALLE,2019-01-14,0.0002527424922681,76283.0
ALLE,2019-01-15,0.0003098723708695,58530.0
ALLE,2019-01-16,0.000257419066257,80468.0
ALLE,2019-01-17,0.0003778870945689,65301.0
ALLE,2019-01-18,0.0003712268984005,78818.0
ALLE,2019-01-22,0.0002579492069496,78491.0
ALLE,2019-01-23,0.000250468727334,78457.0
ALLE,2019-01-24,0.0002925010369739,57424.0
ALLE,2019-01-25,0.0003246856719746,75454.0
ALLE,2019-01-28,0.0004331348527147,62262.0
ALLE,2019-01-29,0.0002924367748178,56190.0
ALLE,2019-01-30,0.0003833496156553,57516.0
ALLE,2019-01-31,0.000410518203862,82604.0
ALLE,2019-02-01,0.0003818205177906,91945.0
ALLE,2019-02-04,0.0002383990015277,44071.0
ALLE,2019-02-05,0.0002937093477184,92786.0
ALLE,2019-02-06,0.0002796928798401,82056.0
ALLE,2019-02-07,0.0002671626371752,90048.0
ALLE,2019-02-08,0.000215604177085,102164.0
ALLE,2019-02-11,0.0002129449662769,65513.0
ALLE,2019-02-12,0.0001875274384534,82011.0
ALLE,2019-02-13,0.0002853074737524,57171.0
ALLE,2019-02-14,0.0002657217343472,117448.0
ALLE,2019-02-15,0.000258704258964,206144.0
ALLE,2019-02-19,0.0006040825941864,233750.0
ALLE,2019-02-20,0.0002803195902198,136833.0
ALLE,2019-02-21,0.0002541747605578,121171.0
ALLE,2019-02-22,0.000199122804893,110070.0
ALLE,2019-02-25,0.0002314831331723,74988.0
ALLE,2019-02-26,0.0001977618880672,63582.0
ALLE,2019-02-27,0.0002047970545476,65172.0
ALLE,2019-02-28,0.000233612903029,73041.0
ALLE,2019-03-01,0.0002292190200266,83842.0
ALLE,2019-03-04,0.0002334267315012,70757.0
ALLE,2019-03-05,0.0002096144416727,88110.0
ALLE,2019-03-06,0.0002459343704144,80381.0
ALLE,2019-03-07,0.0002627646715485,101528.0
ALLE,2019-03-08,0.000206897028497,44924.0
ALLE,2019-03-11,0.0001889069431244,38524.0
ALLE,2019-03-12,0.0001762466646415,67531.0
ALLE,2019-03-13,0.0002163784989743,92045.0
ALLE,2019-03-14,0.0001617533326673,75779.0
ALLE,2019-03-15,0.0001856062277338,87614.0
ALLE,2019-03-18,0.0001861869185969,85369.0
ALLE,2019-03-19,0.0002126246700162,89152.0
ALLE,2019-03-20,0.0002932494970955,112403.0
ALLE,2019-03-21,0.0002251006152557,46802.0
ALLE,2019-03-22,0.0002666773593764,93929.0
ALLE,2019-03-25,0.000234873433462,53222.0
ALLE,2019-03-26,0.0002196627539528,52981.0
ALLE,2019-03-27,0.000334372894516,49266.0
ALLE,2019-03-28,0.0001728320482614,115836.0
ALLE,2019-03-29,0.0001901762870108,74673.0
ALLE,2019-04-01,0.0002620294853057,79281.0
ALLE,2019-04-02,0.0002432162973408,89309.0
ALLE,2019-04-03,0.0003174182693875,60004.0
ALLE,2019-04-04,0.0002286904790953,60215.0
ALLE,2019-04-05,0.0001960393101296,72757.0
ALLE,2019-04-08,0.0002019806205867,46093.0
ALLE,2019-04-09,0.0001868358683686,46539.0
ALLE,2019-04-10,0.0002480823382316,82793.0
ALLE,2019-04-11,0.0002006559516858,46021.0
ALLE,2019-04-12,0.0002342186349408,42926.0
ALLE,2019-04-15,0.000192007417454,56459.0
ALLE,2019-04-16,0.0001724280494397,101589.0
ALLE,2019-04-17,0.0001893545627074,89484.0
ALLE,2019-04-18,0.000280182010927,104096.0
ALLE,2019-04-22,0.0002464338944488,60127.0
ALLE,2019-04-23,0.0002449368315532,77970.0
ALLE,2019-04-24,0.000171279062111,92681.0
ALLE,2019-04-25,0.0005279050262757,175900.0
ALLE,2019-04-26,0.0002589389839361,73110.0
ALLE,2019-04-29,0.0001792173777446,87733.0
ALLE,2019-04-30,0.0002079083851516,57281.0
ALLE,2019-05-01,0.0002058339371808,102685.0
ALLE,2019-05-02,0.0002524950946353,83120.0
ALLE,2019-05-03,0.0002362508644216,117784.0
ALLE,2019-05-06,0.0002731105963968,104168.0
ALLE,2019-05-07,0.0003037442514283,187639.0
ALLE,2019-05-08,0.0002816495034199,114112.0
ALLE,2019-05-09,0.000257838986225,124357.0
ALLE,2019-05-10,0.0002498654287873,123248.0
ALLE,2019-05-13,0.0003424909962588,176937.0
ALLE,2019-05-14,0.0002126569939215,110384.0
ALLE,2019-05-15,0.0002569723712544,193919.0
ALLE,2019-05-16,0.0002269498179137,161499.0
ALLE,2019-05-17,0.0002598935614203,128945.0
ALLE,2019-05-20,0.0002130246796784,137042.0
ALLE,2019-05-21,0.0002018782610641,86618.0
ALLE,2019-05-22,0.0002275203958311,112337.0
ALLE,2019-05-23,0.0002482372778475,125797.0
ALLE,2019-05-24,0.000160519135771,127120.0
ALLE,2019-05-28,0.0002707402895958,90774.0
ALLE,2019-05-29,0.0002414889386852,100322.0
ALLE,2019-05-30,0.0001655414026187,55783.0
ALLE,2019-05-31,0.000451435828151,171979.0
ALLE,2019-06-03,0.0002748776427669,109269.0
ALLE,2019-06-04,0.0003216751136513,205832.0
ALLE,2019-06-05,0.0002507263313595,96161.0
ALLE,2019-06-06,0.0001941111598281,74192.0
ALLE,2019-06-07,0.0001839145250126,49585.0
ALLE,2019-06-10,0.0001677629849768,55447.0
ALLE,2019-06-11,0.0002141027837169,88102.0
ALLE,2019-06-12,0.0001557521240335,69033.0
ALLE,2019-06-13,0.0002108337384857,82632.0
ALLE,2019-06-14,0.000203250060909,93997.0
ALLE,2019-06-17,0.0002678598852529,134232.0
ALLE,2019-06-18,0.0002514237302339,63927.0
ALLE,2019-06-19,0.0002016947500627,58132.0
ALLE,2019-06-20,0.00022090425189,67772.0
ALLE,2019-06-21,0.0001596477088882,38434.0
ALLE,2019-06-24,0.0001725853277979,35652.0
ALLE,2019-06-25,0.0002236686557408,66234.0
ALLE,2019-06-26,0.0002238893854356,45805.0
ALLE,2019-06-27,0.0001818950450266,25516.0
ALLE,2019-06-28,0.0002126026903,74174.0
ALLE,2019-07-01,0.0002305901642316,102044.0
ALLE,2019-07-02,0.0002362205758243,107531.0
ALLE,2019-07-03,0.000150458175936,64425.0
ALLE,2019-07-05,0.0001593374665674,61365.0
ALLE,2019-07-08,0.0002281193444707,64506.0
ALLE,2019-07-09,0.000165611029317,66179.0
ALLE,2019-07-10,0.0002130428396224,83268.0
ALLE,2019-07-11,0.0001574488666035,58475.0
ALLE,2019-07-12,0.0002389578607274,48286.0
ALLE,2019-07-15,0.0001707070849366,45364.0
ALLE,2019-07-16,0.0001907665968584,85110.0
ALLE,2019-07-17,0.0002184936207743,94164.0
ALLE,2019-07-18,0.0001810589034635,110454.0
ALLE,2019-07-19,0.0001903524232641,81740.0
ALLE,2019-07-22,0.0002388181844491,93105.0
ALLE,2019-07-23,0.0001963610919751,52522.0
ALLE,2019-07-24,0.0001829403765961,148568.0
ALLE,2019-07-25,0.0006610120359849,220069.0
ALLE,2019-07-26,0.0002684661468484,121967.0
ALLE,2019-07-29,0.0002355879611864,91589.0
ALLE,2019-07-30,0.000223706509495,148834.0
ALLE,2019-07-31,0.0003004038048211,174231.0
ALLE,2019-08-01,0.0003412466968397,161872.0
ALLE,2019-08-02,0.0003490521370174,97543.0
ALLE,2019-08-05,0.000389878218166,114773.0
ALLE,2019-08-06,0.0003023733459805,94831.0
ALLE,2019-08-07,0.0003713869334289,78930.0
ALLE,2019-08-08,0.0002416233563394,110590.0
ALLE,2019-08-09,0.0003294554110579,111529.0
ALLE,2019-08-12,0.0002865438535737,112497.0
ALLE,2019-08-13,0.0003071572945677,149051.0
ALLE,2019-08-14,0.0003311218344223,129555.0
ALLE,2019-08-15,0.0003857146263023,174203.0
ALLE,2019-08-16,0.0002454642107139,144501.0
ALLE,2019-08-19,0.0002100079503857,88848.0
ALLE,2019-08-20,0.0001857349510334,116099.0
ALLE,2019-08-21,0.0001862619130565,64352.0
ALLE,2019-08-22,0.0002360931107712,74098.0
ALLE,2019-08-23,0.00032168805234,61698.0
ALLE,2019-08-26,0.0002536377136211,53724.0
ALLE,2019-08-27,0.0002308638645047,55828.0
ALLE,2019-08-28,0.0002314703634644,55432.0
ALLE,2019-08-29,0.0002224056629989,59412.0
ALLE,2019-08-30,0.0002477155130886,63791.0
ALLE,2019-09-03,0.0002837649657143,111405.0
ALLE,2019-09-04,0.0002284114352333,101310.0
ALLE,2019-09-05,0.0002487344135716,104549.0
ALLE,2019-09-06,0.0002081046056836,97493.0
ALLE,2019-09-09,0.0002354515349002,70628.0
ALLE,2019-09-10,0.0003160726025957,85832.0
ALLE,2019-09-11,0.0002252377170454,62452.0
ALLE,2019-09-12,0.0002387558612081,53322.0
ALLE,2019-09-13,0.000303978047963,112105.0
ALLE,2019-09-16,0.0002461045457865,77140.0
ALLE,2019-09-17,0.0002630840732725,101853.0
ALLE,2019-09-18,0.0002737520701583,27805.0
ALLE,2019-09-19,0.0002243210337836,61843.0
ALLE,2019-09-20,0.0002906686035998,44833.0
ALLE,2019-09-23,0.0002206080445263,42042.0
ALLE,2019-09-24,0.0003129309783323,64690.0
ALLE,2019-09-25,0.000231259879514,54302.0
ALLE,2019-09-26,0.0002828720064426,65210.0
ALLE,2019-09-27,0.0002733523800136,28890.0
ALLE,2019-09-30,0.0002328949376873,72711.0
ALLE,2019-10-01,0.0002603738019829,86909.0
ALLE,2019-10-02,0.0002965166166802,52408.0
ALLE,2019-10-03,0.0003168599744695,77482.0
ALLE,2019-10-04,0.0003080569893531,93224.0
ALLE,2019-10-07,0.0002725123309139,40413.0
ALLE,2019-10-08,0.000363310173679,127866.0
ALLE,2019-10-09,0.0003538292652518,76983.0
ALLE,2019-10-10,0.000275271407716,103632.0
ALLE,2019-10-11,0.0003157918266946,89545.0
ALLE,2019-10-14,0.0001939770911673,70967.0
ALLE,2019-10-15,0.0002604933025404,129033.0
ALLE,2019-10-16,0.0003226042504716,53478.0
ALLE,2019-10-17,0.000218001985517,78043.0
ALLE,2019-10-18,0.0002544383391071,82310.0
ALLE,2019-10-21,0.0002716180736382,61815.0
ALLE,2019-10-22,0.0002436705401409,94197.0
ALLE,2019-10-23,0.0002471905503298,103552.0
ALLE,2019-10-24,0.0008855703673063,207973.0
ALLE,2019-10-25,0.0003966170098621,114679.0
ALLE,2019-10-28,0.0002713550788996,110454.0
ALLE,2019-10-29,0.0003076897627906,133879.0
ALLE,2019-10-30,0.0002843344661349,76565.0
ALLE,2019-10-31,0.0002438501138951,73879.0
ALLE,2019-11-01,0.0002703732319037,81483.0
ALLE,2019-11-04,0.0002035414831266,58821.0
ALLE,2019-11-05,0.0002519475807137,78140.0
ALLE,2019-11-06,0.0002155963980439,88603.0
ALLE,2019-11-07,0.0002069899533179,80197.0
ALLE,2019-11-08,0.0002192006771971,96090.0
ALLE,2019-11-11,0.0001802519562644,50093.0
ALLE,2019-11-12,0.000251646059472,67257.0
ALLE,2019-11-13,0.0002301819700768,66943.0
ALLE,2019-11-14,0.0001950675490157,41398.0
ALLE,2019-11-15,0.0002354566164848,66127.0
ALLE,2019-11-18,0.0001919217815585,34856.0
ALLE,2019-11-19,0.0002200389563055,57666.0
ALLE,2019-11-20,0.0002977345393428,65396.0
ALLE,2019-11-21,0.0003548185325514,103572.0
ALLE,2019-11-22,0.0002405650614246,92474.0
ALLE,2019-11-25,0.0002345725192889,73954.0
ALLE,2019-11-26,0.0001909396676168,67583.0
ALLE,2019-11-27,0.0001944130359989,63127.0
ALLE,2019-11-29,0.000164467266492,49888.0
ALLE,2019-12-02,0.0002208083430796,60448.0
ALLE,2019-12-03,0.0002373565033157,37768.0
ALLE,2019-12-04,0.0002448941220638,69811.0
ALLE,2019-12-05,0.000145520296614,59460.0
ALLE,2019-12-06,0.0002376684273454,35433.0
ALLE,2019-12-09,0.0001630050905508,45542.0
ALLE,2019-12-10,0.000218342664317,55748.0
ALLE,2019-12-11,0.0001474257942616,54000.0
ALLE,2019-12-12,0.0002171115286831,78370.0
ALLE,2019-12-13,0.0002115722170536,84123.0
ALLE,2019-12-16,0.0002059808542997,96443.0
ALLE,2019-12-17,0.0001790466694152,63117.0
ALLE,2019-12-18,0.0002298296371045,48641.0
ALLE,2019-12-19,0.0002181295348419,34482.0
ALLE,2019-12-20,0.0002560759184145,41383.0
ALLE,2019-12-23,0.000230030502192,53603.0
ALLE,2019-12-24,0.0001606584064865,22246.0
ALLE,2019-12-26,0.000156535750488,17797.0
ALLE,2019-12-27,0.0001944784550962,16707.0
ALXN,2019-01-02,0.0005914554548579,202785.0
ALXN,2019-01-03,0.0007379474688251,431336.0
ALXN,2019-01-04,0.0005938117257916,355777.0
ALXN,2019-01-07,0.0005071833481765,295949.0
ALXN,2019-01-08,0.0004287286316842,229217.0
ALXN,2019-01-09,0.0001946811186097,2534.0
ALXN,2019-01-10,0.0003585596988182,228949.0
ALXN,2019-01-11,0.0004176344332927,186544.0
ALXN,2019-01-14,0.0003495644867532,223485.0
ALXN,2019-01-15,0.0003911344745231,286904.0
ALXN,2019-01-16,0.0004456184558699,309320.0
ALXN,2019-01-17,0.0003976490793888,295288.0
ALXN,2019-01-18,0.0004709362365774,354324.0
ALXN,2019-01-22,0.0004955267431981,405065.0
ALXN,2019-01-23,0.0004501753751543,404603.0
ALXN,2019-01-24,0.0003745734763753,300616.0
ALXN,2019-01-25,0.0003045451210966,263084.0
ALXN,2019-01-28,0.0004820345473829,423636.0
ALXN,2019-01-29,0.0003520444306662,202462.0
ALXN,2019-01-30,0.0003623107461053,186647.0
ALXN,2019-01-31,0.0003769084340674,218956.0
ALXN,2019-02-01,0.0003714436342005,341257.0
ALXN,2019-02-04,0.0006242738146695,375196.0
ALXN,2019-02-05,0.000322062814217,231430.0
ALXN,2019-02-06,0.0003370883871255,244061.0
ALXN,2019-02-07,0.0003769936240556,245788.0
ALXN,2019-02-08,0.0003658308100005,163580.0
ALXN,2019-02-11,0.0003111136891065,184678.0
ALXN,2019-02-12,0.0002576384096875,249037.0
ALXN,2019-02-13,0.0002725197617829,206239.0
ALXN,2019-02-14,0.0003238375635184,218445.0
ALXN,2019-02-15,0.000274723565922,224609.0
ALXN,2019-02-19,0.0002125060178804,182403.0
ALXN,2019-02-20,0.0003007935325175,281093.0
ALXN,2019-02-21,0.0002822986230058,294378.0
ALXN,2019-02-22,0.0003161643023522,189307.0
ALXN,2019-02-25,0.0002594390147649,256891.0
ALXN,2019-02-26,0.0002526900873696,218907.0
ALXN,2019-02-27,0.0002608007916872,223308.0
ALXN,2019-02-28,0.0002853387237728,227496.0
ALXN,2019-03-01,0.0003154856122085,230351.0
ALXN,2019-03-04,0.0003204980594882,304659.0
ALXN,2019-03-05,0.0003260085777422,183290.0
ALXN,2019-03-06,0.0003226879808653,250464.0
ALXN,2019-03-07,0.0003844725486873,285464.0
ALXN,2019-03-08,0.0003916137733776,165699.0
ALXN,2019-03-11,0.0002691975487672,223504.0
ALXN,2019-03-12,0.0002562387331921,327132.0
ALXN,2019-03-13,0.0002428330651525,190325.0
ALXN,2019-03-14,0.0002653537437598,159975.0
ALXN,2019-03-15,0.0002426651998816,210134.0
ALXN,2019-03-18,0.0002806382772691,247651.0
ALXN,2019-03-19,0.0002633797978844,170003.0
ALXN,2019-03-20,0.0003757728097952,259112.0
ALXN,2019-03-21,0.0003291364691529,210982.0
ALXN,2019-03-22,0.0003647084771147,199899.0
ALXN,2019-03-25,0.0003516957776861,317682.0
ALXN,2019-03-26,0.0003160991338178,274529.0
ALXN,2019-03-27,0.0003668206475939,197736.0
ALXN,2019-03-28,0.0003174877892514,190575.0
ALXN,2019-03-29,0.0002757081109927,172647.0
ALXN,2019-04-01,0.000274162539331,176928.0
ALXN,2019-04-02,0.0002789369916307,233121.0
ALXN,2019-04-03,0.0002316782331968,216904.0
ALXN,2019-04-04,0.000269111997552,197415.0
ALXN,2019-04-05,0.0002489986249118,144134.0
ALXN,2019-04-08,0.0002673480494504,131846.0
ALXN,2019-04-09,0.0002453939326933,139697.0
ALXN,2019-04-10,0.0002810623836084,138139.0
ALXN,2019-04-11,0.0002854558155838,169588.0
ALXN,2019-04-12,0.0002522494282189,207960.0
ALXN,2019-04-15,0.0002710095479449,170122.0
ALXN,2019-04-16,0.0002810467707233,162785.0
ALXN,2019-04-17,0.0004380710098464,488626.0
ALXN,2019-04-18,0.0004599083620256,338935.0
ALXN,2019-04-22,0.0004018144852078,203154.0
ALXN,2019-04-23,0.0003540895784141,281006.0
ALXN,2019-04-24,0.0003160384552062,223184.0
ALXN,2019-04-25,0.0005811737656087,199749.0
ALXN,2019-04-26,0.0003637482463637,206064.0
ALXN,2019-04-29,0.0002666800704727,183204.0
ALXN,2019-04-30,0.0003073170200234,184818.0
ALXN,2019-05-01,0.0003628617723656,179902.0
ALXN,2019-05-02,0.0004328611466694,211861.0
ALXN,2019-05-03,0.0003153486917531,158723.0
ALXN,2019-05-06,0.0004332850669579,138931.0
ALXN,2019-05-07,0.0004548623493643,179894.0
ALXN,2019-05-08,0.0003761944773664,145881.0
ALXN,2019-05-09,0.0004505583802472,239949.0
ALXN,2019-05-10,0.0004542434556901,206658.0
ALXN,2019-05-13,0.0004830590390203,176768.0
ALXN,2019-05-14,0.0004307002088084,162168.0
ALXN,2019-05-15,0.0003816130863604,126650.0
ALXN,2019-05-16,0.0003459359675809,252747.0
ALXN,2019-05-17,0.0003874477892863,163698.0
ALXN,2019-05-20,0.0003557359733216,176515.0
ALXN,2019-05-21,0.0003012595846736,180495.0
ALXN,2019-05-22,0.0002946409088156,193266.0
ALXN,2019-05-23,0.0003862177671133,258956.0
ALXN,2019-05-24,0.0003071274703949,200793.0
ALXN,2019-05-28,0.0003335337459067,167994.0
ALXN,2019-05-29,0.0004128250579523,251960.0
ALXN,2019-05-30,0.0003434443475041,257548.0
ALXN,2019-05-31,0.0004781425490248,383326.0
ALXN,2019-06-03,0.0004185496860598,289952.0
ALXN,2019-06-04,0.0003838961218309,290889.0
ALXN,2019-06-05,0.0003208485440312,187499.0
ALXN,2019-06-06,0.0003299463357858,194456.0
ALXN,2019-06-07,0.0002851431728797,198620.0
ALXN,2019-06-10,0.0003020129603867,244448.0
ALXN,2019-06-11,0.0003412386549603,196681.0
ALXN,2019-06-12,0.0002960170968687,242225.0
ALXN,2019-06-13,0.0003359502358481,291905.0
ALXN,2019-06-14,0.0002845334206754,141318.0
ALXN,2019-06-17,0.0002720375755658,139131.0
ALXN,2019-06-18,0.0004204667323183,206951.0
ALXN,2019-06-19,0.0003756917424062,94370.0
ALXN,2019-06-20,0.0004724414237648,345212.0
ALXN,2019-06-21,0.0003677190493805,457458.0
ALXN,2019-06-24,0.0003731659695822,292381.0
ALXN,2019-06-25,0.0003759329252494,236293.0
ALXN,2019-06-26,0.0003397223045781,252500.0
ALXN,2019-06-27,0.0003480675403555,136783.0
ALXN,2019-06-28,0.0003386362927376,255139.0
ALXN,2019-07-01,0.0003568798021592,150659.0
ALXN,2019-07-02,0.0002974669685873,220264.0
ALXN,2019-07-03,0.0002510026894588,180547.0
ALXN,2019-07-05,0.0003436015984243,217533.0
ALXN,2019-07-08,0.0003492573626234,296740.0
ALXN,2019-07-09,0.0003682380092001,277433.0
ALXN,2019-07-10,0.0004184462587862,228070.0
ALXN,2019-07-11,0.0004324484598688,252842.0
ALXN,2019-07-12,0.0003346765834292,227340.0
ALXN,2019-07-15,0.0002733837673391,149140.0
ALXN,2019-07-16,0.0002635343653503,226942.0
ALXN,2019-07-17,0.0003003602036103,220834.0
ALXN,2019-07-18,0.0003175647139664,204087.0
ALXN,2019-07-19,0.0003710934499555,182562.0
ALXN,2019-07-22,0.0003676592908706,255243.0
ALXN,2019-07-23,0.0002616277448806,204331.0
ALXN,2019-07-24,0.0009497477399825,475566.0
ALXN,2019-07-25,0.0004479565556131,440190.0
ALXN,2019-07-26,0.0004115338091211,556847.0
ALXN,2019-07-29,0.0005007871265625,749180.0
ALXN,2019-07-30,0.0003902540088651,362719.0
ALXN,2019-07-31,0.0004008421968815,365606.0
ALXN,2019-08-01,0.0004612107114653,350510.0
ALXN,2019-08-02,0.0004045589015389,283354.0
ALXN,2019-08-05,0.0004343903443684,352431.0
ALXN,2019-08-06,0.0004041706223847,331063.0
ALXN,2019-08-07,0.0004320880484407,245109.0
ALXN,2019-08-08,0.0003569473392708,278071.0
ALXN,2019-08-09,0.0003906536675801,320225.0
ALXN,2019-08-12,0.000384709295851,248877.0
ALXN,2019-08-13,0.0004576388794723,316575.0
ALXN,2019-08-14,0.000436943726129,231821.0
ALXN,2019-08-15,0.0004514336861476,277667.0
ALXN,2019-08-16,0.0003914697817381,227330.0
ALXN,2019-08-19,0.0004084553587703,281680.0
ALXN,2019-08-20,0.0003047519124245,411545.0
ALXN,2019-08-21,0.0003561471409219,304038.0
ALXN,2019-08-22,0.0010757642283223,922113.0
ALXN,2019-08-23,0.0007113982942189,576317.0
ALXN,2019-08-26,0.000646811365696,458244.0
ALXN,2019-08-27,0.0004026636347411,278760.0
ALXN,2019-08-28,0.0004219471129332,189448.0
ALXN,2019-08-29,0.0004035068437526,233859.0
ALXN,2019-08-30,0.0007811085640338,895813.0
ALXN,2019-09-03,0.0005948149165285,746730.0
ALXN,2019-09-04,0.0005213506058912,623983.0
ALXN,2019-09-05,0.0003486672926705,380280.0
ALXN,2019-09-06,0.0004193096271859,348183.0
ALXN,2019-09-09,0.0003835466811477,386281.0
ALXN,2019-09-10,0.000481237341202,359552.0
ALXN,2019-09-11,0.000502935275832,334260.0
ALXN,2019-09-12,0.0004523453656888,207183.0
ALXN,2019-09-13,0.0003132332950829,187708.0
ALXN,2019-09-16,0.0003167919585481,276350.0
ALXN,2019-09-17,0.0002767674586934,250532.0
ALXN,2019-09-18,0.0005207452552007,349481.0
ALXN,2019-09-19,0.000330750135208,278503.0
ALXN,2019-09-20,0.0004586526104239,293846.0
ALXN,2019-09-23,0.0003531044688178,245151.0
ALXN,2019-09-24,0.0004137233731275,345775.0
ALXN,2019-09-25,0.0004162521849212,272014.0
ALXN,2019-09-26,0.0004243717881337,370835.0
ALXN,2019-09-27,0.0003910143067616,290988.0
ALXN,2019-09-30,0.0003341963740352,237768.0
ALXN,2019-10-01,0.0003160357703913,237541.0
ALXN,2019-10-02,0.0004451506716059,225256.0
ALXN,2019-10-03,0.0003923712929472,193076.0
ALXN,2019-10-04,0.0003996256019783,233590.0
ALXN,2019-10-07,0.0003493940198963,227948.0
ALXN,2019-10-08,0.0003924402068635,231286.0
ALXN,2019-10-09,0.0003320338375327,268145.0
ALXN,2019-10-10,0.0004024476689853,226386.0
ALXN,2019-10-11,0.0003750715632008,180953.0
ALXN,2019-10-14,0.0003608062523939,270911.0
ALXN,2019-10-15,0.0003170227437688,261916.0
ALXN,2019-10-16,0.0004197516499411,304604.0
ALXN,2019-10-17,0.0003363431390264,260256.0
ALXN,2019-10-18,0.0003317427726943,309508.0
ALXN,2019-10-21,0.0003714607018733,235087.0
ALXN,2019-10-22,0.0004208499295422,323072.0
ALXN,2019-10-23,0.0007089287363741,457723.0
ALXN,2019-10-24,0.0003944293774753,315172.0
ALXN,2019-10-25,0.000364020817973,229370.0
ALXN,2019-10-28,0.0002696512846296,246199.0
ALXN,2019-10-29,0.0002980164149828,255222.0
ALXN,2019-10-30,0.0002777112751848,196288.0
ALXN,2019-10-31,0.000322164979571,207260.0
ALXN,2019-11-01,0.0003277474788836,291725.0
ALXN,2019-11-04,0.0003262682705668,221913.0
ALXN,2019-11-05,0.0003758343718968,240196.0
ALXN,2019-11-06,0.0003378095133963,266909.0
ALXN,2019-11-07,0.0003301089489945,255451.0
ALXN,2019-11-08,0.0002983335539664,230943.0
ALXN,2019-11-11,0.0003333019555561,172359.0
ALXN,2019-11-12,0.0002908013332891,195315.0
ALXN,2019-11-13,0.0003148856023945,279870.0
ALXN,2019-11-14,0.0003222749896113,267388.0
ALXN,2019-11-15,0.0003341850513197,261360.0
ALXN,2019-11-18,0.0003215446750837,242947.0
ALXN,2019-11-19,0.0003721873736513,271214.0
ALXN,2019-11-20,0.0003443056520124,296346.0
ALXN,2019-11-21,0.0003618235687134,248726.0
ALXN,2019-11-22,0.0002789911035927,219976.0
ALXN,2019-11-25,0.0003393450458885,313234.0
ALXN,2019-11-26,0.0002895648998568,227487.0
ALXN,2019-11-27,0.0002715082594507,173143.0
ALXN,2019-11-29,0.0001989872160319,122820.0
ALXN,2019-12-02,0.0003494302202555,298441.0
ALXN,2019-12-03,0.0003112368867579,265135.0
ALXN,2019-12-04,0.0002804343120321,282324.0
ALXN,2019-12-05,0.0005775955411084,583223.0
ALXN,2019-12-06,0.0004779071403649,521045.0
ALXN,2019-12-09,0.0003529763035993,207348.0
ALXN,2019-12-10,0.0003154947603898,268248.0
ALXN,2019-12-11,0.0003412155175652,274780.0
ALXN,2019-12-12,0.0003699229506765,287361.0
ALXN,2019-12-13,0.0003546016484224,266516.0
ALXN,2019-12-16,0.0002874951338426,222813.0
ALXN,2019-12-17,0.0004328366332889,242980.0
ALXN,2019-12-18,0.0002638709358915,203558.0
ALXN,2019-12-19,0.0003016456656786,228515.0
ALXN,2019-12-20,0.0003959957690172,330524.0
ALXN,2019-12-23,0.0002601287968715,179604.0
ALXN,2019-12-24,0.0001799566269214,77465.0
ALXN,2019-12-26,0.0001812144868728,159067.0
ALXN,2019-12-27,0.0002257619658809,185293.0
AMAT,2019-01-02,0.0005148646515375,1521148.0
AMAT,2019-01-03,0.0006100770430054,2526933.0
AMAT,2019-01-04,0.0005388194278725,1946369.0
AMAT,2019-01-07,0.0004897365912273,1363096.0
AMAT,2019-01-08,0.0004730598124979,1483414.0
AMAT,2019-01-09,0.0002276493014616,51645.0
AMAT,2019-01-10,0.0004160943410301,833342.0
AMAT,2019-01-11,0.000377555436186,912888.0
AMAT,2019-01-14,0.0004224841887876,989612.0
AMAT,2019-01-15,0.0003470818624651,893875.0
AMAT,2019-01-16,0.0003507263934067,971529.0
AMAT,2019-01-17,0.0004154378772938,1149710.0
AMAT,2019-01-18,0.0004279177217577,1211206.0
AMAT,2019-01-22,0.0004410754398851,1140947.0
AMAT,2019-01-23,0.0004473993915393,1072129.0
AMAT,2019-01-24,0.0005680645606981,2278101.0
AMAT,2019-01-25,0.0005526549298978,2046734.0
AMAT,2019-01-28,0.0004680055535888,1298275.0
AMAT,2019-01-29,0.0004373106957408,1256285.0
AMAT,2019-01-30,0.0004464135112741,1745559.0
AMAT,2019-01-31,0.0003796658804608,1291704.0
AMAT,2019-02-01,0.0003693247450971,1383060.0
AMAT,2019-02-04,0.000374779009758,1878225.0
AMAT,2019-02-05,0.0003299924726251,1791011.0
AMAT,2019-02-06,0.0004622271413512,2290636.0
AMAT,2019-02-07,0.0004310838743333,1532225.0
AMAT,2019-02-08,0.0003705478993931,1137615.0
AMAT,2019-02-11,0.0003824217563241,1103253.0
AMAT,2019-02-12,0.0002876961010809,1282541.0
AMAT,2019-02-13,0.0003188727297043,950545.0
AMAT,2019-02-14,0.0003343341036458,1532656.0
AMAT,2019-02-15,0.000686282920331,2275926.0
AMAT,2019-02-19,0.0003271781144501,1396138.0
AMAT,2019-02-20,0.0003211423980221,1170217.0
AMAT,2019-02-21,0.0003059057191187,935281.0
AMAT,2019-02-22,0.0002743156109527,917394.0
AMAT,2019-02-25,0.0002829386447528,902131.0
AMAT,2019-02-26,0.0002378765110935,811979.0
AMAT,2019-02-27,0.0002848992424301,1488607.0
AMAT,2019-02-28,0.0002439523384006,1027691.0
AMAT,2019-03-01,0.000248841285702,1027524.0
AMAT,2019-03-04,0.0003749888499537,2560040.0
AMAT,2019-03-05,0.0002821315582505,1358533.0
AMAT,2019-03-06,0.0002853431866426,1400694.0
AMAT,2019-03-07,0.0003425814701812,1349126.0
AMAT,2019-03-08,0.0003610461057046,884196.0
AMAT,2019-03-11,0.0002804608413878,952155.0
AMAT,2019-03-12,0.0002661848072364,798939.0
AMAT,2019-03-13,0.0002410980933983,715864.0
AMAT,2019-03-14,0.0003440969679124,1003314.0
AMAT,2019-03-15,0.0003717980430135,1668674.0
AMAT,2019-03-18,0.0002657044419209,935876.0
AMAT,2019-03-19,0.0002648647085259,934593.0
AMAT,2019-03-20,0.0003192850569079,903927.0
AMAT,2019-03-21,0.000387201399118,1470220.0
AMAT,2019-03-22,0.0003767777291955,1268919.0
AMAT,2019-03-25,0.0003715746400754,813874.0
AMAT,2019-03-26,0.000329508617619,995130.0
AMAT,2019-03-27,0.0003905747770691,1012527.0
AMAT,2019-03-28,0.0003538691122144,1102680.0
AMAT,2019-03-29,0.000312813144936,1058799.0
AMAT,2019-04-01,0.0003097203193452,1213789.0
AMAT,2019-04-02,0.0003230936691944,1045475.0
AMAT,2019-04-03,0.0003433287805598,1645591.0
AMAT,2019-04-04,0.0003135486145353,1011758.0
AMAT,2019-04-05,0.0003331985959152,922308.0
AMAT,2019-04-08,0.0002859111851371,911185.0
AMAT,2019-04-09,0.0002937303544953,953108.0
AMAT,2019-04-10,0.0002806488355959,692211.0
AMAT,2019-04-11,0.0002601035418835,850920.0
AMAT,2019-04-12,0.0002460593166874,684972.0
AMAT,2019-04-15,0.0002847631818673,737892.0
AMAT,2019-04-16,0.0003016638571845,1291592.0
AMAT,2019-04-17,0.0003199479796246,956930.0
AMAT,2019-04-18,0.0002703892166659,863076.0
AMAT,2019-04-22,0.0002797048664929,718302.0
AMAT,2019-04-23,0.0002808069950863,807462.0
AMAT,2019-04-24,0.0003101197639598,1457577.0
AMAT,2019-04-25,0.0004005884766064,1068207.0
AMAT,2019-04-26,0.0003658002226198,930796.0
AMAT,2019-04-29,0.0003147961939575,816809.0
AMAT,2019-04-30,0.0002864546226161,1375291.0
AMAT,2019-05-01,0.0003589040690876,1253221.0
AMAT,2019-05-02,0.0003936002712852,1754878.0
AMAT,2019-05-03,0.000293074928987,1187920.0
AMAT,2019-05-06,0.0003417528324702,1847006.0
AMAT,2019-05-07,0.0004545583355768,1321175.0
AMAT,2019-05-08,0.0004568111397407,1006481.0
AMAT,2019-05-09,0.0005413967516529,1457942.0
AMAT,2019-05-10,0.0004369654046021,1052265.0
AMAT,2019-05-13,0.0005560312108544,1544531.0
AMAT,2019-05-14,0.0003490664524309,1224840.0
AMAT,2019-05-15,0.0005418298669435,1381410.0
AMAT,2019-05-16,0.0004118837093448,1340421.0
AMAT,2019-05-17,0.0006776806292706,1977556.0
AMAT,2019-05-20,0.0005040816150259,1987180.0
AMAT,2019-05-21,0.0003810853407407,1077090.0
AMAT,2019-05-22,0.0003613231576401,914427.0
AMAT,2019-05-23,0.0004050391790837,1141697.0
AMAT,2019-05-24,0.000330406669824,1002760.0
AMAT,2019-05-28,0.0003585107449523,1094987.0
AMAT,2019-05-29,0.0004527251042846,1296853.0
AMAT,2019-05-30,0.0004081612611848,994362.0
AMAT,2019-05-31,0.000378350276509,1024980.0
AMAT,2019-06-03,0.0004802565588559,1146011.0
AMAT,2019-06-04,0.0003958221812204,1931135.0
AMAT,2019-06-05,0.0003955014424152,1490174.0
AMAT,2019-06-06,0.00034155695546,1134485.0
AMAT,2019-06-07,0.0003295055476751,954345.0
AMAT,2019-06-10,0.0003362120899272,1547327.0
AMAT,2019-06-11,0.0004280133416646,1313719.0
AMAT,2019-06-12,0.000325993775504,1263695.0
AMAT,2019-06-13,0.0003035722768167,941831.0
AMAT,2019-06-14,0.0003194255854706,790802.0
AMAT,2019-06-17,0.0002804274583186,1097112.0
AMAT,2019-06-18,0.0003764177791502,1096288.0
AMAT,2019-06-19,0.0003454315971828,1012549.0
AMAT,2019-06-20,0.0003074050093087,943523.0
AMAT,2019-06-21,0.0002722431891757,881691.0
AMAT,2019-06-24,0.0003110986471656,856517.0
AMAT,2019-06-25,0.0003268089977849,1102909.0
AMAT,2019-06-26,0.0003465199482857,1120402.0
AMAT,2019-06-27,0.0002704945220242,1277994.0
AMAT,2019-06-28,0.0002808368797296,1177532.0
AMAT,2019-07-01,0.0004485206385199,1463109.0
AMAT,2019-07-02,0.0004058136507243,1749872.0
AMAT,2019-07-03,0.0002648499054692,708462.0
AMAT,2019-07-05,0.0002622302886401,989299.0
AMAT,2019-07-08,0.0002950078561147,1154453.0
AMAT,2019-07-09,0.0003073850251225,1456769.0
AMAT,2019-07-10,0.0002681247142327,977558.0
AMAT,2019-07-11,0.0002653831323531,1066018.0
AMAT,2019-07-12,0.0002495471218739,1111244.0
AMAT,2019-07-15,0.0002545845573759,872934.0
AMAT,2019-07-16,0.0002997641229585,722373.0
AMAT,2019-07-17,0.0002803971838871,866635.0
AMAT,2019-07-18,0.0002838937966137,1574864.0
AMAT,2019-07-19,0.0002965992963041,946013.0
AMAT,2019-07-22,0.0003359242267181,2270283.0
AMAT,2019-07-23,0.0003250700439941,1079893.0
AMAT,2019-07-24,0.0003001910588642,1376610.0
AMAT,2019-07-25,0.0003308737180535,948856.0
AMAT,2019-07-26,0.0002320712523628,724356.0
AMAT,2019-07-29,0.0002505138198901,583954.0
AMAT,2019-07-30,0.0002526116069597,619347.0
AMAT,2019-07-31,0.0003894067447235,884814.0
AMAT,2019-08-01,0.0005155285170223,1251429.0
AMAT,2019-08-02,0.0004515683236469,1023339.0
AMAT,2019-08-05,0.0004170930308438,1152326.0
AMAT,2019-08-06,0.000398854208834,868524.0
AMAT,2019-08-07,0.0004389258541251,940857.0
AMAT,2019-08-08,0.0003518899297186,842579.0
AMAT,2019-08-09,0.0003593994257097,718355.0
AMAT,2019-08-12,0.0003085776919906,918109.0
AMAT,2019-08-13,0.000408750996092,1184835.0
AMAT,2019-08-14,0.0004349068158074,788356.0
AMAT,2019-08-15,0.0004198416708354,970462.0
AMAT,2019-08-16,0.0007375829486233,1591468.0
AMAT,2019-08-19,0.0003221649617235,1082866.0
AMAT,2019-08-20,0.000294946010863,909263.0
AMAT,2019-08-21,0.0002712944619344,747664.0
AMAT,2019-08-22,0.0002986395530467,659572.0
AMAT,2019-08-23,0.0005165525417844,1346979.0
AMAT,2019-08-26,0.0003318131087822,740460.0
AMAT,2019-08-27,0.000309970322306,803559.0
AMAT,2019-08-28,0.0003106706789044,698831.0
AMAT,2019-08-29,0.0002724957838718,921916.0
AMAT,2019-08-30,0.0002865856682275,943267.0
AMAT,2019-09-03,0.000353370542216,886258.0
AMAT,2019-09-04,0.0003389478435774,1306506.0
AMAT,2019-09-05,0.0004042040682677,1340421.0
AMAT,2019-09-06,0.0002325463453336,953622.0
AMAT,2019-09-09,0.0002665817627993,961902.0
AMAT,2019-09-10,0.0002959464485091,1055346.0
AMAT,2019-09-11,0.0002689094037972,1034600.0
AMAT,2019-09-12,0.0003500034107274,817304.0
AMAT,2019-09-13,0.0002700827150901,769704.0
AMAT,2019-09-16,0.000286090773974,623913.0
AMAT,2019-09-17,0.0002496071016784,698950.0
AMAT,2019-09-18,0.0002460069665294,695117.0
AMAT,2019-09-19,0.0002404972602337,866074.0
AMAT,2019-09-20,0.0003532177521427,808180.0
AMAT,2019-09-23,0.0002580198370406,632159.0
AMAT,2019-09-24,0.0003755067731379,992979.0
AMAT,2019-09-25,0.0003324521954275,840066.0
AMAT,2019-09-26,0.0003050146472261,697969.0
AMAT,2019-09-27,0.0004509510770083,1383204.0
AMAT,2019-09-30,0.0002810441820543,914520.0
AMAT,2019-10-01,0.0003261897672296,930532.0
AMAT,2019-10-02,0.0003336746831396,876499.0
AMAT,2019-10-03,0.0003706456064032,949904.0
AMAT,2019-10-04,0.0002698701356067,670131.0
AMAT,2019-10-07,0.0002482322424953,788972.0
AMAT,2019-10-08,0.000411497262391,745255.0
AMAT,2019-10-09,0.0002980789305862,908693.0
AMAT,2019-10-10,0.0003009181933193,780937.0
AMAT,2019-10-11,0.0003406171696774,959607.0
AMAT,2019-10-14,0.0001929976430913,487180.0
AMAT,2019-10-15,0.0002350753407361,1043134.0
AMAT,2019-10-16,0.0002661027964099,1047277.0
AMAT,2019-10-17,0.0003290827785048,657388.0
AMAT,2019-10-18,0.0002517507354425,944024.0
AMAT,2019-10-21,0.0002053147942488,708918.0
AMAT,2019-10-22,0.0002316103161425,717745.0
AMAT,2019-10-23,0.0002630345196628,1072926.0
AMAT,2019-10-24,0.0004231386319616,1910733.0
AMAT,2019-10-25,0.0002501335254654,998046.0
AMAT,2019-10-28,0.0002683385523979,998200.0
AMAT,2019-10-29,0.0002502115961334,698477.0
AMAT,2019-10-30,0.000274792089164,492961.0
AMAT,2019-10-31,0.0003026164408185,644162.0
AMAT,2019-11-01,0.0002709419461939,653408.0
AMAT,2019-11-04,0.0002359714655853,561798.0
AMAT,2019-11-05,0.0002271762282987,510660.0
AMAT,2019-11-06,0.0002609427509038,491176.0
AMAT,2019-11-07,0.0002662456519976,468307.0
AMAT,2019-11-08,0.0002451256431556,422257.0
AMAT,2019-11-11,0.0002313850687688,681394.0
AMAT,2019-11-12,0.0002460593675292,707678.0
AMAT,2019-11-13,0.0002664173387178,638966.0
AMAT,2019-11-14,0.0002520298905933,772228.0
AMAT,2019-11-15,0.0006660227761153,2664600.0
AMAT,2019-11-18,0.0003526714544954,1036127.0
AMAT,2019-11-19,0.0002951243212043,1214579.0
AMAT,2019-11-20,0.0004321882508123,1173028.0
AMAT,2019-11-21,0.0004376158400262,1409358.0
AMAT,2019-11-22,0.000318739839432,1019854.0
AMAT,2019-11-25,0.0003249781806247,1118129.0
AMAT,2019-11-26,0.0002575930060271,947537.0
AMAT,2019-11-27,0.0002042434089512,555205.0
AMAT,2019-11-29,0.0001914085548119,320751.0
AMAT,2019-12-02,0.000331046589524,742265.0
AMAT,2019-12-03,0.0003322539703243,872635.0
AMAT,2019-12-04,0.0002505706881806,792075.0
AMAT,2019-12-05,0.0002178986676523,605336.0
AMAT,2019-12-06,0.0002367237992646,640171.0
AMAT,2019-12-09,0.0002274576793369,574927.0
AMAT,2019-12-10,0.0002199042322095,651082.0
AMAT,2019-12-11,0.0002652244241042,1122560.0
AMAT,2019-12-12,0.0003644308139382,1106496.0
AMAT,2019-12-13,0.000326090610322,657100.0
AMAT,2019-12-16,0.0002228754735308,808875.0
AMAT,2019-12-17,0.0002081553072444,856843.0
AMAT,2019-12-18,0.0002272383726728,707105.0
AMAT,2019-12-19,0.0001989437573787,682073.0
AMAT,2019-12-20,0.0002351790375015,972075.0
AMAT,2019-12-23,0.0002037712281925,636718.0
AMAT,2019-12-24,0.0001459685502037,206880.0
AMAT,2019-12-26,0.000160529637975,355199.0
AMAT,2019-12-27,0.0001810742402306,302772.0
AMD,2019-01-02,0.0007472537753425,7822677.0
AMD,2019-01-03,0.0009430555166068,11106035.0
AMD,2019-01-04,0.0007649995506842,14439087.0
AMD,2019-01-07,0.0007894351272776,10046453.0
AMD,2019-01-08,0.0008102640879732,10110975.0
AMD,2019-01-09,0.0003747662863253,883087.0
AMD,2019-01-10,0.0008485737346023,10361938.0
AMD,2019-01-11,0.0006723324229995,7255383.0
AMD,2019-01-14,0.0006577858335981,5880696.0
AMD,2019-01-15,0.0005913660546155,5857764.0
AMD,2019-01-16,0.00051667513228,6662303.0
AMD,2019-01-17,0.0006695823066692,7467697.0
AMD,2019-01-18,0.0006166622074649,9099491.0
AMD,2019-01-22,0.0006469102231596,7418347.0
AMD,2019-01-23,0.0005935879145553,7192287.0
AMD,2019-01-24,0.0006081050050048,10832698.0
AMD,2019-01-25,0.0006047338328902,10394164.0
AMD,2019-01-28,0.0008445988586351,10401134.0
AMD,2019-01-29,0.0007027295378638,9555491.0
AMD,2019-01-30,0.0009705047862912,18300628.0
AMD,2019-01-31,0.0008250359486799,12971179.0
AMD,2019-02-01,0.0006817819038108,9409099.0
AMD,2019-02-04,0.0005690752970284,7306638.0
AMD,2019-02-05,0.0005189437836228,10027030.0
AMD,2019-02-06,0.0005252332383575,6991898.0
AMD,2019-02-07,0.0006341874012707,8599442.0
AMD,2019-02-08,0.0005767443190544,7285432.0
AMD,2019-02-11,0.0005400187027063,6095208.0
AMD,2019-02-12,0.0004298818146605,6485388.0
AMD,2019-02-13,0.0004556431801097,5968107.0
AMD,2019-02-14,0.0004992588173824,6754647.0
AMD,2019-02-15,0.0005002963322807,7171988.0
AMD,2019-02-19,0.0004198046181226,5683585.0
AMD,2019-02-20,0.0003933911951474,6859164.0
AMD,2019-02-21,0.0003962732730931,6056706.0
AMD,2019-02-22,0.0003320591936617,7030145.0
AMD,2019-02-25,0.0004110122801895,6246811.0
AMD,2019-02-26,0.000336319710441,4527955.0
AMD,2019-02-27,0.0004333911545674,6394220.0
AMD,2019-02-28,0.0004097975462662,3483431.0
AMD,2019-03-01,0.0003916925511046,5029290.0
AMD,2019-03-04,0.0004719193277093,4965526.0
AMD,2019-03-05,0.0004028886134361,3544513.0
AMD,2019-03-06,0.000455667142591,7062349.0
AMD,2019-03-07,0.0005498589270894,4880738.0
AMD,2019-03-08,0.0004816222077583,4561892.0
AMD,2019-03-11,0.0004449155577551,5534958.0
AMD,2019-03-12,0.0004087574897036,6373220.0
AMD,2019-03-13,0.000409854209337,5967202.0
AMD,2019-03-14,0.0003933353561201,5382387.0
AMD,2019-03-15,0.0003814690569366,5042799.0
AMD,2019-03-18,0.0003740288492924,4073815.0
AMD,2019-03-19,0.0005958644144231,17284701.0
AMD,2019-03-20,0.0007612256938221,12123206.0
AMD,2019-03-21,0.0005750263189567,11646591.0
AMD,2019-03-22,0.000679645442822,9863436.0
AMD,2019-03-25,0.0006181963392828,6450102.0
AMD,2019-03-26,0.00058138049467,7309346.0
AMD,2019-03-27,0.0006540284419233,8521375.0
AMD,2019-03-28,0.0005807284607876,6136173.0
AMD,2019-03-29,0.0004562352563975,6188030.0
AMD,2019-04-01,0.0004247955363258,5346396.0
AMD,2019-04-02,0.0004312125870212,5104196.0
AMD,2019-04-03,0.0006577172046933,15115058.0
AMD,2019-04-04,0.0005980356158799,7418877.0
AMD,2019-04-05,0.0004571447388213,6186642.0
AMD,2019-04-08,0.0004670304373528,5772414.0
AMD,2019-04-09,0.0004743829574558,7477490.0
AMD,2019-04-10,0.0004115096726079,5846769.0
AMD,2019-04-11,0.0003945449251388,4034861.0
AMD,2019-04-12,0.0003870343279093,4055333.0
AMD,2019-04-15,0.0003699576799144,4136045.0
AMD,2019-04-16,0.0003853453249648,5475661.0
AMD,2019-04-17,0.0004449882772698,5150639.0
AMD,2019-04-18,0.000397251167461,3822668.0
AMD,2019-04-22,0.0003677855466925,3731960.0
AMD,2019-04-23,0.0003873107613947,4581809.0
AMD,2019-04-24,0.0003745121192611,5290173.0
AMD,2019-04-25,0.0004942238733446,5496645.0
AMD,2019-04-26,0.000524294045521,4525186.0
AMD,2019-04-29,0.000390227430366,4569572.0
AMD,2019-04-30,0.0004271885275571,6539161.0
AMD,2019-05-01,0.0007554574353583,11375646.0
AMD,2019-05-02,0.0006396918985177,8989119.0
AMD,2019-05-03,0.0004064958995111,5791340.0
AMD,2019-05-06,0.0005273255631331,6271596.0
AMD,2019-05-07,0.0005557404868429,7969729.0
AMD,2019-05-08,0.0005321498084584,6678342.0
AMD,2019-05-09,0.0005848520216099,6853765.0
AMD,2019-05-10,0.0005824310938492,7877982.0
AMD,2019-05-13,0.0006943876160755,8895028.0
AMD,2019-05-14,0.0004989314903799,7936878.0
AMD,2019-05-15,0.0005006577315444,5439258.0
AMD,2019-05-16,0.0004626351088348,7268591.0
AMD,2019-05-17,0.0005228072578357,6843805.0
AMD,2019-05-20,0.0005787510994824,6930605.0
AMD,2019-05-21,0.0004052795121293,5250610.0
AMD,2019-05-22,0.0003727609562448,4746737.0
AMD,2019-05-23,0.0004956963338224,7855896.0
AMD,2019-05-24,0.0003817991995363,4679792.0
AMD,2019-05-28,0.0006093170526796,14508259.0
AMD,2019-05-29,0.0006034756712571,9371177.0
AMD,2019-05-30,0.0004719600851434,6216996.0
AMD,2019-05-31,0.0004674757819719,7345189.0
AMD,2019-06-03,0.0007760801589116,13049099.0
AMD,2019-06-04,0.0004856923406663,10919005.0
AMD,2019-06-05,0.0006093751280897,7002691.0
AMD,2019-06-06,0.0005657735057257,13457721.0
AMD,2019-06-07,0.000482284752704,8306955.0
AMD,2019-06-10,0.0005267895057301,8997537.0
AMD,2019-06-11,0.0005983871760813,7192323.0
AMD,2019-06-12,0.0004378138000576,5480888.0
AMD,2019-06-13,0.0004427820984969,6574009.0
AMD,2019-06-14,0.0004465642446175,6581568.0
AMD,2019-06-17,0.0004185407907363,7188856.0
AMD,2019-06-18,0.000521819018587,8098669.0
AMD,2019-06-19,0.0004700176897548,5833878.0
AMD,2019-06-20,0.0004651942883795,6663129.0
AMD,2019-06-21,0.0004857743404048,6870015.0
AMD,2019-06-24,0.0004738275457225,6072182.0
AMD,2019-06-25,0.0004572064661134,4810285.0
AMD,2019-06-26,0.0005349081437985,5900655.0
AMD,2019-06-27,0.0003938769545975,5102890.0
AMD,2019-06-28,0.0003515618416605,4500491.0
AMD,2019-07-01,0.0004473942546502,6053943.0
AMD,2019-07-02,0.000345704287696,4090416.0
AMD,2019-07-03,0.0002605131955825,2674199.0
AMD,2019-07-05,0.0003406069892627,4030553.0
AMD,2019-07-08,0.0004280357553614,5409244.0
AMD,2019-07-09,0.0003391522583879,6291659.0
AMD,2019-07-10,0.0003958007031907,6278161.0
AMD,2019-07-11,0.0003895224321311,6535275.0
AMD,2019-07-12,0.0003660108603629,4982885.0
AMD,2019-07-15,0.0003550318903761,7109763.0
AMD,2019-07-16,0.0004125440225056,6290106.0
AMD,2019-07-17,0.0003313767565265,4689238.0
AMD,2019-07-18,0.0004091016121995,5688156.0
AMD,2019-07-19,0.0003285752436313,4578090.0
AMD,2019-07-22,0.0003110872804536,3567637.0
AMD,2019-07-23,0.0002815688071153,4487687.0
AMD,2019-07-24,0.0003144829983371,5261029.0
AMD,2019-07-25,0.0003211487255434,4149165.0
AMD,2019-07-26,0.0003518388066575,4815365.0
AMD,2019-07-29,0.0003624424329717,5384549.0
AMD,2019-07-30,0.0003827903000633,5646962.0
AMD,2019-07-31,0.0007296276086467,12462116.0
AMD,2019-08-01,0.0006466331352147,9374136.0
AMD,2019-08-02,0.0006214809352641,6204490.0
AMD,2019-08-05,0.0006070360200039,7504137.0
AMD,2019-08-06,0.0005367282673372,5588055.0
AMD,2019-08-07,0.000539328220091,5726965.0
AMD,2019-08-08,0.0006712725194969,14648249.0
AMD,2019-08-09,0.0007078282338228,11073793.0
AMD,2019-08-12,0.0005961892321793,9467679.0
AMD,2019-08-13,0.0007174642259817,9053076.0
AMD,2019-08-14,0.0007145060034663,10482684.0
AMD,2019-08-15,0.0006103685548918,6106517.0
AMD,2019-08-16,0.0004822192288682,6660593.0
AMD,2019-08-19,0.0004399681511735,6652301.0
AMD,2019-08-20,0.0004249750603577,4329122.0
AMD,2019-08-21,0.0003547085275291,4153847.0
AMD,2019-08-22,0.0004153369757926,5463328.0
AMD,2019-08-23,0.0006637411243066,8071919.0
AMD,2019-08-26,0.0004966184006163,4386032.0
AMD,2019-08-27,0.0004427554564023,5130751.0
AMD,2019-08-28,0.0004390356137272,4969120.0
AMD,2019-08-29,0.000365365509802,4513799.0
AMD,2019-08-30,0.0003661338541752,3797731.0
AMD,2019-09-03,0.0003939295685636,4017783.0
AMD,2019-09-04,0.0003466674921183,5269706.0
AMD,2019-09-05,0.000404264227728,6089987.0
AMD,2019-09-06,0.0003481411575777,5881152.0
AMD,2019-09-09,0.0003846602122512,6210176.0
AMD,2019-09-10,0.0004064569143983,5450294.0
AMD,2019-09-11,0.0004071933452809,4883827.0
AMD,2019-09-12,0.0004408941172691,5749358.0
AMD,2019-09-13,0.0003881471764981,4637325.0
AMD,2019-09-16,0.0003755140784434,3841239.0
AMD,2019-09-17,0.0003153657241405,4379032.0
AMD,2019-09-18,0.0003307757697483,4099763.0
AMD,2019-09-19,0.0003251739046834,5351170.0
AMD,2019-09-20,0.0004475545194038,5626803.0
AMD,2019-09-23,0.0004008545227272,4418093.0
AMD,2019-09-24,0.0005490012895091,7706114.0
AMD,2019-09-25,0.0004776080537134,6681908.0
AMD,2019-09-26,0.0004751602646994,3921033.0
AMD,2019-09-27,0.0005247043456087,5331994.0
AMD,2019-09-30,0.0004128940974584,4111335.0
AMD,2019-10-01,0.0004391527583659,3670753.0
AMD,2019-10-02,0.0005106626129027,4497732.0
AMD,2019-10-03,0.0005742199955625,5451441.0
AMD,2019-10-04,0.0004006668999208,3739288.0
AMD,2019-10-07,0.000391160824014,3909868.0
AMD,2019-10-08,0.0005113789089522,4385073.0
AMD,2019-10-09,0.00042097069049,3718785.0
AMD,2019-10-10,0.0003920060919757,4246818.0
AMD,2019-10-11,0.0004447462223127,6666310.0
AMD,2019-10-14,0.0003502687820028,4689895.0
AMD,2019-10-15,0.0004036310955109,4085376.0
AMD,2019-10-16,0.0003999757849541,3785625.0
AMD,2019-10-17,0.0003343834277611,3267404.0
AMD,2019-10-18,0.0003348685132313,4113581.0
AMD,2019-10-21,0.0003724350927583,5420658.0
AMD,2019-10-22,0.0003573566997081,3399867.0
AMD,2019-10-23,0.0003318406794515,2552214.0
AMD,2019-10-24,0.0003669288107662,3063912.0
AMD,2019-10-25,0.0003651091594733,4879286.0
AMD,2019-10-28,0.0003304769658192,4729942.0
AMD,2019-10-29,0.0004310824297611,5740565.0
AMD,2019-10-30,0.0007648975817852,6851483.0
AMD,2019-10-31,0.0004419504422579,6407734.0
AMD,2019-11-01,0.0003373972949714,5978607.0
AMD,2019-11-04,0.0003959203558412,8071866.0
AMD,2019-11-05,0.0004740349763899,6811664.0
AMD,2019-11-06,0.000406420685172,4246738.0
AMD,2019-11-07,0.0003894476207392,4872912.0
AMD,2019-11-08,0.0003239086508553,3183400.0
AMD,2019-11-11,0.0003184916640887,3919488.0
AMD,2019-11-12,0.0003060953196198,4415993.0
AMD,2019-11-13,0.000394891885155,5247542.0
AMD,2019-11-14,0.0003528944550332,4963344.0
AMD,2019-11-15,0.0003949682640705,4901714.0
AMD,2019-11-18,0.0003335406087872,4893103.0
AMD,2019-11-19,0.0004549602570097,7255848.0
AMD,2019-11-20,0.0005193728804437,5628416.0
AMD,2019-11-21,0.0005539526650501,6647518.0
AMD,2019-11-22,0.0004884280508035,4564442.0
AMD,2019-11-25,0.0003084482322957,3770193.0
AMD,2019-11-26,0.0003502184998944,3802323.0
AMD,2019-11-27,0.0003057040007286,3055570.0
AMD,2019-11-29,0.000223438890532,1460314.0
AMD,2019-12-02,0.0003683775157495,3286073.0
AMD,2019-12-03,0.0005011351767134,4004622.0
AMD,2019-12-04,0.000324029910414,3742642.0
AMD,2019-12-05,0.0003199682827823,3275251.0
AMD,2019-12-06,0.0002467814848278,2830061.0
AMD,2019-12-09,0.000284497587104,2589039.0
AMD,2019-12-10,0.000283386905035,2889693.0
AMD,2019-12-11,0.0002987907143191,2713513.0
AMD,2019-12-12,0.0004951190104618,8021183.0
AMD,2019-12-13,0.0005561599205108,5525531.0
AMD,2019-12-16,0.0003546726180467,4256056.0
AMD,2019-12-17,0.0003068981715704,3702786.0
AMD,2019-12-18,0.000287101849638,2898523.0
AMD,2019-12-19,0.0002517626271683,3705405.0
AMD,2019-12-20,0.0003121113091303,4476142.0
AMD,2019-12-23,0.0003086714839187,4149909.0
AMD,2019-12-24,0.0003105791120988,3275229.0
AMD,2019-12-26,0.0003720618966701,4491739.0
AMD,2019-12-27,0.0003224628227446,3254925.0
AME,2019-01-02,0.0003413829860625,164091.0
AME,2019-01-03,0.0004443318778753,204050.0
AME,2019-01-04,0.0003100834279942,170109.0
AME,2019-01-07,0.0003459321522828,158687.0
AME,2019-01-08,0.0002923864879818,184066.0
AME,2019-01-09,0.0001434554012816,2241.0
AME,2019-01-10,0.0002944116526954,130945.0
AME,2019-01-11,0.0002467512661224,95323.0
AME,2019-01-14,0.0002032104099657,99761.0
AME,2019-01-15,0.0002115106288562,130274.0
AME,2019-01-16,0.0002081395216586,166784.0
AME,2019-01-17,0.0002284484758708,133715.0
AME,2019-01-18,0.0002191412324752,127045.0
AME,2019-01-22,0.0002512260181176,171492.0
AME,2019-01-23,0.0002533311503085,140823.0
AME,2019-01-24,0.0002137854927697,128512.0
AME,2019-01-25,0.0002352229831043,142700.0
AME,2019-01-28,0.0002670673717024,174055.0
AME,2019-01-29,0.0002129848015088,190175.0
AME,2019-01-30,0.0002936988743291,119627.0
AME,2019-01-31,0.0002236513628823,165711.0
AME,2019-02-01,0.0002488449719874,139862.0
AME,2019-02-04,0.0001594930126753,204268.0
AME,2019-02-05,0.0004401143582596,283548.0
AME,2019-02-06,0.0003651427090769,228055.0
AME,2019-02-07,0.0002501370945841,263700.0
AME,2019-02-08,0.0002061685386049,223043.0
AME,2019-02-11,0.000163664724268,188002.0
AME,2019-02-12,0.0001676025804271,268019.0
AME,2019-02-13,0.0002281511279031,281621.0
AME,2019-02-14,0.0002049657314579,166349.0
AME,2019-02-15,0.0001709980861313,210538.0
AME,2019-02-19,0.0002126873722575,124635.0
AME,2019-02-20,0.0002201064356177,108332.0
AME,2019-02-21,0.0002025289390216,142025.0
AME,2019-02-22,0.000209137125645,141031.0
AME,2019-02-25,0.0002232394536205,99943.0
AME,2019-02-26,0.0001809189285859,107213.0
AME,2019-02-27,0.0001780143488834,136223.0
AME,2019-02-28,0.0001605579140274,160767.0
AME,2019-03-01,0.0001607886508062,232615.0
AME,2019-03-04,0.0002409720261353,233012.0
AME,2019-03-05,0.0001717576963301,140980.0
AME,2019-03-06,0.0001657107417513,147202.0
AME,2019-03-07,0.0002077912237343,259981.0
AME,2019-03-08,0.0002010378711418,107259.0
AME,2019-03-11,0.0001856082349306,201054.0
AME,2019-03-12,0.0001653899570041,183002.0
AME,2019-03-13,0.0001757633776788,191312.0
AME,2019-03-14,0.0001670900496363,162579.0
AME,2019-03-15,0.0001392043487848,129508.0
AME,2019-03-18,0.0001473315056324,105063.0
AME,2019-03-19,0.0002161775953503,149241.0
AME,2019-03-20,0.0001978473613189,133545.0
AME,2019-03-21,0.0001754197897826,84308.0
AME,2019-03-22,0.0002344506438213,207458.0
AME,2019-03-25,0.0001997059830974,119435.0
AME,2019-03-26,0.0001827443802236,119750.0
AME,2019-03-27,0.0002043092890524,101192.0
AME,2019-03-28,0.0001848654676405,140550.0
AME,2019-03-29,0.0002096378962702,186229.0
AME,2019-04-01,0.0001846505011428,177226.0
AME,2019-04-02,0.0001981981549387,125890.0
AME,2019-04-03,0.0001834447110155,123556.0
AME,2019-04-04,0.0001748129219081,121984.0
AME,2019-04-05,0.0001654291538216,58271.0
AME,2019-04-08,0.0001617943855278,80245.0
AME,2019-04-09,0.0001736513579932,73138.0
AME,2019-04-10,0.0001486192835171,72822.0
AME,2019-04-11,0.0001829600764991,98359.0
AME,2019-04-12,0.0001579720270913,168328.0
AME,2019-04-15,0.0001429084022397,118215.0
AME,2019-04-16,0.0001751608366617,93539.0
AME,2019-04-17,0.0002206594008702,73210.0
AME,2019-04-18,0.0001432122168364,65475.0
AME,2019-04-22,0.0001428354785373,56594.0
AME,2019-04-23,0.0001566118375659,82825.0
AME,2019-04-24,0.0001741584262629,98135.0
AME,2019-04-25,0.0001934603329198,68196.0
AME,2019-04-26,0.0001632602592431,106900.0
AME,2019-04-29,0.0001722555488688,95217.0
AME,2019-04-30,0.0001650405080672,194535.0
AME,2019-05-01,0.0004428939150534,188795.0
AME,2019-05-02,0.0002701338259164,122686.0
AME,2019-05-03,0.0001739954565699,107343.0
AME,2019-05-06,0.0002381582635384,102001.0
AME,2019-05-07,0.0002982292073859,133773.0
AME,2019-05-08,0.0002371089324288,119446.0
AME,2019-05-09,0.0003006516830552,70844.0
AME,2019-05-10,0.0002633745356707,117615.0
AME,2019-05-13,0.0002615624770289,222393.0
AME,2019-05-14,0.0002115041159069,125125.0
AME,2019-05-15,0.0002565006090835,124268.0
AME,2019-05-16,0.0001821188589089,102553.0
AME,2019-05-17,0.0002093721713093,101637.0
AME,2019-05-20,0.0001928010243966,123944.0
AME,2019-05-21,0.0001859380947575,88866.0
AME,2019-05-22,0.000179094780722,141398.0
AME,2019-05-23,0.0002100605962194,157950.0
AME,2019-05-24,0.0001470919746395,132456.0
AME,2019-05-28,0.0001871493462567,133920.0
AME,2019-05-29,0.0002583726829566,178432.0
AME,2019-05-30,0.0001933457714828,68227.0
AME,2019-05-31,0.0002066152242799,120176.0
AME,2019-06-03,0.000269173860574,174862.0
AME,2019-06-04,0.0002183207731358,147237.0
AME,2019-06-05,0.0002387393551292,140545.0
AME,2019-06-06,0.0002178445443042,142151.0
AME,2019-06-07,0.0001956314264581,108079.0
AME,2019-06-10,0.0001911000260075,97269.0
AME,2019-06-11,0.0002395639412101,110071.0
AME,2019-06-12,0.0001769684455711,148033.0
AME,2019-06-13,0.0001627380806026,107735.0
AME,2019-06-14,0.0001782947183891,95175.0
AME,2019-06-17,0.0001434603799764,88279.0
AME,2019-06-18,0.0002009809612981,161185.0
AME,2019-06-19,0.0001882073029404,102813.0
AME,2019-06-20,0.0002671520005554,115728.0
AME,2019-06-21,0.0002834766707211,92955.0
AME,2019-06-24,0.0001716735507612,94440.0
AME,2019-06-25,0.0001694908046824,78908.0
AME,2019-06-26,0.0001520196138001,95805.0
AME,2019-06-27,0.0001981115027879,90062.0
AME,2019-06-28,0.0001539904013614,231625.0
AME,2019-07-01,0.0002028260576899,229928.0
AME,2019-07-02,0.0001872277379923,158121.0
AME,2019-07-03,0.0001276133143918,59032.0
AME,2019-07-05,0.0001701491012247,84301.0
AME,2019-07-08,0.0001457449249291,123421.0
AME,2019-07-09,0.0001618785585236,166154.0
AME,2019-07-10,0.0001790421118575,148609.0
AME,2019-07-11,0.0001622091109477,165554.0
AME,2019-07-12,0.0001695544763762,139133.0
AME,2019-07-15,0.000147147240531,94482.0
AME,2019-07-16,0.0001476758920695,117561.0
AME,2019-07-17,0.0001843153005688,150065.0
AME,2019-07-18,0.0001689240981525,156447.0
AME,2019-07-19,0.00016197736047,140003.0
AME,2019-07-22,0.0001670571351366,100582.0
AME,2019-07-23,0.0001562370048697,181045.0
AME,2019-07-24,0.0001376084937423,120278.0
AME,2019-07-25,0.0001792552104426,134556.0
AME,2019-07-26,0.0001751969727053,200016.0
AME,2019-07-29,0.0002040581571516,196998.0
AME,2019-07-30,0.0004564676297159,302649.0
AME,2019-07-31,0.0002886634969968,205684.0
AME,2019-08-01,0.0003564228970632,195171.0
AME,2019-08-02,0.0003113771903405,202313.0
AME,2019-08-05,0.0003570736442466,189761.0
AME,2019-08-06,0.0002937966215424,165066.0
AME,2019-08-07,0.0003309892469825,214956.0
AME,2019-08-08,0.0002231644527697,154151.0
AME,2019-08-09,0.0002598421976937,150689.0
AME,2019-08-12,0.0002501887067556,131490.0
AME,2019-08-13,0.00031588344341,128015.0
AME,2019-08-14,0.0003023767180574,158914.0
AME,2019-08-15,0.0002924585849424,140703.0
AME,2019-08-16,0.0002281968684237,101751.0
AME,2019-08-19,0.0001687975622953,114040.0
AME,2019-08-20,0.0002173276623605,125205.0
AME,2019-08-21,0.0002128934692253,94628.0
AME,2019-08-22,0.0002133005975137,86605.0
AME,2019-08-23,0.0003411935139293,142282.0
AME,2019-08-26,0.0002454583544807,89778.0
AME,2019-08-27,0.000228003210911,153795.0
AME,2019-08-28,0.0002081572086173,100882.0
AME,2019-08-29,0.000203258546251,86796.0
AME,2019-08-30,0.0002057101365082,121624.0
AME,2019-09-03,0.0003027216826451,148128.0
AME,2019-09-04,0.0001977494825844,124561.0
AME,2019-09-05,0.000223672379761,183034.0
AME,2019-09-06,0.0002487362302072,170847.0
AME,2019-09-09,0.0001544532692246,101148.0
AME,2019-09-10,0.0002375686822769,155361.0
AME,2019-09-11,0.0002399515490167,183833.0
AME,2019-09-12,0.0002329771773661,136505.0
AME,2019-09-13,0.0002397514139097,73570.0
AME,2019-09-16,0.000212316699122,133271.0
AME,2019-09-17,0.0001977565272807,115495.0
AME,2019-09-18,0.0002351063358789,52041.0
AME,2019-09-19,0.000194703165116,96482.0
AME,2019-09-20,0.0002836030720191,115102.0
AME,2019-09-23,0.0002388227142353,84702.0
AME,2019-09-24,0.0002798481582323,251584.0
AME,2019-09-25,0.0002496294254754,90689.0
AME,2019-09-26,0.0002210507204805,91415.0
AME,2019-09-27,0.0003862992452838,122355.0
AME,2019-09-30,0.0001826753741726,102084.0
AME,2019-10-01,0.0002966343320031,194939.0
AME,2019-10-02,0.0003129052800558,193084.0
AME,2019-10-03,0.0002653391098149,103918.0
AME,2019-10-04,0.0002030971730179,93667.0
AME,2019-10-07,0.0002426183621271,87104.0
AME,2019-10-08,0.0003178440889743,142602.0
AME,2019-10-09,0.0002657744193103,126261.0
AME,2019-10-10,0.0002233529704755,63235.0
AME,2019-10-11,0.0003971939217057,159437.0
AME,2019-10-14,0.0002398391222697,71322.0
AME,2019-10-15,0.0002020398279962,94848.0
AME,2019-10-16,0.0002399908270303,70084.0
AME,2019-10-17,0.0002063664806471,86885.0
AME,2019-10-18,0.0001996455983872,152322.0
AME,2019-10-21,0.0002307112073637,141414.0
AME,2019-10-22,0.0002254803126123,155543.0
AME,2019-10-23,0.0001746939164384,107880.0
AME,2019-10-24,0.0001953194294318,50921.0
AME,2019-10-25,0.0002004423830959,64329.0
AME,2019-10-28,0.0002026640783456,157550.0
AME,2019-10-29,0.0002352203028224,179530.0
AME,2019-10-30,0.000247509914742,193534.0
AME,2019-10-31,0.0003991913184503,193068.0
AME,2019-11-01,0.000287685828171,130468.0
AME,2019-11-04,0.000211187335569,185352.0
AME,2019-11-05,0.0002159448286373,152974.0
AME,2019-11-06,0.0002440838356539,118512.0
AME,2019-11-07,0.0002104511900972,133614.0
AME,2019-11-08,0.0001798025920753,68486.0
AME,2019-11-11,0.0002090582468235,50753.0
AME,2019-11-12,0.000208913561144,118408.0
AME,2019-11-13,0.0002214987881926,92519.0
AME,2019-11-14,0.0002363676590422,132847.0
AME,2019-11-15,0.0001684757384761,142729.0
AME,2019-11-18,0.0001890072604762,91255.0
AME,2019-11-19,0.0001942708934728,170884.0
AME,2019-11-20,0.0002531350386368,194779.0
AME,2019-11-21,0.0002059020203952,141540.0
AME,2019-11-22,0.0001588857954009,65366.0
AME,2019-11-25,0.0001928999839183,90059.0
AME,2019-11-26,0.0001749464307692,87245.0
AME,2019-11-27,0.0001926747702982,54510.0
AME,2019-11-29,0.0001580246008956,51841.0
AME,2019-12-02,0.0002423704828113,158259.0
AME,2019-12-03,0.0002312666348025,117285.0
AME,2019-12-04,0.0001949242564145,102807.0
AME,2019-12-05,0.0001712302448139,86557.0
AME,2019-12-06,0.0001526311996003,113032.0
AME,2019-12-09,0.0001313284659087,61926.0
AME,2019-12-10,0.000166179304605,91595.0
AME,2019-12-11,0.0001484909436944,90131.0
AME,2019-12-12,0.0002639738799069,83001.0
AME,2019-12-13,0.0002769867544004,95606.0
AME,2019-12-16,0.0001669802025983,76641.0
AME,2019-12-17,0.0001791494628209,101402.0
AME,2019-12-18,0.0001685301998658,78472.0
AME,2019-12-19,0.000156673814958,72826.0
AME,2019-12-20,0.0002002757534219,73203.0
AME,2019-12-23,0.0001545229950999,47249.0
AME,2019-12-24,0.0001202229873868,28742.0
AME,2019-12-26,0.0001818893336383,47983.0
AME,2019-12-27,0.0001668051391991,39893.0
AMG,2019-01-02,0.0006979173289115,75732.0
AMG,2019-01-03,0.0005682414639678,88575.0
AMG,2019-01-04,0.000583305603959,85067.0
AMG,2019-01-07,0.0005959779449022,85349.0
AMG,2019-01-08,0.0005568337540166,62659.0
AMG,2019-01-09,0.0002137664226204,567.0
AMG,2019-01-10,0.0005074524511349,89830.0
AMG,2019-01-11,0.0005065013269443,95821.0
AMG,2019-01-14,0.0004468136072911,60293.0
AMG,2019-01-15,0.0004092676460836,99713.0
AMG,2019-01-16,0.0003870308600468,102361.0
AMG,2019-01-17,0.0003643889275088,85076.0
AMG,2019-01-18,0.000514326417079,96089.0
AMG,2019-01-22,0.0004679316667368,86613.0
AMG,2019-01-23,0.0004207592456173,71864.0
AMG,2019-01-24,0.000463029498172,78739.0
AMG,2019-01-25,0.0004779212479656,74943.0
AMG,2019-01-28,0.0004985805160569,45396.0
AMG,2019-01-29,0.0003420990680305,65184.0
AMG,2019-01-30,0.0004751119398626,89642.0
AMG,2019-01-31,0.0003970240079813,86526.0
AMG,2019-02-01,0.0004050342657439,112666.0
AMG,2019-02-04,0.0006116576026371,97864.0
AMG,2019-02-05,0.0003459990401796,82876.0
AMG,2019-02-06,0.0003391356337211,67770.0
AMG,2019-02-07,0.0003738443131688,36127.0
AMG,2019-02-08,0.000333691003076,76818.0
AMG,2019-02-11,0.000293333938421,62084.0
AMG,2019-02-12,0.0002825385095312,69326.0
AMG,2019-02-13,0.0002919991704379,40442.0
AMG,2019-02-14,0.0002740988212242,54063.0
AMG,2019-02-15,0.0003326813651042,61586.0
AMG,2019-02-19,0.000209404681022,45422.0
AMG,2019-02-20,0.0002196221746597,44280.0
AMG,2019-02-21,0.0002392551930658,49974.0
AMG,2019-02-22,0.00024301818755,29816.0
AMG,2019-02-25,0.0002989234955786,76755.0
AMG,2019-02-26,0.0002866719264176,48373.0
AMG,2019-02-27,0.0002547026459431,36900.0
AMG,2019-02-28,0.0002326564543384,56049.0
AMG,2019-03-01,0.0002783489783097,53584.0
AMG,2019-03-04,0.0002969435329553,82662.0
AMG,2019-03-05,0.0003852805541939,71219.0
AMG,2019-03-06,0.0002629793303631,38401.0
AMG,2019-03-07,0.0003676674133539,61274.0
AMG,2019-03-08,0.0003931010467137,70723.0
AMG,2019-03-11,0.0002439021329729,55731.0
AMG,2019-03-12,0.0002516017304477,49224.0
AMG,2019-03-13,0.0002633626802966,45420.0
AMG,2019-03-14,0.0002186117444086,68208.0
AMG,2019-03-15,0.0002682979305094,54855.0
AMG,2019-03-18,0.0002823248781607,55139.0
AMG,2019-03-19,0.0002357195417833,45499.0
AMG,2019-03-20,0.0003010643577296,68411.0
AMG,2019-03-21,0.0003262637776153,119340.0
AMG,2019-03-22,0.0004216933125543,137302.0
AMG,2019-03-25,0.0003493357259674,80523.0
AMG,2019-03-26,0.0003667501191363,48548.0
AMG,2019-03-27,0.0003623869104762,61407.0
AMG,2019-03-28,0.0003098964555207,85380.0
AMG,2019-03-29,0.0002794702480452,103246.0
AMG,2019-04-01,0.0003384753024223,80744.0
AMG,2019-04-02,0.000372470995261,71109.0
AMG,2019-04-03,0.000280803899366,80889.0
AMG,2019-04-04,0.0002692276215898,56836.0
AMG,2019-04-05,0.0002742572660442,51796.0
AMG,2019-04-08,0.0002969150180982,85494.0
AMG,2019-04-09,0.0003086386946998,98221.0
AMG,2019-04-10,0.0003961326530791,99144.0
AMG,2019-04-11,0.000292768819519,69631.0
AMG,2019-04-12,0.0002476672349975,63592.0
AMG,2019-04-15,0.0002398361099453,73600.0
AMG,2019-04-16,0.0002274931991832,97700.0
AMG,2019-04-17,0.0002627954525083,68393.0
AMG,2019-04-18,0.0002706317672072,64809.0
AMG,2019-04-22,0.0002644963041155,53048.0
AMG,2019-04-23,0.0002469238952917,51962.0
AMG,2019-04-24,0.0002062392189192,66603.0
AMG,2019-04-25,0.0002898751279585,65509.0
AMG,2019-04-26,0.0002534656192659,68987.0
AMG,2019-04-29,0.0003475984619378,39861.0
AMG,2019-04-30,0.0002603680305994,62584.0
AMG,2019-05-01,0.0003050227408113,54584.0
AMG,2019-05-02,0.0002600574389395,63899.0
AMG,2019-05-03,0.0002952261356908,76042.0
AMG,2019-05-06,0.0008568716989961,241713.0
AMG,2019-05-07,0.0004874013348581,158101.0
AMG,2019-05-08,0.0003462407862993,110400.0
AMG,2019-05-09,0.0003669125660593,119246.0
AMG,2019-05-10,0.0003987867350133,173986.0
AMG,2019-05-13,0.000487783846783,170084.0
AMG,2019-05-14,0.0003347660182796,111744.0
AMG,2019-05-15,0.0004168107007949,108659.0
AMG,2019-05-16,0.0002591316815997,90055.0
AMG,2019-05-17,0.0003125755905173,96598.0
AMG,2019-05-20,0.0003299928076599,87232.0
AMG,2019-05-21,0.0003611704213953,66123.0
AMG,2019-05-22,0.0002522268676076,60305.0
AMG,2019-05-23,0.0002715142040215,105334.0
AMG,2019-05-24,0.0002310846326646,75717.0
AMG,2019-05-28,0.0002477115258391,87642.0
AMG,2019-05-29,0.0002584440595194,78216.0
AMG,2019-05-30,0.0002985932685388,76105.0
AMG,2019-05-31,0.0003300096896319,93867.0
AMG,2019-06-03,0.0003059505711154,59581.0
AMG,2019-06-04,0.0004447586968163,110197.0
AMG,2019-06-05,0.0003661695612615,119080.0
AMG,2019-06-06,0.0003257325205267,73883.0
AMG,2019-06-07,0.0002447466769778,71199.0
AMG,2019-06-10,0.0003064416735294,42564.0
AMG,2019-06-11,0.0002667477555585,46633.0
AMG,2019-06-12,0.0002844959458564,51867.0
AMG,2019-06-13,0.000236876328217,54072.0
AMG,2019-06-14,0.0002349613072079,122708.0
AMG,2019-06-17,0.0002628430384802,89438.0
AMG,2019-06-18,0.0003724291571003,105726.0
AMG,2019-06-19,0.000295783037385,100345.0
AMG,2019-06-20,0.0003009226369249,75530.0
AMG,2019-06-21,0.0002220368707305,68303.0
AMG,2019-06-24,0.0002879930632547,79514.0
AMG,2019-06-25,0.0003014658653891,47696.0
AMG,2019-06-26,0.0002559370661849,57906.0
AMG,2019-06-27,0.0002943385531027,72316.0
AMG,2019-06-28,0.0002761412462729,66957.0
AMG,2019-07-01,0.0003411664549002,46330.0
AMG,2019-07-02,0.000285641743868,115574.0
AMG,2019-07-03,0.0002155354269246,34765.0
AMG,2019-07-05,0.000243732352433,46379.0
AMG,2019-07-08,0.0002553500361361,25134.0
AMG,2019-07-09,0.0002780602357529,55056.0
AMG,2019-07-10,0.0002485879932459,44727.0
AMG,2019-07-11,0.0002438317159325,52798.0
AMG,2019-07-12,0.0003182186981056,96780.0
AMG,2019-07-15,0.0003356268550256,47183.0
AMG,2019-07-16,0.0002596755989734,83532.0
AMG,2019-07-17,0.0003130632970565,61395.0
AMG,2019-07-18,0.0002636162479092,87257.0
AMG,2019-07-19,0.0003180039477636,61176.0
AMG,2019-07-22,0.0003166893101241,48816.0
AMG,2019-07-23,0.0003504308699233,58587.0
AMG,2019-07-24,0.0002148808540078,53347.0
AMG,2019-07-25,0.0003629678702534,44017.0
AMG,2019-07-26,0.0002600166112978,58269.0
AMG,2019-07-29,0.0010195051020634,89901.0
AMG,2019-07-30,0.000368204416022,89900.0
AMG,2019-07-31,0.0003474359831818,91455.0
AMG,2019-08-01,0.000382860738173,99028.0
AMG,2019-08-02,0.0003825137740059,159037.0
AMG,2019-08-05,0.0005300110954129,133546.0
AMG,2019-08-06,0.0003454648848351,143224.0
AMG,2019-08-07,0.0004886062056229,69328.0
AMG,2019-08-08,0.0003506133024456,80416.0
AMG,2019-08-09,0.00035881989468,90890.0
AMG,2019-08-12,0.0003662716603988,135559.0
AMG,2019-08-13,0.0004412862179925,72826.0
AMG,2019-08-14,0.000421382552558,77011.0
AMG,2019-08-15,0.0003695577070365,89520.0
AMG,2019-08-16,0.0002547598175941,76144.0
AMG,2019-08-19,0.0003661232961961,69540.0
AMG,2019-08-20,0.0002882248041116,73290.0
AMG,2019-08-21,0.0002573689997565,31061.0
AMG,2019-08-22,0.0003015652453297,36355.0
AMG,2019-08-23,0.0003927279644998,57528.0
AMG,2019-08-26,0.0003372736752489,43111.0
AMG,2019-08-27,0.0003485165498023,38672.0
AMG,2019-08-28,0.0002828412144922,41199.0
AMG,2019-08-29,0.0003535412939369,44029.0
AMG,2019-08-30,0.0002671266902422,51529.0
AMG,2019-09-03,0.0004279802538747,69958.0
AMG,2019-09-04,0.0003563647096614,67561.0
AMG,2019-09-05,0.0004429113547818,86956.0
AMG,2019-09-06,0.0003368207763484,45478.0
AMG,2019-09-09,0.0003933875621159,62731.0
AMG,2019-09-10,0.0005069193394542,59894.0
AMG,2019-09-11,0.0004935959645955,61611.0
AMG,2019-09-12,0.0004781105789888,52093.0
AMG,2019-09-13,0.0004121662037249,52963.0
AMG,2019-09-16,0.0004320749434616,62186.0
AMG,2019-09-17,0.000433766497481,45998.0
AMG,2019-09-18,0.0003439671366749,29530.0
AMG,2019-09-19,0.0003327121322137,50865.0
AMG,2019-09-20,0.0004211180158349,44586.0
AMG,2019-09-23,0.0003857856770368,34464.0
AMG,2019-09-24,0.0003662200674102,46140.0
AMG,2019-09-25,0.0004229020319509,30299.0
AMG,2019-09-26,0.0003524603929472,28938.0
AMG,2019-09-27,0.0003488069554327,55502.0
AMG,2019-09-30,0.0003547416526376,57422.0
AMG,2019-10-01,0.0004318767252276,62736.0
AMG,2019-10-02,0.0004259699543906,69476.0
AMG,2019-10-03,0.0004465265563359,89563.0
AMG,2019-10-04,0.0003810255038514,75972.0
AMG,2019-10-07,0.0003966643024197,89988.0
AMG,2019-10-08,0.0004505908782537,77349.0
AMG,2019-10-09,0.0003987534544797,99614.0
AMG,2019-10-10,0.0004103992178199,85794.0
AMG,2019-10-11,0.0004855993660024,87148.0
AMG,2019-10-14,0.0002684959892148,49706.0
AMG,2019-10-15,0.0003372151798486,60000.0
AMG,2019-10-16,0.0003790670324427,83680.0
AMG,2019-10-17,0.0002912979889477,67669.0
AMG,2019-10-18,0.000304073307509,92128.0
AMG,2019-10-21,0.0003149766736919,76723.0
AMG,2019-10-22,0.0003228074124396,59547.0
AMG,2019-10-23,0.000360583854474,57632.0
AMG,2019-10-24,0.0003305342813278,71178.0
AMG,2019-10-25,0.0003390191005922,114253.0
AMG,2019-10-28,0.0007372461648099,137761.0
AMG,2019-10-29,0.0004041911531186,154743.0
AMG,2019-10-30,0.0003528237338149,100739.0
AMG,2019-10-31,0.0003841593651382,64476.0
AMG,2019-11-01,0.0003336140126857,54693.0
AMG,2019-11-04,0.0003694654995893,70761.0
AMG,2019-11-05,0.0004145556698529,66793.0
AMG,2019-11-06,0.0005043098520809,61543.0
AMG,2019-11-07,0.0003564660150077,86986.0
AMG,2019-11-08,0.0003094094990549,87543.0
AMG,2019-11-11,0.0002682450922849,55947.0
AMG,2019-11-12,0.0003654368557296,104065.0
AMG,2019-11-13,0.0003650077720107,43677.0
AMG,2019-11-14,0.0003018046054582,91674.0
AMG,2019-11-15,0.0003137421576623,38045.0
AMG,2019-11-18,0.0003000308392585,52612.0
AMG,2019-11-19,0.0003433786444505,36117.0
AMG,2019-11-20,0.0003654901997998,34340.0
AMG,2019-11-21,0.0003583470498684,70370.0
AMG,2019-11-22,0.0002626252612815,82601.0
AMG,2019-11-25,0.0003154186732248,100580.0
AMG,2019-11-26,0.0003274249872689,101474.0
AMG,2019-11-27,0.0002807725071316,62237.0
AMG,2019-11-29,0.0002619743315995,20492.0
AMG,2019-12-02,0.0003637476415763,72789.0
AMG,2019-12-03,0.0004017165112262,108173.0
AMG,2019-12-04,0.0003609914531038,70514.0
AMG,2019-12-05,0.0002633666907947,50895.0
AMG,2019-12-06,0.0003022827832358,34218.0
AMG,2019-12-09,0.0002529958331195,53037.0
AMG,2019-12-10,0.0002685241540697,48183.0
AMG,2019-12-11,0.000235810314025,58467.0
AMG,2019-12-12,0.0003265819541579,54543.0
AMG,2019-12-13,0.0003015225280351,61029.0
AMG,2019-12-16,0.0003269026130876,154155.0
AMG,2019-12-17,0.0002141693785707,95132.0
AMG,2019-12-18,0.0002678813696235,99734.0
AMG,2019-12-19,0.0002348468420435,66670.0
AMG,2019-12-20,0.0003266344310255,220073.0
AMG,2019-12-23,0.0005298305741318,156782.0
AMG,2019-12-24,0.0003173185787407,29415.0
AMG,2019-12-26,0.0003647143481148,57740.0
AMG,2019-12-27,0.0004077698969783,64396.0
AMGN,2019-01-02,0.0003540298553931,635262.0
AMGN,2019-01-03,0.0004668574606841,717452.0
AMGN,2019-01-04,0.0003475936785295,502226.0
AMGN,2019-01-07,0.0002775847593774,541631.0
AMGN,2019-01-08,0.0002734411296556,585038.0
AMGN,2019-01-09,8.473798476533396e-05,16997.0
AMGN,2019-01-10,0.00023771795182,464178.0
AMGN,2019-01-11,0.0002643582307804,444453.0
AMGN,2019-01-14,0.0001833192841327,327761.0
AMGN,2019-01-15,0.000232130781394,542749.0
AMGN,2019-01-16,0.0002371097629472,662699.0
AMGN,2019-01-17,0.0002115347193534,310904.0
AMGN,2019-01-18,0.0002248606322691,517516.0
AMGN,2019-01-22,0.000247871716592,536728.0
AMGN,2019-01-23,0.0002146315757963,431460.0
AMGN,2019-01-24,0.0002198365890729,440146.0
AMGN,2019-01-25,0.0003037862461289,516895.0
AMGN,2019-01-28,0.0003098710049841,929824.0
AMGN,2019-01-29,0.0002173242951009,642587.0
AMGN,2019-01-30,0.0004516407771165,1020315.0
AMGN,2019-01-31,0.0002207111628732,601560.0
AMGN,2019-02-01,0.0002152617921544,289296.0
AMGN,2019-02-04,0.000173671629142,544161.0
AMGN,2019-02-05,0.0001683202029216,568029.0
AMGN,2019-02-06,0.0001585785799151,374588.0
AMGN,2019-02-07,0.0002472307694599,882824.0
AMGN,2019-02-08,0.0001829614355768,458920.0
AMGN,2019-02-11,0.0001788122805114,511393.0
AMGN,2019-02-12,0.0001641027758467,372006.0
AMGN,2019-02-13,0.0001554769753265,490018.0
AMGN,2019-02-14,0.0002021328513983,515092.0
AMGN,2019-02-15,0.0002465849350323,517405.0
AMGN,2019-02-19,0.0001484428548782,300560.0
AMGN,2019-02-20,0.0002138361844056,382213.0
AMGN,2019-02-21,0.0002164605863871,342696.0
AMGN,2019-02-22,0.0002165474032437,437492.0
AMGN,2019-02-25,0.0002306781514926,628630.0
AMGN,2019-02-26,0.0001869978589411,502466.0
AMGN,2019-02-27,0.0002057775910721,259646.0
AMGN,2019-02-28,0.000189625925686,442328.0
AMGN,2019-03-01,0.0001716861056102,471105.0
AMGN,2019-03-04,0.0002095191693655,484320.0
AMGN,2019-03-05,0.0002325361735991,233661.0
AMGN,2019-03-06,0.0002629737194739,744965.0
AMGN,2019-03-07,0.0002394618282286,736632.0
AMGN,2019-03-08,0.000243252817421,343922.0
AMGN,2019-03-11,0.000188425556243,623006.0
AMGN,2019-03-12,0.0001950352958105,539986.0
AMGN,2019-03-13,0.0001945451634591,524646.0
AMGN,2019-03-14,0.0001973574478409,392229.0
AMGN,2019-03-15,0.0002004605267746,690302.0
AMGN,2019-03-18,0.0001715465334157,505607.0
AMGN,2019-03-19,0.0001752986693824,460564.0
AMGN,2019-03-20,0.0002312963810165,437957.0
AMGN,2019-03-21,0.0002204413592297,391751.0
AMGN,2019-03-22,0.0002725811187385,552634.0
AMGN,2019-03-25,0.0002606643258207,505858.0
AMGN,2019-03-26,0.0001840625236433,564916.0
AMGN,2019-03-27,0.0002245706764668,487117.0
AMGN,2019-03-28,0.0002069983008861,373977.0
AMGN,2019-03-29,0.0002393578522187,483507.0
AMGN,2019-04-01,0.0001703972488492,355517.0
AMGN,2019-04-02,0.0001647654042791,437813.0
AMGN,2019-04-03,0.0001726493003887,449783.0
AMGN,2019-04-04,0.0001816326741797,427433.0
AMGN,2019-04-05,0.0002281802641099,481429.0
AMGN,2019-04-08,0.0001956095867296,333446.0
AMGN,2019-04-09,0.0001633058784944,392626.0
AMGN,2019-04-10,0.0001598459512935,371126.0
AMGN,2019-04-11,0.0001934642650904,431528.0
AMGN,2019-04-12,0.0001926898792395,271421.0
AMGN,2019-04-15,0.000188791442292,344799.0
AMGN,2019-04-16,0.0001874148588452,517231.0
AMGN,2019-04-17,0.0003233284213509,562623.0
AMGN,2019-04-18,0.0003299994030437,813149.0
AMGN,2019-04-22,0.0002643495250016,663547.0
AMGN,2019-04-23,0.0002643746226988,705753.0
AMGN,2019-04-24,0.0002016680727623,550831.0
AMGN,2019-04-25,0.0002307594040755,544548.0
AMGN,2019-04-26,0.0002661773786562,360970.0
AMGN,2019-04-29,0.0001825291720919,562005.0
AMGN,2019-04-30,0.00022477010398,661863.0
AMGN,2019-05-01,0.0004830007779755,778255.0
AMGN,2019-05-02,0.0002790833685977,530706.0
AMGN,2019-05-03,0.0002338434563166,415731.0
AMGN,2019-05-06,0.0002442686192959,455586.0
AMGN,2019-05-07,0.0003128254408428,585344.0
AMGN,2019-05-08,0.000369413312375,602347.0
AMGN,2019-05-09,0.0003272228309545,586319.0
AMGN,2019-05-10,0.0003221680069901,357785.0
AMGN,2019-05-13,0.000328465382398,349916.0
AMGN,2019-05-14,0.0002493630894289,511439.0
AMGN,2019-05-15,0.0003026234210822,558414.0
AMGN,2019-05-16,0.0002786259923151,589418.0
AMGN,2019-05-17,0.0002720781292551,449346.0
AMGN,2019-05-20,0.0002980930928418,465148.0
AMGN,2019-05-21,0.0002340945311462,461422.0
AMGN,2019-05-22,0.0002180833644696,487748.0
AMGN,2019-05-23,0.0002720363246007,424224.0
AMGN,2019-05-24,0.0002063022792422,444653.0
AMGN,2019-05-28,0.0002331601289409,450184.0
AMGN,2019-05-29,0.0002667846156972,569109.0
AMGN,2019-05-30,0.0002146420233302,421173.0
AMGN,2019-05-31,0.000201525171966,320561.0
AMGN,2019-06-03,0.0004058746772967,796800.0
AMGN,2019-06-04,0.0002985267675499,668395.0
AMGN,2019-06-05,0.0002314105508426,393284.0
AMGN,2019-06-06,0.0002264190077979,362820.0
AMGN,2019-06-07,0.0002496532790346,303660.0
AMGN,2019-06-10,0.0002123271932885,403556.0
AMGN,2019-06-11,0.0002107822556913,403886.0
AMGN,2019-06-12,0.0002247685208206,439780.0
AMGN,2019-06-13,0.0002011527979393,219192.0
AMGN,2019-06-14,0.0001981415297398,357610.0
AMGN,2019-06-17,0.0002049655649375,342360.0
AMGN,2019-06-18,0.0002566226738627,521995.0
AMGN,2019-06-19,0.0002236393645306,400326.0
AMGN,2019-06-20,0.000265585182864,460865.0
AMGN,2019-06-21,0.0002389121486199,515936.0
AMGN,2019-06-24,0.0002174915614444,473873.0
AMGN,2019-06-25,0.0002592951944862,278363.0
AMGN,2019-06-26,0.0002605177288438,276431.0
AMGN,2019-06-27,0.0001838927180813,394185.0
AMGN,2019-06-28,0.0002088212729317,339719.0
AMGN,2019-07-01,0.0002225079683878,444813.0
AMGN,2019-07-02,0.0002467229108339,349505.0
AMGN,2019-07-03,0.000181494528472,351547.0
AMGN,2019-07-05,0.0002110362579628,280854.0
AMGN,2019-07-08,0.000262121760748,395998.0
AMGN,2019-07-09,0.0002036035004115,324557.0
AMGN,2019-07-10,0.0001978951368741,293205.0
AMGN,2019-07-11,0.0003370973757489,485602.0
AMGN,2019-07-12,0.0002334702837629,582921.0
AMGN,2019-07-15,0.0002154412456772,507381.0
AMGN,2019-07-16,0.0001740877760564,381651.0
AMGN,2019-07-17,0.0001969671749904,376975.0
AMGN,2019-07-18,0.0002005882506081,307383.0
AMGN,2019-07-19,0.0002233362036501,408331.0
AMGN,2019-07-22,0.0002749380660959,503537.0
AMGN,2019-07-23,0.0001659480279624,390014.0
AMGN,2019-07-24,0.0001759282365086,381320.0
AMGN,2019-07-25,0.0002014712784582,276495.0
AMGN,2019-07-26,0.0002151076388615,596336.0
AMGN,2019-07-29,0.0001802371652018,359124.0
AMGN,2019-07-30,0.0001672099036106,323407.0
AMGN,2019-07-31,0.000409657508572,950440.0
AMGN,2019-08-01,0.0003899733941653,617521.0
AMGN,2019-08-02,0.0002672565284913,401051.0
AMGN,2019-08-05,0.0002917554025098,490552.0
AMGN,2019-08-06,0.0002977559933457,547249.0
AMGN,2019-08-07,0.0003931761020304,473005.0
AMGN,2019-08-08,0.0002083298010846,436384.0
AMGN,2019-08-09,0.0008442530677822,792801.0
AMGN,2019-08-12,0.0006004141426579,1170644.0
AMGN,2019-08-13,0.0004716904427143,837772.0
AMGN,2019-08-14,0.0003701101742415,625722.0
AMGN,2019-08-15,0.0003114775658318,349409.0
AMGN,2019-08-16,0.00030140057461,366300.0
AMGN,2019-08-19,0.0002672930707419,392257.0
AMGN,2019-08-20,0.0002093795434416,441344.0
AMGN,2019-08-21,0.0001945167345218,303224.0
AMGN,2019-08-22,0.0002870748627603,288177.0
AMGN,2019-08-23,0.0003881007592627,529107.0
AMGN,2019-08-26,0.0003620808361231,420785.0
AMGN,2019-08-27,0.0002723334627129,344431.0
AMGN,2019-08-28,0.0003301047385263,477304.0
AMGN,2019-08-29,0.0002405034774016,365902.0
AMGN,2019-08-30,0.0002850617890112,322505.0
AMGN,2019-09-03,0.0002768752246408,399498.0
AMGN,2019-09-04,0.0002356951114635,280860.0
AMGN,2019-09-05,0.0002365069093784,250547.0
AMGN,2019-09-06,0.0002413870994058,324178.0
AMGN,2019-09-09,0.0003586061910009,583530.0
AMGN,2019-09-10,0.0003218540729837,800907.0
AMGN,2019-09-11,0.0002158948218171,407359.0
AMGN,2019-09-12,0.0002901447186652,384038.0
AMGN,2019-09-13,0.0002259560699767,322521.0
AMGN,2019-09-16,0.0002042176848513,267789.0
AMGN,2019-09-17,0.0001704640337187,340914.0
AMGN,2019-09-18,0.0002067834591974,265552.0
AMGN,2019-09-19,0.0001874317443401,237784.0
AMGN,2019-09-20,0.0002774937932309,425471.0
AMGN,2019-09-23,0.0001955471340437,285656.0
AMGN,2019-09-24,0.0002390498220053,414701.0
AMGN,2019-09-25,0.0002158611517136,295130.0
AMGN,2019-09-26,0.0002004721289641,312968.0
AMGN,2019-09-27,0.0002547018903725,328143.0
AMGN,2019-09-30,0.0002579970788237,365707.0
AMGN,2019-10-01,0.0002406133105065,338940.0
AMGN,2019-10-02,0.000278919340472,431968.0
AMGN,2019-10-03,0.0002681747688285,360710.0
AMGN,2019-10-04,0.0002058060278671,404847.0
AMGN,2019-10-07,0.000212693247535,364601.0
AMGN,2019-10-08,0.0002865551701161,392589.0
AMGN,2019-10-09,0.0002404648392101,278725.0
AMGN,2019-10-10,0.0002291355690977,247380.0
AMGN,2019-10-11,0.0002701127770594,384340.0
AMGN,2019-10-14,0.0001756526240607,329555.0
AMGN,2019-10-15,0.0001827285941153,254681.0
AMGN,2019-10-16,0.000186010879821,305353.0
AMGN,2019-10-17,0.000221300518257,244825.0
AMGN,2019-10-18,0.0002465475001008,325709.0
AMGN,2019-10-21,0.0001882527450164,255241.0
AMGN,2019-10-22,0.0002352869645538,408298.0
AMGN,2019-10-23,0.0001912755000877,243100.0
AMGN,2019-10-24,0.0001836148481128,288885.0
AMGN,2019-10-25,0.0001563257542384,238918.0
AMGN,2019-10-28,0.0001762807658936,319960.0
AMGN,2019-10-29,0.0003009134574636,539553.0
AMGN,2019-10-30,0.0004216958054684,392569.0
AMGN,2019-10-31,0.0002538118251352,420122.0
AMGN,2019-11-01,0.0002317628016858,498119.0
AMGN,2019-11-04,0.0001827401419322,449974.0
AMGN,2019-11-05,0.0003362233988898,435880.0
AMGN,2019-11-06,0.0001889591502935,419572.0
AMGN,2019-11-07,0.0002112917969632,384180.0
AMGN,2019-11-08,0.0001878447191694,290360.0
AMGN,2019-11-11,0.0001719333061261,265446.0
AMGN,2019-11-12,0.0002030025538717,461472.0
AMGN,2019-11-13,0.0002175261698482,380676.0
AMGN,2019-11-14,0.0002259239432414,413948.0
AMGN,2019-11-15,0.0001750382375862,279272.0
AMGN,2019-11-18,0.0001775150959562,327639.0
AMGN,2019-11-19,0.000190883647056,397841.0
AMGN,2019-11-20,0.000234152923688,516731.0
AMGN,2019-11-21,0.0002593978001752,486522.0
AMGN,2019-11-22,0.0001838120881163,295983.0
AMGN,2019-11-25,0.0002405922254968,397274.0
AMGN,2019-11-26,0.000205117770917,369708.0
AMGN,2019-11-27,0.0001706308380458,262911.0
AMGN,2019-11-29,0.0001418643059066,157463.0
AMGN,2019-12-02,0.0002225803065794,248955.0
AMGN,2019-12-03,0.0002147411565374,231310.0
AMGN,2019-12-04,0.0002031221047115,240658.0
AMGN,2019-12-05,0.0002155319312216,282805.0
AMGN,2019-12-06,0.0001947069031752,220247.0
AMGN,2019-12-09,0.0001767512029517,263361.0
AMGN,2019-12-10,0.0001669405026329,267497.0
AMGN,2019-12-11,0.0001754754642122,245247.0
AMGN,2019-12-12,0.0002229461361931,237508.0
AMGN,2019-12-13,0.0002245860260812,301561.0
AMGN,2019-12-16,0.0002053948173845,379420.0
AMGN,2019-12-17,0.0002081477704519,291459.0
AMGN,2019-12-18,0.000216735221481,313764.0
AMGN,2019-12-19,0.0001744407151056,261470.0
AMGN,2019-12-20,0.000287581677479,327658.0
AMGN,2019-12-23,0.0001761516359168,182565.0
AMGN,2019-12-24,0.0001376883536945,130384.0
AMGN,2019-12-26,0.0001212340081187,152084.0
AMGN,2019-12-27,0.0001388074141479,165692.0
AMP,2019-01-02,0.0005033481329547,241375.0
AMP,2019-01-03,0.000550264368292,168557.0
AMP,2019-01-04,0.0004516927995344,181417.0
AMP,2019-01-07,0.0003821481381716,169343.0
AMP,2019-01-08,0.0004316576698347,126294.0
AMP,2019-01-09,0.000221962559009,2054.0
AMP,2019-01-10,0.0004167217722144,138824.0
AMP,2019-01-11,0.0003977602497866,135300.0
AMP,2019-01-14,0.000378122342392,165639.0
AMP,2019-01-15,0.0004520797476431,104602.0
AMP,2019-01-16,0.0003372373356201,151132.0
AMP,2019-01-17,0.0004007717315543,118669.0
AMP,2019-01-18,0.0004216693650847,139668.0
AMP,2019-01-22,0.0003566772117664,175757.0
AMP,2019-01-23,0.0003728900788927,108685.0
AMP,2019-01-24,0.00035354478515,111259.0
AMP,2019-01-25,0.000362305296182,145495.0
AMP,2019-01-28,0.0004321963030059,152497.0
AMP,2019-01-29,0.0002649249274931,158178.0
AMP,2019-01-30,0.0004990774143767,215959.0
AMP,2019-01-31,0.0007060507114055,199327.0
AMP,2019-02-01,0.0004208696512534,186016.0
AMP,2019-02-04,0.0003103098893002,107214.0
AMP,2019-02-05,0.0003162857792545,122511.0
AMP,2019-02-06,0.0003198122770972,94575.0
AMP,2019-02-07,0.0004089475249645,118605.0
AMP,2019-02-08,0.0003381325358539,146593.0
AMP,2019-02-11,0.0002714625093082,126335.0
AMP,2019-02-12,0.0002349498151385,122995.0
AMP,2019-02-13,0.0002491607558109,98651.0
AMP,2019-02-14,0.0002995401850876,108537.0
AMP,2019-02-15,0.0002588746030649,83237.0
AMP,2019-02-19,0.0002637939197023,152603.0
AMP,2019-02-20,0.0002435195306479,161898.0
AMP,2019-02-21,0.0002581955255552,159990.0
AMP,2019-02-22,0.0002216454303709,142398.0
AMP,2019-02-25,0.0002652576688667,238628.0
AMP,2019-02-26,0.0002924308923986,138340.0
AMP,2019-02-27,0.0002531207505463,178232.0
AMP,2019-02-28,0.0002140032647541,158682.0
AMP,2019-03-01,0.0002344441072023,168345.0
AMP,2019-03-04,0.0002689225107359,150313.0
AMP,2019-03-05,0.0002492223698216,142185.0
AMP,2019-03-06,0.0002629851993539,131883.0
AMP,2019-03-07,0.000301428908637,138601.0
AMP,2019-03-08,0.000293329635541,158704.0
AMP,2019-03-11,0.0002375125380353,217805.0
AMP,2019-03-12,0.0002238934617649,173795.0
AMP,2019-03-13,0.0002341224901472,198140.0
AMP,2019-03-14,0.0002009539339162,213760.0
AMP,2019-03-15,0.000258339771416,193902.0
AMP,2019-03-18,0.0002339779495575,200587.0
AMP,2019-03-19,0.0002097583256309,117232.0
AMP,2019-03-20,0.0003024004217156,212027.0
AMP,2019-03-21,0.000252064715414,129897.0
AMP,2019-03-22,0.0003446294569169,144786.0
AMP,2019-03-25,0.0003387549027603,176485.0
AMP,2019-03-26,0.0002501939597284,160557.0
AMP,2019-03-27,0.0002535401958433,169796.0
AMP,2019-03-28,0.0002726571536591,174824.0
AMP,2019-03-29,0.0002454551878113,161958.0
AMP,2019-04-01,0.000253293258504,168194.0
AMP,2019-04-02,0.000334719289609,266055.0
AMP,2019-04-03,0.0002686840058922,151971.0
AMP,2019-04-04,0.0002153164781697,108413.0
AMP,2019-04-05,0.0002104656511645,87785.0
AMP,2019-04-08,0.0002079599768022,78383.0
AMP,2019-04-09,0.0002234365376588,95912.0
AMP,2019-04-10,0.0001852359556024,99776.0
AMP,2019-04-11,0.0002436374636428,96802.0
AMP,2019-04-12,0.0002833540163373,108039.0
AMP,2019-04-15,0.0002415612703916,90907.0
AMP,2019-04-16,0.0002178106409682,127916.0
AMP,2019-04-17,0.000244275264606,134907.0
AMP,2019-04-18,0.0002445155644004,116971.0
AMP,2019-04-22,0.000206329804497,88639.0
AMP,2019-04-23,0.0001930651555293,108943.0
AMP,2019-04-24,0.0002151820697913,139461.0
AMP,2019-04-25,0.0003534870445639,190474.0
AMP,2019-04-26,0.0002367280844562,109258.0
AMP,2019-04-29,0.0002197373097834,124990.0
AMP,2019-04-30,0.0002103428485531,203354.0
AMP,2019-05-01,0.0002312523613546,133059.0
AMP,2019-05-02,0.0002992596002501,158312.0
AMP,2019-05-03,0.000241485243646,113437.0
AMP,2019-05-06,0.0002681393340662,152330.0
AMP,2019-05-07,0.0002861857452429,141003.0
AMP,2019-05-08,0.0002855922870822,128302.0
AMP,2019-05-09,0.0002938346248892,162614.0
AMP,2019-05-10,0.00029584803594,144213.0
AMP,2019-05-13,0.0003644421716545,268037.0
AMP,2019-05-14,0.00025618920745,175484.0
AMP,2019-05-15,0.0003688861608197,172192.0
AMP,2019-05-16,0.0002391880435724,138698.0
AMP,2019-05-17,0.0002610848355687,157947.0
AMP,2019-05-20,0.0002397654016979,179911.0
AMP,2019-05-21,0.0002098207845131,183293.0
AMP,2019-05-22,0.0001807898095618,158271.0
AMP,2019-05-23,0.0002237437688829,193053.0
AMP,2019-05-24,0.0001710414883402,115805.0
AMP,2019-05-28,0.0001967459372503,138167.0
AMP,2019-05-29,0.0002446994801415,173385.0
AMP,2019-05-30,0.0001920191891825,102763.0
AMP,2019-05-31,0.0003187974870987,208170.0
AMP,2019-06-03,0.0003101137669939,188378.0
AMP,2019-06-04,0.0002993712183434,167172.0
AMP,2019-06-05,0.0002608330378036,155370.0
AMP,2019-06-06,0.000220817378984,116611.0
AMP,2019-06-07,0.0001996716426139,70358.0
AMP,2019-06-10,0.0002304623668768,117286.0
AMP,2019-06-11,0.0001995530919789,156426.0
AMP,2019-06-12,0.0002143492410312,164651.0
AMP,2019-06-13,0.0001759039657941,75862.0
AMP,2019-06-14,0.0001895897382887,103007.0
AMP,2019-06-17,0.0002956667893055,303754.0
AMP,2019-06-18,0.0003457642799837,166019.0
AMP,2019-06-19,0.0002590776716519,161419.0
AMP,2019-06-20,0.0002824565013785,193331.0
AMP,2019-06-21,0.0002430614528474,142481.0
AMP,2019-06-24,0.0002486486719511,131478.0
AMP,2019-06-25,0.0002794283701955,235749.0
AMP,2019-06-26,0.0002205774296116,188749.0
AMP,2019-06-27,0.000315905128834,179873.0
AMP,2019-06-28,0.0002554810208228,181607.0
AMP,2019-07-01,0.000290671749267,147772.0
AMP,2019-07-02,0.0002297448072086,132265.0
AMP,2019-07-03,0.0001836409811489,55435.0
AMP,2019-07-05,0.0002333532042379,124244.0
AMP,2019-07-08,0.0001971206309939,121293.0
AMP,2019-07-09,0.0001744067373398,95092.0
AMP,2019-07-10,0.0002070580918803,61606.0
AMP,2019-07-11,0.0001727323009629,72296.0
AMP,2019-07-12,0.0001726251315641,51041.0
AMP,2019-07-15,0.0002021273946842,75803.0
AMP,2019-07-16,0.0002361860734881,80096.0
AMP,2019-07-17,0.0001812094531729,91154.0
AMP,2019-07-18,0.0002046414719031,88505.0
AMP,2019-07-19,0.0002285114416926,69751.0
AMP,2019-07-22,0.0001922771487623,105721.0
AMP,2019-07-23,0.0001496854303024,64763.0
AMP,2019-07-24,0.0001883975147983,118046.0
AMP,2019-07-25,0.0005247295933385,223166.0
AMP,2019-07-26,0.0002178982569321,78024.0
AMP,2019-07-29,0.0001911904732785,97729.0
AMP,2019-07-30,0.0001915092143215,82019.0
AMP,2019-07-31,0.000259373209282,86989.0
AMP,2019-08-01,0.0003997191948638,136789.0
AMP,2019-08-02,0.0003261285358058,240549.0
AMP,2019-08-05,0.0004026769093915,244135.0
AMP,2019-08-06,0.0003432335783675,215717.0
AMP,2019-08-07,0.0004269750070184,273361.0
AMP,2019-08-08,0.0002759960624139,207981.0
AMP,2019-08-09,0.0003275056900944,197739.0
AMP,2019-08-12,0.0003211610409551,223400.0
AMP,2019-08-13,0.0004277997648709,310634.0
AMP,2019-08-14,0.0003722660644456,195323.0
AMP,2019-08-15,0.0004002921935707,201385.0
AMP,2019-08-16,0.0003224923926544,166133.0
AMP,2019-08-19,0.0002581671799994,122699.0
AMP,2019-08-20,0.0003029163940652,91731.0
AMP,2019-08-21,0.0002523417091472,83763.0
AMP,2019-08-22,0.0002456499564126,106388.0
AMP,2019-08-23,0.0003926725411868,123760.0
AMP,2019-08-26,0.0002727834970224,93847.0
AMP,2019-08-27,0.0002851236083152,153252.0
AMP,2019-08-28,0.0003285110916354,112220.0
AMP,2019-08-29,0.0003205071107136,71140.0
AMP,2019-08-30,0.0002293862148519,103084.0
AMP,2019-09-03,0.0003590406757732,106517.0
AMP,2019-09-04,0.000265043458105,74427.0
AMP,2019-09-05,0.0002976404074018,119621.0
AMP,2019-09-06,0.0002387290314956,121179.0
AMP,2019-09-09,0.0002496154514349,171319.0
AMP,2019-09-10,0.0003501721632163,276742.0
AMP,2019-09-11,0.0003601617613581,142508.0
AMP,2019-09-12,0.0002983690443893,115280.0
AMP,2019-09-13,0.0002527410375748,104253.0
AMP,2019-09-16,0.0003548287754287,108480.0
AMP,2019-09-17,0.0002683057555841,104839.0
AMP,2019-09-18,0.0002642525047351,61599.0
AMP,2019-09-19,0.0002398621751766,98948.0
AMP,2019-09-20,0.0002736492589183,75759.0
AMP,2019-09-23,0.0002587282195699,84788.0
AMP,2019-09-24,0.00032608385806,131201.0
AMP,2019-09-25,0.0002860618958907,58876.0
AMP,2019-09-26,0.0002684821973866,57289.0
AMP,2019-09-27,0.0003078480577692,76908.0
AMP,2019-09-30,0.0002364687984734,128520.0
AMP,2019-10-01,0.0003703009316995,190792.0
AMP,2019-10-02,0.0003615781905516,175309.0
AMP,2019-10-03,0.0003842415709975,138938.0
AMP,2019-10-04,0.0002822276201707,126602.0
AMP,2019-10-07,0.0003098418187854,101787.0
AMP,2019-10-08,0.0004048964620255,222151.0
AMP,2019-10-09,0.0002970079237148,120159.0
AMP,2019-10-10,0.000294407474859,85436.0
AMP,2019-10-11,0.0003551235330721,131334.0
AMP,2019-10-14,0.0002226932847647,92167.0
AMP,2019-10-15,0.0002184154057026,93227.0
AMP,2019-10-16,0.0002203071785194,91757.0
AMP,2019-10-17,0.0002177187173729,81457.0
AMP,2019-10-18,0.0002108940702442,120587.0
AMP,2019-10-21,0.0002032683723987,96415.0
AMP,2019-10-22,0.0002513258750213,127807.0
AMP,2019-10-23,0.0002236745426408,108890.0
AMP,2019-10-24,0.0004506707378274,155117.0
AMP,2019-10-25,0.0002808168253626,66834.0
AMP,2019-10-28,0.0002311720948725,61138.0
AMP,2019-10-29,0.0002043718142108,70816.0
AMP,2019-10-30,0.000267993678156,83563.0
AMP,2019-10-31,0.0002612782664955,85435.0
AMP,2019-11-01,0.0002167687353827,79643.0
AMP,2019-11-04,0.0002188744764239,74724.0
AMP,2019-11-05,0.000238094443427,77081.0
AMP,2019-11-06,0.0002840683252663,73297.0
AMP,2019-11-07,0.0002522241964877,83241.0
AMP,2019-11-08,0.000240027357914,101771.0
AMP,2019-11-11,0.0002553577822555,103384.0
AMP,2019-11-12,0.0002259462006782,153978.0
AMP,2019-11-13,0.000275315084748,114581.0
AMP,2019-11-14,0.0002579613807763,129488.0
AMP,2019-11-15,0.0001815575757191,127895.0
AMP,2019-11-18,0.0003406995401752,139572.0
AMP,2019-11-19,0.0002413751208421,107922.0
AMP,2019-11-20,0.0002714308508504,136431.0
AMP,2019-11-21,0.0002854338767741,136829.0
AMP,2019-11-22,0.000235354231198,112910.0
AMP,2019-11-25,0.0002226372782379,139498.0
AMP,2019-11-26,0.0002147272367883,131674.0
AMP,2019-11-27,0.0002312880721989,131354.0
AMP,2019-11-29,0.0001770233815291,103857.0
AMP,2019-12-02,0.0002745592728367,194685.0
AMP,2019-12-03,0.0002643791375238,122637.0
AMP,2019-12-04,0.0001885111304944,82402.0
AMP,2019-12-05,0.0002024911936627,88791.0
AMP,2019-12-06,0.0001965571459606,76443.0
AMP,2019-12-09,0.0001163756831454,133771.0
AMP,2019-12-10,0.0001752701391533,120551.0
AMP,2019-12-11,0.0001526514101615,144455.0
AMP,2019-12-12,0.0002478613025449,112476.0
AMP,2019-12-13,0.0002453630779248,103949.0
AMP,2019-12-16,0.0001585528140708,79144.0
AMP,2019-12-17,0.0001965377761815,99957.0
AMP,2019-12-18,0.0001208948544153,117122.0
AMP,2019-12-19,0.0001780400086551,87961.0
AMP,2019-12-20,0.0001733978677308,104015.0
AMP,2019-12-23,0.000160069741072,64185.0
AMP,2019-12-24,0.0001316917610697,24375.0
AMP,2019-12-26,0.0001195854173045,33559.0
AMP,2019-12-27,0.0001491832964425,40755.0
AMT,2019-01-02,0.0005048394576451,212718.0
AMT,2019-01-03,0.0005334434039851,149025.0
AMT,2019-01-04,0.0004564021579133,166174.0
AMT,2019-01-07,0.0004899557247927,118685.0
AMT,2019-01-08,0.000407132391452,191938.0
AMT,2019-01-09,0.0001553829756682,3329.0
AMT,2019-01-10,0.0003400911296369,158865.0
AMT,2019-01-11,0.0003110337094912,194101.0
AMT,2019-01-14,0.0002942760115004,109279.0
AMT,2019-01-15,0.0002752696528436,134711.0
AMT,2019-01-16,0.0002402344164964,129155.0
AMT,2019-01-17,0.000320808138831,110431.0
AMT,2019-01-18,0.0003290396017233,116823.0
AMT,2019-01-22,0.0003025279169661,152708.0
AMT,2019-01-23,0.0002787902489018,163847.0
AMT,2019-01-24,0.0002318218525184,154649.0
AMT,2019-01-25,0.0002817826650314,119483.0
AMT,2019-01-28,0.0003312392770427,120791.0
AMT,2019-01-29,0.0001662870956878,178502.0
AMT,2019-01-30,0.0002513730673375,230553.0
AMT,2019-01-31,0.0002590959715133,358126.0
AMT,2019-02-01,0.0003309070151294,344192.0
AMT,2019-02-04,0.0002881445722571,331601.0
AMT,2019-02-05,0.0002990485863654,172975.0
AMT,2019-02-06,0.0002288011504919,170523.0
AMT,2019-02-07,0.0002331528037724,120131.0
AMT,2019-02-08,0.0001834859972783,149275.0
AMT,2019-02-11,0.0001941708806996,125521.0
AMT,2019-02-12,0.000197932268002,159142.0
AMT,2019-02-13,0.0001937291350881,133618.0
AMT,2019-02-14,0.0002035246361204,200231.0
AMT,2019-02-15,0.0001853912491297,142795.0
AMT,2019-02-19,0.0001858200271232,223082.0
AMT,2019-02-20,0.0002073971204193,169311.0
AMT,2019-02-21,0.0001988997565002,218187.0
AMT,2019-02-22,0.0001758484247145,186317.0
AMT,2019-02-25,0.0001826193638733,174042.0
AMT,2019-02-26,0.0001931508958662,266267.0
AMT,2019-02-27,0.0003834010976434,173908.0
AMT,2019-02-28,0.0002692112339048,317883.0
AMT,2019-03-01,0.0002203485685787,214666.0
AMT,2019-03-04,0.0002164134422898,155303.0
AMT,2019-03-05,0.0001909145496706,187466.0
AMT,2019-03-06,0.0002314357590383,106806.0
AMT,2019-03-07,0.0002045978843944,162263.0
AMT,2019-03-08,0.0002018022697439,94891.0
AMT,2019-03-11,0.0002122187588781,219265.0
AMT,2019-03-12,0.000231776643794,194825.0
AMT,2019-03-13,0.000151740951936,131902.0
AMT,2019-03-14,0.0001867982725571,97730.0
AMT,2019-03-15,0.0001696667351298,100910.0
AMT,2019-03-18,0.0001750862572667,158829.0
AMT,2019-03-19,0.0001747655119097,167468.0
AMT,2019-03-20,0.0002296991870115,145755.0
AMT,2019-03-21,0.0001835657453451,153583.0
AMT,2019-03-22,0.0002059378436001,214373.0
AMT,2019-03-25,0.000220919566769,178247.0
AMT,2019-03-26,0.0002116174710688,177357.0
AMT,2019-03-27,0.0002281460724782,231410.0
AMT,2019-03-28,0.0001936405565522,155532.0
AMT,2019-03-29,0.0001704941976799,363378.0
AMT,2019-04-01,0.0002658841102259,306618.0
AMT,2019-04-02,0.0002524956432032,239426.0
AMT,2019-04-03,0.0002647809213172,282179.0
AMT,2019-04-04,0.0001845910395806,196780.0
AMT,2019-04-05,0.000171045045473,237515.0
AMT,2019-04-08,0.0002061302294017,161290.0
AMT,2019-04-09,0.0001646591220323,150374.0
AMT,2019-04-10,0.0001502847865271,129810.0
AMT,2019-04-11,0.0001562773758548,162593.0
AMT,2019-04-12,0.0001901467068062,106731.0
AMT,2019-04-15,0.0002166656850301,173426.0
AMT,2019-04-16,0.000191102228953,226361.0
AMT,2019-04-17,0.0002563382522972,253504.0
AMT,2019-04-18,0.0002349552554215,133615.0
AMT,2019-04-22,0.000206298072736,108406.0
AMT,2019-04-23,0.000215824096068,134746.0
AMT,2019-04-24,0.0002042751093846,120961.0
AMT,2019-04-25,0.0002092984881598,86633.0
AMT,2019-04-26,0.0001681467672857,128093.0
AMT,2019-04-29,0.0001948661344243,100660.0
AMT,2019-04-30,0.0002201414786736,163716.0
AMT,2019-05-01,0.0002723052854227,141985.0
AMT,2019-05-02,0.0002496859557371,166111.0
AMT,2019-05-03,0.000331015043732,94278.0
AMT,2019-05-06,0.0002681191522192,110448.0
AMT,2019-05-07,0.0002763758279728,216138.0
AMT,2019-05-08,0.0002663614830587,234097.0
AMT,2019-05-09,0.0002557342726704,133806.0
AMT,2019-05-10,0.0002079602398987,156124.0
AMT,2019-05-13,0.0002588959599351,186850.0
AMT,2019-05-14,0.0002081145460256,197378.0
AMT,2019-05-15,0.0002528715869331,136675.0
AMT,2019-05-16,0.0001975189738072,138917.0
AMT,2019-05-17,0.0001747480434294,189495.0
AMT,2019-05-20,0.0003257439079688,177950.0
AMT,2019-05-21,0.0001863087179669,202653.0
AMT,2019-05-22,0.0001967624318651,116231.0
AMT,2019-05-23,0.0002170930785258,166053.0
AMT,2019-05-24,0.0001551632344887,168286.0
AMT,2019-05-28,0.0001965103332065,122653.0
AMT,2019-05-29,0.0002262339868505,169729.0
AMT,2019-05-30,0.0003079200962523,149633.0
AMT,2019-05-31,0.0002620298632102,255227.0
AMT,2019-06-03,0.0002214882148523,202779.0
AMT,2019-06-04,0.0002281083152472,178544.0
AMT,2019-06-05,0.0002504280294205,196269.0
AMT,2019-06-06,0.0002166509337322,129271.0
AMT,2019-06-07,0.0002519955055265,128973.0
AMT,2019-06-10,0.0002153139185577,264345.0
AMT,2019-06-11,0.0002218204617684,185258.0
AMT,2019-06-12,0.0002339759818825,173511.0
AMT,2019-06-13,0.0002544396172092,205605.0
AMT,2019-06-14,0.0002118471906031,165525.0
AMT,2019-06-17,0.0002705018232744,154579.0
AMT,2019-06-18,0.0002678241544304,164325.0
AMT,2019-06-19,0.0002380483313382,114916.0
AMT,2019-06-20,0.0002737420134597,96624.0
AMT,2019-06-21,0.000250940555337,113342.0
AMT,2019-06-24,0.0001978137742946,78164.0
AMT,2019-06-25,0.0001890199384478,134304.0
AMT,2019-06-26,0.0002812491903859,262642.0
AMT,2019-06-27,0.00023396227754,208908.0
AMT,2019-06-28,0.0002186536392997,189830.0
AMT,2019-07-01,0.0003051788866847,256158.0
AMT,2019-07-02,0.0002314009084134,275329.0
AMT,2019-07-03,0.0002118843428882,151999.0
AMT,2019-07-05,0.0002306796458213,123448.0
AMT,2019-07-08,0.0002118285309085,124878.0
AMT,2019-07-09,0.0002240202657269,213822.0
AMT,2019-07-10,0.0001909586994492,212041.0
AMT,2019-07-11,0.0002100887756258,175341.0
AMT,2019-07-12,0.0002031266478683,158182.0
AMT,2019-07-15,0.0002201152273223,115893.0
AMT,2019-07-16,0.0002037760677336,121839.0
AMT,2019-07-17,0.0001606373781656,149093.0
AMT,2019-07-18,0.0002603114476153,128372.0
AMT,2019-07-19,0.0001812253127243,267807.0
AMT,2019-07-22,0.0002035038645856,110728.0
AMT,2019-07-23,0.0001756587268031,134897.0
AMT,2019-07-24,0.0001912870951972,168631.0
AMT,2019-07-25,0.000189977697898,102222.0
AMT,2019-07-26,0.0001682066922604,110876.0
AMT,2019-07-29,0.0002266002387568,103640.0
AMT,2019-07-30,0.0002287407369829,240502.0
AMT,2019-07-31,0.0003743234203888,179869.0
AMT,2019-08-01,0.0003011781285262,148245.0
AMT,2019-08-02,0.0002292092573348,169191.0
AMT,2019-08-05,0.0002967787612348,298181.0
AMT,2019-08-06,0.0002825068416988,221084.0
AMT,2019-08-07,0.0003285534671903,190945.0
AMT,2019-08-08,0.000259432836031,128025.0
AMT,2019-08-09,0.0002798927778037,143345.0
AMT,2019-08-12,0.0002145682509776,133155.0
AMT,2019-08-13,0.0002617852690759,211545.0
AMT,2019-08-14,0.0002922342589687,146688.0
AMT,2019-08-15,0.0003151234250637,169151.0
AMT,2019-08-16,0.0002455062699282,149244.0
AMT,2019-08-19,0.00019971281899,136871.0
AMT,2019-08-20,0.0002616962318169,142114.0
AMT,2019-08-21,0.0002260678509195,104851.0
AMT,2019-08-22,0.0002041825723313,95377.0
AMT,2019-08-23,0.0002862546876687,109548.0
AMT,2019-08-26,0.0002373790793434,85287.0
AMT,2019-08-27,0.0002119218577223,109745.0
AMT,2019-08-28,0.0002350876888387,103378.0
AMT,2019-08-29,0.0001857878784277,89487.0
AMT,2019-08-30,0.0001955953315518,72728.0
AMT,2019-09-03,0.0002408802815,186942.0
AMT,2019-09-04,0.0002450806140336,131279.0
AMT,2019-09-05,0.0002536682165078,197897.0
AMT,2019-09-06,0.0002547722098887,251076.0
AMT,2019-09-09,0.000285492749923,284355.0
AMT,2019-09-10,0.0005106836416173,291198.0
AMT,2019-09-11,0.0003539839747617,270844.0
AMT,2019-09-12,0.0003406882113331,231482.0
AMT,2019-09-13,0.0003574282280837,140306.0
AMT,2019-09-16,0.0002631088823996,146822.0
AMT,2019-09-17,0.0003057977947691,161075.0
AMT,2019-09-18,0.0002432135399522,81404.0
AMT,2019-09-19,0.0002958484007748,242573.0
AMT,2019-09-20,0.0002731358562621,134807.0
AMT,2019-09-23,0.0001864006383293,105142.0
AMT,2019-09-24,0.0002256162530553,108637.0
AMT,2019-09-25,0.0002325221287681,146678.0
AMT,2019-09-26,0.0001803034712691,111194.0
AMT,2019-09-27,0.0002576630584586,175664.0
AMT,2019-09-30,0.0002275003809479,134984.0
AMT,2019-10-01,0.0002721195399471,143540.0
AMT,2019-10-02,0.0002279051322282,140110.0
AMT,2019-10-03,0.0002963208832894,158911.0
AMT,2019-10-04,0.000231499418977,116607.0
AMT,2019-10-07,0.0002172901478633,68360.0
AMT,2019-10-08,0.0002627637467363,215412.0
AMT,2019-10-09,0.0002104922442696,110326.0
AMT,2019-10-10,0.0002359533188528,176548.0
AMT,2019-10-11,0.0002445176641319,123787.0
AMT,2019-10-14,0.0001682477379041,71154.0
AMT,2019-10-15,0.0001886661502682,102257.0
AMT,2019-10-16,0.0002410491762787,114520.0
AMT,2019-10-17,0.0001877750062226,138223.0
AMT,2019-10-18,0.0002577734321549,134688.0
AMT,2019-10-21,0.0002085920935438,117237.0
AMT,2019-10-22,0.0002243449145281,154372.0
AMT,2019-10-23,0.0001947469615482,101828.0
AMT,2019-10-24,0.0002378925846452,105781.0
AMT,2019-10-25,0.0003460152631299,175491.0
AMT,2019-10-28,0.0002979114572258,299429.0
AMT,2019-10-29,0.0002734594791776,208016.0
AMT,2019-10-30,0.0002278678705762,238853.0
AMT,2019-10-31,0.0004278327368563,143896.0
AMT,2019-11-01,0.0002840094227597,168813.0
AMT,2019-11-04,0.0002823416204049,129687.0
AMT,2019-11-05,0.0004221902304037,280622.0
AMT,2019-11-06,0.0002712134829669,133832.0
AMT,2019-11-07,0.0002759847617394,124545.0
AMT,2019-11-08,0.0002436816968509,101559.0
AMT,2019-11-11,0.0002685564304719,84062.0
AMT,2019-11-12,0.0002826584576078,105417.0
AMT,2019-11-13,0.0002496035421928,128163.0
AMT,2019-11-14,0.000218548469615,123094.0
AMT,2019-11-15,0.0002092403910292,149570.0
AMT,2019-11-18,0.00023797399657,106045.0
AMT,2019-11-19,0.0002057919379694,123953.0
AMT,2019-11-20,0.0002506652923549,107345.0
AMT,2019-11-21,0.0002390084714628,203899.0
AMT,2019-11-22,0.000278032574636,142083.0
AMT,2019-11-25,0.0002519745147189,120260.0
AMT,2019-11-26,0.0002582857538265,122332.0
AMT,2019-11-27,0.0002781434400533,102422.0
AMT,2019-11-29,0.0001584489090299,41413.0
AMT,2019-12-02,0.0002717695813505,95379.0
AMT,2019-12-03,0.0003141748486682,161365.0
AMT,2019-12-04,0.0002435316107489,157665.0
AMT,2019-12-05,0.0002208697667885,79926.0
AMT,2019-12-06,0.0002413508644912,126680.0
AMT,2019-12-09,0.0001729276240628,58751.0
AMT,2019-12-10,0.0002443694300198,107030.0
AMT,2019-12-11,0.0002018523139467,133856.0
AMT,2019-12-12,0.0002442851606435,194079.0
AMT,2019-12-13,0.000244710593546,173878.0
AMT,2019-12-16,0.0002138331876287,172114.0
AMT,2019-12-17,0.0002219166021957,204018.0
AMT,2019-12-18,0.0002491636079772,155793.0
AMT,2019-12-19,0.0002925675693011,185069.0
AMT,2019-12-20,0.0003341996439649,170540.0
AMT,2019-12-23,0.0001907318623071,144599.0
AMT,2019-12-24,0.0001734931256037,54586.0
AMT,2019-12-26,0.0001708243373603,61119.0
AMT,2019-12-27,0.0001655152380495,80516.0
AMZN,2019-01-02,0.000524556799336,734624.0
AMZN,2019-01-03,0.0005269139021432,775867.0
AMZN,2019-01-04,0.0004117880061093,887837.0
AMZN,2019-01-07,0.000395820985265,805535.0
AMZN,2019-01-08,0.0004446539854376,781721.0
AMZN,2019-01-09,0.0001598398227774,50103.0
AMZN,2019-01-10,0.0003407387345535,657398.0
AMZN,2019-01-11,0.0002775588241297,518201.0
AMZN,2019-01-14,0.0003440408912118,688703.0
AMZN,2019-01-15,0.0002830977498904,714466.0
AMZN,2019-01-16,0.0002948085018242,660731.0
AMZN,2019-01-17,0.0002666878157236,471874.0
AMZN,2019-01-18,0.0002578230563147,626464.0
AMZN,2019-01-22,0.0003554970634963,655190.0
AMZN,2019-01-23,0.0003288783061358,548249.0
AMZN,2019-01-24,0.0002790855528978,455288.0
AMZN,2019-01-25,0.0002321795192973,599940.0
AMZN,2019-01-28,0.0003016461134998,584348.0
AMZN,2019-01-29,0.0002718505602243,565985.0
AMZN,2019-01-30,0.0002744369333914,679243.0
AMZN,2019-01-31,0.0002906757525472,911330.0
AMZN,2019-02-01,0.0003878306133121,885224.0
AMZN,2019-02-04,0.0002557848325844,458875.0
AMZN,2019-02-05,0.0002142659846035,460751.0
AMZN,2019-02-06,0.0002296035406347,445106.0
AMZN,2019-02-07,0.0002927186037172,523919.0
AMZN,2019-02-08,0.0002390877312051,595581.0
AMZN,2019-02-11,0.0002332743453414,382352.0
AMZN,2019-02-12,0.0001892120956566,581546.0
AMZN,2019-02-13,0.0001956305319606,382514.0
AMZN,2019-02-14,0.0002570580407933,432420.0
AMZN,2019-02-15,0.0001976126702139,454586.0
AMZN,2019-02-19,0.0001908530059227,414041.0
AMZN,2019-02-20,0.0002162285990291,380459.0
AMZN,2019-02-21,0.0002095358186678,446398.0
AMZN,2019-02-22,0.0001629700325788,354095.0
AMZN,2019-02-25,0.0001888620516723,372005.0
AMZN,2019-02-26,0.0001897319355705,322138.0
AMZN,2019-02-27,0.0001849514740768,414683.0
AMZN,2019-02-28,0.0001886069902427,356974.0
AMZN,2019-03-01,0.0001565246756576,543943.0
AMZN,2019-03-04,0.0002620426839262,630616.0
AMZN,2019-03-05,0.000205073386637,377989.0
AMZN,2019-03-06,0.0002272826881239,507589.0
AMZN,2019-03-07,0.0002709140783946,571577.0
AMZN,2019-03-08,0.0002594828790255,417878.0
AMZN,2019-03-11,0.0002026795507141,475751.0
AMZN,2019-03-12,0.0002156980004869,414590.0
AMZN,2019-03-13,0.000175249658288,461227.0
AMZN,2019-03-14,0.0001660283393526,371243.0
AMZN,2019-03-15,0.0001747370560764,685028.0
AMZN,2019-03-18,0.0001883124491657,649325.0
AMZN,2019-03-19,0.0002270631900421,707734.0
AMZN,2019-03-20,0.0002498206730355,625265.0
AMZN,2019-03-21,0.0002225185490242,545099.0
AMZN,2019-03-22,0.0002894894233927,596907.0
AMZN,2019-03-25,0.0003114797097322,490383.0
AMZN,2019-03-26,0.0002327413052321,563806.0
AMZN,2019-03-27,0.0002868485627124,439085.0
AMZN,2019-03-28,0.0002321825774365,369796.0
AMZN,2019-03-29,0.0001867289985944,383263.0
AMZN,2019-04-01,0.0001750447817455,500084.0
AMZN,2019-04-02,0.0001690834749586,438303.0
AMZN,2019-04-03,0.0001621990926363,520269.0
AMZN,2019-04-04,0.0001884784003382,486988.0
AMZN,2019-04-05,0.0001458753028963,436867.0
AMZN,2019-04-08,0.0001480652992525,504302.0
AMZN,2019-04-09,0.0001614003415925,450311.0
AMZN,2019-04-10,0.00015993140228,425729.0
AMZN,2019-04-11,0.000129441837064,398161.0
AMZN,2019-04-12,0.0001079606499063,436709.0
AMZN,2019-04-15,0.0001473975066809,460012.0
AMZN,2019-04-16,0.0001105943472282,395768.0
AMZN,2019-04-17,0.0001599595512802,363160.0
AMZN,2019-04-18,0.0001274408833029,350914.0
AMZN,2019-04-22,0.0001348751100309,441810.0
AMZN,2019-04-23,0.0001468453110812,578398.0
AMZN,2019-04-24,0.0001573767658094,394872.0
AMZN,2019-04-25,0.0001726855117873,474558.0
AMZN,2019-04-26,0.0002828762266634,779727.0
AMZN,2019-04-29,0.0001675481959644,493711.0
AMZN,2019-04-30,0.0001755511914677,433999.0
AMZN,2019-05-01,0.000167017773448,439714.0
AMZN,2019-05-02,0.0002110916033277,445621.0
AMZN,2019-05-03,0.000183308394372,692243.0
AMZN,2019-05-06,0.0002224635310408,549668.0
AMZN,2019-05-07,0.0002711497821211,582448.0
AMZN,2019-05-08,0.0002444263058052,399776.0
AMZN,2019-05-09,0.0002773181905533,603939.0
AMZN,2019-05-10,0.0002979327551732,600464.0
AMZN,2019-05-13,0.0004318969785842,543028.0
AMZN,2019-05-14,0.000243962776229,535786.0
AMZN,2019-05-15,0.0002384746821287,554188.0
AMZN,2019-05-16,0.000170914725486,491707.0
AMZN,2019-05-17,0.000227051451023,485851.0
AMZN,2019-05-20,0.0002690378648427,410883.0
AMZN,2019-05-21,0.0002117174950688,461088.0
AMZN,2019-05-22,0.0002022868255199,325486.0
AMZN,2019-05-23,0.0002536321293211,483051.0
AMZN,2019-05-24,0.0001820420275482,456177.0
AMZN,2019-05-28,0.0001998284274977,411195.0
AMZN,2019-05-29,0.0002231039102051,468885.0
AMZN,2019-05-30,0.0001852293768278,418499.0
AMZN,2019-05-31,0.000208526528822,475455.0
AMZN,2019-06-03,0.0004723884265744,802135.0
AMZN,2019-06-04,0.0003115946791333,568923.0
AMZN,2019-06-05,0.0002827989728257,377330.0
AMZN,2019-06-06,0.0002377660836252,356866.0
AMZN,2019-06-07,0.0002189641089804,505176.0
AMZN,2019-06-10,0.0002571019179837,681995.0
AMZN,2019-06-11,0.0002471287162933,420394.0
AMZN,2019-06-12,0.0002178386320533,276578.0
AMZN,2019-06-13,0.0001786421795364,304451.0
AMZN,2019-06-14,0.0001738677580259,287155.0
AMZN,2019-06-17,0.0001516890790798,355405.0
AMZN,2019-06-18,0.0002104669977019,512831.0
AMZN,2019-06-19,0.0002217967839965,305919.0
AMZN,2019-06-20,0.0001752976892513,382732.0
AMZN,2019-06-21,0.0001571756931863,328345.0
AMZN,2019-06-24,0.0001402892287878,273737.0
AMZN,2019-06-25,0.0002152004019571,367444.0
AMZN,2019-06-26,0.0001519534411522,257024.0
AMZN,2019-06-27,0.0001549350863844,235274.0
AMZN,2019-06-28,0.0001417036873284,328398.0
AMZN,2019-07-01,0.0001742977260002,380692.0
AMZN,2019-07-02,0.0001290557115502,396301.0
AMZN,2019-07-03,0.0001004068140145,195529.0
AMZN,2019-07-05,0.0001289768201254,318004.0
AMZN,2019-07-08,0.0001271644699007,394317.0
AMZN,2019-07-09,0.0001406052136454,550108.0
AMZN,2019-07-10,0.000165046967919,581613.0
AMZN,2019-07-11,0.0001677173489855,407698.0
AMZN,2019-07-12,0.0001407271041525,267202.0
AMZN,2019-07-15,0.0001356281006925,309633.0
AMZN,2019-07-16,0.0001519521914221,289751.0
AMZN,2019-07-17,0.0001467233235438,279992.0
AMZN,2019-07-18,0.0001838971565649,338554.0
AMZN,2019-07-19,0.0001743063319814,347525.0
AMZN,2019-07-22,0.0001627448124748,304882.0
AMZN,2019-07-23,0.0001560698542705,263106.0
AMZN,2019-07-24,0.0001470881886321,245892.0
AMZN,2019-07-25,0.000184872218563,322134.0
AMZN,2019-07-26,0.0002301014963569,547612.0
AMZN,2019-07-29,0.0001955099123544,525272.0
AMZN,2019-07-30,0.0001693631547418,377372.0
AMZN,2019-07-31,0.0002731349503816,530874.0
AMZN,2019-08-01,0.0003396613212304,544640.0
AMZN,2019-08-02,0.0003012780096862,524279.0
AMZN,2019-08-05,0.0003887827385359,599014.0
AMZN,2019-08-06,0.0003039152636374,477687.0
AMZN,2019-08-07,0.0003847576137739,495601.0
AMZN,2019-08-08,0.0002038880871011,408166.0
AMZN,2019-08-09,0.0002414722342005,317221.0
AMZN,2019-08-12,0.0002473298134053,350049.0
AMZN,2019-08-13,0.000305774369825,481530.0
AMZN,2019-08-14,0.0003293808741588,525874.0
AMZN,2019-08-15,0.0003210089607092,416339.0
AMZN,2019-08-16,0.0001912845864567,349790.0
AMZN,2019-08-19,0.0001400923194163,305357.0
AMZN,2019-08-20,0.0001747232701078,230795.0
AMZN,2019-08-21,0.0001503997580083,263807.0
AMZN,2019-08-22,0.0001975325523533,309385.0
AMZN,2019-08-23,0.0003411321797514,627994.0
AMZN,2019-08-26,0.0002214696433878,335966.0
AMZN,2019-08-27,0.0002187869534984,299418.0
AMZN,2019-08-28,0.0002099377089062,298091.0
AMZN,2019-08-29,0.0001751085036694,366042.0
AMZN,2019-08-30,0.0001924357208024,352869.0
AMZN,2019-09-03,0.0002526200906711,507750.0
AMZN,2019-09-04,0.0001551815569726,302167.0
AMZN,2019-09-05,0.0001496449217837,458765.0
AMZN,2019-09-06,0.0001526222520093,322038.0
AMZN,2019-09-09,0.0001638039075042,366364.0
AMZN,2019-09-10,0.000182388273372,337677.0
AMZN,2019-09-11,0.000160322480799,282353.0
AMZN,2019-09-12,0.0001895493085473,368069.0
AMZN,2019-09-13,0.0001343783715985,248391.0
AMZN,2019-09-16,0.0001837626517665,519861.0
AMZN,2019-09-17,0.0001453933225375,273162.0
AMZN,2019-09-18,0.0001534889446237,189339.0
AMZN,2019-09-19,0.0001379420121104,258465.0
AMZN,2019-09-20,0.0002147626656707,501405.0
AMZN,2019-09-23,0.0001796088418051,316515.0
AMZN,2019-09-24,0.0002572609824106,526569.0
AMZN,2019-09-25,0.0002606112854502,380470.0
AMZN,2019-09-26,0.0002227215498804,371133.0
AMZN,2019-09-27,0.0002646715840704,445592.0
AMZN,2019-09-30,0.0001778318020715,313736.0
AMZN,2019-10-01,0.0002189783682296,345074.0
AMZN,2019-10-02,0.0002204987050766,393172.0
AMZN,2019-10-03,0.0002731775428532,384796.0
AMZN,2019-10-04,0.0001799342848098,289555.0
AMZN,2019-10-07,0.0001825732762575,257099.0
AMZN,2019-10-08,0.0002532049757878,301736.0
AMZN,2019-10-09,0.0001729230391012,258827.0
AMZN,2019-10-10,0.0001890112864899,309065.0
AMZN,2019-10-11,0.0001983888096642,352724.0
AMZN,2019-10-14,0.0001254439965819,224939.0
AMZN,2019-10-15,0.0001289552795084,352000.0
AMZN,2019-10-16,0.000155927311432,273159.0
AMZN,2019-10-17,0.0001598100628043,279320.0
AMZN,2019-10-18,0.0001671812950141,336011.0
AMZN,2019-10-21,0.0001389829521072,248380.0
AMZN,2019-10-22,0.0001666545844302,272533.0
AMZN,2019-10-23,0.0001955410411488,249503.0
AMZN,2019-10-24,0.0001641675399942,317982.0
AMZN,2019-10-25,0.0003138059631967,799919.0
AMZN,2019-10-28,0.0001788428402876,395413.0
AMZN,2019-10-29,0.0001583159238576,264129.0
AMZN,2019-10-30,0.0001749024214277,292826.0
AMZN,2019-10-31,0.0001728539369738,322761.0
AMZN,2019-11-01,0.000122020085975,316613.0
AMZN,2019-11-04,0.0001274133138616,298746.0
AMZN,2019-11-05,0.0001349119073051,202026.0
AMZN,2019-11-06,0.0001300288553818,247579.0
AMZN,2019-11-07,0.0001339169430615,287688.0
AMZN,2019-11-08,0.0001255211516887,277565.0
AMZN,2019-11-11,0.0001116988238655,227531.0
AMZN,2019-11-12,0.0001330386612533,239297.0
AMZN,2019-11-13,0.0001451421778004,316869.0
AMZN,2019-11-14,0.0001372614234782,268213.0
AMZN,2019-11-15,0.0001346360888907,430525.0
AMZN,2019-11-18,0.0001532197121378,293574.0
AMZN,2019-11-19,0.000133429752366,218245.0
AMZN,2019-11-20,0.0001804906106686,269586.0
AMZN,2019-11-21,0.0001429097173481,349169.0
AMZN,2019-11-22,0.000121934256583,261441.0
AMZN,2019-11-25,0.0001315198698866,374818.0
AMZN,2019-11-26,0.0001141272808568,312022.0
AMZN,2019-11-27,0.0001171921637047,334465.0
AMZN,2019-11-29,0.0001056815553355,188613.0
AMZN,2019-12-02,0.0002104639506939,437654.0
AMZN,2019-12-03,0.0001936019796904,418252.0
AMZN,2019-12-04,0.0001451466618064,324138.0
AMZN,2019-12-05,0.000141057872634,343305.0
AMZN,2019-12-06,0.0001163714447945,332937.0
AMZN,2019-12-09,0.0001453982657849,223190.0
AMZN,2019-12-10,0.0001430566346477,278849.0
AMZN,2019-12-11,0.0001187881819012,226031.0
AMZN,2019-12-12,0.0001867914717258,310906.0
AMZN,2019-12-13,0.0001660166792461,290442.0
AMZN,2019-12-16,0.000106961782886,325212.0
AMZN,2019-12-17,0.0001250684983284,379588.0
AMZN,2019-12-18,0.0001136860910248,248204.0
AMZN,2019-12-19,0.0001119879556158,197742.0
AMZN,2019-12-20,0.0001373348617923,320206.0
AMZN,2019-12-23,9.61544110445469e-05,206107.0
AMZN,2019-12-24,6.672244824459436e-05,90231.0
AMZN,2019-12-26,0.0001597295437476,538356.0
AMZN,2019-12-27,0.0002173728041652,588947.0
ANET,2019-01-02,0.0009855949319619,38476.0
ANET,2019-01-03,0.0008389540156219,75448.0
ANET,2019-01-04,0.0005847426784294,88702.0
ANET,2019-01-07,0.0006758766048771,86555.0
ANET,2019-01-08,0.0006226611291676,87143.0
ANET,2019-01-09,0.0002477552107056,816.0
ANET,2019-01-10,0.0006024389966687,39511.0
ANET,2019-01-11,0.0007137269952886,31367.0
ANET,2019-01-14,0.0005608638856736,30513.0
ANET,2019-01-15,0.0006761443366446,63035.0
ANET,2019-01-16,0.0005093673774156,54629.0
ANET,2019-01-17,0.0005020750486386,52540.0
ANET,2019-01-18,0.0006963895093999,82385.0
ANET,2019-01-22,0.000570952261721,52219.0
ANET,2019-01-23,0.0006323634563844,34105.0
ANET,2019-01-24,0.0006881120703424,32873.0
ANET,2019-01-25,0.0004829547724952,63300.0
ANET,2019-01-28,0.0006617727977161,96494.0
ANET,2019-01-29,0.0005215592514029,81436.0
ANET,2019-01-30,0.0005545342083863,62622.0
ANET,2019-01-31,0.0004828357689319,51626.0
ANET,2019-02-01,0.0006689108359438,77738.0
ANET,2019-02-04,0.0004618250937148,49894.0
ANET,2019-02-05,0.0005230885330075,73899.0
ANET,2019-02-06,0.0005322850182937,34036.0
ANET,2019-02-07,0.0006118805289726,36010.0
ANET,2019-02-08,0.0003175675201627,63410.0
ANET,2019-02-11,0.0003522565427163,53693.0
ANET,2019-02-12,0.0002940470862636,89304.0
ANET,2019-02-13,0.0003027799875105,71402.0
ANET,2019-02-14,0.0003442206821819,115169.0
ANET,2019-02-15,0.0007494166894913,271773.0
ANET,2019-02-19,0.0003730356363133,144782.0
ANET,2019-02-20,0.000340899220811,98006.0
ANET,2019-02-21,0.0003356432393753,56734.0
ANET,2019-02-22,0.0002787493030214,58256.0
ANET,2019-02-25,0.0003207520136519,58007.0
ANET,2019-02-26,0.0002553315199596,57873.0
ANET,2019-02-27,0.0002643060647986,52717.0
ANET,2019-02-28,0.0002615105119838,55995.0
ANET,2019-03-01,0.0002474705703599,77811.0
ANET,2019-03-04,0.0003341201431044,72239.0
ANET,2019-03-05,0.0004633786624718,121321.0
ANET,2019-03-06,0.0003716154883355,85978.0
ANET,2019-03-07,0.0003173501568321,64762.0
ANET,2019-03-08,0.0004494003687183,40741.0
ANET,2019-03-11,0.0002881808429301,39416.0
ANET,2019-03-12,0.0003074644884045,69908.0
ANET,2019-03-13,0.0003331467968067,104383.0
ANET,2019-03-14,0.0003368140292761,40850.0
ANET,2019-03-15,0.0002240935705776,65090.0
ANET,2019-03-18,0.0004818103471537,67204.0
ANET,2019-03-19,0.0003142239125471,102336.0
ANET,2019-03-20,0.0003215387879784,56045.0
ANET,2019-03-21,0.0003770887751127,120374.0
ANET,2019-03-22,0.0004274966258915,88261.0
ANET,2019-03-25,0.0004538985756687,69160.0
ANET,2019-03-26,0.0003634895212435,104440.0
ANET,2019-03-27,0.000412353386995,68136.0
ANET,2019-03-28,0.0003430782371154,68599.0
ANET,2019-03-29,0.0002789237941116,57723.0
ANET,2019-04-01,0.0003117282022573,76761.0
ANET,2019-04-02,0.0002846343244985,73031.0
ANET,2019-04-03,0.000286245533827,65452.0
ANET,2019-04-04,0.0003864377172785,79238.0
ANET,2019-04-05,0.000358637521284,77528.0
ANET,2019-04-08,0.0003420856036767,55375.0
ANET,2019-04-09,0.0002932821743295,37819.0
ANET,2019-04-10,0.0002456619788497,58619.0
ANET,2019-04-11,0.0002858093072383,38322.0
ANET,2019-04-12,0.0002223706155237,34204.0
ANET,2019-04-15,0.0002265054920684,45944.0
ANET,2019-04-16,0.0002863246319032,59800.0
ANET,2019-04-17,0.0002829386505181,42082.0
ANET,2019-04-18,0.0003266520619906,39537.0
ANET,2019-04-22,0.0002595420132207,40428.0
ANET,2019-04-23,0.0003996051209754,65094.0
ANET,2019-04-24,0.0003100781405508,67143.0
ANET,2019-04-25,0.0003542609228341,65243.0
ANET,2019-04-26,0.0003589374922615,63696.0
ANET,2019-04-29,0.0002821309757968,64551.0
ANET,2019-04-30,0.0002961874289197,116405.0
ANET,2019-05-01,0.000287908939927,78022.0
ANET,2019-05-02,0.0003520651958433,114809.0
ANET,2019-05-03,0.0010426062086603,430415.0
ANET,2019-05-06,0.0006156734215887,185072.0
ANET,2019-05-07,0.0004608602729452,128431.0
ANET,2019-05-08,0.0003980288957091,113242.0
ANET,2019-05-09,0.0004390455139063,132871.0
ANET,2019-05-10,0.0004433082730215,117263.0
ANET,2019-05-13,0.0005345288217949,160822.0
ANET,2019-05-14,0.0004958022333153,94281.0
ANET,2019-05-15,0.0003851355175193,73593.0
ANET,2019-05-16,0.0003352523400374,82182.0
ANET,2019-05-17,0.0003736057232628,136332.0
ANET,2019-05-20,0.000364521689063,83763.0
ANET,2019-05-21,0.0002978708618735,104034.0
ANET,2019-05-22,0.0003410421142149,82597.0
ANET,2019-05-23,0.0003807880566359,150529.0
ANET,2019-05-24,0.0003475282516231,124270.0
ANET,2019-05-28,0.0002749537908996,63887.0
ANET,2019-05-29,0.0003578846109724,85712.0
ANET,2019-05-30,0.0002913481393731,57989.0
ANET,2019-05-31,0.0002968703580272,109826.0
ANET,2019-06-03,0.0003996400712766,144141.0
ANET,2019-06-04,0.000363552881386,91689.0
ANET,2019-06-05,0.0003790740662348,149989.0
ANET,2019-06-06,0.0003410923668416,89340.0
ANET,2019-06-07,0.0006459864799173,151803.0
ANET,2019-06-10,0.0004439583820366,108283.0
ANET,2019-06-11,0.0003924176784915,101506.0
ANET,2019-06-12,0.0003695289263553,62265.0
ANET,2019-06-13,0.0003060215217117,107405.0
ANET,2019-06-14,0.0003246016361698,75787.0
ANET,2019-06-17,0.0002278854989881,91615.0
ANET,2019-06-18,0.0003927388484749,73446.0
ANET,2019-06-19,0.000312991095557,70447.0
ANET,2019-06-20,0.0003262790082062,89294.0
ANET,2019-06-21,0.0002533063365236,104879.0
ANET,2019-06-24,0.0002771196267535,75169.0
ANET,2019-06-25,0.0002572426250262,43400.0
ANET,2019-06-26,0.0005660017573212,96380.0
ANET,2019-06-27,0.0003427339822683,124921.0
ANET,2019-06-28,0.0003056832011052,60832.0
ANET,2019-07-01,0.0003573239368212,82353.0
ANET,2019-07-02,0.0002414678368832,62173.0
ANET,2019-07-03,0.0002109208952721,70727.0
ANET,2019-07-05,0.0003023329611053,71515.0
ANET,2019-07-08,0.000248007002263,58520.0
ANET,2019-07-09,0.0001992112245501,58295.0
ANET,2019-07-10,0.0002492416857735,59186.0
ANET,2019-07-11,0.0002508306447188,52461.0
ANET,2019-07-12,0.0002000930915543,48743.0
ANET,2019-07-15,0.0002328401652323,60739.0
ANET,2019-07-16,0.0003297824546558,55831.0
ANET,2019-07-17,0.0002935225386265,57382.0
ANET,2019-07-18,0.000222450260876,78099.0
ANET,2019-07-19,0.0003698671919154,88762.0
ANET,2019-07-22,0.0002641258787113,68472.0
ANET,2019-07-23,0.0004049665235428,102672.0
ANET,2019-07-24,0.000292243369763,102702.0
ANET,2019-07-25,0.0005384602909602,112659.0
ANET,2019-07-26,0.000227218092082,91290.0
ANET,2019-07-29,0.0003160541749366,84406.0
ANET,2019-07-30,0.0002865995231108,82445.0
ANET,2019-07-31,0.0003614858848148,79147.0
ANET,2019-08-01,0.0004430238720092,97255.0
ANET,2019-08-02,0.0010397547099313,259769.0
ANET,2019-08-05,0.0005015204816345,153841.0
ANET,2019-08-06,0.0004688727768089,79457.0
ANET,2019-08-07,0.0004433987377655,63098.0
ANET,2019-08-08,0.0003272210800077,107872.0
ANET,2019-08-09,0.0004290918465734,147518.0
ANET,2019-08-12,0.0004181569738442,57794.0
ANET,2019-08-13,0.0004621060834756,98899.0
ANET,2019-08-14,0.0004414212467897,135782.0
ANET,2019-08-15,0.0004090205866691,135817.0
ANET,2019-08-16,0.0003087596756582,66881.0
ANET,2019-08-19,0.0003051522447379,65889.0
ANET,2019-08-20,0.0003508859673565,47109.0
ANET,2019-08-21,0.0003167915063144,53966.0
ANET,2019-08-22,0.0003205440857388,53939.0
ANET,2019-08-23,0.0005072246086299,69342.0
ANET,2019-08-26,0.0004244795700501,42100.0
ANET,2019-08-27,0.0003928262441347,42382.0
ANET,2019-08-28,0.0003665824867889,62133.0
ANET,2019-08-29,0.0002972718708417,46829.0
ANET,2019-08-30,0.0003651647751467,42416.0
ANET,2019-09-03,0.0003802312837336,53088.0
ANET,2019-09-04,0.0003170021048738,106637.0
ANET,2019-09-05,0.0003328045908671,86068.0
ANET,2019-09-06,0.0002814305849681,62198.0
ANET,2019-09-09,0.0003659732994656,94377.0
ANET,2019-09-10,0.0004325729607327,64914.0
ANET,2019-09-11,0.0004086463913468,98401.0
ANET,2019-09-12,0.0003245715494794,81157.0
ANET,2019-09-13,0.0003640617238347,78012.0
ANET,2019-09-16,0.0002863819152428,35539.0
ANET,2019-09-17,0.0002634937527261,41022.0
ANET,2019-09-18,0.0003052165786676,24504.0
ANET,2019-09-19,0.0003574525890192,44440.0
ANET,2019-09-20,0.0003278970756534,45999.0
ANET,2019-09-23,0.0002674194356111,59135.0
ANET,2019-09-24,0.0003358214011816,68700.0
ANET,2019-09-25,0.0003812786974829,35808.0
ANET,2019-09-26,0.0003208731291619,47100.0
ANET,2019-09-27,0.0003869716827868,41182.0
ANET,2019-09-30,0.00038380281218,83555.0
ANET,2019-10-01,0.0002980947398386,113225.0
ANET,2019-10-02,0.0005144671376018,57906.0
ANET,2019-10-03,0.0004588608642471,96991.0
ANET,2019-10-04,0.0003383491522452,42334.0
ANET,2019-10-07,0.0003165687634994,39779.0
ANET,2019-10-08,0.0004377584099573,58524.0
ANET,2019-10-09,0.0003849336696268,37650.0
ANET,2019-10-10,0.0004031081136709,89290.0
ANET,2019-10-11,0.00044653389091,60875.0
ANET,2019-10-14,0.0003001991734359,36416.0
ANET,2019-10-15,0.0002991214739538,59570.0
ANET,2019-10-16,0.0003707684088582,49423.0
ANET,2019-10-17,0.0003297094499975,52347.0
ANET,2019-10-18,0.0002768095373555,29868.0
ANET,2019-10-21,0.0002766081252634,34646.0
ANET,2019-10-22,0.0004393968109256,39017.0
ANET,2019-10-23,0.0002567751214802,32080.0
ANET,2019-10-24,0.0004720741476403,54335.0
ANET,2019-10-25,0.0003655469552051,47535.0
ANET,2019-10-28,0.0003461072664389,55963.0
ANET,2019-10-29,0.0002959555367535,42830.0
ANET,2019-10-30,0.0003387552603803,36352.0
ANET,2019-10-31,0.0003135321364931,88002.0
ANET,2019-11-01,0.0011622133097703,496143.0
ANET,2019-11-04,0.000554774138373,158853.0
ANET,2019-11-05,0.0005853753900134,104196.0
ANET,2019-11-06,0.0004031882636734,80186.0
ANET,2019-11-07,0.0003783063580559,94951.0
ANET,2019-11-08,0.0003447936460784,80449.0
ANET,2019-11-11,0.0003167315510606,51076.0
ANET,2019-11-12,0.00035646660797,91220.0
ANET,2019-11-13,0.0003881840395303,60060.0
ANET,2019-11-14,0.0003781960650112,80954.0
ANET,2019-11-15,0.0002675789319591,66580.0
ANET,2019-11-18,0.000324330138034,75093.0
ANET,2019-11-19,0.0002855542952561,48971.0
ANET,2019-11-20,0.0003243415917099,58641.0
ANET,2019-11-21,0.0003273951380133,71470.0
ANET,2019-11-22,0.0002772439870746,49492.0
ANET,2019-11-25,0.0002373251951726,51030.0
ANET,2019-11-26,0.0002892749718824,45495.0
ANET,2019-11-27,0.0002042740641458,35836.0
ANET,2019-11-29,0.0002314147780224,22087.0
ANET,2019-12-02,0.0003124309235612,56235.0
ANET,2019-12-03,0.0003320818749319,47700.0
ANET,2019-12-04,0.000307682901522,35834.0
ANET,2019-12-05,0.0002616375014377,45995.0
ANET,2019-12-06,0.0002919694628277,63134.0
ANET,2019-12-09,0.0002008332365609,72647.0
ANET,2019-12-10,0.000287904902981,72698.0
ANET,2019-12-11,0.0002573315002783,82613.0
ANET,2019-12-12,0.0003518178003673,105149.0
ANET,2019-12-13,0.0002931497519315,73326.0
ANET,2019-12-16,0.0002725239398919,77518.0
ANET,2019-12-17,0.0002323217567432,62869.0
ANET,2019-12-18,0.0001637915166116,71750.0
ANET,2019-12-19,0.0002622553506221,96419.0
ANET,2019-12-20,0.000313257990338,82099.0
ANET,2019-12-23,0.0002930255077533,68399.0
ANET,2019-12-24,0.0001754415125556,19808.0
ANET,2019-12-26,0.0001703719082222,24834.0
ANET,2019-12-27,0.0001843394789018,32184.0
ANSS,2019-01-02,0.0004473131216113,144979.0
ANSS,2019-01-03,0.0005325297362802,133504.0
ANSS,2019-01-04,0.0003679328696875,114401.0
ANSS,2019-01-07,0.0004845145660424,84857.0
ANSS,2019-01-08,0.0003502625357711,70916.0
ANSS,2019-01-09,8.282773434879195e-05,7.0
ANSS,2019-01-10,0.000405259380947,66958.0
ANSS,2019-01-11,0.0002519898205028,135757.0
ANSS,2019-01-14,0.0002645585908919,93015.0
ANSS,2019-01-15,0.0002939004602525,94239.0
ANSS,2019-01-16,0.0002592255319176,72666.0
ANSS,2019-01-17,0.0002821694840239,75968.0
ANSS,2019-01-18,0.0003073955956785,86444.0
ANSS,2019-01-22,0.0002925534397378,93950.0
ANSS,2019-01-23,0.0003422034948187,60368.0
ANSS,2019-01-24,0.0003625521687163,59090.0
ANSS,2019-01-25,0.0002235384890083,49271.0
ANSS,2019-01-28,0.0003535824055673,40287.0
ANSS,2019-01-29,0.0002388270160291,41918.0
ANSS,2019-01-30,0.000306343415071,58857.0
ANSS,2019-01-31,0.0002606129148893,91691.0
ANSS,2019-02-01,0.0003764148713234,79689.0
ANSS,2019-02-04,0.0002675950028195,66317.0
ANSS,2019-02-05,0.0002366070246183,38469.0
ANSS,2019-02-06,0.0002364593782308,87407.0
ANSS,2019-02-07,0.0003437106611333,71735.0
ANSS,2019-02-08,0.0002170436667489,55065.0
ANSS,2019-02-11,0.0002371713892435,82840.0
ANSS,2019-02-12,0.0001902016113292,95080.0
ANSS,2019-02-13,0.0001978816358084,73497.0
ANSS,2019-02-14,0.0002254182796354,56824.0
ANSS,2019-02-15,0.0002149341291387,60514.0
ANSS,2019-02-19,0.0002043056264266,57914.0
ANSS,2019-02-20,0.0002087478457714,45249.0
ANSS,2019-02-21,0.0002253772703674,69707.0
ANSS,2019-02-22,0.0002327533310774,56270.0
ANSS,2019-02-25,0.0001856631485025,70567.0
ANSS,2019-02-26,0.0002311777269658,61842.0
ANSS,2019-02-27,0.0002281952655036,95904.0
ANSS,2019-02-28,0.0006262385027651,151207.0
ANSS,2019-03-01,0.0002717061123834,178156.0
ANSS,2019-03-04,0.0003021724230457,157674.0
ANSS,2019-03-05,0.0002784067112544,113084.0
ANSS,2019-03-06,0.0002223837130763,97595.0
ANSS,2019-03-07,0.0002583178116513,105706.0
ANSS,2019-03-08,0.0002966282320352,113761.0
ANSS,2019-03-11,0.0001898747981441,108600.0
ANSS,2019-03-12,0.0002392019068163,79012.0
ANSS,2019-03-13,0.0002322231022592,85418.0
ANSS,2019-03-14,0.0002138516533894,100810.0
ANSS,2019-03-15,0.0002199190067904,75962.0
ANSS,2019-03-18,0.0001936773570057,65043.0
ANSS,2019-03-19,0.0002049687686918,66227.0
ANSS,2019-03-20,0.0002416590085535,83107.0
ANSS,2019-03-21,0.0002022161325371,105553.0
ANSS,2019-03-22,0.0002886094867423,93840.0
ANSS,2019-03-25,0.000302613329248,75809.0
ANSS,2019-03-26,0.0002332914827502,74682.0
ANSS,2019-03-27,0.0002767593692873,74660.0
ANSS,2019-03-28,0.0002506170946566,73181.0
ANSS,2019-03-29,0.0002398189348764,65336.0
ANSS,2019-04-01,0.0002439578678953,70134.0
ANSS,2019-04-02,0.0002759743687152,82309.0
ANSS,2019-04-03,0.000264077243374,81797.0
ANSS,2019-04-04,0.0002577086843153,86468.0
ANSS,2019-04-05,0.0002219797851099,69833.0
ANSS,2019-04-08,0.0002328226057696,41826.0
ANSS,2019-04-09,0.000224840521331,51336.0
ANSS,2019-04-10,0.000204876318899,40506.0
ANSS,2019-04-11,0.0001962609031895,37523.0
ANSS,2019-04-12,0.0001687775493437,29016.0
ANSS,2019-04-15,0.000162245499532,34518.0
ANSS,2019-04-16,0.0001697819956487,52831.0
ANSS,2019-04-17,0.0002184682971607,64117.0
ANSS,2019-04-18,0.0002394973978599,56021.0
ANSS,2019-04-22,0.0002347047608182,46505.0
ANSS,2019-04-23,0.0002070000025138,75696.0
ANSS,2019-04-24,0.0002068844846856,63859.0
ANSS,2019-04-25,0.0002497552953178,74142.0
ANSS,2019-04-26,0.0002106475582622,58102.0
ANSS,2019-04-29,0.0001879827594902,56439.0
ANSS,2019-04-30,0.0002053468141491,87109.0
ANSS,2019-05-01,0.0002469577287225,156537.0
ANSS,2019-05-02,0.0006073174310691,163347.0
ANSS,2019-05-03,0.0003365644429261,114428.0
ANSS,2019-05-06,0.0002904680825833,80413.0
ANSS,2019-05-07,0.0003953562783163,94468.0
ANSS,2019-05-08,0.0002931245532798,78554.0
ANSS,2019-05-09,0.0003338788081666,87731.0
ANSS,2019-05-10,0.0003317626016327,64993.0
ANSS,2019-05-13,0.0003675705238727,82361.0
ANSS,2019-05-14,0.0002798425532567,98249.0
ANSS,2019-05-15,0.0002475528808006,72306.0
ANSS,2019-05-16,0.0002122273786134,62752.0
ANSS,2019-05-17,0.0002951909552366,46026.0
ANSS,2019-05-20,0.000292006052193,79756.0
ANSS,2019-05-21,0.0002523406585745,63202.0
ANSS,2019-05-22,0.0002465378060185,55196.0
ANSS,2019-05-23,0.0003044049296975,70550.0
ANSS,2019-05-24,0.0002129342276901,44086.0
ANSS,2019-05-28,0.0002375252483971,85580.0
ANSS,2019-05-29,0.0002550108789091,57934.0
ANSS,2019-05-30,0.0002333739455351,37527.0
ANSS,2019-05-31,0.0002294622318295,62535.0
ANSS,2019-06-03,0.0003601325585513,92520.0
ANSS,2019-06-04,0.0002676458563689,88393.0
ANSS,2019-06-05,0.0002970465495729,60659.0
ANSS,2019-06-06,0.0002912786556821,62741.0
ANSS,2019-06-07,0.0002459319923378,58104.0
ANSS,2019-06-10,0.0003162932700966,70886.0
ANSS,2019-06-11,0.0002519129249602,82246.0
ANSS,2019-06-12,0.0002329336785343,57687.0
ANSS,2019-06-13,0.0002314861278732,62430.0
ANSS,2019-06-14,0.0002038871390686,42502.0
ANSS,2019-06-17,0.0001929263878091,65652.0
ANSS,2019-06-18,0.000256784010195,60550.0
ANSS,2019-06-19,0.0002627762940009,63459.0
ANSS,2019-06-20,0.0002523858212549,75865.0
ANSS,2019-06-21,0.0001969165773616,69718.0
ANSS,2019-06-24,0.000238607942426,62915.0
ANSS,2019-06-25,0.0002221896011113,93033.0
ANSS,2019-06-26,0.0002607701114867,106970.0
ANSS,2019-06-27,0.0002523973211323,67173.0
ANSS,2019-06-28,0.0002507206734371,74059.0
ANSS,2019-07-01,0.000361200001363,86010.0
ANSS,2019-07-02,0.0002052064976752,74210.0
ANSS,2019-07-03,0.0002076553910103,43595.0
ANSS,2019-07-05,0.000207911240517,36462.0
ANSS,2019-07-08,0.0001771983291939,40595.0
ANSS,2019-07-09,0.0001715863321006,86700.0
ANSS,2019-07-10,0.0002261355159097,74754.0
ANSS,2019-07-11,0.0001980015725744,61854.0
ANSS,2019-07-12,0.0001640772644095,52708.0
ANSS,2019-07-15,0.0002314645779638,74528.0
ANSS,2019-07-16,0.000167291730236,73925.0
ANSS,2019-07-17,0.0002111938802291,72603.0
ANSS,2019-07-18,0.0002718135839247,102106.0
ANSS,2019-07-19,0.000181810131489,107939.0
ANSS,2019-07-22,0.0002319470772324,74929.0
ANSS,2019-07-23,0.000261119400577,55759.0
ANSS,2019-07-24,0.0002121584876991,49036.0
ANSS,2019-07-25,0.0002250460434161,57635.0
ANSS,2019-07-26,0.0001656479869338,46779.0
ANSS,2019-07-29,0.0002519929172376,45147.0
ANSS,2019-07-30,0.0002727228421279,69004.0
ANSS,2019-07-31,0.0003327400992596,76195.0
ANSS,2019-08-01,0.0003523417981392,83830.0
ANSS,2019-08-02,0.0002898084301177,116755.0
ANSS,2019-08-05,0.0003855348696797,171480.0
ANSS,2019-08-06,0.0007019880196886,163810.0
ANSS,2019-08-07,0.000442106268491,123846.0
ANSS,2019-08-08,0.0003687652767394,112666.0
ANSS,2019-08-09,0.0004043569155142,83238.0
ANSS,2019-08-12,0.0003107471626632,90165.0
ANSS,2019-08-13,0.0003547936088407,84980.0
ANSS,2019-08-14,0.0004291646703846,101701.0
ANSS,2019-08-15,0.000327486919415,84301.0
ANSS,2019-08-16,0.0002588196408045,73627.0
ANSS,2019-08-19,0.0002299792878178,64852.0
ANSS,2019-08-20,0.0002467617735541,86135.0
ANSS,2019-08-21,0.0003261129325928,67586.0
ANSS,2019-08-22,0.0002821047273794,62699.0
ANSS,2019-08-23,0.0003924209552597,105770.0
ANSS,2019-08-26,0.000299668500903,60365.0
ANSS,2019-08-27,0.0003277480687805,90008.0
ANSS,2019-08-28,0.0003479882893166,119269.0
ANSS,2019-08-29,0.0002944364877138,83797.0
ANSS,2019-08-30,0.0002996111934038,83504.0
ANSS,2019-09-03,0.0003236522625791,81166.0
ANSS,2019-09-04,0.0002349257697679,80542.0
ANSS,2019-09-05,0.0002835475026105,96293.0
ANSS,2019-09-06,0.0002127156539461,57975.0
ANSS,2019-09-09,0.0003457279517576,109832.0
ANSS,2019-09-10,0.0003320990171684,109045.0
ANSS,2019-09-11,0.00028578950379,100686.0
ANSS,2019-09-12,0.0003697124996271,119508.0
ANSS,2019-09-13,0.0002983598843343,104865.0
ANSS,2019-09-16,0.0003777414398243,57917.0
ANSS,2019-09-17,0.0003189548329286,80014.0
ANSS,2019-09-18,0.0003034975302658,41934.0
ANSS,2019-09-19,0.0002952954940373,69958.0
ANSS,2019-09-20,0.0002662217167976,70314.0
ANSS,2019-09-23,0.0002833808786841,45567.0
ANSS,2019-09-24,0.0003465326554747,69160.0
ANSS,2019-09-25,0.000331042438946,67461.0
ANSS,2019-09-26,0.0002731250887443,68629.0
ANSS,2019-09-27,0.0002855475118638,125670.0
ANSS,2019-09-30,0.0002916396016694,68754.0
ANSS,2019-10-01,0.0002472167966964,115563.0
ANSS,2019-10-02,0.0002700144584746,65525.0
ANSS,2019-10-03,0.0003625047276706,66474.0
ANSS,2019-10-04,0.0002852630856201,71146.0
ANSS,2019-10-07,0.000265407535495,71937.0
ANSS,2019-10-08,0.0003941167911939,54932.0
ANSS,2019-10-09,0.0002471045760337,55097.0
ANSS,2019-10-10,0.0002528034060904,42752.0
ANSS,2019-10-11,0.000314628495168,61138.0
ANSS,2019-10-14,0.0001999667477791,48202.0
ANSS,2019-10-15,0.0002811806941407,57399.0
ANSS,2019-10-16,0.0002580381388769,66323.0
ANSS,2019-10-17,0.0002461879867527,49095.0
ANSS,2019-10-18,0.0002451873279701,73405.0
ANSS,2019-10-21,0.0002353062952218,47981.0
ANSS,2019-10-22,0.0002571408478902,119420.0
ANSS,2019-10-23,0.0002198685458661,57862.0
ANSS,2019-10-24,0.0002596705974255,55830.0
ANSS,2019-10-25,0.0002155103676553,54665.0
ANSS,2019-10-28,0.0002360670187031,70490.0
ANSS,2019-10-29,0.0002168933943267,56746.0
ANSS,2019-10-30,0.000238406258929,63971.0
ANSS,2019-10-31,0.0002482465370374,57760.0
ANSS,2019-11-01,0.0003301107374969,133858.0
ANSS,2019-11-04,0.0002696785606241,77943.0
ANSS,2019-11-05,0.0002407049325121,96631.0
ANSS,2019-11-06,0.0002638435215403,99568.0
ANSS,2019-11-07,0.000692129451485,139087.0
ANSS,2019-11-08,0.0003307677767177,131237.0
ANSS,2019-11-11,0.0002542010864871,75105.0
ANSS,2019-11-12,0.0002462990930307,103145.0
ANSS,2019-11-13,0.0002110206627222,70893.0
ANSS,2019-11-14,0.0002244802133549,68965.0
ANSS,2019-11-15,0.0002355377790567,96355.0
ANSS,2019-11-18,0.00023902828761,103341.0
ANSS,2019-11-19,0.000252084270453,100739.0
ANSS,2019-11-20,0.0002751481008472,94006.0
ANSS,2019-11-21,0.0002453861370326,119731.0
ANSS,2019-11-22,0.0002730796307099,88545.0
ANSS,2019-11-25,0.000214965168944,95900.0
ANSS,2019-11-26,0.0002031429660105,79153.0
ANSS,2019-11-27,0.0001936243213959,69837.0
ANSS,2019-11-29,0.0001802576685768,53382.0
ANSS,2019-12-02,0.0003107860294425,120918.0
ANSS,2019-12-03,0.0003816730077817,92567.0
ANSS,2019-12-04,0.0002345061264749,79395.0
ANSS,2019-12-05,0.0002420575967114,72906.0
ANSS,2019-12-06,0.0001871946582747,54359.0
ANSS,2019-12-09,0.000163652977597,85456.0
ANSS,2019-12-10,0.0002022762666894,116355.0
ANSS,2019-12-11,0.0002166759068009,78021.0
ANSS,2019-12-12,0.0002495649898074,91774.0
ANSS,2019-12-13,0.0002024469136083,67133.0
ANSS,2019-12-16,0.0002101581903252,108946.0
ANSS,2019-12-17,0.0001548030381992,99590.0
ANSS,2019-12-18,0.0001670931366408,127695.0
ANSS,2019-12-19,0.000160883599649,113207.0
ANSS,2019-12-20,0.0003553752951888,191496.0
ANSS,2019-12-23,0.0002250663460832,134834.0
ANSS,2019-12-24,0.0001378712056286,29811.0
ANSS,2019-12-26,0.0001449448414514,46405.0
ANSS,2019-12-27,0.0001657213825227,44488.0
ANTM,2019-01-02,0.0007502937107895,153061.0
ANTM,2019-01-03,0.0007165199652694,146844.0
ANTM,2019-01-04,0.0005970966451114,142007.0
ANTM,2019-01-07,0.0004463561161647,119270.0
ANTM,2019-01-08,0.0006226114410716,225699.0
ANTM,2019-01-09,0.0001667740027833,4127.0
ANTM,2019-01-10,0.0005860964468505,139127.0
ANTM,2019-01-11,0.0004967642496096,129852.0
ANTM,2019-01-14,0.0003849036000479,84562.0
ANTM,2019-01-15,0.0004838204955142,125494.0
ANTM,2019-01-16,0.0003538435012872,117289.0
ANTM,2019-01-17,0.0004145678090749,98148.0
ANTM,2019-01-18,0.0003511953234117,114686.0
ANTM,2019-01-22,0.0004477585130188,90161.0
ANTM,2019-01-23,0.000535710686077,78656.0
ANTM,2019-01-24,0.0004278602039783,277007.0
ANTM,2019-01-25,0.000370073898548,119792.0
ANTM,2019-01-28,0.0002852089313433,146238.0
ANTM,2019-01-29,0.0003077378564315,164547.0
ANTM,2019-01-30,0.0006791401077364,386309.0
ANTM,2019-01-31,0.0003369440477639,358724.0
ANTM,2019-02-01,0.0003650506494775,361089.0
ANTM,2019-02-04,0.0002430125895105,132703.0
ANTM,2019-02-05,0.0003758754825899,240407.0
ANTM,2019-02-06,0.0003532735687296,187520.0
ANTM,2019-02-07,0.0003908229176142,125689.0
ANTM,2019-02-08,0.0002208800865369,137053.0
ANTM,2019-02-11,0.0002348416327769,99951.0
ANTM,2019-02-12,0.0002199386007805,136970.0
ANTM,2019-02-13,0.0002215185408901,94571.0
ANTM,2019-02-14,0.0003027158257218,98493.0
ANTM,2019-02-15,0.0002072356477961,109576.0
ANTM,2019-02-19,0.0001621708093607,88663.0
ANTM,2019-02-20,0.0001992363221469,108196.0
ANTM,2019-02-21,0.0001933604563664,134013.0
ANTM,2019-02-22,0.0002111925207912,134954.0
ANTM,2019-02-25,0.0001978908193566,91028.0
ANTM,2019-02-26,0.0001895579549906,121481.0
ANTM,2019-02-27,0.0003201424816493,226537.0
ANTM,2019-02-28,0.0003279252148467,267551.0
ANTM,2019-03-01,0.0002524260557769,244730.0
ANTM,2019-03-04,0.0004088537599601,295772.0
ANTM,2019-03-05,0.0003251355531088,278426.0
ANTM,2019-03-06,0.0002830999239546,140203.0
ANTM,2019-03-07,0.0004302735553765,209764.0
ANTM,2019-03-08,0.0003057373484731,183648.0
ANTM,2019-03-11,0.000249711301343,108003.0
ANTM,2019-03-12,0.0002065230686193,107241.0
ANTM,2019-03-13,0.0002259894589764,109529.0
ANTM,2019-03-14,0.0001891860964061,101261.0
ANTM,2019-03-15,0.0002320832837463,97961.0
ANTM,2019-03-18,0.000163956184754,104581.0
ANTM,2019-03-19,0.0002364539651766,180678.0
ANTM,2019-03-20,0.0003030201911999,90077.0
ANTM,2019-03-21,0.0002542330700241,97438.0
ANTM,2019-03-22,0.0002642786958524,109632.0
ANTM,2019-03-25,0.0002975157569868,136804.0
ANTM,2019-03-26,0.000310086304609,261309.0
ANTM,2019-03-27,0.0003801078990775,267242.0
ANTM,2019-03-28,0.0003460243940561,203301.0
ANTM,2019-03-29,0.0002468703598354,212220.0
ANTM,2019-04-01,0.0003067722729593,194647.0
ANTM,2019-04-02,0.0003418400325102,114516.0
ANTM,2019-04-03,0.0002427287752717,112155.0
ANTM,2019-04-04,0.0002096945337833,88969.0
ANTM,2019-04-05,0.0002319455757397,94007.0
ANTM,2019-04-08,0.0002373407946702,92380.0
ANTM,2019-04-09,0.0002365875411387,152003.0
ANTM,2019-04-10,0.0002173661425365,114544.0
ANTM,2019-04-11,0.0003014864954992,217818.0
ANTM,2019-04-12,0.0007469214279805,645095.0
ANTM,2019-04-15,0.000404765634237,385910.0
ANTM,2019-04-16,0.0007056505239268,488737.0
ANTM,2019-04-17,0.0008595326797197,611816.0
ANTM,2019-04-18,0.0006183956745507,298669.0
ANTM,2019-04-22,0.0005627506391192,208834.0
ANTM,2019-04-23,0.0004457910170908,359678.0
ANTM,2019-04-24,0.0005345232216448,280648.0
ANTM,2019-04-25,0.0003450722635385,287106.0
ANTM,2019-04-26,0.0003969456895006,459806.0
ANTM,2019-04-29,0.0003103770270769,176452.0
ANTM,2019-04-30,0.0003824982743531,236902.0
ANTM,2019-05-01,0.0004747474989497,174449.0
ANTM,2019-05-02,0.0003555279720756,213791.0
ANTM,2019-05-03,0.0003633508710873,120702.0
ANTM,2019-05-06,0.0004365438103141,162470.0
ANTM,2019-05-07,0.0004372062793215,206541.0
ANTM,2019-05-08,0.0004641836883664,88645.0
ANTM,2019-05-09,0.0003994858484986,124009.0
ANTM,2019-05-10,0.0003442735845509,180086.0
ANTM,2019-05-13,0.0003611861788435,210994.0
ANTM,2019-05-14,0.0002648493126118,188791.0
ANTM,2019-05-15,0.0003856643443889,224686.0
ANTM,2019-05-16,0.0003403650737535,203064.0
ANTM,2019-05-17,0.0003461689388494,115865.0
ANTM,2019-05-20,0.0002867864116301,134462.0
ANTM,2019-05-21,0.0002878454933659,229974.0
ANTM,2019-05-22,0.000260135357942,168472.0
ANTM,2019-05-23,0.00037301609177,183777.0
ANTM,2019-05-24,0.0003222339040674,157512.0
ANTM,2019-05-28,0.00023936321597,105150.0
ANTM,2019-05-29,0.0003747777111215,174383.0
ANTM,2019-05-30,0.0002927225909096,148511.0
ANTM,2019-05-31,0.0003507125942501,171900.0
ANTM,2019-06-03,0.0004426653761116,227519.0
ANTM,2019-06-04,0.000323158273067,191204.0
ANTM,2019-06-05,0.0003191920085308,127068.0
ANTM,2019-06-06,0.0003183319627841,161525.0
ANTM,2019-06-07,0.0002780854261269,110212.0
ANTM,2019-06-10,0.0002222614645092,105977.0
ANTM,2019-06-11,0.0002618476084944,219424.0
ANTM,2019-06-12,0.0002377945125338,122604.0
ANTM,2019-06-13,0.0001968592453277,87126.0
ANTM,2019-06-14,0.0003042746557224,119683.0
ANTM,2019-06-17,0.0002278457801378,96517.0
ANTM,2019-06-18,0.0002817627881686,121331.0
ANTM,2019-06-19,0.0002749607946416,95436.0
ANTM,2019-06-20,0.0003013791410586,91552.0
ANTM,2019-06-21,0.0002216134030861,151601.0
ANTM,2019-06-24,0.0002436036953486,123211.0
ANTM,2019-06-25,0.0002848183863965,143405.0
ANTM,2019-06-26,0.0002715558092818,130106.0
ANTM,2019-06-27,0.0002378343770679,109870.0
ANTM,2019-06-28,0.0003839984969115,137367.0
ANTM,2019-07-01,0.0003013863850401,116246.0
ANTM,2019-07-02,0.0002559613207477,146068.0
ANTM,2019-07-03,0.0002791700258533,75214.0
ANTM,2019-07-05,0.0002693425600416,100915.0
ANTM,2019-07-08,0.00021130956311,99546.0
ANTM,2019-07-09,0.0002635929341653,97009.0
ANTM,2019-07-10,0.0002564043423077,107545.0
ANTM,2019-07-11,0.0004604269733916,172270.0
ANTM,2019-07-12,0.0003329177376063,198479.0
ANTM,2019-07-15,0.0003119565209827,146306.0
ANTM,2019-07-16,0.0002149242562707,94316.0
ANTM,2019-07-17,0.0002575180271058,111848.0
ANTM,2019-07-18,0.000439381245958,140896.0
ANTM,2019-07-19,0.0002063334447754,70819.0
ANTM,2019-07-22,0.0002071923549557,92248.0
ANTM,2019-07-23,0.0002405507086975,119600.0
ANTM,2019-07-24,0.0006112169812401,264976.0
ANTM,2019-07-25,0.0003330449066869,161913.0
ANTM,2019-07-26,0.0002476661391444,100564.0
ANTM,2019-07-29,0.0002585651102064,117390.0
ANTM,2019-07-30,0.0002930231693112,87293.0
ANTM,2019-07-31,0.0003476119220172,157490.0
ANTM,2019-08-01,0.0004034336382581,148205.0
ANTM,2019-08-02,0.0002824067457269,83636.0
ANTM,2019-08-05,0.0003896704686891,142890.0
ANTM,2019-08-06,0.0003213553118354,105647.0
ANTM,2019-08-07,0.0004378154059268,103688.0
ANTM,2019-08-08,0.0002985025242922,76552.0
ANTM,2019-08-09,0.0002845131791969,59377.0
ANTM,2019-08-12,0.0002855281797589,113346.0
ANTM,2019-08-13,0.0003536939964992,96340.0
ANTM,2019-08-14,0.0003500974061567,141026.0
ANTM,2019-08-15,0.000360711705681,155345.0
ANTM,2019-08-16,0.0002767143383674,68906.0
ANTM,2019-08-19,0.0002364832166853,106512.0
ANTM,2019-08-20,0.0002891504331122,129083.0
ANTM,2019-08-21,0.0002426461566741,82150.0
ANTM,2019-08-22,0.0002935901960443,125541.0
ANTM,2019-08-23,0.0004153366343631,140160.0
ANTM,2019-08-26,0.0003076987470506,78499.0
ANTM,2019-08-27,0.0003048635389588,120723.0
ANTM,2019-08-28,0.0003250644974064,101949.0
ANTM,2019-08-29,0.000308938590778,129792.0
ANTM,2019-08-30,0.0002290744866493,115271.0
ANTM,2019-09-03,0.0002917257494968,109739.0
ANTM,2019-09-04,0.0003072276790081,88551.0
ANTM,2019-09-05,0.0003517992851735,283509.0
ANTM,2019-09-06,0.000356915352336,186927.0
ANTM,2019-09-09,0.0002926941884755,123068.0
ANTM,2019-09-10,0.0003093647529454,165125.0
ANTM,2019-09-11,0.00028782436911,98907.0
ANTM,2019-09-12,0.000296864331675,165908.0
ANTM,2019-09-13,0.0003877866998149,145311.0
ANTM,2019-09-16,0.0002861681938487,219273.0
ANTM,2019-09-17,0.0002846209700322,160338.0
ANTM,2019-09-18,0.0003428725724728,118904.0
ANTM,2019-09-19,0.0002631092629537,164276.0
ANTM,2019-09-20,0.0003187109409039,187884.0
ANTM,2019-09-23,0.0002650211611042,111799.0
ANTM,2019-09-24,0.0003323955040818,233845.0
ANTM,2019-09-25,0.0002860870872908,234595.0
ANTM,2019-09-26,0.0003791981091011,151929.0
ANTM,2019-09-27,0.000293371191936,130676.0
ANTM,2019-09-30,0.0003137608684238,110093.0
ANTM,2019-10-01,0.0003009466525454,156868.0
ANTM,2019-10-02,0.0002682327254402,143605.0
ANTM,2019-10-03,0.0003098742119644,182842.0
ANTM,2019-10-04,0.0002389344811776,90979.0
ANTM,2019-10-07,0.000240416474528,117407.0
ANTM,2019-10-08,0.0003023343990619,218600.0
ANTM,2019-10-09,0.0002444079367081,123238.0
ANTM,2019-10-10,0.0002681327935279,113374.0
ANTM,2019-10-11,0.0003411394232692,173447.0
ANTM,2019-10-14,0.0002408139295677,121654.0
ANTM,2019-10-15,0.000469663780756,335939.0
ANTM,2019-10-16,0.000378786118269,173903.0
ANTM,2019-10-17,0.0002394884801395,134933.0
ANTM,2019-10-18,0.0003209049566669,161000.0
ANTM,2019-10-21,0.0002569164458981,212008.0
ANTM,2019-10-22,0.000402669842965,265604.0
ANTM,2019-10-23,0.0011281896337578,248810.0
ANTM,2019-10-24,0.0002812625784859,184982.0
ANTM,2019-10-25,0.0002674651874954,169608.0
ANTM,2019-10-28,0.0002715585867792,151537.0
ANTM,2019-10-29,0.0003333080767631,185494.0
ANTM,2019-10-30,0.0002801991322231,104530.0
ANTM,2019-10-31,0.0003356837038303,204803.0
ANTM,2019-11-01,0.0003287687307843,158873.0
ANTM,2019-11-04,0.0002711102642558,155832.0
ANTM,2019-11-05,0.0003047844775033,146870.0
ANTM,2019-11-06,0.0003298809243776,208539.0
ANTM,2019-11-07,0.0002695929270147,208652.0
ANTM,2019-11-08,0.0003195888489239,118669.0
ANTM,2019-11-11,0.0002474628975696,86684.0
ANTM,2019-11-12,0.0002462846997146,106230.0
ANTM,2019-11-13,0.000303105355257,121061.0
ANTM,2019-11-14,0.0002513249743405,156464.0
ANTM,2019-11-15,0.0004667519376606,200061.0
ANTM,2019-11-18,0.000557533301574,248246.0
ANTM,2019-11-19,0.0003115276337201,179887.0
ANTM,2019-11-20,0.0003664618059291,161019.0
ANTM,2019-11-21,0.0004031201177545,146503.0
ANTM,2019-11-22,0.0002931462647964,127071.0
ANTM,2019-11-25,0.0002306673113902,169667.0
ANTM,2019-11-26,0.0002473860783782,215127.0
ANTM,2019-11-27,0.0002322600237415,111097.0
ANTM,2019-11-29,0.0001962952290804,56844.0
ANTM,2019-12-02,0.0002613107952314,165635.0
ANTM,2019-12-03,0.0003077134766709,100726.0
ANTM,2019-12-04,0.0003251839708655,102515.0
ANTM,2019-12-05,0.0002595110517176,73458.0
ANTM,2019-12-06,0.0002622960178688,137730.0
ANTM,2019-12-09,0.0002240902571555,96059.0
ANTM,2019-12-10,0.0002130310674329,98909.0
ANTM,2019-12-11,0.0002130391484976,138066.0
ANTM,2019-12-12,0.0002259060640625,115979.0
ANTM,2019-12-13,0.0002045862755525,80102.0
ANTM,2019-12-16,0.0002821444913507,223695.0
ANTM,2019-12-17,0.0002170901758617,114631.0
ANTM,2019-12-18,0.0002823068532186,95503.0
ANTM,2019-12-19,0.0002409662424434,123488.0
ANTM,2019-12-20,0.0003374679266485,199389.0
ANTM,2019-12-23,0.0002428440004199,142181.0
ANTM,2019-12-24,0.0001582997602379,63377.0
ANTM,2019-12-26,0.0001129046761575,52099.0
ANTM,2019-12-27,0.0001198783097484,65184.0
AON,2019-01-02,0.0003525075710338,117608.0
AON,2019-01-03,0.0003731968358085,131052.0
AON,2019-01-04,0.0003987904438575,132413.0
AON,2019-01-07,0.0002578725393128,128876.0
AON,2019-01-08,0.0002836123366849,185934.0
AON,2019-01-09,0.0001433916231001,2900.0
AON,2019-01-10,0.000288921602627,121361.0
AON,2019-01-11,0.0002368651170309,110905.0
AON,2019-01-14,0.0002168079373299,85614.0
AON,2019-01-15,0.0003254657330768,122900.0
AON,2019-01-16,0.00020015077678,132981.0
AON,2019-01-17,0.0002407158759417,115657.0
AON,2019-01-18,0.0002656608697662,83713.0
AON,2019-01-22,0.0002437668127831,100864.0
AON,2019-01-23,0.0002519733314864,156110.0
AON,2019-01-24,0.0002101302020269,141859.0
AON,2019-01-25,0.0002361890804175,77041.0
AON,2019-01-28,0.0002111127286863,105832.0
AON,2019-01-29,0.0001930402264108,118382.0
AON,2019-01-30,0.0003251078804393,239261.0
AON,2019-01-31,0.000278998545474,235549.0
AON,2019-02-01,0.0006768927475034,262906.0
AON,2019-02-04,0.0002907913500488,214371.0
AON,2019-02-05,0.000208963985792,142398.0
AON,2019-02-06,0.0002046594083293,153090.0
AON,2019-02-07,0.0002802352833136,155913.0
AON,2019-02-08,0.0001880282349009,130721.0
AON,2019-02-11,0.0001948041558617,121252.0
AON,2019-02-12,0.0001695132893128,112190.0
AON,2019-02-13,0.0001628882295271,117946.0
AON,2019-02-14,0.0002433913483253,186331.0
AON,2019-02-15,0.0001929873597048,146209.0
AON,2019-02-19,0.0002014095354143,121849.0
AON,2019-02-20,0.0001634516774136,131016.0
AON,2019-02-21,0.0001568361704316,123992.0
AON,2019-02-22,0.0001617217645323,105546.0
AON,2019-02-25,0.0001408992748424,138737.0
AON,2019-02-26,0.0001631598845428,139760.0
AON,2019-02-27,0.0001529368929223,87893.0
AON,2019-02-28,0.0001603875287793,110960.0
AON,2019-03-01,0.000161172238089,94703.0
AON,2019-03-04,0.0001837851815032,106333.0
AON,2019-03-05,0.0006324438168344,519082.0
AON,2019-03-06,0.0003669798113316,229058.0
AON,2019-03-07,0.0002320432918532,156365.0
AON,2019-03-08,0.0002273542687268,99389.0
AON,2019-03-11,0.0001702648865065,135292.0
AON,2019-03-12,0.0001578063516289,133483.0
AON,2019-03-13,0.000235966492282,129177.0
AON,2019-03-14,0.000162612637318,122704.0
AON,2019-03-15,0.0001919326972291,144211.0
AON,2019-03-18,0.0001785783398665,89461.0
AON,2019-03-19,0.0001521150434988,92980.0
AON,2019-03-20,0.0001855792399342,83384.0
AON,2019-03-21,0.0001997026740569,108486.0
AON,2019-03-22,0.0002525461091449,120567.0
AON,2019-03-25,0.0001909870785458,115808.0
AON,2019-03-26,0.0001718637647695,108697.0
AON,2019-03-27,0.0001657511930145,158634.0
AON,2019-03-28,0.0001568315636688,104423.0
AON,2019-03-29,0.0001527867561234,138297.0
AON,2019-04-01,0.000192088888747,161703.0
AON,2019-04-02,0.000153144203657,118388.0
AON,2019-04-03,0.0001451468600802,94732.0
AON,2019-04-04,0.0001766501735858,93342.0
AON,2019-04-05,0.0001776482277935,78068.0
AON,2019-04-08,0.0001494196215174,89942.0
AON,2019-04-09,0.0001273148095727,99666.0
AON,2019-04-10,0.0001522240289044,67898.0
AON,2019-04-11,0.0001955172388419,107854.0
AON,2019-04-12,0.0001839452212609,65837.0
AON,2019-04-15,0.0001515977190915,88361.0
AON,2019-04-16,0.0001471153699289,112868.0
AON,2019-04-17,0.0002032551693948,147824.0
AON,2019-04-18,0.0001431052213197,93326.0
AON,2019-04-22,0.0001397871427572,65385.0
AON,2019-04-23,0.0001947714071152,96108.0
AON,2019-04-24,0.0001560370677576,123573.0
AON,2019-04-25,0.0001829728711568,115725.0
AON,2019-04-26,0.0004258848143709,101910.0
AON,2019-04-29,0.0001856527726082,123047.0
AON,2019-04-30,0.0002245792043802,166006.0
AON,2019-05-01,0.0002065691754976,146819.0
AON,2019-05-02,0.0002049339421916,106809.0
AON,2019-05-03,0.0001498842849199,145851.0
AON,2019-05-06,0.0002053701089347,148830.0
AON,2019-05-07,0.0002282465849823,187116.0
AON,2019-05-08,0.0001787157700162,144340.0
AON,2019-05-09,0.0002085690127399,138614.0
AON,2019-05-10,0.0002101200887099,175049.0
AON,2019-05-13,0.0002529592809401,184267.0
AON,2019-05-14,0.0001905040707699,156523.0
AON,2019-05-15,0.0002201022052125,177065.0
AON,2019-05-16,0.0001678944539158,195050.0
AON,2019-05-17,0.0001975152130996,203972.0
AON,2019-05-20,0.0001852026282559,161563.0
AON,2019-05-21,0.0001446269828651,176024.0
AON,2019-05-22,0.0001540283271251,156523.0
AON,2019-05-23,0.000206404962168,220651.0
AON,2019-05-24,0.0001971226286329,183636.0
AON,2019-05-28,0.0001797673960326,187098.0
AON,2019-05-29,0.0002098032286461,173123.0
AON,2019-05-30,0.0001754035992566,224623.0
AON,2019-05-31,0.0001839033654629,168326.0
AON,2019-06-03,0.0002423216841239,155775.0
AON,2019-06-04,0.0001891754260995,175502.0
AON,2019-06-05,0.000195644337647,160704.0
AON,2019-06-06,0.0001975644855904,137539.0
AON,2019-06-07,0.0002017648733123,150199.0
AON,2019-06-10,0.0001582762319475,205035.0
AON,2019-06-11,0.0001934872493049,169784.0
AON,2019-06-12,0.0001961201826708,153620.0
AON,2019-06-13,0.0001641022004594,142532.0
AON,2019-06-14,0.0001802508168241,151646.0
AON,2019-06-17,0.0001494119673992,110502.0
AON,2019-06-18,0.0001824423810514,134990.0
AON,2019-06-19,0.0001863429323144,129409.0
AON,2019-06-20,0.0001852878316243,175238.0
AON,2019-06-21,0.0001530653829848,135948.0
AON,2019-06-24,0.0001875718958883,149398.0
AON,2019-06-25,0.0001766048990648,136359.0
AON,2019-06-26,0.0001805211345287,177513.0
AON,2019-06-27,0.0001718578547271,76620.0
AON,2019-06-28,0.0001764682096691,75699.0
AON,2019-07-01,0.0001963427667295,95934.0
AON,2019-07-02,0.0001808645967239,85374.0
AON,2019-07-03,0.0001497625320574,60115.0
AON,2019-07-05,0.0001763527373923,60770.0
AON,2019-07-08,0.0001453666801072,84930.0
AON,2019-07-09,0.0001634492919716,102238.0
AON,2019-07-10,0.0001780507635773,86433.0
AON,2019-07-11,0.0001590471731008,84570.0
AON,2019-07-12,0.000132088988332,53704.0
AON,2019-07-15,0.0001337407374337,93210.0
AON,2019-07-16,0.0001493818406253,70561.0
AON,2019-07-17,0.0001483744805114,66577.0
AON,2019-07-18,0.0001857619066906,83460.0
AON,2019-07-19,0.0001681522790471,89936.0
AON,2019-07-22,0.0001658595526398,77540.0
AON,2019-07-23,0.000152444812353,85713.0
AON,2019-07-24,0.0001664060499452,99673.0
AON,2019-07-25,0.0001647704395278,101784.0
AON,2019-07-26,0.0003110046909106,190591.0
AON,2019-07-29,0.0002315156726357,132219.0
AON,2019-07-30,0.0002027220678632,117324.0
AON,2019-07-31,0.0002950168646259,116134.0
AON,2019-08-01,0.0002868420042704,90372.0
AON,2019-08-02,0.0002584998699494,83059.0
AON,2019-08-05,0.0003026215559147,123739.0
AON,2019-08-06,0.0002846635981467,93946.0
AON,2019-08-07,0.0003065999163721,83260.0
AON,2019-08-08,0.0002414596314147,70193.0
AON,2019-08-09,0.000263684009319,66282.0
AON,2019-08-12,0.0002270858856467,70938.0
AON,2019-08-13,0.0003077431018721,158290.0
AON,2019-08-14,0.0003171736707097,136205.0
AON,2019-08-15,0.0002723184819633,105931.0
AON,2019-08-16,0.0002009321984633,79872.0
AON,2019-08-19,0.0001766376204773,83056.0
AON,2019-08-20,0.0001998417529628,84361.0
AON,2019-08-21,0.0002487494705925,59743.0
AON,2019-08-22,0.0001854213671749,53651.0
AON,2019-08-23,0.0003154268428188,69236.0
AON,2019-08-26,0.0002626982410252,42503.0
AON,2019-08-27,0.0002138277667276,68852.0
AON,2019-08-28,0.0002151982765287,59949.0
AON,2019-08-29,0.0001923537657095,67509.0
AON,2019-08-30,0.000206711046305,79549.0
AON,2019-09-03,0.000245774989253,63527.0
AON,2019-09-04,0.0001919728391886,46472.0
AON,2019-09-05,0.0002072251034564,72831.0
AON,2019-09-06,0.0001693488291942,63348.0
AON,2019-09-09,0.000197592612027,77932.0
AON,2019-09-10,0.0003302748616419,130849.0
AON,2019-09-11,0.000299250355763,66356.0
AON,2019-09-12,0.0002670025144398,71749.0
AON,2019-09-13,0.0002568112382896,72784.0
AON,2019-09-16,0.000203058240735,65152.0
AON,2019-09-17,0.0002303810233247,60939.0
AON,2019-09-18,0.000212175348492,43857.0
AON,2019-09-19,0.0001960421800432,52375.0
AON,2019-09-20,0.0002570832957619,91252.0
AON,2019-09-23,0.0001998415921531,47430.0
AON,2019-09-24,0.0002531537166638,85921.0
AON,2019-09-25,0.0002334519533658,75637.0
AON,2019-09-26,0.0002341811099693,54030.0
AON,2019-09-27,0.0002266536758818,51538.0
AON,2019-09-30,0.0001840115616413,58418.0
AON,2019-10-01,0.0002338931993293,62571.0
AON,2019-10-02,0.000287606311598,80943.0
AON,2019-10-03,0.0002820865650807,92582.0
AON,2019-10-04,0.0002152286882345,57411.0
AON,2019-10-07,0.0001928392549574,32972.0
AON,2019-10-08,0.0002806045757466,113849.0
AON,2019-10-09,0.0003094898739507,46189.0
AON,2019-10-10,0.0002366474485951,81365.0
AON,2019-10-11,0.0003463302144244,43138.0
AON,2019-10-14,0.0001599745119834,45652.0
AON,2019-10-15,0.0001624366243464,75311.0
AON,2019-10-16,0.0002252698298727,66532.0
AON,2019-10-17,0.0001716453723481,71942.0
AON,2019-10-18,0.0001805454959473,72930.0
AON,2019-10-21,0.0001644280936946,49609.0
AON,2019-10-22,0.0001979243527568,75325.0
AON,2019-10-23,0.0001897647013067,89751.0
AON,2019-10-24,0.0002009308904886,114888.0
AON,2019-10-25,0.000430843510943,89640.0
AON,2019-10-28,0.0001801127551638,89136.0
AON,2019-10-29,0.000368014642558,160107.0
AON,2019-10-30,0.0002532387073377,108963.0
AON,2019-10-31,0.0002068165922659,91987.0
AON,2019-11-01,0.0002191662251554,100220.0
AON,2019-11-04,0.0001882763547088,66867.0
AON,2019-11-05,0.0001972082143126,68603.0
AON,2019-11-06,0.000236421791384,97841.0
AON,2019-11-07,0.0002013468085475,82060.0
AON,2019-11-08,0.0001934494644518,79044.0
AON,2019-11-11,0.000218285973304,71451.0
AON,2019-11-12,0.0001907753241026,66961.0
AON,2019-11-13,0.0001655436042265,80109.0
AON,2019-11-14,0.000235681917024,89369.0
AON,2019-11-15,0.0001855219517725,73155.0
AON,2019-11-18,0.0002002477599,131056.0
AON,2019-11-19,0.0002087472326798,93006.0
AON,2019-11-20,0.0001967718146819,65863.0
AON,2019-11-21,0.0001822452808841,99207.0
AON,2019-11-22,0.0001662499338275,48069.0
AON,2019-11-25,0.000164065791976,87117.0
AON,2019-11-26,0.0002052216631837,85621.0
AON,2019-11-27,0.0002082252590879,75975.0
AON,2019-11-29,0.000160680770241,53468.0
AON,2019-12-02,0.0002470292814233,49192.0
AON,2019-12-03,0.0002482950878039,62966.0
AON,2019-12-04,0.0001743141380038,42778.0
AON,2019-12-05,0.0002296547629369,88023.0
AON,2019-12-06,0.0001863739810171,69371.0
AON,2019-12-09,0.0001639425297143,63464.0
AON,2019-12-10,0.0001568303035893,56276.0
AON,2019-12-11,0.0001819738393056,66000.0
AON,2019-12-12,0.0002386712153017,99696.0
AON,2019-12-13,0.0002699802946098,104963.0
AON,2019-12-16,0.0002167134543009,46988.0
AON,2019-12-17,0.0001597578010622,85968.0
AON,2019-12-18,0.000197731380263,182154.0
AON,2019-12-19,0.0001575929598368,82421.0
AON,2019-12-20,0.0002158619862485,93122.0
AON,2019-12-23,0.0001464328705508,47427.0
AON,2019-12-24,0.0001498966715944,23708.0
AON,2019-12-26,0.0001425028332891,44264.0
AON,2019-12-27,0.0002319605975349,233652.0
AOS,2019-01-02,0.000452619168604,281776.0
AOS,2019-01-03,0.0004950592270207,237732.0
AOS,2019-01-04,0.0004608164048362,244033.0
AOS,2019-01-07,0.0003684142052142,258947.0
AOS,2019-01-08,0.000336510989748,294477.0
AOS,2019-01-09,0.0001693183946575,4681.0
AOS,2019-01-10,0.0003339022887681,217813.0
AOS,2019-01-11,0.0002502757625318,151952.0
AOS,2019-01-14,0.0003039141306787,177476.0
AOS,2019-01-15,0.000334912582464,174073.0
AOS,2019-01-16,0.0003304599708012,253983.0
AOS,2019-01-17,0.0003471921566943,169118.0
AOS,2019-01-18,0.0003610147944903,222202.0
AOS,2019-01-22,0.0003698619316179,217557.0
AOS,2019-01-23,0.0002772469591652,237413.0
AOS,2019-01-24,0.0002615350745801,257803.0
AOS,2019-01-25,0.0003191419223345,322571.0
AOS,2019-01-28,0.0002631928338592,355785.0
AOS,2019-01-29,0.0009951477367123,421634.0
AOS,2019-01-30,0.000494740943434,421954.0
AOS,2019-01-31,0.0002982598487192,230785.0
AOS,2019-02-01,0.0002997816522188,177462.0
AOS,2019-02-04,0.0002498891848399,213181.0
AOS,2019-02-05,0.0002321445874545,298780.0
AOS,2019-02-06,0.0002494010509933,233847.0
AOS,2019-02-07,0.000311050077247,172919.0
AOS,2019-02-08,0.0002330194251209,215979.0
AOS,2019-02-11,0.0002224281617457,139234.0
AOS,2019-02-12,0.0002351551563974,190843.0
AOS,2019-02-13,0.0002326233852494,216436.0
AOS,2019-02-14,0.000213015002189,160836.0
AOS,2019-02-15,0.000268428235467,267925.0
AOS,2019-02-19,0.0002497395631177,232416.0
AOS,2019-02-20,0.0002242952580235,171426.0
AOS,2019-02-21,0.0002299337709289,203534.0
AOS,2019-02-22,0.000181850564436,190123.0
AOS,2019-02-25,0.0002875729742978,189067.0
AOS,2019-02-26,0.0002496082647886,203026.0
AOS,2019-02-27,0.0002177991141785,220536.0
AOS,2019-02-28,0.0002175548371502,178167.0
AOS,2019-03-01,0.000205354661534,279305.0
AOS,2019-03-04,0.0002138228723451,180461.0
AOS,2019-03-05,0.0002288486502367,210366.0
AOS,2019-03-06,0.000244121862585,175929.0
AOS,2019-03-07,0.0003061116527924,243067.0
AOS,2019-03-08,0.0002741179942911,125067.0
AOS,2019-03-11,0.0002024320735603,240672.0
AOS,2019-03-12,0.000192604639902,142118.0
AOS,2019-03-13,0.0002016324511432,142343.0
AOS,2019-03-14,0.0001638174213328,138323.0
AOS,2019-03-15,0.0002260191147698,130141.0
AOS,2019-03-18,0.0002341087329213,150287.0
AOS,2019-03-19,0.000191552918247,132926.0
AOS,2019-03-20,0.0002596979720799,146669.0
AOS,2019-03-21,0.0002753413369856,117546.0
AOS,2019-03-22,0.0002560353175506,109784.0
AOS,2019-03-25,0.0002539623096003,143687.0
AOS,2019-03-26,0.0001883149649117,172645.0
AOS,2019-03-27,0.0002610951644216,132982.0
AOS,2019-03-28,0.0002184220713407,138462.0
AOS,2019-03-29,0.0002030435004231,180221.0
AOS,2019-04-01,0.0002334157759018,151840.0
AOS,2019-04-02,0.0002100207942678,156785.0
AOS,2019-04-03,0.0002195666493255,146303.0
AOS,2019-04-04,0.0001886948558477,140551.0
AOS,2019-04-05,0.0001966633742023,116743.0
AOS,2019-04-08,0.0002406479634165,199876.0
AOS,2019-04-09,0.0002864819096581,133398.0
AOS,2019-04-10,0.0001589382570256,138701.0
AOS,2019-04-11,0.0001714291645765,108985.0
AOS,2019-04-12,0.0002119045346651,113052.0
AOS,2019-04-15,0.0001807816888264,87277.0
AOS,2019-04-16,0.0001917794904175,84385.0
AOS,2019-04-17,0.0001966217237667,100249.0
AOS,2019-04-18,0.0002140388358143,123493.0
AOS,2019-04-22,0.0001765900482564,88014.0
AOS,2019-04-23,0.0001780069266556,74002.0
AOS,2019-04-24,0.0001933779887184,152966.0
AOS,2019-04-25,0.00021332169549,136521.0
AOS,2019-04-26,0.0001949358031608,117946.0
AOS,2019-04-29,0.0002071803067443,193681.0
AOS,2019-04-30,0.0005661744579748,439316.0
AOS,2019-05-01,0.0003096956454646,256621.0
AOS,2019-05-02,0.0002366750301977,185906.0
AOS,2019-05-03,0.0002362812984121,142257.0
AOS,2019-05-06,0.000256471918166,248549.0
AOS,2019-05-07,0.0003083894769616,156163.0
AOS,2019-05-08,0.000275279290169,253752.0
AOS,2019-05-09,0.000296318171153,145449.0
AOS,2019-05-10,0.0003006237394845,193556.0
AOS,2019-05-13,0.0003468465326678,268328.0
AOS,2019-05-14,0.0002650181878054,182593.0
AOS,2019-05-15,0.0002728068400454,240743.0
AOS,2019-05-16,0.0009116015507576,920606.0
AOS,2019-05-17,0.0005210760094394,559769.0
AOS,2019-05-20,0.0003522164921517,334241.0
AOS,2019-05-21,0.000285776184608,304950.0
AOS,2019-05-22,0.0002640864788899,168807.0
AOS,2019-05-23,0.0002736492435684,237567.0
AOS,2019-05-24,0.0002188277731987,173430.0
AOS,2019-05-28,0.0002400216285801,174221.0
AOS,2019-05-29,0.0004213063683056,474303.0
AOS,2019-05-30,0.0002998444688845,235800.0
AOS,2019-05-31,0.0002733375122041,259445.0
AOS,2019-06-03,0.0003964181608419,221677.0
AOS,2019-06-04,0.0003952432614782,388347.0
AOS,2019-06-05,0.0003539991136301,291049.0
AOS,2019-06-06,0.0003934917492756,359673.0
AOS,2019-06-07,0.000273854526312,289865.0
AOS,2019-06-10,0.0002914046731866,299508.0
AOS,2019-06-11,0.0003122931685555,306935.0
AOS,2019-06-12,0.0002434024770088,325110.0
AOS,2019-06-13,0.0002562374064671,313502.0
AOS,2019-06-14,0.0002288135708813,170289.0
AOS,2019-06-17,0.0002270051800747,187187.0
AOS,2019-06-18,0.0002958174504613,269506.0
AOS,2019-06-19,0.0003093752213004,153678.0
AOS,2019-06-20,0.0002786766305241,166005.0
AOS,2019-06-21,0.000290568779141,178811.0
AOS,2019-06-24,0.000310007400071,143817.0
AOS,2019-06-25,0.0002340545454739,130390.0
AOS,2019-06-26,0.0002272187430247,156780.0
AOS,2019-06-27,0.0002189269614078,202327.0
AOS,2019-06-28,0.0002283636071453,151999.0
AOS,2019-07-01,0.0003361255447563,144454.0
AOS,2019-07-02,0.0002242243444253,171813.0
AOS,2019-07-03,0.0001855872060115,117753.0
AOS,2019-07-05,0.0002169056221172,120951.0
AOS,2019-07-08,0.0002612069317033,233415.0
AOS,2019-07-09,0.0002253776230544,242164.0
AOS,2019-07-10,0.0002618840392161,267167.0
AOS,2019-07-11,0.0001984602210805,211478.0
AOS,2019-07-12,0.0002545418354244,219522.0
AOS,2019-07-15,0.0002723493705783,229387.0
AOS,2019-07-16,0.0002393333877779,242017.0
AOS,2019-07-17,0.0002512051355213,340100.0
AOS,2019-07-18,0.0002294957659498,233802.0
AOS,2019-07-19,0.0002243068537128,225826.0
AOS,2019-07-22,0.0002070707874132,195752.0
AOS,2019-07-23,0.0002444989533222,268614.0
AOS,2019-07-24,0.0002351518921308,203467.0
AOS,2019-07-25,0.0002462977387472,255141.0
AOS,2019-07-26,0.0003029807662228,270478.0
AOS,2019-07-29,0.0002835387234705,659101.0
AOS,2019-07-30,0.0008197000775991,723269.0
AOS,2019-07-31,0.0005058753052821,524658.0
AOS,2019-08-01,0.0003837459132842,380765.0
AOS,2019-08-02,0.0003678453171635,189113.0
AOS,2019-08-05,0.0004094264133739,428413.0
AOS,2019-08-06,0.0003603633428564,331538.0
AOS,2019-08-07,0.0004184485299627,434071.0
AOS,2019-08-08,0.0003351078420855,265394.0
AOS,2019-08-09,0.0003043090577486,221660.0
AOS,2019-08-12,0.0002413441062875,206855.0
AOS,2019-08-13,0.0003239818605965,198293.0
AOS,2019-08-14,0.0003515556961871,237398.0
AOS,2019-08-15,0.0003013136058682,377471.0
AOS,2019-08-16,0.0002854405694564,280741.0
AOS,2019-08-19,0.0002860514249469,251362.0
AOS,2019-08-20,0.0002583159029941,133789.0
AOS,2019-08-21,0.000243932596856,126917.0
AOS,2019-08-22,0.000271656012844,112936.0
AOS,2019-08-23,0.0003808918219769,183712.0
AOS,2019-08-26,0.0003454862979297,136917.0
AOS,2019-08-27,0.0002510766449446,196313.0
AOS,2019-08-28,0.0002509224764455,104282.0
AOS,2019-08-29,0.0002906354493842,137787.0
AOS,2019-08-30,0.0002140737718243,95457.0
AOS,2019-09-03,0.0003193445992196,120230.0
AOS,2019-09-04,0.0002642835910174,92878.0
AOS,2019-09-05,0.0002946399562714,124382.0
AOS,2019-09-06,0.0002358506386307,112948.0
AOS,2019-09-09,0.0002438327554793,133267.0
AOS,2019-09-10,0.0003434258706442,231845.0
AOS,2019-09-11,0.0002981822367607,209867.0
AOS,2019-09-12,0.00034324487377,168879.0
AOS,2019-09-13,0.0003051499513063,235563.0
AOS,2019-09-16,0.0003769663537157,171052.0
AOS,2019-09-17,0.000305467404994,179945.0
AOS,2019-09-18,0.0002927088620568,53421.0
AOS,2019-09-19,0.0002430341409465,97075.0
AOS,2019-09-20,0.0003100942112764,143796.0
AOS,2019-09-23,0.0003044024981403,106070.0
AOS,2019-09-24,0.0002885308529048,109486.0
AOS,2019-09-25,0.0003149754981284,111154.0
AOS,2019-09-26,0.0002533479574256,126481.0
AOS,2019-09-27,0.0002739511178574,100736.0
AOS,2019-09-30,0.0002473317454525,113456.0
AOS,2019-10-01,0.0003621487256135,85447.0
AOS,2019-10-02,0.0003637958665277,227926.0
AOS,2019-10-03,0.0003444011930778,180741.0
AOS,2019-10-04,0.0002887366046505,189033.0
AOS,2019-10-07,0.0003152150075714,148369.0
AOS,2019-10-08,0.0003370612545085,163710.0
AOS,2019-10-09,0.0003060683758619,150315.0
AOS,2019-10-10,0.0003176784344373,118863.0
AOS,2019-10-11,0.0003852345652015,135587.0
AOS,2019-10-14,0.000300803310114,105391.0
AOS,2019-10-15,0.0002717923826084,104837.0
AOS,2019-10-16,0.0002972911614254,146940.0
AOS,2019-10-17,0.000283209920652,101310.0
AOS,2019-10-18,0.0002494917351226,146143.0
AOS,2019-10-21,0.000296241043237,153255.0
AOS,2019-10-22,0.0002421869660819,164228.0
AOS,2019-10-23,0.000279237137112,137168.0
AOS,2019-10-24,0.0002385974480095,76541.0
AOS,2019-10-25,0.0002918676195657,129566.0
AOS,2019-10-28,0.0002627668222247,237971.0
AOS,2019-10-29,0.000829030331209,340341.0
AOS,2019-10-30,0.0004778840224818,202208.0
AOS,2019-10-31,0.0003025532559269,129172.0
AOS,2019-11-01,0.0002624917335524,176629.0
AOS,2019-11-04,0.0002598627011195,116280.0
AOS,2019-11-05,0.0004522381127623,148978.0
AOS,2019-11-06,0.0003194047469724,106057.0
AOS,2019-11-07,0.0002539595593435,85841.0
AOS,2019-11-08,0.000209012955092,77612.0
AOS,2019-11-11,0.0002290365712043,115674.0
AOS,2019-11-12,0.0002248438106155,108193.0
AOS,2019-11-13,0.0002046975731776,42931.0
AOS,2019-11-14,0.0002266467658471,104571.0
AOS,2019-11-15,0.0002167537052105,120373.0
AOS,2019-11-18,0.0003156994420305,153010.0
AOS,2019-11-19,0.0003067275505905,178919.0
AOS,2019-11-20,0.0002705220276819,109667.0
AOS,2019-11-21,0.0002444180486018,93939.0
AOS,2019-11-22,0.0002824646327204,138539.0
AOS,2019-11-25,0.0001990585527897,106164.0
AOS,2019-11-26,0.0002513131381905,79932.0
AOS,2019-11-27,0.0002955980046781,95089.0
AOS,2019-11-29,0.0002026556019303,47586.0
AOS,2019-12-02,0.0002766506793286,144178.0
AOS,2019-12-03,0.000272828088949,130881.0
AOS,2019-12-04,0.0003130297749061,153912.0
AOS,2019-12-05,0.0004074520603157,190571.0
AOS,2019-12-06,0.0003070013001857,145066.0
AOS,2019-12-09,0.0002444436291361,162259.0
AOS,2019-12-10,0.0002433791778875,195160.0
AOS,2019-12-11,0.0002472095328448,148871.0
AOS,2019-12-12,0.0002804497701314,172520.0
AOS,2019-12-13,0.00039545798302,163671.0
AOS,2019-12-16,0.0002256064570462,78829.0
AOS,2019-12-17,0.0002340349260037,139029.0
AOS,2019-12-18,0.0002417289106547,143730.0
AOS,2019-12-19,0.0002174265806088,109172.0
AOS,2019-12-20,0.0002620482696676,90025.0
AOS,2019-12-23,0.0001746219070913,91105.0
AOS,2019-12-24,0.0001899660011865,42807.0
AOS,2019-12-26,0.0002234798889133,79382.0
AOS,2019-12-27,0.0001545751519115,68007.0
APA,2019-01-02,0.000697899907825,512734.0
APA,2019-01-03,0.000754638335616,500008.0
APA,2019-01-04,0.0005871725436859,573550.0
APA,2019-01-07,0.000552290756629,451622.0
APA,2019-01-08,0.0005637149454102,421562.0
APA,2019-01-09,0.0003052870546153,11056.0
APA,2019-01-10,0.0004839678751366,452632.0
APA,2019-01-11,0.0004059887116925,606262.0
APA,2019-01-14,0.0003921539565055,435447.0
APA,2019-01-15,0.0004261201477457,565778.0
APA,2019-01-16,0.0004529851856718,493431.0
APA,2019-01-17,0.0004152536773475,435169.0
APA,2019-01-18,0.0004122557359307,425901.0
APA,2019-01-22,0.0004693365365455,382247.0
APA,2019-01-23,0.000468024276981,447241.0
APA,2019-01-24,0.0004565792773212,406870.0
APA,2019-01-25,0.0004297847432131,362938.0
APA,2019-01-28,0.0003813306965027,402509.0
APA,2019-01-29,0.0004296020175013,652418.0
APA,2019-01-30,0.0004165497064461,418685.0
APA,2019-01-31,0.0003440420360628,466556.0
APA,2019-02-01,0.0003439217991299,631300.0
APA,2019-02-04,0.0003698079926266,286389.0
APA,2019-02-05,0.0003360355100275,393984.0
APA,2019-02-06,0.0003588569320451,587105.0
APA,2019-02-07,0.0004526210836056,468084.0
APA,2019-02-08,0.0004603691554762,462043.0
APA,2019-02-11,0.000403325124971,380177.0
APA,2019-02-12,0.0003693560084933,461020.0
APA,2019-02-13,0.000349409604421,521951.0
APA,2019-02-14,0.0003730430412129,347816.0
APA,2019-02-15,0.00034052427583,399979.0
APA,2019-02-19,0.0003513019665942,348902.0
APA,2019-02-20,0.0003461474325346,409214.0
APA,2019-02-21,0.0003618141186056,459203.0
APA,2019-02-22,0.0003449568681286,369422.0
APA,2019-02-25,0.0003227873399896,345523.0
APA,2019-02-26,0.0003327206041475,318842.0
APA,2019-02-27,0.0003766327830485,533475.0
APA,2019-02-28,0.000807228261622,427220.0
APA,2019-03-01,0.0004551335861063,474145.0
APA,2019-03-04,0.0004139278801061,493394.0
APA,2019-03-05,0.0003592232175719,297319.0
APA,2019-03-06,0.0004169475952427,359195.0
APA,2019-03-07,0.0004348337092529,486175.0
APA,2019-03-08,0.0004759535930122,427541.0
APA,2019-03-11,0.0003526650286478,392425.0
APA,2019-03-12,0.0004295393655657,372253.0
APA,2019-03-13,0.0003745115744565,310320.0
APA,2019-03-14,0.0003340656914715,325223.0
APA,2019-03-15,0.0003452243979029,348009.0
APA,2019-03-18,0.0002714946736109,270450.0
APA,2019-03-19,0.0003266665808736,283784.0
APA,2019-03-20,0.0003753971259173,408962.0
APA,2019-03-21,0.0003624466927022,403553.0
APA,2019-03-22,0.0004358506757642,445000.0
APA,2019-03-25,0.0004170763419405,356762.0
APA,2019-03-26,0.0003624747541415,298331.0
APA,2019-03-27,0.0003586416202857,291325.0
APA,2019-03-28,0.000314023440799,338659.0
APA,2019-03-29,0.0003220220549749,324605.0
APA,2019-04-01,0.0003611173657629,391059.0
APA,2019-04-02,0.0003544624315046,312202.0
APA,2019-04-03,0.0004049792880636,509794.0
APA,2019-04-04,0.0004687118046967,498707.0
APA,2019-04-05,0.0004141681548717,506884.0
APA,2019-04-08,0.0003600509636392,323397.0
APA,2019-04-09,0.0003351677124123,312325.0
APA,2019-04-10,0.0003616177436682,307451.0
APA,2019-04-11,0.0003802331403608,371570.0
APA,2019-04-12,0.0005338825948986,529162.0
APA,2019-04-15,0.0003685222854243,272656.0
APA,2019-04-16,0.0003789382961837,324388.0
APA,2019-04-17,0.0003303357980801,325701.0
APA,2019-04-18,0.0003348120194285,343319.0
APA,2019-04-22,0.0003347568475257,322104.0
APA,2019-04-23,0.0003616462644972,356602.0
APA,2019-04-24,0.000341955121595,280757.0
APA,2019-04-25,0.0004052091039933,469936.0
APA,2019-04-26,0.0004597358203299,539016.0
APA,2019-04-29,0.000295715206801,317472.0
APA,2019-04-30,0.0003502919625096,292835.0
APA,2019-05-01,0.0004420767592674,545108.0
APA,2019-05-02,0.0008629869612615,543480.0
APA,2019-05-03,0.0004564187253521,459139.0
APA,2019-05-06,0.0004282277556975,378665.0
APA,2019-05-07,0.0004873968374843,412236.0
APA,2019-05-08,0.0005259775452876,515243.0
APA,2019-05-09,0.0005015695277668,396330.0
APA,2019-05-10,0.0004354546371968,573428.0
APA,2019-05-13,0.0004584550102851,363379.0
APA,2019-05-14,0.0003574939919267,291398.0
APA,2019-05-15,0.0004207696735094,305709.0
APA,2019-05-16,0.0003608703277327,315800.0
APA,2019-05-17,0.000336209601818,287439.0
APA,2019-05-20,0.0003423373475294,321848.0
APA,2019-05-21,0.0003140464958441,319766.0
APA,2019-05-22,0.0003956904113315,379359.0
APA,2019-05-23,0.0004863715751006,613562.0
APA,2019-05-24,0.0004258562798797,566835.0
APA,2019-05-28,0.0004230479035985,353099.0
APA,2019-05-29,0.0005014722257954,605378.0
APA,2019-05-30,0.0004375762222196,353407.0
APA,2019-05-31,0.0004669484067868,466695.0
APA,2019-06-03,0.0005619098542297,543701.0
APA,2019-06-04,0.000490422706699,669825.0
APA,2019-06-05,0.0006464906866871,511204.0
APA,2019-06-06,0.0004763444927011,473041.0
APA,2019-06-07,0.000514227375646,366171.0
APA,2019-06-10,0.0004442879486155,384482.0
APA,2019-06-11,0.0004293446746966,388968.0
APA,2019-06-12,0.0004151835498041,347081.0
APA,2019-06-13,0.0004191263232907,418551.0
APA,2019-06-14,0.0003936018783101,288180.0
APA,2019-06-17,0.0004119925960768,255623.0
APA,2019-06-18,0.0005064945208642,415858.0
APA,2019-06-19,0.0004521646855957,295349.0
APA,2019-06-20,0.0004774907207938,340173.0
APA,2019-06-21,0.0004064310582514,345601.0
APA,2019-06-24,0.0003985530522768,303576.0
APA,2019-06-25,0.0003986850919329,350358.0
APA,2019-06-26,0.0004996552647576,357536.0
APA,2019-06-27,0.0003764490056031,265179.0
APA,2019-06-28,0.000366017087561,264785.0
APA,2019-07-01,0.0003801685394242,483929.0
APA,2019-07-02,0.0004435697203377,556383.0
APA,2019-07-03,0.0004002386303354,275584.0
APA,2019-07-05,0.0005178207872161,656217.0
APA,2019-07-08,0.0004669582549158,636015.0
APA,2019-07-09,0.000429244910077,527424.0
APA,2019-07-10,0.0004543317673132,490967.0
APA,2019-07-11,0.0003619019962909,384879.0
APA,2019-07-12,0.0003616817369175,431029.0
APA,2019-07-15,0.0003409268481282,405308.0
APA,2019-07-16,0.0004238641655716,733683.0
APA,2019-07-17,0.0003803788675371,585725.0
APA,2019-07-18,0.0004481544057054,780892.0
APA,2019-07-19,0.0004317611152951,653153.0
APA,2019-07-22,0.0003859801519477,505553.0
APA,2019-07-23,0.0004197802277035,339511.0
APA,2019-07-24,0.0003971164890203,491812.0
APA,2019-07-25,0.0004100099388652,396167.0
APA,2019-07-26,0.0004470268330283,478885.0
APA,2019-07-29,0.0004340009670963,540404.0
APA,2019-07-30,0.0004648009931131,507250.0
APA,2019-07-31,0.0006151607797234,571570.0
APA,2019-08-01,0.0008375043462433,669370.0
APA,2019-08-02,0.0006388059205162,461119.0
APA,2019-08-05,0.0006464884644272,629513.0
APA,2019-08-06,0.0005974847229002,527412.0
APA,2019-08-07,0.0007690346721958,570205.0
APA,2019-08-08,0.00058799897976,587764.0
APA,2019-08-09,0.000564848307076,329364.0
APA,2019-08-12,0.0005333350166042,501708.0
APA,2019-08-13,0.0006888579962855,485567.0
APA,2019-08-14,0.000668522740864,601406.0
APA,2019-08-15,0.0007260342521692,599201.0
APA,2019-08-16,0.000610505567328,569758.0
APA,2019-08-19,0.0005208520351143,556971.0
APA,2019-08-20,0.0005550932131798,337907.0
APA,2019-08-21,0.0005311843410142,391773.0
APA,2019-08-22,0.0005140805921701,413809.0
APA,2019-08-23,0.0007456108249524,671465.0
APA,2019-08-26,0.0005711588420219,409810.0
APA,2019-08-27,0.0005302787846324,469632.0
APA,2019-08-28,0.0005618564725392,483049.0
APA,2019-08-29,0.0004983314379035,436013.0
APA,2019-08-30,0.0005083044385854,354527.0
APA,2019-09-03,0.0005680550785475,490114.0
APA,2019-09-04,0.0004670046026469,490414.0
APA,2019-09-05,0.0005423235968179,456839.0
APA,2019-09-06,0.0005079467949999,348122.0
APA,2019-09-09,0.0005242264914364,571108.0
APA,2019-09-10,0.0006586075774184,506821.0
APA,2019-09-11,0.0007704364857425,619498.0
APA,2019-09-12,0.0007022204485592,356532.0
APA,2019-09-13,0.0005607290701501,430193.0
APA,2019-09-16,0.0008972727234244,1281807.0
APA,2019-09-17,0.0011041806306048,906344.0
APA,2019-09-18,0.0005949631207538,476215.0
APA,2019-09-19,0.0005354311812612,432170.0
APA,2019-09-20,0.0004665984753283,385661.0
APA,2019-09-23,0.0004605874810081,466602.0
APA,2019-09-24,0.0005162584487928,375398.0
APA,2019-09-25,0.0005279842308242,395663.0
APA,2019-09-26,0.000460628575724,424713.0
APA,2019-09-27,0.0005350164144772,424609.0
APA,2019-09-30,0.0004638756947111,426242.0
APA,2019-10-01,0.0004840709807835,410047.0
APA,2019-10-02,0.000554296452129,465511.0
APA,2019-10-03,0.0006363732688439,652808.0
APA,2019-10-04,0.0006140623615091,635964.0
APA,2019-10-07,0.0006093322153005,548934.0
APA,2019-10-08,0.0006148094050335,629009.0
APA,2019-10-09,0.0005617677117174,461497.0
APA,2019-10-10,0.000523037471411,380999.0
APA,2019-10-11,0.0005279466704142,585389.0
APA,2019-10-14,0.0006122611290229,699481.0
APA,2019-10-15,0.0004967485673176,480859.0
APA,2019-10-16,0.0005556901363278,554384.0
APA,2019-10-17,0.0004797560182167,414463.0
APA,2019-10-18,0.0006622349684586,779240.0
APA,2019-10-21,0.000490179291056,437154.0
APA,2019-10-22,0.0005133627859025,462158.0
APA,2019-10-23,0.0005257508150713,321599.0
APA,2019-10-24,0.0005404643659116,323265.0
APA,2019-10-25,0.0012297983681429,989215.0
APA,2019-10-28,0.0004626888999987,552123.0
APA,2019-10-29,0.0005474090482525,472658.0
APA,2019-10-30,0.0006019179271824,439389.0
APA,2019-10-31,0.0011279112910978,592736.0
APA,2019-11-01,0.000692474142421,800731.0
APA,2019-11-04,0.0006034531990118,610197.0
APA,2019-11-05,0.0006488907117581,577397.0
APA,2019-11-06,0.0006712716029467,463164.0
APA,2019-11-07,0.0005848335686719,407237.0
APA,2019-11-08,0.0005653911068612,467517.0
APA,2019-11-11,0.0005142571368647,401248.0
APA,2019-11-12,0.0005349124959427,367071.0
APA,2019-11-13,0.0004757572820621,295279.0
APA,2019-11-14,0.000480915559809,343795.0
APA,2019-11-15,0.0005182418776081,402967.0
APA,2019-11-18,0.0005488149628415,361121.0
APA,2019-11-19,0.0005083501850188,320638.0
APA,2019-11-20,0.0005664411943049,301970.0
APA,2019-11-21,0.0006160810142258,455477.0
APA,2019-11-22,0.0005250607393169,395400.0
APA,2019-11-25,0.0004972344495119,353235.0
APA,2019-11-26,0.0004815203913482,446985.0
APA,2019-11-27,0.0004731578363731,344143.0
APA,2019-11-29,0.000526785466849,311357.0
APA,2019-12-02,0.0009793962968105,1520517.0
APA,2019-12-03,0.0006072692754868,1177248.0
APA,2019-12-04,0.0006233762552886,874891.0
APA,2019-12-05,0.0005290465437344,567487.0
APA,2019-12-06,0.0006581231085112,817735.0
APA,2019-12-09,0.0006706433106069,521584.0
APA,2019-12-10,0.0005262266964465,528252.0
APA,2019-12-11,0.0004656407915677,385556.0
APA,2019-12-12,0.0005493582755182,454259.0
APA,2019-12-13,0.0005996181454023,463317.0
APA,2019-12-16,0.0005248544577303,413267.0
APA,2019-12-17,0.0004147269217678,322743.0
APA,2019-12-18,0.0004519684487735,309963.0
APA,2019-12-19,0.0003635640795932,348299.0
APA,2019-12-20,0.0004752559862753,576656.0
APA,2019-12-23,0.0007917562785237,1419223.0
APA,2019-12-24,0.0004946407524016,403820.0
APA,2019-12-26,0.0004223130683453,404215.0
APA,2019-12-27,0.0003682881877162,349910.0
APC,2019-01-02,0.0005106442983859,530902.0
APC,2019-01-03,0.0005605607540919,405381.0
APC,2019-01-04,0.0005330494340268,588868.0
APC,2019-01-07,0.0004163921230662,508989.0
APC,2019-01-08,0.0004436353312654,426580.0
APC,2019-01-09,0.0001668371977333,10326.0
APC,2019-01-10,0.0004033136382214,393742.0
APC,2019-01-11,0.0003332988602529,340703.0
APC,2019-01-14,0.0003529530534297,449939.0
APC,2019-01-15,0.0003748530524427,283643.0
APC,2019-01-16,0.0003195647736662,519192.0
APC,2019-01-17,0.0003697090940773,361805.0
APC,2019-01-18,0.0003407633383556,417080.0
APC,2019-01-22,0.0003959942111422,449388.0
APC,2019-01-23,0.0003691544455034,418876.0
APC,2019-01-24,0.0003486289395159,417605.0
APC,2019-01-25,0.0003168352172633,327239.0
APC,2019-01-28,0.000336768746042,486914.0
APC,2019-01-29,0.0003265298609518,417062.0
APC,2019-01-30,0.0004773250854546,335081.0
APC,2019-01-31,0.0003860149008196,274402.0
APC,2019-02-01,0.000383161640349,483178.0
APC,2019-02-04,0.0003143102161636,338963.0
APC,2019-02-05,0.0003300954221578,600260.0
APC,2019-02-06,0.0005642529985792,1086216.0
APC,2019-02-07,0.0005178549602089,920831.0
APC,2019-02-08,0.0004002893891378,660196.0
APC,2019-02-11,0.0003775390465079,665480.0
APC,2019-02-12,0.0003998391250299,551443.0
APC,2019-02-13,0.0003494871443598,601181.0
APC,2019-02-14,0.0003623370315215,420631.0
APC,2019-02-15,0.0003192788554088,398722.0
APC,2019-02-19,0.0003650316161865,479250.0
APC,2019-02-20,0.0003614232449862,424357.0
APC,2019-02-21,0.000380853581178,577625.0
APC,2019-02-22,0.0003681609072866,434219.0
APC,2019-02-25,0.0002932122314177,420736.0
APC,2019-02-26,0.0003234084016891,532202.0
APC,2019-02-27,0.000374566995683,454495.0
APC,2019-02-28,0.0003713124418794,412752.0
APC,2019-03-01,0.0003825788864561,467523.0
APC,2019-03-04,0.0003697581891479,474774.0
APC,2019-03-05,0.0003280599239441,402007.0
APC,2019-03-06,0.0003850878889102,387539.0
APC,2019-03-07,0.0003452439535597,385148.0
APC,2019-03-08,0.0003988373493108,435667.0
APC,2019-03-11,0.0003176794132212,425968.0
APC,2019-03-12,0.0003557081561723,457967.0
APC,2019-03-13,0.0003499986213008,398672.0
APC,2019-03-14,0.0003030471033629,423861.0
APC,2019-03-15,0.0003345897611557,453487.0
APC,2019-03-18,0.0002857913388607,287572.0
APC,2019-03-19,0.0003291247776861,386377.0
APC,2019-03-20,0.0004042078416561,406796.0
APC,2019-03-21,0.0003420624311422,355750.0
APC,2019-03-22,0.0004099222357443,575120.0
APC,2019-03-25,0.0004389334026827,359799.0
APC,2019-03-26,0.0004110018066728,496404.0
APC,2019-03-27,0.0003947295322113,469846.0
APC,2019-03-28,0.0003601445898112,423048.0
APC,2019-03-29,0.0003366557937348,411352.0
APC,2019-04-01,0.0003369540179544,397862.0
APC,2019-04-02,0.0003674840469298,333159.0
APC,2019-04-03,0.000345250394559,509323.0
APC,2019-04-04,0.0003551405264328,472156.0
APC,2019-04-05,0.000400381179937,607731.0
APC,2019-04-08,0.0003839221432833,589331.0
APC,2019-04-09,0.0003492950612665,392155.0
APC,2019-04-10,0.0003149329545047,369515.0
APC,2019-04-11,0.0003511951376836,299271.0
APC,2019-04-12,0.0004195314879877,3976279.0
APC,2019-04-15,0.0003645760020488,1691805.0
APC,2019-04-16,0.0002813645084375,1231924.0
APC,2019-04-17,0.000302230775044,986759.0
APC,2019-04-18,0.0002681643035719,749748.0
APC,2019-04-22,0.000275096222076,630485.0
APC,2019-04-23,0.0002408061144102,686725.0
APC,2019-04-24,0.0003158449448097,1761222.0
APC,2019-04-25,0.0002662373918715,1122913.0
APC,2019-04-26,0.0003148385554248,1113098.0
APC,2019-04-29,0.0002664971549917,804034.0
APC,2019-04-30,0.0003483084310573,988044.0
APC,2019-05-01,0.0002854210080115,771782.0
APC,2019-05-02,0.0002698047954303,758540.0
APC,2019-05-03,0.0002317751546643,738340.0
APC,2019-05-06,0.0002446280293179,974895.0
APC,2019-05-07,0.0001542178461686,902786.0
APC,2019-05-08,0.0001833639946377,786338.0
APC,2019-05-09,0.000209579883891,1566256.0
APC,2019-05-10,0.0001636983207878,952920.0
APC,2019-05-13,0.000159101724319,832539.0
APC,2019-05-14,0.0001105844939042,505670.0
APC,2019-05-15,0.0001304845464323,683522.0
APC,2019-05-16,0.0001060923526745,572844.0
APC,2019-05-17,0.0001100979081801,909998.0
APC,2019-05-20,9.815223934742936e-05,736679.0
APC,2019-05-21,6.811950015095768e-05,872329.0
APC,2019-05-22,7.932462679847349e-05,982537.0
APC,2019-05-23,0.0001256691446123,875300.0
APC,2019-05-24,0.0001577776453815,694631.0
APC,2019-05-28,0.0001393346697596,447693.0
APC,2019-05-29,0.000159566528023,1002719.0
APC,2019-05-30,0.000294688629533,1434601.0
APC,2019-05-31,0.0001865425711895,641262.0
APC,2019-06-03,0.0002125180764091,506002.0
APC,2019-06-04,0.0001541246763607,760244.0
APC,2019-06-05,0.0001612008036445,763327.0
APC,2019-06-06,0.0001211492144496,691195.0
APC,2019-06-07,0.0001210502836445,491062.0
APC,2019-06-10,0.0001057629094994,404958.0
APC,2019-06-11,9.99431198478156e-05,718351.0
APC,2019-06-12,0.0001591494295118,457854.0
APC,2019-06-13,0.0001161687951187,427367.0
APC,2019-06-14,0.000103404804144,436328.0
APC,2019-06-17,0.0001236833943635,724686.0
APC,2019-06-18,0.0001112321179459,589949.0
APC,2019-06-19,0.0001259530464451,611961.0
APC,2019-06-20,0.0001266231839234,615219.0
APC,2019-06-21,0.0001571488948823,553383.0
APC,2019-06-24,0.0001035717710448,319562.0
APC,2019-06-25,0.0001076625120821,350272.0
APC,2019-06-26,0.0001257387407506,459449.0
APC,2019-06-27,0.0001266402078244,507517.0
APC,2019-06-28,0.0001121419440727,393452.0
APC,2019-07-01,0.0001309832209391,481152.0
APC,2019-07-02,0.0001470308197203,1017500.0
APC,2019-07-03,9.167849983067624e-05,248091.0
APC,2019-07-05,9.979646204596054e-05,337132.0
APC,2019-07-08,0.0001059415112769,502692.0
APC,2019-07-09,0.0001098148756398,642551.0
APC,2019-07-10,0.0001301023832262,693849.0
APC,2019-07-11,0.000120690753185,465072.0
APC,2019-07-12,0.0001250534357368,482317.0
APC,2019-07-15,7.749201625724582e-05,494606.0
APC,2019-07-16,0.000132646247306,382316.0
APC,2019-07-17,7.658117979353255e-05,334825.0
APC,2019-07-18,7.423641216266883e-05,560828.0
APC,2019-07-19,0.0001194748055087,426800.0
APC,2019-07-22,9.191971903425104e-05,445837.0
APC,2019-07-23,9.54664095680148e-05,299375.0
APC,2019-07-24,8.872240358628028e-05,314569.0
APC,2019-07-25,9.322253228907642e-05,468519.0
APC,2019-07-26,7.47938800431743e-05,581970.0
APC,2019-07-29,8.70496971350428e-05,715679.0
APC,2019-07-30,0.000126639929893,689865.0
APC,2019-07-31,0.0001342865755216,543918.0
APC,2019-08-01,0.0001725970537607,883908.0
APC,2019-08-02,0.000117736838959,622643.0
APC,2019-08-05,0.0001337322580594,734412.0
APC,2019-08-06,0.0001481919565072,844429.0
APC,2019-08-07,0.0001828220276937,808615.0
APC,2019-08-08,0.0001151259593458,1934811.0
APD,2019-01-02,0.0003748340454972,116853.0
APD,2019-01-03,0.0004821624603754,147601.0
APD,2019-01-04,0.0003902388107573,103511.0
APD,2019-01-07,0.0003319613515812,161397.0
APD,2019-01-08,0.0003604087714265,265914.0
APD,2019-01-09,0.0001705432031879,4141.0
APD,2019-01-10,0.0002416216581133,269766.0
APD,2019-01-11,0.0001977062762624,178731.0
APD,2019-01-14,0.0002242410274079,127450.0
APD,2019-01-15,0.0002820725449505,112775.0
APD,2019-01-16,0.0002771282415731,166402.0
APD,2019-01-17,0.0003353127313935,191369.0
APD,2019-01-18,0.000278984581982,154936.0
APD,2019-01-22,0.0002929565593597,112479.0
APD,2019-01-23,0.0002347259006436,179716.0
APD,2019-01-24,0.0002703105054038,144783.0
APD,2019-01-25,0.0005080053974131,204600.0
APD,2019-01-28,0.000259155806238,179457.0
APD,2019-01-29,0.0002506436029674,208368.0
APD,2019-01-30,0.0002534489374095,138784.0
APD,2019-01-31,0.0002515852234078,173030.0
APD,2019-02-01,0.0003322279325337,124086.0
APD,2019-02-04,0.000266322525409,85627.0
APD,2019-02-05,0.0002151604954713,133155.0
APD,2019-02-06,0.000231534210284,134777.0
APD,2019-02-07,0.0003168961014887,125498.0
APD,2019-02-08,0.0002115050466167,108783.0
APD,2019-02-11,0.00023125168596,162159.0
APD,2019-02-12,0.0001933778522532,162477.0
APD,2019-02-13,0.0001940026371006,123942.0
APD,2019-02-14,0.0002987970555249,124461.0
APD,2019-02-15,0.0002924546082175,150375.0
APD,2019-02-19,0.0001872027115066,145960.0
APD,2019-02-20,0.0002591690641197,173131.0
APD,2019-02-21,0.0002400581018324,169952.0
APD,2019-02-22,0.0002825373298711,180980.0
APD,2019-02-25,0.0002812316851423,159059.0
APD,2019-02-26,0.0002266926216493,79231.0
APD,2019-02-27,0.0001574403517672,81558.0
APD,2019-02-28,0.0002422748408554,116914.0
APD,2019-03-01,0.0002055573427591,195391.0
APD,2019-03-04,0.0002177509295819,137014.0
APD,2019-03-05,0.0001674100920995,86545.0
APD,2019-03-06,0.0002177310646943,92392.0
APD,2019-03-07,0.0001969940791655,123478.0
APD,2019-03-08,0.0002024329535708,107035.0
APD,2019-03-11,0.0001698991170833,111772.0
APD,2019-03-12,0.0001859093216832,79697.0
APD,2019-03-13,0.0001637884914207,101861.0
APD,2019-03-14,0.000156344597985,126151.0
APD,2019-03-15,0.0001682460294949,100335.0
APD,2019-03-18,0.0001893260411481,76398.0
APD,2019-03-19,0.0001778112236545,101953.0
APD,2019-03-20,0.0002424153810864,108295.0
APD,2019-03-21,0.0001697628279382,116775.0
APD,2019-03-22,0.0002145149264387,197278.0
APD,2019-03-25,0.0001679831213044,137332.0
APD,2019-03-26,0.0001307678647712,161662.0
APD,2019-03-27,0.0001701241935218,114294.0
APD,2019-03-28,0.0001642850810427,110538.0
APD,2019-03-29,0.0001697791156605,136822.0
APD,2019-04-01,0.0001952650572011,150173.0
APD,2019-04-02,0.0001505545454783,187862.0
APD,2019-04-03,0.0001831605842603,154393.0
APD,2019-04-04,0.0001570852517334,138829.0
APD,2019-04-05,0.0001205344381032,160667.0
APD,2019-04-08,0.0001913788416333,154410.0
APD,2019-04-09,0.0001807192155431,93387.0
APD,2019-04-10,0.0001370334852676,78123.0
APD,2019-04-11,0.0001489627536377,99079.0
APD,2019-04-12,0.000169321793625,107428.0
APD,2019-04-15,0.0001805279962341,113192.0
APD,2019-04-16,0.0001594279594563,159001.0
APD,2019-04-17,0.0001558055045882,145604.0
APD,2019-04-18,0.0001539449447969,129695.0
APD,2019-04-22,0.0001008561096474,108054.0
APD,2019-04-23,0.0001327022495604,121397.0
APD,2019-04-24,0.0002972345497866,238886.0
APD,2019-04-25,0.0001992317780362,207489.0
APD,2019-04-26,0.0001603450371162,138116.0
APD,2019-04-29,0.0001837597850126,171397.0
APD,2019-04-30,0.0001462950431441,144693.0
APD,2019-05-01,0.0001794558329737,162717.0
APD,2019-05-02,0.000230940270709,236715.0
APD,2019-05-03,0.0001946512306576,221863.0
APD,2019-05-06,0.0003029472733034,287930.0
APD,2019-05-07,0.0002524291362438,284297.0
APD,2019-05-08,0.0003190936667096,111798.0
APD,2019-05-09,0.0002683598434038,195347.0
APD,2019-05-10,0.0002568650688959,184697.0
APD,2019-05-13,0.0002955603550093,188987.0
APD,2019-05-14,0.0001900755858484,157031.0
APD,2019-05-15,0.000210924799166,122981.0
APD,2019-05-16,0.0001712648045587,145482.0
APD,2019-05-17,0.0002180941385138,135171.0
APD,2019-05-20,0.0002292346051936,148473.0
APD,2019-05-21,0.0002026903112952,157222.0
APD,2019-05-22,0.0001891953890123,116695.0
APD,2019-05-23,0.0002592902952395,180407.0
APD,2019-05-24,0.0002067556146894,110598.0
APD,2019-05-28,0.0001840016073408,139880.0
APD,2019-05-29,0.0002321658614349,197588.0
APD,2019-05-30,0.0001619442301003,106629.0
APD,2019-05-31,0.0001707822455117,172724.0
APD,2019-06-03,0.0002387502156643,212687.0
APD,2019-06-04,0.0002312671591902,247318.0
APD,2019-06-05,0.0002281138210377,140823.0
APD,2019-06-06,0.0002730052258323,230305.0
APD,2019-06-07,0.0002183398673798,177458.0
APD,2019-06-10,0.0001489317629073,135566.0
APD,2019-06-11,0.0001928401882763,203218.0
APD,2019-06-12,0.0001437117292668,128229.0
APD,2019-06-13,0.0001758494734025,130602.0
APD,2019-06-14,0.0001545294228269,92384.0
APD,2019-06-17,0.0001413556799246,124213.0
APD,2019-06-18,0.0001840756641105,149361.0
APD,2019-06-19,0.0002135167205371,135594.0
APD,2019-06-20,0.0002071103241991,110864.0
APD,2019-06-21,0.000137526380359,80609.0
APD,2019-06-24,0.0001780687264494,110095.0
APD,2019-06-25,0.0001677477716037,89126.0
APD,2019-06-26,0.0001751996779002,89006.0
APD,2019-06-27,0.0001532187520026,70917.0
APD,2019-06-28,0.0001702452382203,102619.0
APD,2019-07-01,0.0001793120692195,85006.0
APD,2019-07-02,0.0001529672394759,100523.0
APD,2019-07-03,0.0001621157364642,60975.0
APD,2019-07-05,0.0001463498273753,65349.0
APD,2019-07-08,0.0001412414252359,99006.0
APD,2019-07-09,0.0002103702273512,151879.0
APD,2019-07-10,0.0001489118785586,85698.0
APD,2019-07-11,0.0001575979958541,77779.0
APD,2019-07-12,0.0001398713586942,71947.0
APD,2019-07-15,0.0001463690822712,87365.0
APD,2019-07-16,0.0001365898261505,104507.0
APD,2019-07-17,0.0001472496031251,84680.0
APD,2019-07-18,0.0001684986220012,129291.0
APD,2019-07-19,0.000163254201707,103050.0
APD,2019-07-22,0.0001636796125326,78692.0
APD,2019-07-23,0.0001601127285808,88056.0
APD,2019-07-24,0.000164235315814,131105.0
APD,2019-07-25,0.0004054812847341,158264.0
APD,2019-07-26,0.0002352388234168,125732.0
APD,2019-07-29,0.0001676128971505,108393.0
APD,2019-07-30,0.0001634554707328,135443.0
APD,2019-07-31,0.00026084835069,279724.0
APD,2019-08-01,0.0003043164711907,284693.0
APD,2019-08-02,0.0002912512054015,137126.0
APD,2019-08-05,0.000325514033555,141977.0
APD,2019-08-06,0.0002977949198398,96210.0
APD,2019-08-07,0.0003614453094398,126366.0
APD,2019-08-08,0.0002161510229597,77369.0
APD,2019-08-09,0.0002228190016255,114366.0
APD,2019-08-12,0.0002595649387895,101334.0
APD,2019-08-13,0.0003479283006986,138253.0
APD,2019-08-14,0.0003083493158885,82077.0
APD,2019-08-15,0.0003204307613442,100868.0
APD,2019-08-16,0.0001973911873127,40151.0
APD,2019-08-19,0.0002420877691113,64987.0
APD,2019-08-20,0.0002122829498679,66274.0
APD,2019-08-21,0.0002164653154551,51928.0
APD,2019-08-22,0.000221861336738,73972.0
APD,2019-08-23,0.0003309308422692,83974.0
APD,2019-08-26,0.0002598383076801,60956.0
APD,2019-08-27,0.0002297738124129,58827.0
APD,2019-08-28,0.0002222416040608,41134.0
APD,2019-08-29,0.0002796311359379,89437.0
APD,2019-08-30,0.000207872167437,92588.0
APD,2019-09-03,0.0002157934938777,94640.0
APD,2019-09-04,0.0001974870466266,76509.0
APD,2019-09-05,0.0002298482406447,100060.0
APD,2019-09-06,0.0001882125101735,79692.0
APD,2019-09-09,0.0002823390131386,137411.0
APD,2019-09-10,0.0003872034664008,154041.0
APD,2019-09-11,0.000368880220176,159872.0
APD,2019-09-12,0.0003600778151056,142038.0
APD,2019-09-13,0.0002358311498271,92309.0
APD,2019-09-16,0.0002760441141499,83387.0
APD,2019-09-17,0.0003456643247009,80754.0
APD,2019-09-18,0.00026793763766,41262.0
APD,2019-09-19,0.0002017425793938,60914.0
APD,2019-09-20,0.0002274413275101,75612.0
APD,2019-09-23,0.0002571264709798,52120.0
APD,2019-09-24,0.0002108530291804,101191.0
APD,2019-09-25,0.0002188279169616,66252.0
APD,2019-09-26,0.0002465584683363,54130.0
APD,2019-09-27,0.0002052736638959,58072.0
APD,2019-09-30,0.0002401341688187,79933.0
APD,2019-10-01,0.0002330747823094,55243.0
APD,2019-10-02,0.0003247493766584,118634.0
APD,2019-10-03,0.0003348031872492,74292.0
APD,2019-10-04,0.0002494061134645,64092.0
APD,2019-10-07,0.0002527470133804,63591.0
APD,2019-10-08,0.0003047698396408,97480.0
APD,2019-10-09,0.0002361350869717,64655.0
APD,2019-10-10,0.000282296071253,79959.0
APD,2019-10-11,0.0003001746368084,70298.0
APD,2019-10-14,0.0002012595596041,44011.0
APD,2019-10-15,0.0001900398107997,81895.0
APD,2019-10-16,0.0002058556205904,45069.0
APD,2019-10-17,0.0002240192624662,46199.0
APD,2019-10-18,0.0002181006174062,35749.0
APD,2019-10-21,0.0001845617003225,62032.0
APD,2019-10-22,0.0003227657308077,102821.0
APD,2019-10-23,0.0002597259200298,86329.0
APD,2019-10-24,0.0002507516607478,52879.0
APD,2019-10-25,0.0001878866228344,46179.0
APD,2019-10-28,0.0002095888694326,69928.0
APD,2019-10-29,0.0003001223694872,103980.0
APD,2019-10-30,0.0002515176775193,55269.0
APD,2019-10-31,0.0002362121646096,69808.0
APD,2019-11-01,0.0002313794035446,60981.0
APD,2019-11-04,0.0002285332704625,64830.0
APD,2019-11-05,0.0002408406338421,105246.0
APD,2019-11-06,0.0002802943453318,118288.0
APD,2019-11-07,0.0005836158890285,146309.0
APD,2019-11-08,0.0003210612619102,159844.0
APD,2019-11-11,0.0002064089708015,89201.0
APD,2019-11-12,0.0002398574989245,120732.0
APD,2019-11-13,0.0002470368232238,103309.0
APD,2019-11-14,0.0001892973952289,98396.0
APD,2019-11-15,0.0001789815217168,114049.0
APD,2019-11-18,0.000199659457258,105879.0
APD,2019-11-19,0.0002015936570765,74314.0
APD,2019-11-20,0.0002195905116359,91343.0
APD,2019-11-21,0.0002311002023777,89528.0
APD,2019-11-22,0.0002215744695442,133024.0
APD,2019-11-25,0.0001962314791592,153977.0
APD,2019-11-26,0.000230158273966,133475.0
APD,2019-11-27,0.0001798410822602,85433.0
APD,2019-11-29,0.0002022861363152,43997.0
APD,2019-12-02,0.0002810190985968,103086.0
APD,2019-12-03,0.0002655534062741,123306.0
APD,2019-12-04,0.0001954770885031,106705.0
APD,2019-12-05,0.0001865548569286,52374.0
APD,2019-12-06,0.0001508783222712,46612.0
APD,2019-12-09,0.000156276917743,55465.0
APD,2019-12-10,0.000163764105594,61820.0
APD,2019-12-11,0.000143020978039,68416.0
APD,2019-12-12,0.0002003829219118,94310.0
APD,2019-12-13,0.0002162513931332,57282.0
APD,2019-12-16,0.0001397250244908,70404.0
APD,2019-12-17,0.0001638660832885,94805.0
APD,2019-12-18,0.0001721426756967,72268.0
APD,2019-12-19,0.0001923766079735,67926.0
APD,2019-12-20,0.0001997275217335,72222.0
APD,2019-12-23,0.0001610340084942,42055.0
APD,2019-12-24,0.0001183977486508,20268.0
APD,2019-12-26,0.0001117633907672,35775.0
APD,2019-12-27,0.0001580699973194,37614.0
APH,2019-01-02,0.000381268519733,165279.0
APH,2019-01-03,0.0004418331709083,322978.0
APH,2019-01-04,0.0003509974940646,324178.0
APH,2019-01-07,0.0003104843089292,136661.0
APH,2019-01-08,0.0002608005810322,218683.0
APH,2019-01-09,0.0001030007860725,1180.0
APH,2019-01-10,0.0002948979082712,133785.0
APH,2019-01-11,0.0002731493900753,99957.0
APH,2019-01-14,0.0001701088232919,97644.0
APH,2019-01-15,0.0001923583290632,125883.0
APH,2019-01-16,0.0001881128476165,127565.0
APH,2019-01-17,0.0002901623030257,122969.0
APH,2019-01-18,0.0002481006202722,124985.0
APH,2019-01-22,0.000275350894715,185998.0
APH,2019-01-23,0.0004972346926405,333063.0
APH,2019-01-24,0.0003373163292574,254953.0
APH,2019-01-25,0.00030936867906,280890.0
APH,2019-01-28,0.0002308184992392,119789.0
APH,2019-01-29,0.0002057319753716,122597.0
APH,2019-01-30,0.000265348675643,183074.0
APH,2019-01-31,0.0002456241670848,123391.0
APH,2019-02-01,0.0002614899799537,121267.0
APH,2019-02-04,0.0001645379832775,91495.0
APH,2019-02-05,0.0002188808494295,125124.0
APH,2019-02-06,0.0002254001771192,113998.0
APH,2019-02-07,0.0003067546339372,90958.0
APH,2019-02-08,0.0001741145043816,125021.0
APH,2019-02-11,0.0001602028851783,81171.0
APH,2019-02-12,0.000178687326222,154839.0
APH,2019-02-13,0.0001543034336359,106080.0
APH,2019-02-14,0.0001979957243316,135538.0
APH,2019-02-15,0.0001560301553127,129570.0
APH,2019-02-19,0.0001540619956577,123065.0
APH,2019-02-20,0.0001712022974144,129285.0
APH,2019-02-21,0.000159475760046,138025.0
APH,2019-02-22,0.0001837363593505,123688.0
APH,2019-02-25,0.0001514433618278,126508.0
APH,2019-02-26,0.0001359201575245,154585.0
APH,2019-02-27,0.0001402328484295,86546.0
APH,2019-02-28,0.0001506346088714,89710.0
APH,2019-03-01,0.0001410940317129,138626.0
APH,2019-03-04,0.0001759179075112,111585.0
APH,2019-03-05,0.0002077022895728,93983.0
APH,2019-03-06,0.0001583354247282,92154.0
APH,2019-03-07,0.0002239011815264,80787.0
APH,2019-03-08,0.0001911477806833,83189.0
APH,2019-03-11,0.0001577077642667,87066.0
APH,2019-03-12,0.0001385590225316,86838.0
APH,2019-03-13,0.0001256382791994,77923.0
APH,2019-03-14,0.000158697997064,88725.0
APH,2019-03-15,0.0001463054426634,139186.0
APH,2019-03-18,0.000153042511955,95275.0
APH,2019-03-19,0.0001370033933684,137615.0
APH,2019-03-20,0.0002293664671583,172561.0
APH,2019-03-21,0.0001603521311394,67918.0
APH,2019-03-22,0.0002350966823118,135874.0
APH,2019-03-25,0.0002111399221109,99390.0
APH,2019-03-26,0.0001587322935288,77664.0
APH,2019-03-27,0.0002142927253408,149348.0
APH,2019-03-28,0.0001614784272014,144014.0
APH,2019-03-29,0.0001994796338697,133328.0
APH,2019-04-01,0.0001510805122211,170107.0
APH,2019-04-02,0.0002054747857427,261779.0
APH,2019-04-03,0.0001835805543576,212121.0
APH,2019-04-04,0.0001695644028559,207050.0
APH,2019-04-05,0.0001628342809735,137517.0
APH,2019-04-08,0.000185887644032,111959.0
APH,2019-04-09,0.0001453113156588,100735.0
APH,2019-04-10,0.0001388878044139,105506.0
APH,2019-04-11,0.0001705193078363,124067.0
APH,2019-04-12,0.0001287984970204,60641.0
APH,2019-04-15,0.0001130004369553,92203.0
APH,2019-04-16,0.0001537395264493,130679.0
APH,2019-04-17,0.0001845034950446,114453.0
APH,2019-04-18,0.0001475777301108,97237.0
APH,2019-04-22,0.0001865605694907,64223.0
APH,2019-04-23,0.000152435408914,163661.0
APH,2019-04-24,0.000611054210089,339005.0
APH,2019-04-25,0.000321805800593,202160.0
APH,2019-04-26,0.0001947443796668,234578.0
APH,2019-04-29,0.000215646951194,174534.0
APH,2019-04-30,0.0002230185782531,155942.0
APH,2019-05-01,0.0002029152188907,186908.0
APH,2019-05-02,0.0001990607296106,120612.0
APH,2019-05-03,0.0002093598471019,133757.0
APH,2019-05-06,0.0002845851960755,192197.0
APH,2019-05-07,0.0002732997751282,223352.0
APH,2019-05-08,0.000265586538495,283552.0
APH,2019-05-09,0.0002946610643053,245454.0
APH,2019-05-10,0.0002529489027669,220763.0
APH,2019-05-13,0.000299562720895,240991.0
APH,2019-05-14,0.0001944695604104,173382.0
APH,2019-05-15,0.0002671284453256,133668.0
APH,2019-05-16,0.0001897560113934,155897.0
APH,2019-05-17,0.0002411776850245,173074.0
APH,2019-05-20,0.0002511863301514,179216.0
APH,2019-05-21,0.0001854915260557,125103.0
APH,2019-05-22,0.0001866582871404,96447.0
APH,2019-05-23,0.0002345943333261,129110.0
APH,2019-05-24,0.0002208284091191,176958.0
APH,2019-05-28,0.0002211182164238,174171.0
APH,2019-05-29,0.0002314748007474,198175.0
APH,2019-05-30,0.000183334426977,138919.0
APH,2019-05-31,0.0002117260335315,164134.0
APH,2019-06-03,0.0002654941721865,209308.0
APH,2019-06-04,0.0002059415391842,253423.0
APH,2019-06-05,0.0002489007829021,132711.0
APH,2019-06-06,0.0001929877681125,186895.0
APH,2019-06-07,0.0002269980378802,118522.0
APH,2019-06-10,0.000200081826265,146419.0
APH,2019-06-11,0.0003264327638343,237157.0
APH,2019-06-12,0.0002495370622912,128837.0
APH,2019-06-13,0.0001898994961574,246457.0
APH,2019-06-14,0.0003000423484127,218134.0
APH,2019-06-17,0.0001970040240871,149729.0
APH,2019-06-18,0.0002293453868992,212707.0
APH,2019-06-19,0.0001683765187974,109032.0
APH,2019-06-20,0.0001809408418027,128531.0
APH,2019-06-21,0.0001359649760432,128755.0
APH,2019-06-24,0.0001798583246849,90418.0
APH,2019-06-25,0.0001606977168996,94500.0
APH,2019-06-26,0.0001594863023458,131907.0
APH,2019-06-27,0.0001686498182798,89029.0
APH,2019-06-28,0.0001562126277504,138833.0
APH,2019-07-01,0.0002162614263152,127398.0
APH,2019-07-02,0.0001747382697632,136336.0
APH,2019-07-03,0.0001327811590766,75304.0
APH,2019-07-05,0.0001491090537476,87753.0
APH,2019-07-08,0.0001540384587757,125845.0
APH,2019-07-09,0.0001500446369322,170532.0
APH,2019-07-10,0.0001671304436451,130966.0
APH,2019-07-11,0.0001307613392995,69499.0
APH,2019-07-12,0.000148327303267,126147.0
APH,2019-07-15,0.0001626949979684,97538.0
APH,2019-07-16,0.0001874655716882,151063.0
APH,2019-07-17,0.0001737496941205,121509.0
APH,2019-07-18,0.0001935792798505,236126.0
APH,2019-07-19,0.0001823330203335,164357.0
APH,2019-07-22,0.0001641571571444,157331.0
APH,2019-07-23,0.0001696781520554,380049.0
APH,2019-07-24,0.0005138190122972,494377.0
APH,2019-07-25,0.0002671216663582,344390.0
APH,2019-07-26,0.0002229012027012,227051.0
APH,2019-07-29,0.0001414220126967,203508.0
APH,2019-07-30,0.0001781206113989,135192.0
APH,2019-07-31,0.0002480072791195,134135.0
APH,2019-08-01,0.0002962642791536,192714.0
APH,2019-08-02,0.0002453108546938,166545.0
APH,2019-08-05,0.0003194253591309,232959.0
APH,2019-08-06,0.0002556747495047,183267.0
APH,2019-08-07,0.0003062670389586,156186.0
APH,2019-08-08,0.0002096210697378,145407.0
APH,2019-08-09,0.0002254964231071,199179.0
APH,2019-08-12,0.0002163981121582,122523.0
APH,2019-08-13,0.0003102578196114,201371.0
APH,2019-08-14,0.0002959517599006,168665.0
APH,2019-08-15,0.0002956958339733,130348.0
APH,2019-08-16,0.0002071248147573,105299.0
APH,2019-08-19,0.0002044273796869,103894.0
APH,2019-08-20,0.0001802411907966,129046.0
APH,2019-08-21,0.0002063234557436,158738.0
APH,2019-08-22,0.0001957068056937,79453.0
APH,2019-08-23,0.0003327300204775,118867.0
APH,2019-08-26,0.0002658932889224,145121.0
APH,2019-08-27,0.000245777109491,84494.0
APH,2019-08-28,0.0002381551342944,100358.0
APH,2019-08-29,0.0002315184619746,97352.0
APH,2019-08-30,0.0001983681532945,113800.0
APH,2019-09-03,0.0002653610744384,112549.0
APH,2019-09-04,0.0001953388949141,127777.0
APH,2019-09-05,0.0002489315677789,157233.0
APH,2019-09-06,0.0002064453597107,113101.0
APH,2019-09-09,0.0002311490681569,125627.0
APH,2019-09-10,0.0002869164837241,120182.0
APH,2019-09-11,0.0002757197348982,134620.0
APH,2019-09-12,0.0002804426943258,182365.0
APH,2019-09-13,0.0002073673686169,250424.0
APH,2019-09-16,0.0002099607725613,240876.0
APH,2019-09-17,0.000272299933179,159517.0
APH,2019-09-18,0.0002002874673489,72464.0
APH,2019-09-19,0.0002380009893564,100028.0
APH,2019-09-20,0.0002463314366707,120413.0
APH,2019-09-23,0.0002274423426581,103451.0
APH,2019-09-24,0.0002798954557314,202243.0
APH,2019-09-25,0.0002339842587364,150323.0
APH,2019-09-26,0.000238886352125,170187.0
APH,2019-09-27,0.0002757918042639,176448.0
APH,2019-09-30,0.0001901469495124,95970.0
APH,2019-10-01,0.0002410512485418,126678.0
APH,2019-10-02,0.0002722380710978,149775.0
APH,2019-10-03,0.0002955613154389,65238.0
APH,2019-10-04,0.0002082990475814,80289.0
APH,2019-10-07,0.0002141707504762,86406.0
APH,2019-10-08,0.0003221604763433,106552.0
APH,2019-10-09,0.0002444177244476,103058.0
APH,2019-10-10,0.0002223570911438,116260.0
APH,2019-10-11,0.0002633723300236,121416.0
APH,2019-10-14,0.0001528424050109,125806.0
APH,2019-10-15,0.0001824879879774,151100.0
APH,2019-10-16,0.0001748536345693,104402.0
APH,2019-10-17,0.000215908414418,94316.0
APH,2019-10-18,0.0002134365361255,107358.0
APH,2019-10-21,0.0002089571703292,150763.0
APH,2019-10-22,0.0001872324286089,186949.0
APH,2019-10-23,0.0004644615885304,203807.0
APH,2019-10-24,0.0002523000146966,130929.0
APH,2019-10-25,0.0002173673033744,212955.0
APH,2019-10-28,0.0002043361722287,135746.0
APH,2019-10-29,0.0002224390088336,107766.0
APH,2019-10-30,0.0002615517586534,92275.0
APH,2019-10-31,0.0001967009111199,98094.0
APH,2019-11-01,0.0002187584002086,132378.0
APH,2019-11-04,0.0001732843244566,106637.0
APH,2019-11-05,0.0001827021976006,134299.0
APH,2019-11-06,0.0002056197447055,115112.0
APH,2019-11-07,0.0001768666206029,114613.0
APH,2019-11-08,0.0001772965540817,87691.0
APH,2019-11-11,0.0001477511485032,71015.0
APH,2019-11-12,0.0001740379963824,60390.0
APH,2019-11-13,0.0001777788698206,95195.0
APH,2019-11-14,0.0001588919920144,66872.0
APH,2019-11-15,0.0001973783232087,113762.0
APH,2019-11-18,0.0001833944881883,84462.0
APH,2019-11-19,0.0001500392238887,53552.0
APH,2019-11-20,0.0002088914784776,83783.0
APH,2019-11-21,0.0001717782172102,96005.0
APH,2019-11-22,0.000156657994899,71193.0
APH,2019-11-25,0.0001466560623001,129542.0
APH,2019-11-26,0.0001928115252205,71271.0
APH,2019-11-27,0.0001233921026403,90225.0
APH,2019-11-29,0.0001322476772221,35958.0
APH,2019-12-02,0.0002222495671944,82195.0
APH,2019-12-03,0.0002427785586851,88789.0
APH,2019-12-04,0.0001997908784046,79888.0
APH,2019-12-05,0.0001630414663859,62355.0
APH,2019-12-06,0.0001388165662068,71140.0
APH,2019-12-09,0.0001277035703473,63790.0
APH,2019-12-10,0.0001876890998665,96380.0
APH,2019-12-11,0.0001491515027043,89429.0
APH,2019-12-12,0.0002537452519658,153427.0
APH,2019-12-13,0.0002410984347603,103472.0
APH,2019-12-16,0.0002276232382243,84923.0
APH,2019-12-17,0.0001631796694259,91786.0
APH,2019-12-18,0.0001568778664039,74414.0
APH,2019-12-19,0.0001399781013248,62242.0
APH,2019-12-20,0.0001764028276558,63474.0
APH,2019-12-23,0.0001300695881159,82779.0
APH,2019-12-24,0.0001072502526288,14049.0
APH,2019-12-26,9.646951990054942e-05,35233.0
APH,2019-12-27,0.0001575654034239,45697.0
APTV,2019-01-02,0.000593397765707,234785.0
APTV,2019-01-03,0.000516267367551,289461.0
APTV,2019-01-04,0.0005298905708612,276865.0
APTV,2019-01-07,0.0004097710277576,226678.0
APTV,2019-01-08,0.00047073398016,367932.0
APTV,2019-01-09,0.0004192891793274,11264.0
APTV,2019-01-10,0.0004323189455082,210692.0
APTV,2019-01-11,0.0003623702576536,202102.0
APTV,2019-01-14,0.0002926428951423,212943.0
APTV,2019-01-15,0.0003513851699411,473843.0
APTV,2019-01-16,0.0003405836178262,214574.0
APTV,2019-01-17,0.0003232457224282,200901.0
APTV,2019-01-18,0.0004104733257693,251618.0
APTV,2019-01-22,0.0003693054572932,194882.0
APTV,2019-01-23,0.0003624262106145,201918.0
APTV,2019-01-24,0.000416628713319,129026.0
APTV,2019-01-25,0.0004009800177582,247313.0
APTV,2019-01-28,0.0003716788658662,214892.0
APTV,2019-01-29,0.0003254375094763,260722.0
APTV,2019-01-30,0.000455860238082,261430.0
APTV,2019-01-31,0.0005246192754986,446840.0
APTV,2019-02-01,0.0003767294318495,484597.0
APTV,2019-02-04,0.0002858815446735,291024.0
APTV,2019-02-05,0.000289350088644,212751.0
APTV,2019-02-06,0.0002535640459829,244542.0
APTV,2019-02-07,0.0003722396673793,259374.0
APTV,2019-02-08,0.0003318748574215,296801.0
APTV,2019-02-11,0.0003000769294503,183832.0
APTV,2019-02-12,0.0002839074060565,313021.0
APTV,2019-02-13,0.0003084350981891,334943.0
APTV,2019-02-14,0.0003556059340123,223189.0
APTV,2019-02-15,0.0003280272895121,202859.0
APTV,2019-02-19,0.0002368168364628,174027.0
APTV,2019-02-20,0.0002450886855058,119821.0
APTV,2019-02-21,0.0003231767509364,165272.0
APTV,2019-02-22,0.0002813883707153,135526.0
APTV,2019-02-25,0.0002628281550379,159897.0
APTV,2019-02-26,0.0002645371871733,93379.0
APTV,2019-02-27,0.0002872961923523,124653.0
APTV,2019-02-28,0.0003033663755877,174065.0
APTV,2019-03-01,0.0003314728277288,117462.0
APTV,2019-03-04,0.0003233466698737,198897.0
APTV,2019-03-05,0.0002685276882821,135110.0
APTV,2019-03-06,0.0002959037672522,159678.0
APTV,2019-03-07,0.0003726583009408,158833.0
APTV,2019-03-08,0.0003485560066165,146724.0
APTV,2019-03-11,0.0003671502699578,205273.0
APTV,2019-03-12,0.000280509485405,154220.0
APTV,2019-03-13,0.0002699613391017,152594.0
APTV,2019-03-14,0.000254341345772,152284.0
APTV,2019-03-15,0.0002215666810399,155029.0
APTV,2019-03-18,0.0002971477303103,154113.0
APTV,2019-03-19,0.0002862013449433,190455.0
APTV,2019-03-20,0.0003879280984745,142402.0
APTV,2019-03-21,0.0003013322719436,148998.0
APTV,2019-03-22,0.0003434398188016,218756.0
APTV,2019-03-25,0.0002781254590585,187696.0
APTV,2019-03-26,0.0003043904635376,121097.0
APTV,2019-03-27,0.000313249686625,274148.0
APTV,2019-03-28,0.0003109325310975,174699.0
APTV,2019-03-29,0.0002047776693398,148860.0
APTV,2019-04-01,0.0003029376965004,187597.0
APTV,2019-04-02,0.0002304516023345,158823.0
APTV,2019-04-03,0.0003046767174864,197956.0
APTV,2019-04-04,0.0002698216193961,131238.0
APTV,2019-04-05,0.0002678148215717,151505.0
APTV,2019-04-08,0.000323279205425,172520.0
APTV,2019-04-09,0.0002954223640482,129271.0
APTV,2019-04-10,0.0002776130668473,112846.0
APTV,2019-04-11,0.0002976338272429,135161.0
APTV,2019-04-12,0.0002979229431843,166777.0
APTV,2019-04-15,0.0002775448280629,142571.0
APTV,2019-04-16,0.0002670773434189,154028.0
APTV,2019-04-17,0.0002588952015609,96004.0
APTV,2019-04-18,0.0003264013458324,122561.0
APTV,2019-04-22,0.0002523115393214,99905.0
APTV,2019-04-23,0.0002737181823143,176553.0
APTV,2019-04-24,0.0002492332141126,132066.0
APTV,2019-04-25,0.0003832839003746,216246.0
APTV,2019-04-26,0.0003198245386342,149761.0
APTV,2019-04-29,0.0002561685700734,131390.0
APTV,2019-04-30,0.0002698465345715,176982.0
APTV,2019-05-01,0.0002860674913543,216962.0
APTV,2019-05-02,0.0008204726385425,259911.0
APTV,2019-05-03,0.000269583403749,198181.0
APTV,2019-05-06,0.0003776151312459,168163.0
APTV,2019-05-07,0.0004643871891429,254965.0
APTV,2019-05-08,0.0003523893979839,251752.0
APTV,2019-05-09,0.0004018475412551,169292.0
APTV,2019-05-10,0.0004452455943752,159956.0
APTV,2019-05-13,0.00036304881433,287642.0
APTV,2019-05-14,0.0003464891876705,123250.0
APTV,2019-05-15,0.0004181778825166,158996.0
APTV,2019-05-16,0.0003206556617598,200241.0
APTV,2019-05-17,0.0003024562469293,174950.0
APTV,2019-05-20,0.0003601408001607,119643.0
APTV,2019-05-21,0.0002574438753049,131820.0
APTV,2019-05-22,0.0003111513555765,233097.0
APTV,2019-05-23,0.0003321297569527,372428.0
APTV,2019-05-24,0.0002826325620468,239617.0
APTV,2019-05-28,0.0003285522418124,234135.0
APTV,2019-05-29,0.0003268164250712,169841.0
APTV,2019-05-30,0.0004033440203753,124199.0
APTV,2019-05-31,0.0004482066228386,449401.0
APTV,2019-06-03,0.0004361710260018,279318.0
APTV,2019-06-04,0.0004684670231335,359108.0
APTV,2019-06-05,0.0004129445744481,415592.0
APTV,2019-06-06,0.0003900192531799,207735.0
APTV,2019-06-07,0.0003470490025687,183735.0
APTV,2019-06-10,0.0004676799253213,208118.0
APTV,2019-06-11,0.0004285151420611,151006.0
APTV,2019-06-12,0.0003406721812438,147921.0
APTV,2019-06-13,0.0003284610786557,144454.0
APTV,2019-06-14,0.0003309400368792,170993.0
APTV,2019-06-17,0.0003364610418073,162683.0
APTV,2019-06-18,0.0003455244889653,142164.0
APTV,2019-06-19,0.0003802176599507,121043.0
APTV,2019-06-20,0.0003414641406249,154617.0
APTV,2019-06-21,0.0002824231577406,85754.0
APTV,2019-06-24,0.0003097908359761,92604.0
APTV,2019-06-25,0.0002903575616898,128290.0
APTV,2019-06-26,0.00039390118914,161823.0
APTV,2019-06-27,0.0003972100374182,198392.0
APTV,2019-06-28,0.0003060789680883,234858.0
APTV,2019-07-01,0.0003343959025542,144780.0
APTV,2019-07-02,0.0002665487705943,143325.0
APTV,2019-07-03,0.0002128874731525,50121.0
APTV,2019-07-05,0.0002429051045368,139186.0
APTV,2019-07-08,0.0002458520582205,166162.0
APTV,2019-07-09,0.0003623850681863,186677.0
APTV,2019-07-10,0.0002899824927592,151272.0
APTV,2019-07-11,0.0002364941931332,114806.0
APTV,2019-07-12,0.0002715026512043,93437.0
APTV,2019-07-15,0.0002420068382035,104972.0
APTV,2019-07-16,0.0003481366583612,115645.0
APTV,2019-07-17,0.0002935558455793,169285.0
APTV,2019-07-18,0.0002504849953412,141317.0
APTV,2019-07-19,0.0003709086654844,137031.0
APTV,2019-07-22,0.0002675106176645,208594.0
APTV,2019-07-23,0.000504052027641,183392.0
APTV,2019-07-24,0.0002548144788217,155917.0
APTV,2019-07-25,0.0003402570903432,252791.0
APTV,2019-07-26,0.0003212371066527,170074.0
APTV,2019-07-29,0.000261131556442,102593.0
APTV,2019-07-30,0.000358450283242,172730.0
APTV,2019-07-31,0.0006908145708821,293289.0
APTV,2019-08-01,0.0005367505076927,308203.0
APTV,2019-08-02,0.0004223413401517,182262.0
APTV,2019-08-05,0.0004810199256712,173322.0
APTV,2019-08-06,0.0004187315566651,176279.0
APTV,2019-08-07,0.0004783995400718,211464.0
APTV,2019-08-08,0.0004054201534619,127716.0
APTV,2019-08-09,0.000494559544173,85298.0
APTV,2019-08-12,0.000411048625239,142609.0
APTV,2019-08-13,0.0004643218976968,131414.0
APTV,2019-08-14,0.0004509351999098,93453.0
APTV,2019-08-15,0.0004910145046672,160011.0
APTV,2019-08-16,0.0004309621153426,95566.0
APTV,2019-08-19,0.0002567720427905,114595.0
APTV,2019-08-20,0.0004082277355938,85834.0
APTV,2019-08-21,0.0003788455321264,91078.0
APTV,2019-08-22,0.0003685089503866,67332.0
APTV,2019-08-23,0.0005184267329113,151334.0
APTV,2019-08-26,0.0004317745014378,85212.0
APTV,2019-08-27,0.0004023983061212,108176.0
APTV,2019-08-28,0.0004219377666186,74055.0
APTV,2019-08-29,0.0003141779638452,130333.0
APTV,2019-08-30,0.0003454099986752,148658.0
APTV,2019-09-03,0.0004302794998533,158981.0
APTV,2019-09-04,0.000361899813708,109693.0
APTV,2019-09-05,0.0004000374993497,162189.0
APTV,2019-09-06,0.0003196113464537,82822.0
APTV,2019-09-09,0.0004053348320935,126192.0
APTV,2019-09-10,0.0003779139206137,110119.0
APTV,2019-09-11,0.0003811593054694,135348.0
APTV,2019-09-12,0.0004472780279278,137728.0
APTV,2019-09-13,0.0004066894918382,104056.0
APTV,2019-09-16,0.0004040683728385,101833.0
APTV,2019-09-17,0.000393151643142,109825.0
APTV,2019-09-18,0.0003366393574917,63133.0
APTV,2019-09-19,0.0003678871429956,77224.0
APTV,2019-09-20,0.0004201612652271,83956.0
APTV,2019-09-23,0.0003844985306641,112149.0
APTV,2019-09-24,0.0004371978103786,153396.0
APTV,2019-09-25,0.000443143000197,78259.0
APTV,2019-09-26,0.0003903243394093,49271.0
APTV,2019-09-27,0.0004588227263445,71785.0
APTV,2019-09-30,0.0003984110227285,85161.0
APTV,2019-10-01,0.0004104052373846,119181.0
APTV,2019-10-02,0.000482194407355,240665.0
APTV,2019-10-03,0.0004748407744879,119915.0
APTV,2019-10-04,0.0003817779246791,163931.0
APTV,2019-10-07,0.0004094470554269,86860.0
APTV,2019-10-08,0.0005097123769622,147526.0
APTV,2019-10-09,0.0004367226974801,97368.0
APTV,2019-10-10,0.0004094492005091,82872.0
APTV,2019-10-11,0.0004867041616268,94630.0
APTV,2019-10-14,0.0002899847949284,105094.0
APTV,2019-10-15,0.0002945166544305,123648.0
APTV,2019-10-16,0.0004688204438466,110770.0
APTV,2019-10-17,0.0003723326799192,101228.0
APTV,2019-10-18,0.0002603880923432,102606.0
APTV,2019-10-21,0.0003962280588787,75924.0
APTV,2019-10-22,0.0004194354507715,86388.0
APTV,2019-10-23,0.0003043601605527,85123.0
APTV,2019-10-24,0.0003832359436767,47436.0
APTV,2019-10-25,0.0005493512612214,56094.0
APTV,2019-10-28,0.0004131231409668,62194.0
APTV,2019-10-29,0.000338669400176,148393.0
APTV,2019-10-30,0.0006649652650603,206190.0
APTV,2019-10-31,0.0004118032715657,159394.0
APTV,2019-11-01,0.0003814287223685,92473.0
APTV,2019-11-04,0.0005134108153208,163817.0
APTV,2019-11-05,0.0003428854018463,196526.0
APTV,2019-11-06,0.0004284534502663,107446.0
APTV,2019-11-07,0.0003598419800468,141610.0
APTV,2019-11-08,0.0004189749404756,46130.0
APTV,2019-11-11,0.0003412172255272,68628.0
APTV,2019-11-12,0.0002861899481429,167874.0
APTV,2019-11-13,0.0003786640311776,128428.0
APTV,2019-11-14,0.0004063903132246,152199.0
APTV,2019-11-15,0.0003468625183591,57977.0
APTV,2019-11-18,0.0002968151973114,81160.0
APTV,2019-11-19,0.0004156721970368,122754.0
APTV,2019-11-20,0.0003909454997876,143095.0
APTV,2019-11-21,0.0003689921544088,88769.0
APTV,2019-11-22,0.0003970760378722,126124.0
APTV,2019-11-25,0.0003018354685526,112527.0
APTV,2019-11-26,0.0003663212328033,153754.0
APTV,2019-11-27,0.0002658268369513,75679.0
APTV,2019-11-29,0.0002329971646094,45058.0
APTV,2019-12-02,0.000300568771803,120612.0
APTV,2019-12-03,0.0003662961490144,149737.0
APTV,2019-12-04,0.000274321454625,136511.0
APTV,2019-12-05,0.0002266935921734,49122.0
APTV,2019-12-06,0.0002514683916685,70822.0
APTV,2019-12-09,0.0001653125451698,70839.0
APTV,2019-12-10,0.0001876096574179,87729.0
APTV,2019-12-11,0.0001918387681698,82672.0
APTV,2019-12-12,0.000267414956563,103619.0
APTV,2019-12-13,0.0003445488858651,139682.0
APTV,2019-12-16,0.0002576767091752,102246.0
APTV,2019-12-17,0.0001903132771483,91697.0
APTV,2019-12-18,0.0002328723281258,152308.0
APTV,2019-12-19,0.0002951999875326,77248.0
APTV,2019-12-20,0.0002420791675727,124333.0
APTV,2019-12-23,0.000218164935783,101404.0
APTV,2019-12-24,0.0002037174487015,19164.0
APTV,2019-12-26,0.0001800678648863,32921.0
APTV,2019-12-27,0.000177389122366,80144.0
ARE,2019-01-02,0.0005008669313765,95671.0
ARE,2019-01-03,0.0005374015461417,91409.0
ARE,2019-01-04,0.0004577388727892,74096.0
ARE,2019-01-07,0.0004667098596326,81282.0
ARE,2019-01-08,0.000454341813718,75392.0
ARE,2019-01-09,0.0001503812892054,1137.0
ARE,2019-01-10,0.0004951541584943,57162.0
ARE,2019-01-11,0.0003800255698896,60458.0
ARE,2019-01-14,0.000280441078344,49020.0
ARE,2019-01-15,0.0003082884619852,49469.0
ARE,2019-01-16,0.0002502441686921,73797.0
ARE,2019-01-17,0.0002780588768123,89278.0
ARE,2019-01-18,0.0003192843303394,102375.0
ARE,2019-01-22,0.0003448012690843,101301.0
ARE,2019-01-23,0.0002971974135657,77636.0
ARE,2019-01-24,0.0002446124767216,51078.0
ARE,2019-01-25,0.000378878566737,63073.0
ARE,2019-01-28,0.0002955063740564,76540.0
ARE,2019-01-29,0.0002572910548637,82405.0
ARE,2019-01-30,0.0003721103516418,73858.0
ARE,2019-01-31,0.0003817379642234,122925.0
ARE,2019-02-01,0.0003760979823502,121987.0
ARE,2019-02-04,0.0002471518521656,153872.0
ARE,2019-02-05,0.0004214756023766,131729.0
ARE,2019-02-06,0.0002976557614551,82189.0
ARE,2019-02-07,0.0002721901541667,121097.0
ARE,2019-02-08,0.0002222711534357,56917.0
ARE,2019-02-11,0.0001984438657827,90658.0
ARE,2019-02-12,0.0002956994258753,143673.0
ARE,2019-02-13,0.0002696562398565,90706.0
ARE,2019-02-14,0.0002226189257596,85428.0
ARE,2019-02-15,0.0002177397315187,52891.0
ARE,2019-02-19,0.0002072875366868,79245.0
ARE,2019-02-20,0.0002144684918435,81049.0
ARE,2019-02-21,0.0002933040878674,119310.0
ARE,2019-02-22,0.0001838014486087,91711.0
ARE,2019-02-25,0.0002025169891,75711.0
ARE,2019-02-26,0.0002226486498368,105793.0
ARE,2019-02-27,0.0002215702117443,116046.0
ARE,2019-02-28,0.0002136083000251,128660.0
ARE,2019-03-01,0.0002304790276702,114693.0
ARE,2019-03-04,0.0002233565434078,111771.0
ARE,2019-03-05,0.0001962218708076,115046.0
ARE,2019-03-06,0.0001663415646774,123421.0
ARE,2019-03-07,0.0002658650377005,122630.0
ARE,2019-03-08,0.0002498876942735,105253.0
ARE,2019-03-11,0.0002326437525067,171853.0
ARE,2019-03-12,0.0002160314286612,131674.0
ARE,2019-03-13,0.0001847305930833,141525.0
ARE,2019-03-14,0.0001565433929085,167285.0
ARE,2019-03-15,0.0001609153807623,127795.0
ARE,2019-03-18,0.0002181235127291,98038.0
ARE,2019-03-19,0.000191138645848,76806.0
ARE,2019-03-20,0.0002254356251588,107302.0
ARE,2019-03-21,0.0001943085848535,97218.0
ARE,2019-03-22,0.0002523686448213,77099.0
ARE,2019-03-25,0.0002296861406037,68945.0
ARE,2019-03-26,0.0001967745751825,69603.0
ARE,2019-03-27,0.0002111140083577,74735.0
ARE,2019-03-28,0.0001759938273944,61451.0
ARE,2019-03-29,0.000202609469494,87603.0
ARE,2019-04-01,0.0002421513050954,99828.0
ARE,2019-04-02,0.0002949824708303,125239.0
ARE,2019-04-03,0.0002107924388602,109276.0
ARE,2019-04-04,0.0001731174352155,65544.0
ARE,2019-04-05,0.0002012487123834,67111.0
ARE,2019-04-08,0.0001949175682526,61995.0
ARE,2019-04-09,0.0001458134618095,53843.0
ARE,2019-04-10,0.0001508551466954,76568.0
ARE,2019-04-11,0.0001813098264233,72756.0
ARE,2019-04-12,0.0002604817020468,83232.0
ARE,2019-04-15,0.0001437046701269,51649.0
ARE,2019-04-16,0.0002247193940808,131820.0
ARE,2019-04-17,0.0002650636196908,149460.0
ARE,2019-04-18,0.0002384128668836,99869.0
ARE,2019-04-22,0.0002048376470985,82533.0
ARE,2019-04-23,0.0002436126310199,66275.0
ARE,2019-04-24,0.0001897451715416,71922.0
ARE,2019-04-25,0.0002003109090622,53808.0
ARE,2019-04-26,0.0001689059211977,49376.0
ARE,2019-04-29,0.0002046984789727,82126.0
ARE,2019-04-30,0.0002956165891966,98162.0
ARE,2019-05-01,0.0002280037290537,78504.0
ARE,2019-05-02,0.0002217177298133,80008.0
ARE,2019-05-03,0.0002121755178347,68329.0
ARE,2019-05-06,0.0002504157229044,60215.0
ARE,2019-05-07,0.0002494909238086,64114.0
ARE,2019-05-08,0.0002483328726409,79480.0
ARE,2019-05-09,0.0002311215564119,98611.0
ARE,2019-05-10,0.0001983757824926,107211.0
ARE,2019-05-13,0.0002387769066264,108952.0
ARE,2019-05-14,0.0002182110437505,117296.0
ARE,2019-05-15,0.0002919792765436,111915.0
ARE,2019-05-16,0.00022423052908,82569.0
ARE,2019-05-17,0.000227995098502,89023.0
ARE,2019-05-20,0.0002110008160619,51102.0
ARE,2019-05-21,0.0001882267422769,76496.0
ARE,2019-05-22,0.0001493893617996,67173.0
ARE,2019-05-23,0.0001637962942802,114460.0
ARE,2019-05-24,0.000209353407436,123948.0
ARE,2019-05-28,0.0001664480538767,105510.0
ARE,2019-05-29,0.0002196117573053,60412.0
ARE,2019-05-30,0.0001690902234099,65241.0
ARE,2019-05-31,0.0002089058316346,63187.0
ARE,2019-06-03,0.0002279144395078,89683.0
ARE,2019-06-04,0.0002620174768763,87307.0
ARE,2019-06-05,0.000219813254844,95247.0
ARE,2019-06-06,0.0002117117124134,61624.0
ARE,2019-06-07,0.0001761710378727,61055.0
ARE,2019-06-10,0.000197427891104,55452.0
ARE,2019-06-11,0.0001717604861268,49306.0
ARE,2019-06-12,0.0002055147161836,50028.0
ARE,2019-06-13,0.0001984219336208,43806.0
ARE,2019-06-14,0.0001900733701302,54017.0
ARE,2019-06-17,0.0002212963405109,220046.0
ARE,2019-06-18,0.0002415444969145,156475.0
ARE,2019-06-19,0.0002267413009092,121877.0
ARE,2019-06-20,0.0002468446037586,152274.0
ARE,2019-06-21,0.0002386645541497,318259.0
ARE,2019-06-24,0.0002209296677246,150237.0
ARE,2019-06-25,0.0001912852640999,175950.0
ARE,2019-06-26,0.0003706981576076,234236.0
ARE,2019-06-27,0.0002860525970094,150220.0
ARE,2019-06-28,0.000219062595119,156776.0
ARE,2019-07-01,0.0002253721954698,166436.0
ARE,2019-07-02,0.0002071423786515,106293.0
ARE,2019-07-03,0.000214024253921,59771.0
ARE,2019-07-05,0.0002127209924543,51456.0
ARE,2019-07-08,0.0002066907087327,78412.0
ARE,2019-07-09,0.0002068769755302,113071.0
ARE,2019-07-10,0.0002249432203578,150711.0
ARE,2019-07-11,0.0002359343435407,94807.0
ARE,2019-07-12,0.0002086573059282,81676.0
ARE,2019-07-15,0.0002284139310006,59213.0
ARE,2019-07-16,0.0002691909396971,92716.0
ARE,2019-07-17,0.0001904855913742,63251.0
ARE,2019-07-18,0.0001800858983077,70359.0
ARE,2019-07-19,0.000198168165219,76234.0
ARE,2019-07-22,0.0002182786514257,80710.0
ARE,2019-07-23,0.0002102010921814,81402.0
ARE,2019-07-24,0.0002133269666925,58291.0
ARE,2019-07-25,0.00020014263222,55824.0
ARE,2019-07-26,0.0001721673176288,145729.0
ARE,2019-07-29,0.0001907787322015,102657.0
ARE,2019-07-30,0.0004011036347462,104647.0
ARE,2019-07-31,0.0003621252960641,121549.0
ARE,2019-08-01,0.0002798646966487,109089.0
ARE,2019-08-02,0.0002310522993217,74032.0
ARE,2019-08-05,0.0002906768554164,73371.0
ARE,2019-08-06,0.0003392043113575,54831.0
ARE,2019-08-07,0.0003560761143418,60228.0
ARE,2019-08-08,0.0002585813595058,46713.0
ARE,2019-08-09,0.0002469275689817,86934.0
ARE,2019-08-12,0.0002531884945091,95343.0
ARE,2019-08-13,0.0002837864610443,101827.0
ARE,2019-08-14,0.0002880880829135,103627.0
ARE,2019-08-15,0.0002769121702761,82251.0
ARE,2019-08-16,0.0002047013575982,63861.0
ARE,2019-08-19,0.0001883890598387,50944.0
ARE,2019-08-20,0.0002287975801885,49241.0
ARE,2019-08-21,0.0002240975171525,58123.0
ARE,2019-08-22,0.0001892612632703,30383.0
ARE,2019-08-23,0.0002532381050833,48165.0
ARE,2019-08-26,0.0001921364997626,61263.0
ARE,2019-08-27,0.0002067316156877,47817.0
ARE,2019-08-28,0.0001850489729799,39930.0
ARE,2019-08-29,0.0002054666993896,51310.0
ARE,2019-08-30,0.0001818921962009,87378.0
ARE,2019-09-03,0.0002346143007392,77182.0
ARE,2019-09-04,0.0002157783169256,86987.0
ARE,2019-09-05,0.0002226873776622,67169.0
ARE,2019-09-06,0.0002236911947542,53994.0
ARE,2019-09-09,0.0002050476783397,63987.0
ARE,2019-09-10,0.0002923249782839,60187.0
ARE,2019-09-11,0.000262331920398,50292.0
ARE,2019-09-12,0.0002193659501704,58868.0
ARE,2019-09-13,0.0002002795278958,47325.0
ARE,2019-09-16,0.0002074317742392,45263.0
ARE,2019-09-17,0.0002237878511039,49059.0
ARE,2019-09-18,0.0002476619131795,26684.0
ARE,2019-09-19,0.0002597325482704,45966.0
ARE,2019-09-20,0.0001853603416024,53362.0
ARE,2019-09-23,0.0001947033300675,38316.0
ARE,2019-09-24,0.0001838712941992,45987.0
ARE,2019-09-25,0.0002132308275254,33069.0
ARE,2019-09-26,0.0001809876756788,69916.0
ARE,2019-09-27,0.0002854855511522,57062.0
ARE,2019-09-30,0.0001798065769797,41377.0
ARE,2019-10-01,0.0002753905778534,38654.0
ARE,2019-10-02,0.0002038185390993,56106.0
ARE,2019-10-03,0.0002429118975007,39995.0
ARE,2019-10-04,0.0001985274044555,76437.0
ARE,2019-10-07,0.0002408030450503,33932.0
ARE,2019-10-08,0.0002377351627623,52244.0
ARE,2019-10-09,0.0002129441239057,30950.0
ARE,2019-10-10,0.0001691930309384,41256.0
ARE,2019-10-11,0.0002219731817712,39616.0
ARE,2019-10-14,0.0001627604193307,34946.0
ARE,2019-10-15,0.0002349331410843,77760.0
ARE,2019-10-16,0.0002079870329305,62234.0
ARE,2019-10-17,0.0002009144484183,41976.0
ARE,2019-10-18,0.0001794928673533,33060.0
ARE,2019-10-21,0.0001616624504387,46642.0
ARE,2019-10-22,0.0001960460634584,51358.0
ARE,2019-10-23,0.000169929838347,37397.0
ARE,2019-10-24,0.0001708145637134,32141.0
ARE,2019-10-25,0.0002069898757525,35301.0
ARE,2019-10-28,0.0001917682350996,97760.0
ARE,2019-10-29,0.000312409418186,66000.0
ARE,2019-10-30,0.0002591631573747,93531.0
ARE,2019-10-31,0.0002431581151009,104156.0
ARE,2019-11-01,0.0001990615471757,49538.0
ARE,2019-11-04,0.0002551410118733,50998.0
ARE,2019-11-05,0.0002523879579797,55054.0
ARE,2019-11-06,0.0002325531116697,45929.0
ARE,2019-11-07,0.0002175815012641,45434.0
ARE,2019-11-08,0.000195879218997,75477.0
ARE,2019-11-11,0.0002259814159985,46471.0
ARE,2019-11-12,0.0002176959816949,81795.0
ARE,2019-11-13,0.0002163599857014,56639.0
ARE,2019-11-14,0.0002283904476501,34802.0
ARE,2019-11-15,0.0001719309460264,45178.0
ARE,2019-11-18,0.0001786842165891,39747.0
ARE,2019-11-19,0.0001505256796858,38067.0
ARE,2019-11-20,0.0002194047497857,47647.0
ARE,2019-11-21,0.000193158332985,56366.0
ARE,2019-11-22,0.0002227426117155,78377.0
ARE,2019-11-25,0.0001937035599755,57685.0
ARE,2019-11-26,0.000256538511054,92637.0
ARE,2019-11-27,0.0001936160417328,59014.0
ARE,2019-11-29,0.000213508248142,24332.0
ARE,2019-12-02,0.0002071630776788,105000.0
ARE,2019-12-03,0.0002455823538959,60648.0
ARE,2019-12-04,0.0001862039293744,64016.0
ARE,2019-12-05,0.0002039928388602,78779.0
ARE,2019-12-06,0.0001698899104756,64730.0
ARE,2019-12-09,0.0001521637988995,56786.0
ARE,2019-12-10,0.0002445965709478,70536.0
ARE,2019-12-11,0.0002210973666524,67742.0
ARE,2019-12-12,0.0002561891324899,84702.0
ARE,2019-12-13,0.0002396887791351,74277.0
ARE,2019-12-16,0.0001996660673409,94568.0
ARE,2019-12-17,0.0001895254581615,59928.0
ARE,2019-12-18,0.0001939891223219,72044.0
ARE,2019-12-19,0.0001760432928488,56424.0
ARE,2019-12-20,0.0002246004180281,57796.0
ARE,2019-12-23,0.0001119608918804,45866.0
ARE,2019-12-24,0.0001348346514931,17555.0
ARE,2019-12-26,0.0001383311743114,24736.0
ARE,2019-12-27,0.0001411916004779,54055.0
