date,stock,sigma,ADV
2019-01-31,A,0.000302259004154135,202980.1
2019-02-01,A,0.000300166024166655,205851.85
2019-02-04,A,0.00028412907897765,190100.2
2019-02-05,A,0.000278142630123275,183310.1
2019-02-06,A,0.00027034681499493,178702.9
2019-02-07,A,0.00026100625056034,178609.75
2019-02-08,A,0.00026821495884526,192229.65
2019-02-11,A,0.00026382490056512504,193481.05
2019-02-12,A,0.000259049967555635,193612.9
2019-02-13,A,0.00025426152247578,194182.2
2019-02-14,A,0.00024741405960880005,193617.4
2019-02-15,A,0.00024999289866098004,193733.2
2019-02-19,A,0.00024775033088676,196863.6
2019-02-20,A,0.00024652903905818,205569.7
2019-02-21,A,0.00023860011956937998,213368.85
2019-02-22,A,0.000247022570020425,224807.8
2019-02-25,A,0.00023968469245634502,228307.65
2019-02-26,A,0.000231951577560985,229570.55
2019-02-27,A,0.00022803040107165,229290.7
2019-02-28,A,0.00022566036118256498,228457.95
2019-03-01,A,0.00021766773850032,226723.45
2019-03-04,A,0.00020850711787160503,223861.8
2019-03-05,A,0.000209590861403825,228045.6
2019-03-06,A,0.00020614682151434498,232102.4
2019-03-07,A,0.00020528314411189498,235535.6
2019-03-08,A,0.00020733679805447002,234893.3
2019-03-11,A,0.000206319684343985,230575.4
2019-03-12,A,0.00020291529356221,231838.1
2019-03-13,A,0.00020329228620540003,233923.25
2019-03-14,A,0.00020216446807359,230655.05
2019-03-15,A,0.000200962915809515,231394.2
2019-03-18,A,0.00019516675653935,227340.8
2019-03-19,A,0.00019464970837879,222446.35
2019-03-20,A,0.000191654838507095,216184.15
2019-03-21,A,0.00019322729999331998,209588.45
2019-03-22,A,0.00017975936773062,193640.05
2019-03-25,A,0.000181254373445045,190045.85
2019-03-26,A,0.000184178295694335,184775.15
2019-03-27,A,0.00018335483208878,184636.65
2019-03-28,A,0.000186787874205925,183847.4
2019-03-29,A,0.00018947151929861,183211.0
2019-04-01,A,0.00019173012511770998,181991.25
2019-04-02,A,0.0001878498936818,179950.7
2019-04-03,A,0.00018693331504684,177368.35
2019-04-04,A,0.00018503709223181998,174570.15
2019-04-05,A,0.00018260473584175,173797.15
2019-04-08,A,0.00017798361298955998,170453.85
2019-04-09,A,0.00017907752443356,165356.9
2019-04-10,A,0.00017693754812262498,166163.85
2019-04-11,A,0.00017673495916593998,166890.2
2019-04-12,A,0.00017762998049887998,164567.25
2019-04-15,A,0.000177098191906505,166890.95
2019-04-16,A,0.00017875750682237,170885.5
2019-04-17,A,0.00017866467076506,171131.8
2019-04-18,A,0.00018289391976809,185648.1
2019-04-22,A,0.00019000346431467,195786.75
2019-04-23,A,0.0001930272808798,196144.4
2019-04-24,A,0.00020291541983248002,206704.45
2019-04-25,A,0.00020643055219797,206524.1
2019-04-26,A,0.00020741656305603502,209467.3
2019-04-29,A,0.000208631555549475,208659.2
2019-04-30,A,0.00020825913201985997,207745.4
2019-05-01,A,0.00020994961954718,207222.3
2019-05-02,A,0.00021441225926705,207849.7
2019-05-03,A,0.00021936535189282002,208330.8
2019-05-06,A,0.000220573574342325,210731.65
2019-05-07,A,0.000227369101715215,216774.15
2019-05-08,A,0.000234967943687745,228172.0
2019-05-09,A,0.000238989289295225,227564.0
2019-05-10,A,0.00024650260913208,229359.15
2019-05-13,A,0.00025481216356167504,240013.2
2019-05-14,A,0.0002681331138098,256530.35
2019-05-15,A,0.00027304259425946995,262081.5
2019-05-16,A,0.00031025042463000497,309985.45
2019-05-17,A,0.00031199084594651005,317066.85
2019-05-20,A,0.00031565596060058505,330809.15
2019-05-21,A,0.00031890081647960994,351599.55
2019-05-22,A,0.000311910611667755,364937.4
2019-05-23,A,0.0003140181530531,387308.6
2019-05-24,A,0.00031907169997641,410585.45
2019-05-28,A,0.00032465809589334504,437217.4
2019-05-29,A,0.00032816472325767,451518.05
2019-05-30,A,0.000334331748726395,465574.0
2019-05-31,A,0.00033349116706379,479825.55
2019-06-03,A,0.00033487972929113497,491424.2
2019-06-04,A,0.00034255466621491,507365.6
2019-06-05,A,0.00034371505864110995,521851.85
2019-06-06,A,0.0003415200179693,526737.15
2019-06-07,A,0.000343058883341525,536820.5
2019-06-10,A,0.000340409227391855,540487.1
2019-06-11,A,0.000334667835148845,532364.75
2019-06-12,A,0.00033466115089701503,521301.35
2019-06-13,A,0.00033259067236947,515078.4
2019-06-14,A,0.00029753380519083,469180.95
2019-06-17,A,0.00029044507938776,446922.95
2019-06-18,A,0.000280667620131995,423983.1
2019-06-19,A,0.000274035780880455,403538.45
2019-06-20,A,0.000271960202200125,381641.3
2019-06-21,A,0.000266235199754165,357985.4
2019-06-24,A,0.00025900636652985,334084.8
2019-06-25,A,0.00025660510299301497,308661.0
2019-06-26,A,0.000253544930810735,293460.95
2019-06-27,A,0.000248273905186575,276444.7
2019-06-28,A,0.000247225880103795,262126.6
2019-07-01,A,0.000243129540044035,252634.5
2019-07-02,A,0.00023859923494362498,241923.65
2019-07-03,A,0.000232691204516215,224883.45
2019-07-05,A,0.00022731786241473,214962.5
2019-07-08,A,0.0002241314151741,208112.45
2019-07-09,A,0.00022389947972051497,209221.3
2019-07-10,A,0.00022629801641666,214300.5
2019-07-11,A,0.00021483237588218,210962.25
2019-07-12,A,0.00021513426297064,226903.05
2019-07-15,A,0.00021614384629924498,233464.85
2019-07-16,A,0.00022245009912171,247885.25
2019-07-17,A,0.00022525150974252498,260403.95
2019-07-18,A,0.00022449146417186,260588.2
2019-07-19,A,0.000222577379204945,261748.55
2019-07-22,A,0.000224363560281295,268236.7
2019-07-23,A,0.000225803498866055,276054.65
2019-07-24,A,0.00022082645679810504,289779.7
2019-07-25,A,0.00022136795528496502,299342.3
2019-07-26,A,0.000221355943023855,303275.2
2019-07-29,A,0.00021997198110030003,307916.15
2019-07-30,A,0.00021932236972136,313423.15
2019-07-31,A,0.000219645633713155,312856.8
2019-08-01,A,0.000224889390799995,318521.85
2019-08-02,A,0.00023172154300900001,325282.4
2019-08-05,A,0.000236190651976975,331112.75
2019-08-06,A,0.00024296313045715003,331994.7
2019-08-07,A,0.00024399959036194998,333760.35
2019-08-08,A,0.00025155402911664,337633.15
2019-08-09,A,0.00025075467534683,325376.35
2019-08-12,A,0.000255055998862645,321587.4
2019-08-13,A,0.00025197051966874,316698.45
2019-08-14,A,0.00025539374939265,314742.6
2019-08-15,A,0.00025970720544336,325755.15
2019-08-16,A,0.00028144018818961,342721.5
2019-08-19,A,0.000282572170979445,348659.2
2019-08-20,A,0.00028292799486147503,340335.3
2019-08-21,A,0.00028727780538001,331080.9
2019-08-22,A,0.00029098396746623,322252.55
2019-08-23,A,0.00029459347936703,319278.05
2019-08-26,A,0.00030413090160391,320592.55
2019-08-27,A,0.000309757657002655,312677.0
2019-08-28,A,0.00030890105341954005,308671.0
2019-08-29,A,0.00030649267478629,304023.0
2019-08-30,A,0.00030430190264302997,296359.5
2019-09-03,A,0.000302602085311975,287279.7
2019-09-04,A,0.0003017739061832,283091.9
2019-09-05,A,0.00029831869056261,272954.35
2019-09-06,A,0.000294694410301105,272346.45
2019-09-09,A,0.000293051704059605,274569.25
2019-09-10,A,0.00028801956556352,275826.2
2019-09-11,A,0.000286971102731625,269529.85
2019-09-12,A,0.000284700420251635,265972.75
2019-09-13,A,0.00028404278326634504,263582.2
2019-09-16,A,0.00026309837496397,248593.2
2019-09-17,A,0.000264337344948515,237972.45
2019-09-18,A,0.00026253217551836,239661.75
2019-09-19,A,0.00026069716945843004,234501.2
2019-09-20,A,0.00025671008700967,237369.25
2019-09-23,A,0.00025407085431709494,239695.45
2019-09-24,A,0.00024639521745605495,234525.15
2019-09-25,A,0.00024529371148671503,242145.5
2019-09-26,A,0.00024551993464221,240499.45
2019-09-27,A,0.000246518401221885,235457.9
2019-09-30,A,0.000245216305515675,232018.3
2019-10-01,A,0.00024135038835222,230215.5
2019-10-02,A,0.00023708490944353,229181.55
2019-10-03,A,0.00024206213377637496,230899.75
2019-10-04,A,0.00024341756759504998,227238.8
2019-10-07,A,0.00024362943066902,220091.3
2019-10-08,A,0.00024354009863194998,211203.3
2019-10-09,A,0.000252101682149235,213670.7
2019-10-10,A,0.00025008764842114,206683.05
2019-10-11,A,0.00024778258702875,193607.9
2019-10-14,A,0.000251923611564385,187378.6
2019-10-15,A,0.000245952557735275,180226.0
2019-10-16,A,0.000244351759198605,173451.0
2019-10-17,A,0.000243718944723705,178086.15
2019-10-18,A,0.000247313944519165,173868.75
2019-10-21,A,0.00024698470300555,173824.0
2019-10-22,A,0.00024715807280486005,172570.5
2019-10-23,A,0.000243711639397665,164423.8
2019-10-24,A,0.00024247556042175498,171427.95
2019-10-25,A,0.000238825086330065,173555.9
2019-10-28,A,0.000238975204258,172032.35
2019-10-29,A,0.00023888416220361003,170182.15
2019-10-30,A,0.00023809874202275,167201.45
2019-10-31,A,0.00023523607935648001,163604.55
2019-11-01,A,0.00023062982800032,158630.0
2019-11-04,A,0.00022944369575349498,158917.35
2019-11-05,A,0.000227375360554735,157175.25
2019-11-06,A,0.00021919222586343,150044.35
2019-11-07,A,0.00021886521817311502,147897.45
2019-11-08,A,0.0002178645284082,146275.2
2019-11-11,A,0.00021376411685616498,145474.05
2019-11-12,A,0.000214347521737535,145791.95
2019-11-13,A,0.00021648737114655,145810.5
2019-11-14,A,0.00021582421035093498,139582.75
2019-11-15,A,0.000214395068026975,137780.05
2019-11-18,A,0.00021418999835173003,136852.9
2019-11-19,A,0.000214498487605065,138565.15
2019-11-20,A,0.00021460325836636498,140746.6
2019-11-21,A,0.00021760701742695003,134148.9
2019-11-22,A,0.00022019145636031,135866.75
2019-11-25,A,0.00021715700587212998,138562.5
2019-11-26,A,0.00021762663040648497,143910.4
2019-11-27,A,0.00023215274820819997,154484.2
2019-11-29,A,0.000229595374716005,156978.3
2019-12-02,A,0.00022813737479416502,155335.2
2019-12-03,A,0.00022948188371953502,153909.4
2019-12-04,A,0.000234855763505285,158822.9
2019-12-05,A,0.00023337687354135997,157217.6
2019-12-06,A,0.00023185341162273,158660.55
2019-12-09,A,0.00022944713301989,160333.85
2019-12-10,A,0.000225262492661825,160652.45
2019-12-11,A,0.00022938663646896996,168156.3
2019-12-12,A,0.00022765871669447503,170924.05
2019-12-13,A,0.000228235630872315,174699.15
2019-12-16,A,0.00022593857605108998,179103.35
2019-12-17,A,0.00022231223472622997,175303.85
2019-12-18,A,0.00021880574470109,173969.1
2019-12-19,A,0.000215194620470005,170481.2
2019-12-20,A,0.00021114347591726996,166893.9
2019-12-23,A,0.00020810696063538998,162931.4
2019-12-24,A,0.00020643487819139002,159020.05
2019-12-26,A,0.00020094196462715433,149940.65
2019-12-27,A,0.00017991639323145935,135255.35
2019-01-31,AAL,0.00053862209356906,1238270.95
2019-02-01,AAL,0.0005298782174144951,1263987.35
2019-02-04,AAL,0.0005103144524675801,1206870.95
2019-02-05,AAL,0.000495813648792245,1181680.35
2019-02-06,AAL,0.0004791720519459801,1178071.85
2019-02-07,AAL,0.000468386830684475,1166116.6
2019-02-08,AAL,0.00047404757385019003,1214903.15
2019-02-11,AAL,0.00045372043484168497,1137865.95
2019-02-12,AAL,0.000440100203415,1131836.55
2019-02-13,AAL,0.00042741394882476,1159932.55
2019-02-14,AAL,0.00041211971887293006,1158922.8
2019-02-15,AAL,0.000402221400458225,1137441.5
2019-02-19,AAL,0.00039439780849565,1191266.9
2019-02-20,AAL,0.00038619132077273,1199493.55
2019-02-21,AAL,0.00037874238970865505,1195628.65
2019-02-22,AAL,0.00036787468633129,1162497.35
2019-02-25,AAL,0.00034813075975444,1129926.55
2019-02-26,AAL,0.00032817891093814,1092608.2
2019-02-27,AAL,0.00031965615607257997,1049832.3
2019-02-28,AAL,0.00031354916992266,1041470.2
2019-03-01,AAL,0.000313724210466905,1026069.4
2019-03-04,AAL,0.00032002070557103,1021818.6
2019-03-05,AAL,0.00032030094229755,1023836.2
2019-03-06,AAL,0.000330499810028485,1031368.55
2019-03-07,AAL,0.00033624143805083,1030072.4
2019-03-08,AAL,0.000339865350974285,1044833.45
2019-03-11,AAL,0.000343680241423935,1029047.7
2019-03-12,AAL,0.000346056923047435,1023112.7
2019-03-13,AAL,0.00035367095140049,1051382.45
2019-03-14,AAL,0.000365454598795,1045943.8
2019-03-15,AAL,0.00036778509262905994,1039642.65
2019-03-18,AAL,0.00036955579196925497,1041432.2
2019-03-19,AAL,0.000367943718244995,987189.25
2019-03-20,AAL,0.00036748851392987003,980148.2
2019-03-21,AAL,0.00036999437923796,963860.85
2019-03-22,AAL,0.000372313079325865,955935.5
2019-03-25,AAL,0.000376432088439885,966885.25
2019-03-26,AAL,0.00038156470057310504,955235.0
2019-03-27,AAL,0.00038301849453824006,937662.95
2019-03-28,AAL,0.000386316800797625,939461.1
2019-03-29,AAL,0.00038519477656736,943194.7
2019-04-01,AAL,0.00037978769936088,936739.4
2019-04-02,AAL,0.000381498929864165,939029.7
2019-04-03,AAL,0.000383681605130925,947915.45
2019-04-04,AAL,0.00038495475030712997,964632.85
2019-04-05,AAL,0.00038268162167325,954190.35
2019-04-08,AAL,0.00037639132713626004,954563.6
2019-04-09,AAL,0.00037544185335712,964199.35
2019-04-10,AAL,0.000375212726090075,950082.3
2019-04-11,AAL,0.00037335456997492,936655.05
2019-04-12,AAL,0.00037464859540999,948000.95
2019-04-15,AAL,0.00037277057863496,938133.95
2019-04-16,AAL,0.000373338677154855,945636.55
2019-04-17,AAL,0.000372986050349525,929760.7
2019-04-18,AAL,0.000372277496761975,917003.95
2019-04-22,AAL,0.00037088763200586,896955.45
2019-04-23,AAL,0.000366556274892755,867349.45
2019-04-24,AAL,0.00036402636227983,858941.55
2019-04-25,AAL,0.000361228283376455,849228.8
2019-04-26,AAL,0.00036320999588524,842258.05
2019-04-29,AAL,0.00037436369322668,848691.65
2019-04-30,AAL,0.00038048474503117,839809.95
2019-05-01,AAL,0.00037413692830158,821441.0
2019-05-02,AAL,0.00036638820422880004,796269.1
2019-05-03,AAL,0.000362094940075485,767520.9
2019-05-06,AAL,0.00035922948407229,761724.0
2019-05-07,AAL,0.00036310854912262,759968.05
2019-05-08,AAL,0.00036712038781228003,758481.6
2019-05-09,AAL,0.0003652175907079,733919.85
2019-05-10,AAL,0.000362607198336565,717241.2
2019-05-13,AAL,0.000363531444405365,697713.5
2019-05-14,AAL,0.00037229042435414,716155.75
2019-05-15,AAL,0.00037393091534727,710748.65
2019-05-16,AAL,0.000379011334952385,711917.15
2019-05-17,AAL,0.000378068771520375,718899.45
2019-05-20,AAL,0.00037926752552562,730286.6
2019-05-21,AAL,0.00038795388485986503,755289.95
2019-05-22,AAL,0.000388494433152685,764375.2
2019-05-23,AAL,0.0003942248700045,810922.1
2019-05-24,AAL,0.000393838186942665,819720.9
2019-05-28,AAL,0.00038005137935097496,810575.75
2019-05-29,AAL,0.000374178101731765,826273.9
2019-05-30,AAL,0.00037903704421759,831361.35
2019-05-31,AAL,0.00038006704274661494,832734.4
2019-06-03,AAL,0.000381011782895655,842789.1
2019-06-04,AAL,0.0003887360799162,849512.95
2019-06-05,AAL,0.00039072877683256,878913.05
2019-06-06,AAL,0.000391384385283455,892195.25
2019-06-07,AAL,0.00039113451655516004,898279.9
2019-06-10,AAL,0.000388896711273285,902366.5
2019-06-11,AAL,0.0003875981747917,912064.5
2019-06-12,AAL,0.00038108490639017495,892242.6
2019-06-13,AAL,0.00038075047243811,895806.15
2019-06-14,AAL,0.00038606954661142,945476.05
2019-06-17,AAL,0.00038989415277285004,960338.35
2019-06-18,AAL,0.00039142460466548497,955017.2
2019-06-19,AAL,0.00038684782915262,936464.5
2019-06-20,AAL,0.000387343325760685,937005.15
2019-06-21,AAL,0.00038914908133627,922658.1
2019-06-24,AAL,0.00038639975128552,915933.65
2019-06-25,AAL,0.00038922668822029,899224.2
2019-06-26,AAL,0.000389414035539195,873519.75
2019-06-27,AAL,0.00038691489939610997,859021.2
2019-06-28,AAL,0.0003876313480439,858219.2
2019-07-01,AAL,0.00038447404147638504,835879.35
2019-07-02,AAL,0.00037991193445895,832203.3
2019-07-03,AAL,0.00037732627796234,801351.05
2019-07-05,AAL,0.00036920437653534504,760778.5
2019-07-08,AAL,0.000367395564380095,744867.7
2019-07-09,AAL,0.00036917233355325497,746132.55
2019-07-10,AAL,0.000368324966912325,740014.15
2019-07-11,AAL,0.000373975479055925,764871.8
2019-07-12,AAL,0.00037478557368555,759556.95
2019-07-15,AAL,0.00036709570422391,717912.95
2019-07-16,AAL,0.00036426262744745496,689462.55
2019-07-17,AAL,0.000365496177099375,710079.8
2019-07-18,AAL,0.00036602084482919,717897.5
2019-07-19,AAL,0.00036548935125647,703497.55
2019-07-22,AAL,0.00035966596726158,677434.5
2019-07-23,AAL,0.000357485895435765,655382.5
2019-07-24,AAL,0.000355607332316295,656997.65
2019-07-25,AAL,0.00035624433688037,677557.3
2019-07-26,AAL,0.00037531094413527003,734750.25
2019-07-29,AAL,0.000378141703465545,764010.05
2019-07-30,AAL,0.00038290652047233496,784134.7
2019-07-31,AAL,0.00038242233244398997,787921.6
2019-08-01,AAL,0.00038514269945412997,801632.85
2019-08-02,AAL,0.000393912237872515,837738.55
2019-08-05,AAL,0.000397941284124095,868224.95
2019-08-06,AAL,0.000404465976321755,890561.6
2019-08-07,AAL,0.00040787110494363004,898698.95
2019-08-08,AAL,0.00040972686577115,881657.75
2019-08-09,AAL,0.00041218867337849496,879935.9
2019-08-12,AAL,0.00041513594126655495,873009.85
2019-08-13,AAL,0.000416940324329055,897993.65
2019-08-14,AAL,0.00042052607036581,894743.85
2019-08-15,AAL,0.000425783546905155,924367.35
2019-08-16,AAL,0.0004371098836178051,971512.55
2019-08-19,AAL,0.000441435814430145,995311.65
2019-08-20,AAL,0.000443451038250275,1041220.05
2019-08-21,AAL,0.00044592528933450504,1065884.15
2019-08-22,AAL,0.0004451087381246,1051334.65
2019-08-23,AAL,0.00042681532852151,1003030.3
2019-08-26,AAL,0.000431735762499635,1002676.55
2019-08-27,AAL,0.00043288032995895503,1005003.3
2019-08-28,AAL,0.000435070524461605,1014288.6
2019-08-29,AAL,0.00043703272947575,1026966.65
2019-08-30,AAL,0.00043480624535763507,1026892.9
2019-09-03,AAL,0.00043085818855819,1008802.7
2019-09-04,AAL,0.00042657604003142004,998630.9
2019-09-05,AAL,0.00042668713322021,996117.6
2019-09-06,AAL,0.00042240440871082,1004541.7
2019-09-09,AAL,0.00041962140159808504,1011777.65
2019-09-10,AAL,0.00041881790099862004,1034396.95
2019-09-11,AAL,0.00041981018258378496,1036868.85
2019-09-12,AAL,0.00041940903946915996,1039102.55
2019-09-13,AAL,0.00041703360632669006,1010954.0
2019-09-16,AAL,0.00040686518010324006,992203.8
2019-09-17,AAL,0.000418112464257325,1040528.1
2019-09-18,AAL,0.000430805234335085,1073346.95
2019-09-19,AAL,0.00042842373968132497,1046191.75
2019-09-20,AAL,0.000428770968080665,1046486.05
2019-09-23,AAL,0.00042884776020603993,1053445.5
2019-09-24,AAL,0.00041912319911208997,1025544.75
2019-09-25,AAL,0.00041813567711175006,1018304.5
2019-09-26,AAL,0.000419592909641315,1016225.55
2019-09-27,AAL,0.00041427526383400003,997314.65
2019-09-30,AAL,0.00041799893599817,982864.8
2019-10-01,AAL,0.0004183194889096901,988142.3
2019-10-02,AAL,0.000417092905925805,987730.8
2019-10-03,AAL,0.000423297839099625,1035243.75
2019-10-04,AAL,0.000429169609313955,1039201.75
2019-10-07,AAL,0.000431280276938625,1038670.6
2019-10-08,AAL,0.0004303775925278149,1021996.85
2019-10-09,AAL,0.00043345848371582505,1035285.35
2019-10-10,AAL,0.000430860884482365,1046433.9
2019-10-11,AAL,0.00043239483196937,1047574.65
2019-10-14,AAL,0.000439243871029635,1050704.5
2019-10-15,AAL,0.00042270290900789495,973618.95
2019-10-16,AAL,0.000410300523788365,919982.5
2019-10-17,AAL,0.00041203890268102003,939191.55
2019-10-18,AAL,0.000409546920652895,938646.45
2019-10-21,AAL,0.00040756240797635505,925573.7
2019-10-22,AAL,0.00040413497783019995,926678.6
2019-10-23,AAL,0.000401666115930425,935029.05
2019-10-24,AAL,0.000397064250533,924695.05
2019-10-25,AAL,0.00041390816962892505,974842.55
2019-10-28,AAL,0.000412168889097815,1017585.2
2019-10-29,AAL,0.00041299310452736,1032086.8
2019-10-30,AAL,0.00040979176207149,1023979.7
2019-10-31,AAL,0.00039839855879593,990856.05
2019-11-01,AAL,0.00038951425679378,984536.1
2019-11-04,AAL,0.00038510587240316,988426.55
2019-11-05,AAL,0.00038296584667212496,990045.75
2019-11-06,AAL,0.000374309752431025,967063.9
2019-11-07,AAL,0.00037069240430475997,940059.1
2019-11-08,AAL,0.00036177553558600003,939558.9
2019-11-11,AAL,0.00035805472317094496,921658.2
2019-11-12,AAL,0.00035940816478716,926545.8
2019-11-13,AAL,0.00035768509071119,936603.2
2019-11-14,AAL,0.000355340058030115,941975.85
2019-11-15,AAL,0.000353876680899425,935757.05
2019-11-18,AAL,0.00035194619433660996,932978.3
2019-11-19,AAL,0.00035441499221537003,931302.25
2019-11-20,AAL,0.00035109938085902504,919365.25
2019-11-21,AAL,0.000351454385085335,944446.1
2019-11-22,AAL,0.0003313678039558,895558.25
2019-11-25,AAL,0.00032278577238316,840649.25
2019-11-26,AAL,0.000318475722141035,819269.25
2019-11-27,AAL,0.00031549173921377,814206.05
2019-11-29,AAL,0.000311790931819555,780228.4
2019-12-02,AAL,0.000304059665026975,756794.6
2019-12-03,AAL,0.00030706262492916005,758037.35
2019-12-04,AAL,0.00030941803212788997,766981.3
2019-12-05,AAL,0.000310293209826945,760000.1
2019-12-06,AAL,0.000308382238073235,766945.1
2019-12-09,AAL,0.00030733678244168,760351.4
2019-12-10,AAL,0.00029921942012835,756191.5
2019-12-11,AAL,0.00029737793924881,789807.4
2019-12-12,AAL,0.00029392324394302997,774977.8
2019-12-13,AAL,0.00029623357196116503,798940.0
2019-12-16,AAL,0.00029963327216404,805853.7
2019-12-17,AAL,0.00029893145245060503,818999.15
2019-12-18,AAL,0.00029629391578135,822628.05
2019-12-19,AAL,0.000295013310045255,820064.2
2019-12-20,AAL,0.00028863924371601497,799999.1
2019-12-23,AAL,0.00028619817231504,822908.55
2019-12-24,AAL,0.00028553075909646,839095.4
2019-12-26,AAL,0.00028287326276073006,821333.25
2019-12-27,AAL,0.00028208820032178,818604.95
2019-01-31,AAP,0.00038999875638772504,172821.2
2019-02-01,AAP,0.0003848969688979,173842.6
2019-02-04,AAP,0.00037417424383053997,176902.45
2019-02-05,AAP,0.00036542201178887,168413.3
2019-02-06,AAP,0.000357396106947645,163310.25
2019-02-07,AAP,0.000351162997919445,161246.0
2019-02-08,AAP,0.00036744453941133003,170437.2
2019-02-11,AAP,0.00036445306291901997,168912.0
2019-02-12,AAP,0.00036167703781896,164794.8
2019-02-13,AAP,0.00035553255165374003,165487.3
2019-02-14,AAP,0.00035627815922942,163876.65
2019-02-15,AAP,0.000359343749858955,161972.0
2019-02-19,AAP,0.00035647963592784504,163657.1
2019-02-20,AAP,0.000373152116785955,172331.9
2019-02-21,AAP,0.00037929681681719,177258.55
2019-02-22,AAP,0.00038395399415089,181442.6
2019-02-25,AAP,0.00038147286115362497,177091.55
2019-02-26,AAP,0.00038052901954770997,176577.5
2019-02-27,AAP,0.000385968876215865,181090.45
2019-02-28,AAP,0.000383981858277245,178993.45
2019-03-01,AAP,0.00038765705253009997,179835.95
2019-03-04,AAP,0.00038689825923949,179416.0
2019-03-05,AAP,0.00038528921720064,172881.4
2019-03-06,AAP,0.000385565302473455,174400.15
2019-03-07,AAP,0.00038468196496727996,175624.15
2019-03-08,AAP,0.000387345058497245,175669.15
2019-03-11,AAP,0.00037890135777629,174274.9
2019-03-12,AAP,0.00037816361623917497,172458.9
2019-03-13,AAP,0.000380469239620835,172120.9
2019-03-14,AAP,0.00038198682427009495,167258.9
2019-03-15,AAP,0.000377354066304635,164148.9
2019-03-18,AAP,0.000374459539530145,167135.4
2019-03-19,AAP,0.00038157034987159,173224.1
2019-03-20,AAP,0.000358542453380415,164892.05
2019-03-21,AAP,0.000348927419841855,155988.65
2019-03-22,AAP,0.00034431313963292,151905.15
2019-03-25,AAP,0.000345913627512565,152727.45
2019-03-26,AAP,0.00034723585910322003,147663.05
2019-03-27,AAP,0.000337856973327445,142248.85
2019-03-28,AAP,0.00033695960422073503,140795.75
2019-03-29,AAP,0.00033365733290431,135787.1
2019-04-01,AAP,0.00032998919716461497,132470.05
2019-04-02,AAP,0.000331279655458115,130470.75
2019-04-03,AAP,0.00032894350964286496,129843.35
2019-04-04,AAP,0.00032751388126631,127617.8
2019-04-05,AAP,0.00032242040941328997,124709.05
2019-04-08,AAP,0.00032095899019757496,120226.9
2019-04-09,AAP,0.00032116137152075,119162.4
2019-04-10,AAP,0.00031551062735499,118329.75
2019-04-11,AAP,0.00031408083095490504,121216.3
2019-04-12,AAP,0.000315464353858015,121812.0
2019-04-15,AAP,0.000312335754745545,119852.4
2019-04-16,AAP,0.000302141860695065,110024.55
2019-04-17,AAP,0.00029592171788418,105299.75
2019-04-18,AAP,0.00029377632983094504,103344.1
2019-04-22,AAP,0.000292642138391075,101583.65
2019-04-23,AAP,0.00029200944620102,99570.3
2019-04-24,AAP,0.00028503604068674,102225.05
2019-04-25,AAP,0.000281701737571785,100156.75
2019-04-26,AAP,0.00028594779743829996,99712.85
2019-04-29,AAP,0.000285020927662225,99841.2
2019-04-30,AAP,0.000283939212960535,100117.8
2019-05-01,AAP,0.000281211483424875,102345.9
2019-05-02,AAP,0.000284775524636415,104091.3
2019-05-03,AAP,0.000284503533708955,105972.8
2019-05-06,AAP,0.00028685790024410003,106542.9
2019-05-07,AAP,0.000288793164955515,111745.4
2019-05-08,AAP,0.00029217960912575997,115955.45
2019-05-09,AAP,0.00029919084587543503,115682.95
2019-05-10,AAP,0.00029888679359889,114738.7
2019-05-13,AAP,0.000302176953137975,114754.2
2019-05-14,AAP,0.00030874848069237503,120132.6
2019-05-15,AAP,0.000314667702030295,123154.65
2019-05-16,AAP,0.000322060752368575,123949.6
2019-05-17,AAP,0.00032660826798193497,126411.65
2019-05-20,AAP,0.00032788527277818495,129417.75
2019-05-21,AAP,0.00032956366536959,134966.0
2019-05-22,AAP,0.00033715423412868995,137300.55
2019-05-23,AAP,0.000356509061854095,146332.1
2019-05-24,AAP,0.000357142784871195,158014.3
2019-05-28,AAP,0.00036308771737549,167163.55
2019-05-29,AAP,0.000365610885219565,169010.2
2019-05-30,AAP,0.000369896187689095,170850.0
2019-05-31,AAP,0.00037409518958926504,171036.1
2019-06-03,AAP,0.00037641013089504,169329.3
2019-06-04,AAP,0.00038568559572825,172149.1
2019-06-05,AAP,0.00038603532230901,168386.65
2019-06-06,AAP,0.000383468327606005,165962.4
2019-06-07,AAP,0.00038038472640126997,167231.95
2019-06-10,AAP,0.000378271936671845,165056.05
2019-06-11,AAP,0.00037682619867202,167329.95
2019-06-12,AAP,0.000374923786121935,162692.85
2019-06-13,AAP,0.000372883115679805,159494.5
2019-06-14,AAP,0.00036717189592085,159591.5
2019-06-17,AAP,0.00036205751782599003,157535.45
2019-06-18,AAP,0.00035997166688824,154281.7
2019-06-19,AAP,0.00035448519477392006,151685.25
2019-06-20,AAP,0.00035122779751638503,149266.55
2019-06-21,AAP,0.00033302467248928996,141726.2
2019-06-24,AAP,0.0003230257241939,129343.6
2019-06-25,AAP,0.00031313045808648,123161.6
2019-06-26,AAP,0.00031032062140857997,124202.35
2019-06-27,AAP,0.00030918603417791004,122419.6
2019-06-28,AAP,0.000303274891246575,120984.15
2019-07-01,AAP,0.00030053947166688497,120549.25
2019-07-02,AAP,0.00029185088031347497,119689.15
2019-07-03,AAP,0.00029018998386796,123452.65
2019-07-05,AAP,0.000285407681311,122167.2
2019-07-08,AAP,0.00028134437031114497,120945.1
2019-07-09,AAP,0.000283275662302495,126723.05
2019-07-10,AAP,0.000279486516137265,128774.65
2019-07-11,AAP,0.00027336811239016994,127710.3
2019-07-12,AAP,0.00026754904246967,128066.35
2019-07-15,AAP,0.00026910221678107997,128527.25
2019-07-16,AAP,0.000267132051170495,127161.2
2019-07-17,AAP,0.00026569875334094,128236.95
2019-07-18,AAP,0.00026554805137337506,127882.3
2019-07-19,AAP,0.00026558656849576,128792.1
2019-07-22,AAP,0.00026415551978545,128053.3
2019-07-23,AAP,0.00026558724724203497,129524.55
2019-07-24,AAP,0.00026852700005112,128771.2
2019-07-25,AAP,0.000268847868040355,126238.1
2019-07-26,AAP,0.000269506244385515,129872.15
2019-07-29,AAP,0.000268499539517695,130581.75
2019-07-30,AAP,0.000269127652155425,135120.85
2019-07-31,AAP,0.00027167464141116004,133235.9
2019-08-01,AAP,0.000275256022526075,132490.2
2019-08-02,AAP,0.00028477024862819,136282.1
2019-08-05,AAP,0.00029487749653012,139706.35
2019-08-06,AAP,0.00030275601418159497,140593.35
2019-08-07,AAP,0.000308628630573595,141768.75
2019-08-08,AAP,0.000316733772846435,150426.45
2019-08-09,AAP,0.00032485525410619,154933.1
2019-08-12,AAP,0.00033154860667399,161508.7
2019-08-13,AAP,0.00033679994269626,171161.95
2019-08-14,AAP,0.000379914845652885,195608.5
2019-08-15,AAP,0.000389735651637385,208210.1
2019-08-16,AAP,0.00039464535305666,219747.05
2019-08-19,AAP,0.00039895250118996003,224343.65
2019-08-20,AAP,0.000401802392808255,226491.95
2019-08-21,AAP,0.00040020942240133006,231893.0
2019-08-22,AAP,0.00040168618021329,241360.2
2019-08-23,AAP,0.00039914729814318,244400.0
2019-08-26,AAP,0.00040480004044761994,251953.7
2019-08-27,AAP,0.00040727306802132,248748.45
2019-08-28,AAP,0.00040589937689313496,248725.3
2019-08-29,AAP,0.00040576786995885004,250405.65
2019-08-30,AAP,0.00040401181029724496,248168.75
2019-09-03,AAP,0.00039765244503977496,244605.75
2019-09-04,AAP,0.00039371739666667,241117.9
2019-09-05,AAP,0.000395122870673885,239980.65
2019-09-06,AAP,0.00038893703420292,230832.95
2019-09-09,AAP,0.00038180025976141,225763.55
2019-09-10,AAP,0.00037670265648911,219116.25
2019-09-11,AAP,0.00038035780794063497,216444.3
2019-09-12,AAP,0.000343434339891225,193179.15
2019-09-13,AAP,0.000338998153589995,179531.2
2019-09-16,AAP,0.00033572809077698,166671.6
2019-09-17,AAP,0.00033267132590910004,163170.75
2019-09-18,AAP,0.00033831877675274003,159919.4
2019-09-19,AAP,0.00033588976578412505,151530.45
2019-09-20,AAP,0.000334405802818265,140367.55
2019-09-23,AAP,0.00033223414028248,131140.6
2019-09-24,AAP,0.00032948245024242497,124185.4
2019-09-25,AAP,0.00033328369244827003,126651.65
2019-09-26,AAP,0.000332146382334705,126309.6
2019-09-27,AAP,0.000332012700788175,120208.7
2019-09-30,AAP,0.000327258799222285,119394.15
2019-10-01,AAP,0.00032717478886634,121700.9
2019-10-02,AAP,0.00032653707804674,120406.15
2019-10-03,AAP,0.000324353138109625,118006.2
2019-10-04,AAP,0.000330348221226645,118365.15
2019-10-07,AAP,0.00033468367176844004,120224.4
2019-10-08,AAP,0.000333139902086045,122721.2
2019-10-09,AAP,0.000330891349109555,118593.5
2019-10-10,AAP,0.00032414884104623495,116355.5
2019-10-11,AAP,0.000324683247323095,113926.75
2019-10-14,AAP,0.000324265269194925,111698.6
2019-10-15,AAP,0.000325888201753855,108174.65
2019-10-16,AAP,0.000318058599450355,107170.9
2019-10-17,AAP,0.00032371290049393,110873.1
2019-10-18,AAP,0.000326383239350415,112654.0
2019-10-21,AAP,0.00032849841341341996,112863.45
2019-10-22,AAP,0.00032789475552625,109526.4
2019-10-23,AAP,0.00032232799740998004,103192.7
2019-10-24,AAP,0.000320052917151275,103943.05
2019-10-25,AAP,0.00032740591537325496,106934.45
2019-10-28,AAP,0.00032799918208886497,105512.45
2019-10-29,AAP,0.00033621354419517,104158.8
2019-10-30,AAP,0.00033807752333965,103111.5
2019-10-31,AAP,0.00033809088305136503,100373.35
2019-11-01,AAP,0.000331946635281485,101233.1
2019-11-04,AAP,0.00033231222996461,99106.25
2019-11-05,AAP,0.00033130197895858996,96754.1
2019-11-06,AAP,0.00033494319543928496,100954.95
2019-11-07,AAP,0.00034253828678866,102444.4
2019-11-08,AAP,0.0003427477692437,102265.9
2019-11-11,AAP,0.00034587902349361005,103827.05
2019-11-12,AAP,0.00035253838429219,110769.6
2019-11-13,AAP,0.000377530019677655,122915.6
2019-11-14,AAP,0.00037970604157629,125384.2
2019-11-15,AAP,0.000381474761597215,124100.35
2019-11-18,AAP,0.000384956153605175,126419.95
2019-11-19,AAP,0.000385565996476875,128437.8
2019-11-20,AAP,0.00038550827421026995,129337.95
2019-11-21,AAP,0.00038738182231941,128221.3
2019-11-22,AAP,0.00037741150763915003,125640.35
2019-11-25,AAP,0.00037970551344451004,126927.8
2019-11-26,AAP,0.0003696962114262,125641.65
2019-11-27,AAP,0.00036758036809771,125171.35
2019-11-29,AAP,0.000363170320315775,125433.2
2019-12-02,AAP,0.000360576045390595,121177.15
2019-12-03,AAP,0.000362668560451925,119955.75
2019-12-04,AAP,0.000363646311049255,119418.2
2019-12-05,AAP,0.00035734083064323,115889.7
2019-12-06,AAP,0.00035107429989449004,116230.2
2019-12-09,AAP,0.00034610001551602,117689.5
2019-12-10,AAP,0.00033978472238398996,116904.3
2019-12-11,AAP,0.00033469516927041494,114015.3
2019-12-12,AAP,0.00030989949782957,101443.25
2019-12-13,AAP,0.000305739367894325,96253.2
2019-12-16,AAP,0.0003023077792715,94967.0
2019-12-17,AAP,0.000293687222993435,90638.7
2019-12-18,AAP,0.00029279935430324,89594.65
2019-12-19,AAP,0.00029321467574171,88793.95
2019-12-20,AAP,0.000290942434499205,87001.3
2019-12-23,AAP,0.000287996764406125,86277.05
2019-12-24,AAP,0.00028514668037558997,85057.25
2019-12-26,AAP,0.000284756349303105,83123.8
2019-12-27,AAP,0.00027845698444974,80588.2
2019-01-31,AAPL,0.000289149558829695,2995469.3
2019-02-01,AAPL,0.000284209781153065,2983130.0
2019-02-04,AAPL,0.000272245618040745,2738393.1
2019-02-05,AAPL,0.00026611281196604,2610866.75
2019-02-06,AAPL,0.000257754584621535,2490495.55
2019-02-07,AAPL,0.000253755740866745,2443260.55
2019-02-08,AAPL,0.00025965942572272,2544921.05
2019-02-11,AAPL,0.00025602373726689,2507175.1
2019-02-12,AAPL,0.000255063529155085,2473292.4
2019-02-13,AAPL,0.000251384342934935,2416165.95
2019-02-14,AAPL,0.000248550899561395,2388506.25
2019-02-15,AAPL,0.000247958228944275,2360121.15
2019-02-19,AAPL,0.00024271389921411002,2335847.15
2019-02-20,AAPL,0.00023818563203971004,2299988.9
2019-02-21,AAPL,0.000234932919667035,2278966.2
2019-02-22,AAPL,0.00023186334249143502,2252188.95
2019-02-25,AAPL,0.000227411549150995,2226533.1
2019-02-26,AAPL,0.00022604465446781,2193097.75
2019-02-27,AAPL,0.00022190041690979502,2158420.15
2019-02-28,AAPL,0.00021761294939109003,2098177.4
2019-03-01,AAPL,0.00020879354760984,1956886.25
2019-03-04,AAPL,0.000204547635438145,1955838.75
2019-03-05,AAPL,0.00020291901436172503,1960266.4
2019-03-06,AAPL,0.00020023640130064502,1930084.3
2019-03-07,AAPL,0.00019808280870492503,1875820.1
2019-03-08,AAPL,0.00019836031151229,1872211.2
2019-03-11,AAPL,0.00019622931439251,1828706.25
2019-03-12,AAPL,0.00019331077092593,1887423.2
2019-03-13,AAPL,0.000192770774469525,1914478.25
2019-03-14,AAPL,0.00019430468967768499,1928044.65
2019-03-15,AAPL,0.00019277885281702,1922751.25
2019-03-18,AAPL,0.00019025465412594002,1964404.15
2019-03-19,AAPL,0.000189316231707505,1968925.2
2019-03-20,AAPL,0.000191497364516545,1999677.75
2019-03-21,AAPL,0.00019242022167381,1991111.1
2019-03-22,AAPL,0.00019409266843325,2100619.8
2019-03-25,AAPL,0.00020222979372972998,2161223.95
2019-03-26,AAPL,0.00021171350128134002,2207860.1
2019-03-27,AAPL,0.00022002217973201999,2282343.1
2019-03-28,AAPL,0.000226482981017185,2312532.3
2019-03-29,AAPL,0.00022962155277704002,2300958.55
2019-04-01,AAPL,0.00023162487831089002,2276417.4
2019-04-02,AAPL,0.000231570327975095,2271244.4
2019-04-03,AAPL,0.00023244438146562,2293640.15
2019-04-04,AAPL,0.00023361118867204996,2315415.6
2019-04-05,AAPL,0.000231040428078355,2309738.3
2019-04-08,AAPL,0.000228108089657365,2302217.45
2019-04-09,AAPL,0.000229021750806575,2291570.1
2019-04-10,AAPL,0.00023014353285496998,2301665.7
2019-04-11,AAPL,0.00023032043366319498,2288861.5
2019-04-12,AAPL,0.000231813861875095,2270419.65
2019-04-15,AAPL,0.00023280611718386502,2257660.3
2019-04-16,AAPL,0.00023197292773407497,2219321.2
2019-04-17,AAPL,0.00023073068891237003,2222955.9
2019-04-18,AAPL,0.00022995234537094501,2237463.1
2019-04-22,AAPL,0.00022727304750286,2137615.4
2019-04-23,AAPL,0.00021969386677257,2050467.8
2019-04-24,AAPL,0.00020859924452800498,2004112.6
2019-04-25,AAPL,0.000199257984209215,1919710.0
2019-04-26,AAPL,0.000193003563630635,1899737.7
2019-04-29,AAPL,0.00019258066743948002,1895547.75
2019-04-30,AAPL,0.00019065176041926,1897414.1
2019-05-01,AAPL,0.000192640076499765,1934712.35
2019-05-02,AAPL,0.000198865157106795,2101208.5
2019-05-03,AAPL,0.000201990440543055,2125949.6
2019-05-06,AAPL,0.000201030558494295,2125300.1
2019-05-07,AAPL,0.00020555710360411502,2172095.25
2019-05-08,AAPL,0.00021223004800792,2215340.5
2019-05-09,AAPL,0.0002159237298098,2186936.35
2019-05-10,AAPL,0.00022573004289784,2255693.5
2019-05-13,AAPL,0.00023546130464414502,2357043.7
2019-05-14,AAPL,0.000248943120281105,2451765.15
2019-05-15,AAPL,0.000255547450462125,2535922.95
2019-05-16,AAPL,0.000259668029506215,2535565.9
2019-05-17,AAPL,0.00026094479063043004,2547886.3
2019-05-20,AAPL,0.00026796055315621,2594490.7
2019-05-21,AAPL,0.00027825700210313496,2663351.2
2019-05-22,AAPL,0.00028200490407411996,2675578.0
2019-05-23,AAPL,0.000287523804764495,2718403.45
2019-05-24,AAPL,0.00029378647319575,2781245.85
2019-05-28,AAPL,0.00029384248682927004,2806656.0
2019-05-29,AAPL,0.00029915990460420503,2842608.95
2019-05-30,AAPL,0.000299693098385705,2810570.1
2019-05-31,AAPL,0.00029543475164724,2651001.3
2019-06-03,AAPL,0.00029462483114654,2636863.6
2019-06-04,AAPL,0.000313903399620525,2712383.1
2019-06-05,AAPL,0.00031485917371965,2711462.25
2019-06-06,AAPL,0.00031374926272627,2646938.3
2019-06-07,AAPL,0.00031147761291468,2634960.95
2019-06-10,AAPL,0.000304847758459325,2594074.0
2019-06-11,AAPL,0.000298371293690295,2527231.55
2019-06-12,AAPL,0.00028816467613838,2411011.05
2019-06-13,AAPL,0.00028370221941676,2337794.5
2019-06-14,AAPL,0.000281550752766515,2324538.25
2019-06-17,AAPL,0.000279718625916875,2272895.45
2019-06-18,AAPL,0.000273645696249025,2222119.25
2019-06-19,AAPL,0.00026818708047497003,2224962.65
2019-06-20,AAPL,0.00027034932102319503,2205486.6
2019-06-21,AAPL,0.00026740483426767497,2183671.95
2019-06-24,AAPL,0.000261347011562265,2148191.2
2019-06-25,AAPL,0.000258538046670535,2125576.9
2019-06-26,AAPL,0.00025586722723868496,2098266.85
2019-06-27,AAPL,0.00025155809374374,2092980.65
2019-06-28,AAPL,0.00024814275065568,2071000.55
2019-07-01,AAPL,0.00024416153949916,2080011.2
2019-07-02,AAPL,0.00022707430869715,2030427.45
2019-07-03,AAPL,0.00022165460472746502,1992905.9
2019-07-05,AAPL,0.000211755899036045,1931500.55
2019-07-08,AAPL,0.00020745125082014996,1941851.05
2019-07-09,AAPL,0.00020354429932651998,1914607.3
2019-07-10,AAPL,0.00019877482263129,1909905.35
2019-07-11,AAPL,0.00019458394203342497,1876006.8
2019-07-12,AAPL,0.000192492398256625,1890875.2
2019-07-15,AAPL,0.00018822726861368,1850955.55
2019-07-16,AAPL,0.000184933076092975,1872617.65
2019-07-17,AAPL,0.00018347287966916,1848245.3
2019-07-18,AAPL,0.00017840780425851,1793809.05
2019-07-19,AAPL,0.00017265032882039002,1751812.95
2019-07-22,AAPL,0.00017187707849489499,1751933.5
2019-07-23,AAPL,0.00016978126764429,1728177.1
2019-07-24,AAPL,0.00016922492976879501,1745316.3
2019-07-25,AAPL,0.00016514321452922,1701589.75
2019-07-26,AAPL,0.00016454648070433501,1679517.05
2019-07-29,AAPL,0.000165624986806235,1668966.45
2019-07-30,AAPL,0.00016496567333384998,1671821.3
2019-07-31,AAPL,0.000163251428895165,1653951.7
2019-08-01,AAPL,0.000175958317849315,1844142.5
2019-08-02,AAPL,0.000193629780046375,1977894.7
2019-08-05,AAPL,0.00020460960640110497,2018854.95
2019-08-06,AAPL,0.00021530102882408,2086413.75
2019-08-07,AAPL,0.00022454067059570498,2118155.55
2019-08-08,AAPL,0.00023427606529033,2165282.0
2019-08-09,AAPL,0.00023782625030228504,2200641.6
2019-08-12,AAPL,0.000244678131856155,2229930.2
2019-08-13,AAPL,0.00025129994641359,2244831.5
2019-08-14,AAPL,0.000265846773896655,2364248.9
2019-08-15,AAPL,0.000277148552037195,2437488.65
2019-08-16,AAPL,0.000287284028290505,2465060.75
2019-08-19,AAPL,0.000289544975394395,2496039.15
2019-08-20,AAPL,0.000291062087303645,2490203.85
2019-08-21,AAPL,0.000294096356243375,2508425.15
2019-08-22,AAPL,0.000294911149586095,2519313.05
2019-08-23,AAPL,0.0002972187690934,2550495.45
2019-08-26,AAPL,0.000309593424213525,2621634.2
2019-08-27,AAPL,0.00031397075829405505,2618794.7
2019-08-28,AAPL,0.000317539950044635,2612768.75
2019-08-29,AAPL,0.00030737417072058997,2428984.6
2019-08-30,AAPL,0.000293379139845795,2330543.0
2019-09-03,AAPL,0.00028498406599946,2278508.9
2019-09-04,AAPL,0.00027651031382278497,2197381.9
2019-09-05,AAPL,0.000266835873612365,2144787.05
2019-09-06,AAPL,0.000256172968082175,2138221.0
2019-09-09,AAPL,0.00025275288117322496,2096910.8
2019-09-10,AAPL,0.000247377438603585,2109836.55
2019-09-11,AAPL,0.00024750508405708,2127441.8
2019-09-12,AAPL,0.000235780035072895,2145218.3
2019-09-13,AAPL,0.00023073601484658001,2117144.9
2019-09-16,AAPL,0.00022496180537556502,2161885.85
2019-09-17,AAPL,0.000222961237464435,2132727.8
2019-09-18,AAPL,0.00022178904231333002,2120768.5
2019-09-19,AAPL,0.000220619887669295,2085576.65
2019-09-20,AAPL,0.00022187545112362003,2114943.3
2019-09-23,AAPL,0.00022304095615901503,2124574.8
2019-09-24,AAPL,0.000210650348213185,2053041.3
2019-09-25,AAPL,0.00021396129506776997,2062225.35
2019-09-26,AAPL,0.00021314598239142497,2055986.85
2019-09-27,AAPL,0.00021274871765509002,2053239.25
2019-09-30,AAPL,0.00021799607858358,2070129.1
2019-10-01,AAPL,0.00021620157917897497,2093458.0
2019-10-02,AAPL,0.00021813080523246502,2132593.65
2019-10-03,AAPL,0.00022378822386118002,2164357.5
2019-10-04,AAPL,0.00023264985024628996,2166472.45
2019-10-07,AAPL,0.00023478902024905997,2209691.85
2019-10-08,AAPL,0.00023680878028859998,2225281.65
2019-10-09,AAPL,0.00023938185074192002,2200409.8
2019-10-10,AAPL,0.000238434186999125,2082047.05
2019-10-11,AAPL,0.00023486855882847002,2076635.15
2019-10-14,AAPL,0.00023453313450816997,2089846.0
2019-10-15,AAPL,0.000233466543590365,2081616.7
2019-10-16,AAPL,0.00023369796959486498,2085166.4
2019-10-17,AAPL,0.000231557338110945,2078360.0
2019-10-18,AAPL,0.00023029130437372496,2036474.3
2019-10-21,AAPL,0.00022568813389468997,2001709.55
2019-10-22,AAPL,0.00022356743992304,2017685.75
2019-10-23,AAPL,0.00021623328834316502,1976146.25
2019-10-24,AAPL,0.00021246638832867,1956467.1
2019-10-25,AAPL,0.00021004549395545001,1945198.75
2019-10-28,AAPL,0.00020268555532300002,1913871.55
2019-10-29,AAPL,0.00020013087504174498,1894665.05
2019-10-30,AAPL,0.000198281032206755,1892789.15
2019-10-31,AAPL,0.00019533318030797,1878727.65
2019-11-01,AAPL,0.00019390475176799497,1891451.95
2019-11-04,AAPL,0.00019277266018905497,1922018.45
2019-11-05,AAPL,0.000190862121086375,1897816.55
2019-11-06,AAPL,0.00018143714218903502,1879796.9
2019-11-07,AAPL,0.000178948874104985,1880307.0
2019-11-08,AAPL,0.000175290039006115,1868406.75
2019-11-11,AAPL,0.00016973093600505497,1794756.7
2019-11-12,AAPL,0.000167651675206135,1795573.15
2019-11-13,AAPL,0.00016715745790684,1803415.9
2019-11-14,AAPL,0.0001680855999341,1844433.65
2019-11-15,AAPL,0.000169397041139065,1882484.75
2019-11-18,AAPL,0.00016795298385719498,1905447.45
2019-11-19,AAPL,0.00016847000279738,1889988.05
2019-11-20,AAPL,0.000168068521953215,1890973.55
2019-11-21,AAPL,0.000171548455465005,1925286.95
2019-11-22,AAPL,0.00017253581327964,1937849.1
2019-11-25,AAPL,0.000173470833080045,1945900.9
2019-11-26,AAPL,0.0001722741254178,1932053.35
2019-11-27,AAPL,0.000168509265275255,1890802.1
2019-11-29,AAPL,0.00016390123142470502,1852597.5
2019-12-02,AAPL,0.00015384122819382502,1780920.8
2019-12-03,AAPL,0.00015600136524453501,1706230.2
2019-12-04,AAPL,0.000158894973407905,1695642.65
2019-12-05,AAPL,0.000159340226253205,1687134.1
2019-12-06,AAPL,0.000159674758663415,1672827.75
2019-12-09,AAPL,0.00015853131455369,1673390.45
2019-12-10,AAPL,0.00016110857966111,1780257.05
2019-12-11,AAPL,0.000164373583659825,1794127.5
2019-12-12,AAPL,0.000164177111934115,1784560.65
2019-12-13,AAPL,0.000169886542154525,1798669.3
2019-12-16,AAPL,0.00017197935065087,1820252.75
2019-12-17,AAPL,0.00017244226435859502,1812714.7
2019-12-18,AAPL,0.00017286486453378002,1845958.3
2019-12-19,AAPL,0.000171229228431175,1864675.9
2019-12-20,AAPL,0.00016621496483757,1839856.8
2019-12-23,AAPL,0.00016454064108087498,1871322.8
2019-12-24,AAPL,0.00016264392973939,1866089.05
2019-12-26,AAPL,0.00016240729123115,1829358.75
2019-12-27,AAPL,0.000160140193009255,1831055.2
2019-01-31,ABBV,0.00034699904920033767,475852.4
2019-02-01,ABBV,0.00033446281717618766,476058.0
2019-02-04,ABBV,0.00032693512478896767,473531.0
2019-02-05,ABBV,0.0003154512688756577,488085.75
2019-02-06,ABBV,0.0003120024487781027,491648.45
2019-02-07,ABBV,0.0003061941354915977,481794.3
2019-02-08,ABBV,0.00031466590327026,504970.8
2019-02-11,ABBV,0.000310968355716355,502178.8
2019-02-12,ABBV,0.00030718532204180996,499531.5
2019-02-13,ABBV,0.000306013350345285,500210.6
2019-02-14,ABBV,0.00030157729034514504,489732.85
2019-02-15,ABBV,0.00029862971236517,485764.3
2019-02-19,ABBV,0.000296656289120405,485901.15
2019-02-20,ABBV,0.000293739534183845,484782.45
2019-02-21,ABBV,0.00028824914960648006,483539.05
2019-02-22,ABBV,0.00028593292234787004,491159.25
2019-02-25,ABBV,0.00028415280358811,483331.85
2019-02-26,ABBV,0.00025713824497721,466817.4
2019-02-27,ABBV,0.000248060503154495,443855.8
2019-02-28,ABBV,0.000242537845366685,411267.8
2019-03-01,ABBV,0.000238928088206495,402854.25
2019-03-04,ABBV,0.00023914122994292002,404873.15
2019-03-05,ABBV,0.00023346243494557,401993.05
2019-03-06,ABBV,0.00023232007042499496,378465.55
2019-03-07,ABBV,0.000230848093540855,375869.25
2019-03-08,ABBV,0.00023241912775841,388685.7
2019-03-11,ABBV,0.000232088670489015,381781.0
2019-03-12,ABBV,0.00022995302701227498,389302.4
2019-03-13,ABBV,0.000230846207596905,397059.5
2019-03-14,ABBV,0.00022801399343960502,404253.9
2019-03-15,ABBV,0.00022867328318867497,416734.2
2019-03-18,ABBV,0.00022878262195821,431435.05
2019-03-19,ABBV,0.00022735779389004,432390.2
2019-03-20,ABBV,0.00022883681524745004,431305.7
2019-03-21,ABBV,0.000230002399684995,428032.3
2019-03-22,ABBV,0.000230271104552115,423647.2
2019-03-25,ABBV,0.00023020199091922498,426265.0
2019-03-26,ABBV,0.00023322582368366,422011.5
2019-03-27,ABBV,0.000235556945226405,421962.15
2019-03-28,ABBV,0.00023700153743121997,422403.6
2019-03-29,ABBV,0.00023806864296108,409664.45
2019-04-01,ABBV,0.00023797690249244,401269.2
2019-04-02,ABBV,0.000239702034464685,392989.65
2019-04-03,ABBV,0.00023984485255963505,395829.65
2019-04-04,ABBV,0.00024080622006545502,398095.35
2019-04-05,ABBV,0.000238486856486235,388940.35
2019-04-08,ABBV,0.000235218602297615,386569.05
2019-04-09,ABBV,0.00023570676699720001,372435.95
2019-04-10,ABBV,0.00023544104409457502,362932.85
2019-04-11,ABBV,0.00023439368397461499,346775.45
2019-04-12,ABBV,0.00023578636604006505,340993.6
2019-04-15,ABBV,0.00023813539581914498,326966.1
2019-04-16,ABBV,0.00023696062401049002,317004.45
2019-04-17,ABBV,0.00023327730992546997,315359.45
2019-04-18,ABBV,0.00023714860025623002,321823.5
2019-04-22,ABBV,0.000240711062167685,324310.0
2019-04-23,ABBV,0.00023779679039360001,321719.5
2019-04-24,ABBV,0.00023707152645880002,337075.05
2019-04-25,ABBV,0.00024026108658559497,341087.6
2019-04-26,ABBV,0.00025430926717277,356960.85
2019-04-29,ABBV,0.00025735441047394,367071.95
2019-04-30,ABBV,0.00025647051085081,374309.45
2019-05-01,ABBV,0.00025709210820177,379129.75
2019-05-02,ABBV,0.000256673115334045,373902.8
2019-05-03,ABBV,0.00025699534188738997,368439.75
2019-05-06,ABBV,0.000257706461247585,367563.9
2019-05-07,ABBV,0.00026010951271237496,369766.8
2019-05-08,ABBV,0.000264231214200815,376137.15
2019-05-09,ABBV,0.000269396744560255,382995.6
2019-05-10,ABBV,0.000275864717720655,388925.2
2019-05-13,ABBV,0.00027882297273468,387038.05
2019-05-14,ABBV,0.000278587247716155,385957.95
2019-05-15,ABBV,0.00028503038323105,397511.1
2019-05-16,ABBV,0.000289224872665655,400938.55
2019-05-17,ABBV,0.00028696586919914997,398788.25
2019-05-20,ABBV,0.000286960806856625,390013.2
2019-05-21,ABBV,0.00029003616271863997,389682.2
2019-05-22,ABBV,0.00028816386058633,374751.5
2019-05-23,ABBV,0.00028607989204319496,368935.35
2019-05-24,ABBV,0.00027483603354898497,349787.1
2019-05-28,ABBV,0.000271537050216475,340894.7
2019-05-29,ABBV,0.00027454460721438,332148.15
2019-05-30,ABBV,0.00027769946316727,332067.4
2019-05-31,ABBV,0.000278122051912785,332589.1
2019-06-03,ABBV,0.00028098982446327005,329641.6
2019-06-04,ABBV,0.00029385536002386,340686.05
2019-06-05,ABBV,0.000301367496209895,343800.55
2019-06-06,ABBV,0.00030051518466507496,339087.9
2019-06-07,ABBV,0.00029774616270469,333733.7
2019-06-10,ABBV,0.00029713163134182,330688.9
2019-06-11,ABBV,0.000294739158354635,324939.25
2019-06-12,ABBV,0.00029296247170757,328853.8
2019-06-13,ABBV,0.00028749797768449,321423.25
2019-06-14,ABBV,0.000284135865448095,316635.9
2019-06-17,ABBV,0.000282745759936475,317220.9
2019-06-18,ABBV,0.000277418952914035,314143.5
2019-06-19,ABBV,0.0002773618433873,317310.2
2019-06-20,ABBV,0.000278761267540855,320743.75
2019-06-21,ABBV,0.00027724320210665003,322267.1
2019-06-24,ABBV,0.000275064393875555,327255.95
2019-06-25,ABBV,0.00027524964862339,327921.45
2019-06-26,ABBV,0.00028973316577501,495315.9
2019-06-27,ABBV,0.00029483263413337496,554710.15
2019-06-28,ABBV,0.00030409781047105,592883.0
2019-07-01,ABBV,0.000310960351870395,625865.85
2019-07-02,ABBV,0.000303980314003755,640868.9
2019-07-03,ABBV,0.00030171137466415997,654563.65
2019-07-05,ABBV,0.000300952485183635,662051.4
2019-07-08,ABBV,0.00030364094491695,679751.15
2019-07-09,ABBV,0.000306650570990605,707604.5
2019-07-10,ABBV,0.00031122572011827506,726539.1
2019-07-11,ABBV,0.000310875873648425,734838.5
2019-07-12,ABBV,0.00031822325746220495,761161.75
2019-07-15,ABBV,0.0003244007025861,784997.95
2019-07-16,ABBV,0.00032689197198583996,792245.25
2019-07-17,ABBV,0.0003326180362987,815891.25
2019-07-18,ABBV,0.000331697589110295,824584.4
2019-07-19,ABBV,0.00033251751185786,832351.85
2019-07-22,ABBV,0.000333878245662315,842514.75
2019-07-23,ABBV,0.000332397036886055,847205.95
2019-07-24,ABBV,0.00033115596356271505,857869.0
2019-07-25,ABBV,0.00031781011499868,705978.4
2019-07-26,ABBV,0.00031174288180128504,672594.55
2019-07-29,ABBV,0.000312422617504615,647471.15
2019-07-30,ABBV,0.00030572524692431,627247.4
2019-07-31,ABBV,0.00030420183487044506,610238.45
2019-08-01,ABBV,0.00030327271016352,603309.1
2019-08-02,ABBV,0.000307180866570755,619354.8
2019-08-05,ABBV,0.00030750825762423494,614919.8
2019-08-06,ABBV,0.000306874635203255,610728.85
2019-08-07,ABBV,0.000307168582085695,617037.7
2019-08-08,ABBV,0.0003120104218,626525.1
2019-08-09,ABBV,0.00030655872757426,611215.55
2019-08-12,ABBV,0.00031205459515486,606521.65
2019-08-13,ABBV,0.00031194732598197,601662.25
2019-08-14,ABBV,0.00031222597320770004,591874.05
2019-08-15,ABBV,0.00031723562852697506,590504.35
2019-08-16,ABBV,0.000322870831367285,588872.4
2019-08-19,ABBV,0.00032743686626505,588188.8
2019-08-20,ABBV,0.000327322845815435,599020.55
2019-08-21,ABBV,0.00033142306977029,612938.25
2019-08-22,ABBV,0.00033013911017948,604108.5
2019-08-23,ABBV,0.00033028327761976497,581071.85
2019-08-26,ABBV,0.000326376328329225,579643.15
2019-08-27,ABBV,0.00032661255883544,568192.9
2019-08-28,ABBV,0.00032755912085980496,568336.8
2019-08-29,ABBV,0.000325888412140615,569593.8
2019-08-30,ABBV,0.00032245403524863004,560048.25
2019-09-03,ABBV,0.00031877275987329,558736.2
2019-09-04,ABBV,0.000317593716401005,553904.25
2019-09-05,ABBV,0.000315215146949725,543883.05
2019-09-06,ABBV,0.00030913685359832,535959.0
2019-09-09,ABBV,0.00030688152069446503,542775.85
2019-09-10,ABBV,0.00029753543233467,545603.8
2019-09-11,ABBV,0.0002985438756441,561640.55
2019-09-12,ABBV,0.000294872174329955,562482.6
2019-09-13,ABBV,0.00029179906988152,567466.0
2019-09-16,ABBV,0.00028352976499509497,565899.5
2019-09-17,ABBV,0.00027904675528254996,565532.7
2019-09-18,ABBV,0.00027927091296352,561011.6
2019-09-19,ABBV,0.00027409189423178,538120.05
2019-09-20,ABBV,0.00027051748137590004,533533.75
2019-09-23,ABBV,0.00026846349001119496,550455.0
2019-09-24,ABBV,0.000262824807694305,544073.65
2019-09-25,ABBV,0.00026203829718965,554382.45
2019-09-26,ABBV,0.000257263957150535,552782.7
2019-09-27,ABBV,0.00025788971726386004,560867.4
2019-09-30,ABBV,0.00025862504352358,555572.8
2019-10-01,ABBV,0.00025824368951749,555454.65
2019-10-02,ABBV,0.00025871050693389004,558867.7
2019-10-03,ABBV,0.00025749312563564503,557950.35
2019-10-04,ABBV,0.00026144881292124,550035.5
2019-10-07,ABBV,0.000262539797271335,535782.85
2019-10-08,ABBV,0.00026247522598327,515397.7
2019-10-09,ABBV,0.00026150747271855496,501707.95
2019-10-10,ABBV,0.000260645559367725,491909.6
2019-10-11,ABBV,0.000257708675561315,479817.3
2019-10-14,ABBV,0.000259378781857245,478520.2
2019-10-15,ABBV,0.00025789579385628004,470600.3
2019-10-16,ABBV,0.000257145450758485,458764.95
2019-10-17,ABBV,0.00026004129376835,459101.65
2019-10-18,ABBV,0.0002611327186763,465399.5
2019-10-21,ABBV,0.00026211095508092003,456523.5
2019-10-22,ABBV,0.00026158040309015004,459110.9
2019-10-23,ABBV,0.00025915708152238497,452126.95
2019-10-24,ABBV,0.000258868049074585,452438.2
2019-10-25,ABBV,0.00025488822375588,434037.85
2019-10-28,ABBV,0.00025265081275899497,427585.9
2019-10-29,ABBV,0.00025161469646457996,418102.6
2019-10-30,ABBV,0.00024692138954446,399416.6
2019-10-31,ABBV,0.00024786334961789493,393918.95
2019-11-01,ABBV,0.00024592178281522,397251.65
2019-11-04,ABBV,0.00025428653752891,414078.25
2019-11-05,ABBV,0.000253974061965805,427404.0
2019-11-06,ABBV,0.00025160240445379003,430130.1
2019-11-07,ABBV,0.00025551048362988497,441975.6
2019-11-08,ABBV,0.00025475187122208,439838.9
2019-11-11,ABBV,0.000257988242171475,449647.75
2019-11-12,ABBV,0.00026030006286671,457315.0
2019-11-13,ABBV,0.00026294670048208,473913.25
2019-11-14,ABBV,0.00026520364804023,477089.1
2019-11-15,ABBV,0.00026477462224871497,469774.8
2019-11-18,ABBV,0.00026291963743299,462080.9
2019-11-19,ABBV,0.00026296060185559,456474.85
2019-11-20,ABBV,0.00026463014347495996,460264.9
2019-11-21,ABBV,0.00026729646690408997,472555.6
2019-11-22,ABBV,0.00027314187224802497,487022.0
2019-11-25,ABBV,0.000275749093367295,503089.15
2019-11-26,ABBV,0.000279221361651555,509759.75
2019-11-27,ABBV,0.00027916770297934496,509900.2
2019-11-29,ABBV,0.000274213637080405,502775.35
2019-12-02,ABBV,0.00026903281784945997,487709.9
2019-12-03,ABBV,0.000258974790579295,470892.85
2019-12-04,ABBV,0.00026019119872637,461379.55
2019-12-05,ABBV,0.00025819142506795496,450046.2
2019-12-06,ABBV,0.00025629296152082003,436498.5
2019-12-09,ABBV,0.000253117698801945,443441.85
2019-12-10,ABBV,0.00024667325906102,423950.05
2019-12-11,ABBV,0.000243301387430975,414757.25
2019-12-12,ABBV,0.000239083888232655,400149.1
2019-12-13,ABBV,0.00023583700381757503,400610.6
2019-12-16,ABBV,0.00023760750515943,399521.55
2019-12-17,ABBV,0.00023755447104789,393183.85
2019-12-18,ABBV,0.00023494105239202,392435.7
2019-12-19,ABBV,0.00022934901276109999,385650.9
2019-12-20,ABBV,0.00022343508761910004,361962.0
2019-12-23,ABBV,0.00022736741949785002,360168.4
2019-12-24,ABBV,0.000224626422707125,347283.15
2019-12-26,ABBV,0.00021748120463526002,328603.5
2019-12-27,ABBV,0.00021361230711543504,323503.75
2019-01-31,ABC,0.00036942163552545,158347.05
2019-02-01,ABC,0.000380526230850005,174397.6
2019-02-04,ABC,0.00038392653235654,179262.15
2019-02-05,ABC,0.00037618951379268003,172835.95
2019-02-06,ABC,0.00036731807899357497,173616.95
2019-02-07,ABC,0.00036360492740003997,173895.9
2019-02-08,ABC,0.000375587768515285,183978.2
2019-02-11,ABC,0.00036997584574623496,185936.4
2019-02-12,ABC,0.000365894732925855,190665.65
2019-02-13,ABC,0.00036569490331497996,192695.0
2019-02-14,ABC,0.00035402592148435003,190026.15
2019-02-15,ABC,0.00035375317156336003,191863.95
2019-02-19,ABC,0.000347935429398265,190045.6
2019-02-20,ABC,0.00033405268061336,177651.35
2019-02-21,ABC,0.00033175329231701,173890.6
2019-02-22,ABC,0.00032969995303249496,169904.7
2019-02-25,ABC,0.00032495909449206,169295.75
2019-02-26,ABC,0.000318381354508535,167854.7
2019-02-27,ABC,0.000312465218296065,165643.8
2019-02-28,ABC,0.000308080172824435,164409.7
2019-03-01,ABC,0.00030167240274304,163574.15
2019-03-04,ABC,0.000280944425197075,146925.4
2019-03-05,ABC,0.00027024913701458,138952.55
2019-03-06,ABC,0.0002702144531597,140184.45
2019-03-07,ABC,0.00027006930086606996,144225.7
2019-03-08,ABC,0.000270340023152885,148841.75
2019-03-11,ABC,0.00026513675379647003,144428.75
2019-03-12,ABC,0.000262982817236145,143497.95
2019-03-13,ABC,0.000265438728319395,141738.05
2019-03-14,ABC,0.000265417364470955,138961.75
2019-03-15,ABC,0.000266339613505535,141137.4
2019-03-18,ABC,0.00026290368270988,141035.35
2019-03-19,ABC,0.000262230957081615,141410.75
2019-03-20,ABC,0.00026421273658160506,142429.2
2019-03-21,ABC,0.000259637301061805,142140.0
2019-03-22,ABC,0.00025884301600414,144708.15
2019-03-25,ABC,0.000259221947513255,146609.0
2019-03-26,ABC,0.000262875866843355,150890.05
2019-03-27,ABC,0.00026388937629167003,159750.4
2019-03-28,ABC,0.00026733913531151005,162290.35
2019-03-29,ABC,0.000266126953634595,160493.0
2019-04-01,ABC,0.00026428156231007,160890.35
2019-04-02,ABC,0.00026076589742691,160127.55
2019-04-03,ABC,0.000268071775059275,161632.2
2019-04-04,ABC,0.00027403671147593,156783.1
2019-04-05,ABC,0.000273172841601175,154528.95
2019-04-08,ABC,0.000270766369603305,155063.65
2019-04-09,ABC,0.000274463549314165,154858.95
2019-04-10,ABC,0.00027193426354843003,151032.85
2019-04-11,ABC,0.00028384414116426496,156813.8
2019-04-12,ABC,0.00028725392562005,158077.35
2019-04-15,ABC,0.00029132235380362,161689.75
2019-04-16,ABC,0.000290612356815175,160870.5
2019-04-17,ABC,0.000292652654032515,167062.1
2019-04-18,ABC,0.000297942634914435,173036.55
2019-04-22,ABC,0.000301050660683165,172887.85
2019-04-23,ABC,0.00030335421312575,172827.4
2019-04-24,ABC,0.00030634636341401,176297.6
2019-04-25,ABC,0.00030684619279601,172187.75
2019-04-26,ABC,0.00030944113583014,170719.2
2019-04-29,ABC,0.00031179653955301504,168501.0
2019-04-30,ABC,0.00031367794886880503,166758.3
2019-05-01,ABC,0.00031406744424532,164030.95
2019-05-02,ABC,0.00031132174514386,164459.3
2019-05-03,ABC,0.000318820535444165,173526.95
2019-05-06,ABC,0.000325955873270625,177839.55
2019-05-07,ABC,0.00033294891876270997,180808.15
2019-05-08,ABC,0.00033629455700583,184521.3
2019-05-09,ABC,0.000344423180218315,188178.5
2019-05-10,ABC,0.00033836122255031,184117.2
2019-05-13,ABC,0.00034326038195857,182966.45
2019-05-14,ABC,0.00035231947129636,180417.0
2019-05-15,ABC,0.00036515234315136,184023.85
2019-05-16,ABC,0.000369388590218545,181806.25
2019-05-17,ABC,0.00036477847487000005,181722.15
2019-05-20,ABC,0.000369979167281015,184675.8
2019-05-21,ABC,0.00037000280628952,191789.6
2019-05-22,ABC,0.00036488634888456,191291.7
2019-05-23,ABC,0.000363879205943955,194534.05
2019-05-24,ABC,0.00036342156383294,198929.8
2019-05-28,ABC,0.000363815369376695,201427.5
2019-05-29,ABC,0.00036683499558581,207128.25
2019-05-30,ABC,0.00037265204345138497,214287.85
2019-05-31,ABC,0.000369385507242875,210011.85
2019-06-03,ABC,0.00035639862019846,197305.1
2019-06-04,ABC,0.000353876868129095,192756.25
2019-06-05,ABC,0.000354757681500645,190825.6
2019-06-06,ABC,0.000353721244745015,187994.8
2019-06-07,ABC,0.00035044120596132,187167.85
2019-06-10,ABC,0.000344518233152145,186748.4
2019-06-11,ABC,0.00034040587459249,188840.6
2019-06-12,ABC,0.00032971153132697504,191830.15
2019-06-13,ABC,0.00031777897563444,190806.2
2019-06-14,ABC,0.000313540185381775,190736.4
2019-06-17,ABC,0.000313614363627185,187329.7
2019-06-18,ABC,0.00030821340880772,186911.45
2019-06-19,ABC,0.000304469669400005,180291.55
2019-06-20,ABC,0.00030526499819282,175484.05
2019-06-21,ABC,0.00030739331907668504,173401.65
2019-06-24,ABC,0.00030446417670764,171078.05
2019-06-25,ABC,0.00030526414210278995,176301.55
2019-06-26,ABC,0.00030573420693306,175216.15
2019-06-27,ABC,0.00030020907752313,169921.8
2019-06-28,ABC,0.0003003734917906,169836.8
2019-07-01,ABC,0.000303406095159755,171170.45
2019-07-02,ABC,0.000298849608553435,171442.95
2019-07-03,ABC,0.00029638202423909,170219.15
2019-07-05,ABC,0.000293438462028155,167975.9
2019-07-08,ABC,0.00029213983702648997,166281.25
2019-07-09,ABC,0.00029201812758032,163462.25
2019-07-10,ABC,0.00028848305702776497,162488.2
2019-07-11,ABC,0.00028814792410442497,162794.7
2019-07-12,ABC,0.00030192436048465,167041.85
2019-07-15,ABC,0.000303331100041825,168872.5
2019-07-16,ABC,0.00030655269922171,166983.55
2019-07-17,ABC,0.00030532276057427,164764.15
2019-07-18,ABC,0.000310589372701,171795.3
2019-07-19,ABC,0.00031010684103680003,172288.25
2019-07-22,ABC,0.00030681851598954,169161.8
2019-07-23,ABC,0.00030550990335501,166530.0
2019-07-24,ABC,0.000301426332185645,158127.0
2019-07-25,ABC,0.00029747062239312,153608.75
2019-07-26,ABC,0.000297160906085495,150271.8
2019-07-29,ABC,0.00029184540669029,146358.8
2019-07-30,ABC,0.000285298135877835,142335.55
2019-07-31,ABC,0.00028811563716382,142900.2
2019-08-01,ABC,0.00029211086576836,145508.3
2019-08-02,ABC,0.00032109826462354,155239.1
2019-08-05,ABC,0.000326690293383435,158012.55
2019-08-06,ABC,0.00033366179231816,161199.15
2019-08-07,ABC,0.000366644373774115,171321.6
2019-08-08,ABC,0.000379417081661295,171943.9
2019-08-09,ABC,0.00037506255339405,168518.75
2019-08-12,ABC,0.00037840844314491,165003.9
2019-08-13,ABC,0.00037565811224929,165099.75
2019-08-14,ABC,0.00038342871754364,168061.3
2019-08-15,ABC,0.00038741193558443495,165824.5
2019-08-16,ABC,0.00039259026791834995,166903.85
2019-08-19,ABC,0.000394404038211215,167355.65
2019-08-20,ABC,0.00039583572876836,167406.8
2019-08-21,ABC,0.00040199715846541003,169192.2
2019-08-22,ABC,0.00040478411724939497,170539.35
2019-08-23,ABC,0.00040763463646834,174171.15
2019-08-26,ABC,0.00041525391473919,176446.6
2019-08-27,ABC,0.000421011892776885,177716.35
2019-08-28,ABC,0.000426191625438935,179378.3
2019-08-29,ABC,0.000424129610255525,183389.45
2019-08-30,ABC,0.00039707079414394995,174732.0
2019-09-03,ABC,0.00038855652446588,171184.2
2019-09-04,ABC,0.00038595633058600504,176391.3
2019-09-05,ABC,0.00035484266156611,163112.45
2019-09-06,ABC,0.00034624443795339,157093.9
2019-09-09,ABC,0.000338012127722395,154997.25
2019-09-10,ABC,0.000335733029655025,154942.1
2019-09-11,ABC,0.000343298293946585,160041.75
2019-09-12,ABC,0.00034139349095891,156164.25
2019-09-13,ABC,0.0003386862386787,151331.85
2019-09-16,ABC,0.000338680894889405,150142.9
2019-09-17,ABC,0.00034047345812169996,149526.9
2019-09-18,ABC,0.00034141047742763996,148918.0
2019-09-19,ABC,0.00033896248958846,147687.55
2019-09-20,ABC,0.00033769777513903,147343.45
2019-09-23,ABC,0.00034008199908908,146338.4
2019-09-24,ABC,0.00033956229193526997,145492.2
2019-09-25,ABC,0.00033545951634151,145147.75
2019-09-26,ABC,0.000329511217762445,138631.4
2019-09-27,ABC,0.00032828976547604995,130882.05
2019-09-30,ABC,0.00033638856997757996,130074.15
2019-10-01,ABC,0.000340829686098485,130826.4
2019-10-02,ABC,0.000339604790541525,124705.4
2019-10-03,ABC,0.00034104820212950497,125144.8
2019-10-04,ABC,0.00034219152954829003,124510.15
2019-10-07,ABC,0.00034180984334969004,122372.3
2019-10-08,ABC,0.00034220646761706005,119861.0
2019-10-09,ABC,0.00033810883042152,115968.05
2019-10-10,ABC,0.00033185130236194503,113342.3
2019-10-11,ABC,0.00032753099052536,110197.45
2019-10-14,ABC,0.00032562682253228,106832.55
2019-10-15,ABC,0.00032025455874269503,102985.65
2019-10-16,ABC,0.000323022927854455,101545.2
2019-10-17,ABC,0.00033685182642551503,108308.55
2019-10-18,ABC,0.000344078655003865,115543.7
2019-10-21,ABC,0.000341690671870935,115869.2
2019-10-22,ABC,0.00035255724108146,123526.15
2019-10-23,ABC,0.000353522507349585,123003.4
2019-10-24,ABC,0.00035203938902573,121420.65
2019-10-25,ABC,0.00034881475119759504,121985.3
2019-10-28,ABC,0.000337614863339345,117622.6
2019-10-29,ABC,0.00033337207397102003,113902.3
2019-10-30,ABC,0.000331008368667735,112782.05
2019-10-31,ABC,0.00033794826755681,113548.9
2019-11-01,ABC,0.00033606801350287,113830.95
2019-11-04,ABC,0.000336342412324315,116298.1
2019-11-05,ABC,0.000335284889974415,115507.3
2019-11-06,ABC,0.000346479014885225,117816.2
2019-11-07,ABC,0.0003504385329747,123653.35
2019-11-08,ABC,0.000370083827875725,128315.0
2019-11-11,ABC,0.000372171558080895,128980.85
2019-11-12,ABC,0.00038631475601092,135395.95
2019-11-13,ABC,0.00038840413474587,138389.35
2019-11-14,ABC,0.000371276679857755,131586.95
2019-11-15,ABC,0.00036469555326490503,124850.55
2019-11-18,ABC,0.000365139736550925,122148.35
2019-11-19,ABC,0.000353742177626205,113081.4
2019-11-20,ABC,0.0003504916004237,112016.65
2019-11-21,ABC,0.00035169001016779005,113708.7
2019-11-22,ABC,0.00035243896962459996,114011.45
2019-11-25,ABC,0.000353140885689345,123086.55
2019-11-26,ABC,0.00035233210381278,125791.15
2019-11-27,ABC,0.0003659933388092,129591.2
2019-11-29,ABC,0.00035692062578774003,126009.1
2019-12-02,ABC,0.000351212101628755,122524.65
2019-12-03,ABC,0.00035367492489032503,119894.55
2019-12-04,ABC,0.00035167855584129,120562.3
2019-12-05,ABC,0.000337791304695995,116242.1
2019-12-06,ABC,0.000335989103252015,114252.0
2019-12-09,ABC,0.00031634841897293,109676.05
2019-12-10,ABC,0.00030886385409148,109505.5
2019-12-11,ABC,0.000298389494758585,104965.1
2019-12-12,ABC,0.00029004330906818,103161.8
2019-12-13,ABC,0.000291173383580445,100950.1
2019-12-16,ABC,0.000288923992017585,98456.5
2019-12-17,ABC,0.00028724323750916496,97681.25
2019-12-18,ABC,0.000285115566908515,102769.0
2019-12-19,ABC,0.00029031546667225995,104320.85
2019-12-20,ABC,0.00028860889368099,104958.2
2019-12-23,ABC,0.00028801227013308,103836.25
2019-12-24,ABC,0.000285359414460865,96026.75
2019-12-26,ABC,0.000285513984603555,92800.95
2019-12-27,ABC,0.00026833315567219003,84176.8
2019-01-31,ABMD,0.00051589075096941,65721.55
2019-02-01,ABMD,0.00051980660862174,68067.45
2019-02-04,ABMD,0.00050035354068975,67259.1
2019-02-05,ABMD,0.000530122825945375,71003.0
2019-02-06,ABMD,0.00051948807237552,71849.95
2019-02-07,ABMD,0.000517228495888975,72642.65
2019-02-08,ABMD,0.0005312538613193651,75142.75
2019-02-11,ABMD,0.000515800305327045,74226.5
2019-02-12,ABMD,0.00051873289330346,73955.5
2019-02-13,ABMD,0.000520338034769155,73881.45
2019-02-14,ABMD,0.000516431873752955,72666.5
2019-02-15,ABMD,0.0005090080243542,71727.7
2019-02-19,ABMD,0.00050362871272838,71036.75
2019-02-20,ABMD,0.000497449171822565,69941.0
2019-02-21,ABMD,0.000495393277909765,68915.8
2019-02-22,ABMD,0.0004879464448035451,67919.25
2019-02-25,ABMD,0.000477349958960515,66646.3
2019-02-26,ABMD,0.00047892343192669495,66127.15
2019-02-27,ABMD,0.00046912790613403007,66285.55
2019-02-28,ABMD,0.00046432519870944004,66181.75
2019-03-01,ABMD,0.00045661847556582,65652.95
2019-03-04,ABMD,0.00043307933931365503,63092.1
2019-03-05,ABMD,0.00042959132003321,61897.65
2019-03-06,ABMD,0.00038422606938069497,56794.7
2019-03-07,ABMD,0.00038657803328466,57455.15
2019-03-08,ABMD,0.00038471717818209497,56889.35
2019-03-11,ABMD,0.000384267959665825,57723.35
2019-03-12,ABMD,0.000384492162060435,58295.75
2019-03-13,ABMD,0.00037608713316539,57106.4
2019-03-14,ABMD,0.00037148449907627005,56272.55
2019-03-15,ABMD,0.000365750485402065,55754.85
2019-03-18,ABMD,0.000361031966421215,56323.95
2019-03-19,ABMD,0.0003608896794204,57721.1
2019-03-20,ABMD,0.000360563511314555,57912.8
2019-03-21,ABMD,0.00035665493358353,58365.55
2019-03-22,ABMD,0.0003575255515151,59884.15
2019-03-25,ABMD,0.00036048062129533,59809.0
2019-03-26,ABMD,0.00036037836299443,62977.9
2019-03-27,ABMD,0.000369506491275545,73158.7
2019-03-28,ABMD,0.000382695468867805,80324.8
2019-03-29,ABMD,0.00038662041155735,83966.65
2019-04-01,ABMD,0.00039006232193102,85661.2
2019-04-02,ABMD,0.000391194951532085,90059.45
2019-04-03,ABMD,0.000393046007884445,92269.1
2019-04-04,ABMD,0.000386397726168595,90739.8
2019-04-05,ABMD,0.000383235963543355,92945.75
2019-04-08,ABMD,0.00037934642368219,93694.25
2019-04-09,ABMD,0.00038624100850526,95460.65
2019-04-10,ABMD,0.000385734882495015,96002.75
2019-04-11,ABMD,0.000391357388400635,99543.0
2019-04-12,ABMD,0.000397979893581755,103627.1
2019-04-15,ABMD,0.00040445031748896995,106660.85
2019-04-16,ABMD,0.000403720852622915,107497.65
2019-04-17,ABMD,0.00040513060953475,109961.55
2019-04-18,ABMD,0.000416612018929645,113363.0
2019-04-22,ABMD,0.00043116160295159496,117558.35
2019-04-23,ABMD,0.00043660985305542997,117538.4
2019-04-24,ABMD,0.00043809731558517,117072.05
2019-04-25,ABMD,0.0004359421834807,110739.0
2019-04-26,ABMD,0.00042957927340693997,105928.8
2019-04-29,ABMD,0.00042347848346977504,105212.7
2019-04-30,ABMD,0.000419864908051765,105653.65
2019-05-01,ABMD,0.00041423902050721003,104556.0
2019-05-02,ABMD,0.00041305253441098504,107523.35
2019-05-03,ABMD,0.00048199670059527,125755.2
2019-05-06,ABMD,0.00048583132231086007,126777.45
2019-05-07,ABMD,0.00049467478414116,129567.55
2019-05-08,ABMD,0.000502109632020645,132843.8
2019-05-09,ABMD,0.000509612490692765,137313.7
2019-05-10,ABMD,0.000514147164378195,137586.5
2019-05-13,ABMD,0.00051920088553024,137146.5
2019-05-14,ABMD,0.000528305565479225,137182.55
2019-05-15,ABMD,0.00053134761732852,137088.65
2019-05-16,ABMD,0.000539048027657445,135594.95
2019-05-17,ABMD,0.0005307627869586601,136037.55
2019-05-20,ABMD,0.00051956967561979,133513.15
2019-05-21,ABMD,0.00051804129648661,136839.15
2019-05-22,ABMD,0.0005265114418681049,137117.65
2019-05-23,ABMD,0.00051857838074901,135192.7
2019-05-24,ABMD,0.00051392962735227,135470.9
2019-05-28,ABMD,0.0005165012796161199,135097.4
2019-05-29,ABMD,0.000515612096802475,135503.55
2019-05-30,ABMD,0.000520044980685215,135845.15
2019-05-31,ABMD,0.000519575155752865,130961.25
2019-06-03,ABMD,0.000453417365207815,112066.95
2019-06-04,ABMD,0.00045451389621526994,109999.95
2019-06-05,ABMD,0.00044838677397142005,111048.35
2019-06-06,ABMD,0.00044167043695625494,108055.95
2019-06-07,ABMD,0.00043455931669440003,105407.65
2019-06-10,ABMD,0.00042719809516869497,103211.2
2019-06-11,ABMD,0.00042119446422005005,101962.65
2019-06-12,ABMD,0.0004164786012413901,103638.1
2019-06-13,ABMD,0.000416827083351135,104134.4
2019-06-14,ABMD,0.000410887502790415,104923.0
2019-06-17,ABMD,0.00040797209297361,101427.6
2019-06-18,ABMD,0.00040811120162531503,98983.1
2019-06-19,ABMD,0.000402444204202545,96589.1
2019-06-20,ABMD,0.000389648765488075,94459.95
2019-06-21,ABMD,0.000392542816506305,92919.6
2019-06-24,ABMD,0.000392432429339035,90140.3
2019-06-25,ABMD,0.00039155264334474004,87958.75
2019-06-26,ABMD,0.0003912183371632,85807.2
2019-06-27,ABMD,0.000386670478757715,82357.45
2019-06-28,ABMD,0.00038561566024073997,81636.4
2019-07-01,ABMD,0.00038148976883879,80526.9
2019-07-02,ABMD,0.00037504399168725,81788.25
2019-07-03,ABMD,0.000372616561451295,76760.6
2019-07-05,ABMD,0.000363875649906615,73881.15
2019-07-08,ABMD,0.00036519308245291503,71932.8
2019-07-09,ABMD,0.000362232889918005,71435.05
2019-07-10,ABMD,0.000358562242370725,70626.8
2019-07-11,ABMD,0.00034975741841409,66390.85
2019-07-12,ABMD,0.00034799097901445995,64750.1
2019-07-15,ABMD,0.000344668634276555,64612.05
2019-07-16,ABMD,0.000342923347637125,64404.2
2019-07-17,ABMD,0.00033557449206619,64962.2
2019-07-18,ABMD,0.00033300303174443,64792.75
2019-07-19,ABMD,0.00033016721886124003,64701.9
2019-07-22,ABMD,0.00032622053222649004,62861.7
2019-07-23,ABMD,0.000326933221880175,63475.05
2019-07-24,ABMD,0.000326286508438725,63140.6
2019-07-25,ABMD,0.00032580201258917003,64411.8
2019-07-26,ABMD,0.00032850831359643,64884.15
2019-07-29,ABMD,0.000327152298209705,65546.2
2019-07-30,ABMD,0.00032692601955991,65826.3
2019-07-31,ABMD,0.00032101065129034,62948.65
2019-08-01,ABMD,0.000324651535063,64295.15
2019-08-02,ABMD,0.00037430875723341004,86799.6
2019-08-05,ABMD,0.00038270133005656,93755.3
2019-08-06,ABMD,0.00040084336503459,99979.0
2019-08-07,ABMD,0.00040991672276217506,103670.0
2019-08-08,ABMD,0.00043008574139881503,110458.05
2019-08-09,ABMD,0.00044317529774295,118588.45
2019-08-12,ABMD,0.000448451693426925,119615.35
2019-08-13,ABMD,0.000453323947597255,120174.05
2019-08-14,ABMD,0.00046139362907936997,122492.65
2019-08-15,ABMD,0.000467824907365775,122811.0
2019-08-16,ABMD,0.000472231673134475,123186.4
2019-08-19,ABMD,0.00047223061070612003,124679.0
2019-08-20,ABMD,0.000466647315723725,125248.3
2019-08-21,ABMD,0.00046866759829743,126044.5
2019-08-22,ABMD,0.0004689313202772351,126288.1
2019-08-23,ABMD,0.00046576801854055996,127339.45
2019-08-26,ABMD,0.00047160272755404994,129227.2
2019-08-27,ABMD,0.00047784544050984,128998.0
2019-08-28,ABMD,0.000482382699502775,128732.65
2019-08-29,ABMD,0.00047892063653874,126992.65
2019-08-30,ABMD,0.00043818065838369504,107822.6
2019-09-03,ABMD,0.000429289726715145,102212.4
2019-09-04,ABMD,0.00041896004731123003,98786.85
2019-09-05,ABMD,0.00041538760076423,95934.6
2019-09-06,ABMD,0.00039937252495125,89544.0
2019-09-09,ABMD,0.000385989660139455,80643.7
2019-09-10,ABMD,0.00038423081669868497,79377.95
2019-09-11,ABMD,0.00038524489613259497,80223.75
2019-09-12,ABMD,0.00039216345386345003,77967.95
2019-09-13,ABMD,0.000394462101264395,78877.45
2019-09-16,ABMD,0.00039354974107018496,78001.15
2019-09-17,ABMD,0.00040065778652088505,78720.9
2019-09-18,ABMD,0.00040267045194476497,76815.6
2019-09-19,ABMD,0.00040291613866976,74514.05
2019-09-20,ABMD,0.00040296952556204005,71947.8
2019-09-23,ABMD,0.00040849090216269504,71900.05
2019-09-24,ABMD,0.000410130877244075,71846.05
2019-09-25,ABMD,0.000413421972442065,74911.25
2019-09-26,ABMD,0.0004161832391426401,74678.65
2019-09-27,ABMD,0.000422397432778905,76399.1
2019-09-30,ABMD,0.000422521983888515,75260.1
2019-10-01,ABMD,0.000423251164636015,75414.45
2019-10-02,ABMD,0.000420302462937265,74684.75
2019-10-03,ABMD,0.000425061772195385,77453.25
2019-10-04,ABMD,0.00042746029696775004,78929.5
2019-10-07,ABMD,0.00043081174026518505,80245.05
2019-10-08,ABMD,0.000434296947550085,80366.75
2019-10-09,ABMD,0.00044026555826806504,83487.9
2019-10-10,ABMD,0.00043072623765273,84569.6
2019-10-11,ABMD,0.00043260807415190496,85616.95
2019-10-14,ABMD,0.0004370404260248701,87540.45
2019-10-15,ABMD,0.00043457944805363,90152.75
2019-10-16,ABMD,0.00043826834782091504,94581.0
2019-10-17,ABMD,0.00043896659258678,96739.3
2019-10-18,ABMD,0.00044181223629639004,98698.75
2019-10-21,ABMD,0.0004392077666105649,99245.6
2019-10-22,ABMD,0.0004331042639798351,97459.85
2019-10-23,ABMD,0.00042359783544824005,95236.55
2019-10-24,ABMD,0.00043613512763148506,96921.35
2019-10-25,ABMD,0.00043045448767938004,96928.5
2019-10-28,ABMD,0.000422385307117915,96026.35
2019-10-29,ABMD,0.000421666305982715,95780.45
2019-10-30,ABMD,0.00042349149122584495,98398.55
2019-10-31,ABMD,0.00042681927689362505,98603.65
2019-11-01,ABMD,0.00046394132653812,107519.25
2019-11-04,ABMD,0.00047225613248217996,112101.2
2019-11-05,ABMD,0.00047142603921382,114874.45
2019-11-06,ABMD,0.00046983852396348,111630.35
2019-11-07,ABMD,0.00046965059345174494,110753.95
2019-11-08,ABMD,0.00046259974937152003,108127.95
2019-11-11,ABMD,0.000461541911012975,106047.0
2019-11-12,ABMD,0.000460161802262835,104436.1
2019-11-13,ABMD,0.000460229293612055,102389.35
2019-11-14,ABMD,0.00045865067458484497,101848.05
2019-11-15,ABMD,0.0004545710892306,100330.3
2019-11-18,ABMD,0.000453031251199825,97867.25
2019-11-19,ABMD,0.000492909184591815,112077.35
2019-11-20,ABMD,0.00051882829107512,124203.0
2019-11-21,ABMD,0.000518311694603305,130333.65
2019-11-22,ABMD,0.000523679171928535,132741.1
2019-11-25,ABMD,0.000533904758779895,137301.15
2019-11-26,ABMD,0.0005398757633056701,139772.55
2019-11-27,ABMD,0.0005414431661521901,139438.1
2019-11-29,ABMD,0.0005381879963082101,137919.15
2019-12-02,ABMD,0.00050289781300465,126809.65
2019-12-03,ABMD,0.00049643913636812,123242.0
2019-12-04,ABMD,0.000494373913473905,120666.25
2019-12-05,ABMD,0.000487636174731195,119421.6
2019-12-06,ABMD,0.000489062047488125,118311.85
2019-12-09,ABMD,0.000488339723301785,119372.6
2019-12-10,ABMD,0.00048867210409948,122352.2
2019-12-11,ABMD,0.00049053766016536,122775.15
2019-12-12,ABMD,0.000485916185121705,122084.45
2019-12-13,ABMD,0.0004867675347396651,124229.95
2019-12-16,ABMD,0.00049302444120086,125253.8
2019-12-17,ABMD,0.000505723804286825,129698.6
2019-12-18,ABMD,0.000470142047565345,117025.05
2019-12-19,ABMD,0.00044434435946563505,104436.55
2019-12-20,ABMD,0.00044623637465032495,103104.25
2019-12-23,ABMD,0.0004478474016926549,110460.4
2019-12-24,ABMD,0.00045094648945556503,111046.6
2019-12-26,ABMD,0.000441465618499815,107826.05
2019-12-27,ABMD,0.00043229932970126496,105179.85
2019-01-31,ABT,0.00028544274809572,492107.05
2019-02-01,ABT,0.00027666445163430995,491473.8
2019-02-04,ABT,0.00026590492313363,471118.25
2019-02-05,ABT,0.000257938260222435,457476.95
2019-02-06,ABT,0.00025036610060929,443316.2
2019-02-07,ABT,0.00024274143783404,426871.65
2019-02-08,ABT,0.0002488374868742,458900.45
2019-02-11,ABT,0.00024512093467896003,452629.4
2019-02-12,ABT,0.00024290058482247001,456689.3
2019-02-13,ABT,0.00024131539225883498,462673.1
2019-02-14,ABT,0.00023898509387629998,459897.35
2019-02-15,ABT,0.00023770380972827502,455922.95
2019-02-19,ABT,0.000234992515728745,457080.5
2019-02-20,ABT,0.00023426902002607997,449606.35
2019-02-21,ABT,0.00023183214132716,438795.3
2019-02-22,ABT,0.000220706790621355,426548.95
2019-02-25,ABT,0.00021650255529044498,419366.1
2019-02-26,ABT,0.000213849429011155,418342.5
2019-02-27,ABT,0.00020783867532876,421012.55
2019-02-28,ABT,0.00020934698603179502,415556.9
2019-03-01,ABT,0.00020470734006335502,405753.25
2019-03-04,ABT,0.00020255600759648998,390272.0
2019-03-05,ABT,0.00020218614502095,393881.1
2019-03-06,ABT,0.000201906403785005,400235.15
2019-03-07,ABT,0.00020351758407923,403027.35
2019-03-08,ABT,0.00020485627877548998,405546.35
2019-03-11,ABT,0.00020490847053296503,390361.75
2019-03-12,ABT,0.00020313540427186502,389387.1
2019-03-13,ABT,0.00020333414421541498,383234.1
2019-03-14,ABT,0.00020256171454844,382465.25
2019-03-15,ABT,0.00020014746218128998,381961.85
2019-03-18,ABT,0.00019892556819629004,388583.7
2019-03-19,ABT,0.000199702369009125,395396.7
2019-03-20,ABT,0.00019934635249385999,399635.7
2019-03-21,ABT,0.00020036604437795002,399771.55
2019-03-22,ABT,0.00019877014111103504,396915.3
2019-03-25,ABT,0.000201161260507205,414956.85
2019-03-26,ABT,0.00020462732470177,418932.4
2019-03-27,ABT,0.00020742925748277,412953.75
2019-03-28,ABT,0.00020656657131739,412232.1
2019-03-29,ABT,0.00020707390805779,411996.05
2019-04-01,ABT,0.00020697543125299,412696.8
2019-04-02,ABT,0.00020681870021713,407725.9
2019-04-03,ABT,0.00020727172424891502,399443.85
2019-04-04,ABT,0.00020470734145511,394607.15
2019-04-05,ABT,0.00020433873241264503,398687.6
2019-04-08,ABT,0.000202193938390655,393651.35
2019-04-09,ABT,0.00020326617531387002,396231.6
2019-04-10,ABT,0.00020228835738416999,394419.9
2019-04-11,ABT,0.000201361274937435,388847.7
2019-04-12,ABT,0.00020241380740601,382922.95
2019-04-15,ABT,0.00020381766137275503,374717.6
2019-04-16,ABT,0.00020360697532472504,367517.55
2019-04-17,ABT,0.000206224706027245,366323.0
2019-04-18,ABT,0.000232772666721465,382757.1
2019-04-22,ABT,0.00024258844421287,393889.5
2019-04-23,ABT,0.000247193905501025,375054.0
2019-04-24,ABT,0.00024682631117734,377762.65
2019-04-25,ABT,0.000249001093498155,382705.05
2019-04-26,ABT,0.00025044650326196,385112.9
2019-04-29,ABT,0.00025087381193749,378587.7
2019-04-30,ABT,0.000252135911413555,372753.05
2019-05-01,ABT,0.00025138955343034,374155.95
2019-05-02,ABT,0.000255000997880435,379451.55
2019-05-03,ABT,0.000258266574926245,381211.9
2019-05-06,ABT,0.000257558541682335,378641.5
2019-05-07,ABT,0.000259900697300465,382222.15
2019-05-08,ABT,0.000266600172133615,386940.75
2019-05-09,ABT,0.00027274842217401,393089.0
2019-05-10,ABT,0.00027891852822387004,393620.65
2019-05-13,ABT,0.00028477816408339,396976.25
2019-05-14,ABT,0.00028956279441246,396996.0
2019-05-15,ABT,0.00029189745244192,393362.95
2019-05-16,ABT,0.00029384781552043,388499.8
2019-05-17,ABT,0.00026717580738940504,377899.3
2019-05-20,ABT,0.000259164722924695,364947.5
2019-05-21,ABT,0.00025517590167457003,366797.4
2019-05-22,ABT,0.000253609891240085,358626.8
2019-05-23,ABT,0.00024961858312315497,352866.5
2019-05-24,ABT,0.00024830597656337003,354647.05
2019-05-28,ABT,0.00024725657484295997,363341.45
2019-05-29,ABT,0.00024744661583559,370235.75
2019-05-30,ABT,0.000250184269221425,369679.15
2019-05-31,ABT,0.00024749211916647,366284.25
2019-06-03,ABT,0.00024796581988423,371885.4
2019-06-04,ABT,0.00025265214824948,377087.45
2019-06-05,ABT,0.000253817782764435,383859.0
2019-06-06,ABT,0.00024980282959119005,381779.4
2019-06-07,ABT,0.000246625437822575,384460.4
2019-06-10,ABT,0.00024408234685558498,388099.05
2019-06-11,ABT,0.00023836912069650002,388424.3
2019-06-12,ABT,0.00023357257042037996,385877.25
2019-06-13,ABT,0.000230372002353705,384722.95
2019-06-14,ABT,0.000224182603564405,382166.5
2019-06-17,ABT,0.00022317506017491997,376438.15
2019-06-18,ABT,0.000219826752414845,379938.55
2019-06-19,ABT,0.00021705594458762498,386750.7
2019-06-20,ABT,0.00021700475738232003,385937.25
2019-06-21,ABT,0.00021880031783300504,390799.25
2019-06-24,ABT,0.00021728822943646998,386936.75
2019-06-25,ABT,0.000216515517377875,388938.55
2019-06-26,ABT,0.000217368900732275,385847.15
2019-06-27,ABT,0.00021415125413062,386353.3
2019-06-28,ABT,0.000212492968492095,388891.35
2019-07-01,ABT,0.00020896552995936,391685.7
2019-07-02,ABT,0.0002062189349496,383253.5
2019-07-03,ABT,0.00020466919003095,375653.45
2019-07-05,ABT,0.00020116151999258,364327.9
2019-07-08,ABT,0.00019924435279413002,352018.8
2019-07-09,ABT,0.00019636212683649,345575.4
2019-07-10,ABT,0.000195760903937455,341622.8
2019-07-11,ABT,0.00019550318229386498,345508.25
2019-07-12,ABT,0.00019561436818449498,347586.1
2019-07-15,ABT,0.00019667824704052496,357790.35
2019-07-16,ABT,0.00019553760214514998,360166.05
2019-07-17,ABT,0.00019535025072069996,361220.85
2019-07-18,ABT,0.00020076835600761,370373.1
2019-07-19,ABT,0.00020108602852625,389996.8
2019-07-22,ABT,0.00020100460737040998,390306.7
2019-07-23,ABT,0.00019995314150299498,391173.15
2019-07-24,ABT,0.00019880002791755998,383127.8
2019-07-25,ABT,0.00019549514172856498,382187.3
2019-07-26,ABT,0.00019507628409693,379471.4
2019-07-29,ABT,0.00019624079499306002,379154.55
2019-07-30,ABT,0.00019541304779629502,372761.4
2019-07-31,ABT,0.000191932839718015,370175.05
2019-08-01,ABT,0.000193889264202955,376170.1
2019-08-02,ABT,0.000200512717773605,394337.75
2019-08-05,ABT,0.00020471654179644999,401629.3
2019-08-06,ABT,0.00021245604469124498,411317.5
2019-08-07,ABT,0.00021902124249131497,415174.8
2019-08-08,ABT,0.00022488337337089,412206.85
2019-08-09,ABT,0.00022801090157728,418019.8
2019-08-12,ABT,0.000233444998243185,412600.25
2019-08-13,ABT,0.000236009464688585,413608.55
2019-08-14,ABT,0.00024349375357752496,409877.0
2019-08-15,ABT,0.000243286607742145,391088.8
2019-08-16,ABT,0.000247863896145875,373923.5
2019-08-19,ABT,0.000248513788046245,372643.4
2019-08-20,ABT,0.00024820210810021497,371736.95
2019-08-21,ABT,0.00025013745833888,371423.4
2019-08-22,ABT,0.0002514914815451,369583.2
2019-08-23,ABT,0.0002525687249287,368558.1
2019-08-26,ABT,0.00025998532288216503,376765.7
2019-08-27,ABT,0.00026519596806611997,372296.5
2019-08-28,ABT,0.00026967489589605,375598.35
2019-08-29,ABT,0.00026663280724981,368913.45
2019-08-30,ABT,0.0002621781953637,353335.85
2019-09-03,ABT,0.000258161505070095,345339.3
2019-09-04,ABT,0.00025456839079314003,337748.85
2019-09-05,ABT,0.000247654556143645,328603.7
2019-09-06,ABT,0.00024285891637242001,332127.6
2019-09-09,ABT,0.00023967500206556,326820.6
2019-09-10,ABT,0.000236867331153995,323028.25
2019-09-11,ABT,0.00024180080688488,326615.35
2019-09-12,ABT,0.00023931942818476503,327332.45
2019-09-13,ABT,0.00023866966861965997,326094.65
2019-09-16,ABT,0.000233771979383885,321079.55
2019-09-17,ABT,0.00023311846432381997,316798.95
2019-09-18,ABT,0.000234339860218935,311516.15
2019-09-19,ABT,0.000235166737679335,304117.85
2019-09-20,ABT,0.00023457682344668,304779.8
2019-09-23,ABT,0.00023501149593762,305748.25
2019-09-24,ABT,0.000226638903626015,288257.1
2019-09-25,ABT,0.00022626592319674503,289911.3
2019-09-26,ABT,0.00022356404820908,283205.9
2019-09-27,ABT,0.00022329552204205,284119.25
2019-09-30,ABT,0.00022573922416904,285311.1
2019-10-01,ABT,0.00022842343804956004,292743.25
2019-10-02,ABT,0.00023030564409219,293726.7
2019-10-03,ABT,0.000236029127094565,306269.35
2019-10-04,ABT,0.00023944647428153498,303862.05
2019-10-07,ABT,0.00024311126864062001,300516.35
2019-10-08,ABT,0.00024096383525237,294840.25
2019-10-09,ABT,0.000240885763285375,293837.4
2019-10-10,ABT,0.00023999111698659999,288707.5
2019-10-11,ABT,0.000237341215000715,289519.7
2019-10-14,ABT,0.00024260108405937502,293461.85
2019-10-15,ABT,0.00024095064024824502,298614.9
2019-10-16,ABT,0.000244891224023485,313268.8
2019-10-17,ABT,0.00025998679893762,333227.05
2019-10-18,ABT,0.00026134781810385505,337148.9
2019-10-21,ABT,0.00026018762451406497,336177.25
2019-10-22,ABT,0.000261086756435555,351905.3
2019-10-23,ABT,0.00025914067357275496,355184.55
2019-10-24,ABT,0.00026038821877318497,360557.65
2019-10-25,ABT,0.0002604787334448,364392.35
2019-10-28,ABT,0.00025721745781576,374611.4
2019-10-29,ABT,0.00025631603013066996,375588.0
2019-10-30,ABT,0.000251702799638595,377564.25
2019-10-31,ABT,0.00024826882191981,370457.45
2019-11-01,ABT,0.00024396620703912003,369968.5
2019-11-04,ABT,0.00024055410362617999,374035.4
2019-11-05,ABT,0.00024145641905269502,386088.5
2019-11-06,ABT,0.00024137604948071002,402818.1
2019-11-07,ABT,0.00024007927509915,404374.8
2019-11-08,ABT,0.00023789052320657002,408893.5
2019-11-11,ABT,0.000232060669514295,408672.15
2019-11-12,ABT,0.0002320650851693,404381.5
2019-11-13,ABT,0.000227253156830385,387163.9
2019-11-14,ABT,0.000211145753155515,376960.7
2019-11-15,ABT,0.00020935136680395,377424.4
2019-11-18,ABT,0.00020934190040509,379937.45
2019-11-19,ABT,0.000208011612691675,374720.75
2019-11-20,ABT,0.0002057056062982,375104.75
2019-11-21,ABT,0.000205488520619365,376253.7
2019-11-22,ABT,0.00020481972016416,377321.15
2019-11-25,ABT,0.00020713566714956498,370747.4
2019-11-26,ABT,0.00020388699125105497,366883.35
2019-11-27,ABT,0.00020262852716143,367012.55
2019-11-29,ABT,0.00020116970588175998,359765.0
2019-12-02,ABT,0.000197857644613285,350411.0
2019-12-03,ABT,0.00019966392078378498,342481.25
2019-12-04,ABT,0.00019902743763692502,328173.7
2019-12-05,ABT,0.000190738623261565,301057.4
2019-12-06,ABT,0.000188639464180275,295238.0
2019-12-09,ABT,0.00018685238737294,289252.75
2019-12-10,ABT,0.000183715364850685,291224.4
2019-12-11,ABT,0.00018296867600842002,297826.65
2019-12-12,ABT,0.00018180709860736002,300292.35
2019-12-13,ABT,0.00018425775586928002,297539.8
2019-12-16,ABT,0.000185222383036505,291686.95
2019-12-17,ABT,0.000183587629395,285911.0
2019-12-18,ABT,0.00018287418827625,296397.8
2019-12-19,ABT,0.000182041834811725,301917.7
2019-12-20,ABT,0.00017798441048165,301316.3
2019-12-23,ABT,0.00018305320374774,301383.1
2019-12-24,ABT,0.000177530421485515,298274.55
2019-12-26,ABT,0.000175434315472295,287484.1
2019-12-27,ABT,0.000172468675571245,275497.6
2019-01-31,ACN,0.000260371034509515,188110.35
2019-02-01,ACN,0.00025248656475568,189191.95
2019-02-04,ACN,0.00024153046883435995,186712.35
2019-02-05,ACN,0.00022834050922003498,185438.95
2019-02-06,ACN,0.00022021289881108503,184066.1
2019-02-07,ACN,0.000208222541736965,178729.9
2019-02-08,ACN,0.00021052278433812,189168.6
2019-02-11,ACN,0.00020482003810454,189068.65
2019-02-12,ACN,0.000201455646731335,188348.1
2019-02-13,ACN,0.00019432520956788498,189961.65
2019-02-14,ACN,0.000189577822370625,192344.9
2019-02-15,ACN,0.00018764051300295502,185414.15
2019-02-19,ACN,0.00018444153353652,185443.9
2019-02-20,ACN,0.00017859153142768,182082.2
2019-02-21,ACN,0.00017512229498983,183734.7
2019-02-22,ACN,0.00017223382528901499,184277.5
2019-02-25,ACN,0.00016997542494906,181066.55
2019-02-26,ACN,0.00016821334424887,178788.15
2019-02-27,ACN,0.000164330429952825,178998.45
2019-02-28,ACN,0.00016057034234638,179391.25
2019-03-01,ACN,0.00015628777682611002,182330.5
2019-03-04,ACN,0.00015289477098923,182772.75
2019-03-05,ACN,0.000155061004519195,185888.0
2019-03-06,ACN,0.000155976795314155,188780.05
2019-03-07,ACN,0.000156126936061665,190437.7
2019-03-08,ACN,0.000157675821723085,192281.45
2019-03-11,ACN,0.00015532432009566,188940.65
2019-03-12,ACN,0.000153279112370785,189046.5
2019-03-13,ACN,0.000153649075444815,194601.9
2019-03-14,ACN,0.00015577979365546,198389.8
2019-03-15,ACN,0.00015649704057980998,201537.65
2019-03-18,ACN,0.00015393852742444,205706.2
2019-03-19,ACN,0.000154320671537875,207312.5
2019-03-20,ACN,0.00015617327585883497,209305.9
2019-03-21,ACN,0.00015907184310677,209818.45
2019-03-22,ACN,0.00015832037681222,210818.15
2019-03-25,ACN,0.00016170166020331003,213335.2
2019-03-26,ACN,0.000165264634142475,217765.8
2019-03-27,ACN,0.00016563919304812502,219252.05
2019-03-28,ACN,0.00016809132875617998,226475.9
2019-03-29,ACN,0.00018281166979327998,241490.15
2019-04-01,ACN,0.000187803532919625,245855.4
2019-04-02,ACN,0.000186299391036535,248512.65
2019-04-03,ACN,0.000188482706554345,246625.8
2019-04-04,ACN,0.000188910245348295,245011.7
2019-04-05,ACN,0.000187953086319895,245839.35
2019-04-08,ACN,0.00018606831264466,244574.7
2019-04-09,ACN,0.0001849510341053,243096.6
2019-04-10,ACN,0.000183885963574745,240380.85
2019-04-11,ACN,0.00018284233488976,236755.9
2019-04-12,ACN,0.000183007227538055,230341.65
2019-04-15,ACN,0.00018187946033911,225951.8
2019-04-16,ACN,0.00017998851587384498,222221.2
2019-04-17,ACN,0.000178284529249665,219966.25
2019-04-18,ACN,0.000174900416484765,215984.65
2019-04-22,ACN,0.000175368420180635,210310.75
2019-04-23,ACN,0.00017018584411821998,207441.45
2019-04-24,ACN,0.000167475585519005,206025.75
2019-04-25,ACN,0.000164932873308805,201218.5
2019-04-26,ACN,0.00016188649195961001,189200.55
2019-04-29,ACN,0.000146371255340245,167683.55
2019-04-30,ACN,0.000142348582585485,157346.9
2019-05-01,ACN,0.00013940144740628998,150526.6
2019-05-02,ACN,0.00013857666401168001,148388.75
2019-05-03,ACN,0.00014079775675793,148177.65
2019-05-06,ACN,0.00014217744752415,152553.95
2019-05-07,ACN,0.00014655823899370498,156133.0
2019-05-08,ACN,0.00015342262943167,158915.3
2019-05-09,ACN,0.000159100142016945,161778.2
2019-05-10,ACN,0.0001653843624112,162873.3
2019-05-13,ACN,0.00017297719927163,166731.7
2019-05-14,ACN,0.00018089690566364998,168670.35
2019-05-15,ACN,0.00018482293428861502,172316.95
2019-05-16,ACN,0.00018947993507986,175144.6
2019-05-17,ACN,0.00019176128487089498,176960.0
2019-05-20,ACN,0.00019490232701445002,179546.8
2019-05-21,ACN,0.00019919092045455,183730.15
2019-05-22,ACN,0.00019940836558404,181519.8
2019-05-23,ACN,0.00020033948719109002,181638.8
2019-05-24,ACN,0.00020406205104015997,184677.25
2019-05-28,ACN,0.00020607420971743,188541.9
2019-05-29,ACN,0.00020652702584258504,191658.35
2019-05-30,ACN,0.00021089079050139498,193680.3
2019-05-31,ACN,0.00021025995553086997,193800.3
2019-06-03,ACN,0.000209199882884355,193590.5
2019-06-04,ACN,0.00021287179383071498,188751.8
2019-06-05,ACN,0.00021217301957865498,189763.85
2019-06-06,ACN,0.00020959792159983497,183958.45
2019-06-07,ACN,0.00020489382223926001,178317.95
2019-06-10,ACN,0.00020099993078031,179717.2
2019-06-11,ACN,0.00019225147802566,175688.15
2019-06-12,ACN,0.000186064832563215,173806.0
2019-06-13,ACN,0.000184072862466245,171235.0
2019-06-14,ACN,0.000180983746056185,164494.0
2019-06-17,ACN,0.000179346933789395,162302.85
2019-06-18,ACN,0.00017545640546416,159976.95
2019-06-19,ACN,0.00017507935108344999,157116.5
2019-06-20,ACN,0.000176561076391865,158313.1
2019-06-21,ACN,0.000177905981921795,160981.9
2019-06-24,ACN,0.000177989956016015,161403.8
2019-06-25,ACN,0.00017816380971145498,160497.2
2019-06-26,ACN,0.00017867916830029002,163664.05
2019-06-27,ACN,0.0001751553198136,168624.6
2019-06-28,ACN,0.00018130911589499,175118.6
2019-07-01,ACN,0.000182447721359745,175342.0
2019-07-02,ACN,0.000179246013143555,176680.5
2019-07-03,ACN,0.00017649401729559,174093.95
2019-07-05,ACN,0.000171966291566595,172833.65
2019-07-08,ACN,0.00017207277579775498,172776.2
2019-07-09,ACN,0.00017005145353529,168136.3
2019-07-10,ACN,0.000169952261500285,168663.9
2019-07-11,ACN,0.000167966950399205,167069.6
2019-07-12,ACN,0.00016735449714324002,167662.95
2019-07-15,ACN,0.000167904823271485,172297.5
2019-07-16,ACN,0.0001658923480229,170342.15
2019-07-17,ACN,0.000166040077074855,172794.25
2019-07-18,ACN,0.000161745160275145,171507.5
2019-07-19,ACN,0.00015860355359545,169433.45
2019-07-22,ACN,0.000156898480574325,167619.15
2019-07-23,ACN,0.000153898295176275,163832.0
2019-07-24,ACN,0.00015261417645486501,162911.55
2019-07-25,ACN,0.000150401061841595,159464.3
2019-07-26,ACN,0.00015079546894039,152444.35
2019-07-29,ACN,0.00014255023955602,144507.65
2019-07-30,ACN,0.00013919478889907,143464.0
2019-07-31,ACN,0.000138260528202465,141095.5
2019-08-01,ACN,0.00014239609904594,142943.9
2019-08-02,ACN,0.00015153235641175998,147313.55
2019-08-05,ACN,0.000156657430766845,150428.5
2019-08-06,ACN,0.00016649600065898,158221.8
2019-08-07,ACN,0.00017408046722691,160935.4
2019-08-08,ACN,0.000184580307845205,167686.35
2019-08-09,ACN,0.00018925772061218,170198.95
2019-08-12,ACN,0.00019259087442834998,168957.0
2019-08-13,ACN,0.00019846762527413997,171484.3
2019-08-14,ACN,0.000206269456590535,178801.55
2019-08-15,ACN,0.000214938736468645,184810.55
2019-08-16,ACN,0.00022338304836119999,189792.4
2019-08-19,ACN,0.00022750421518147004,193188.4
2019-08-20,ACN,0.00023025159278170998,195402.5
2019-08-21,ACN,0.00023264793140003,195569.1
2019-08-22,ACN,0.000234662603730005,194405.75
2019-08-23,ACN,0.00023727910162719498,193418.35
2019-08-26,ACN,0.000250030663214425,198985.3
2019-08-27,ACN,0.00025632526458700997,197940.2
2019-08-28,ACN,0.00025933764895072,197422.75
2019-08-29,ACN,0.000259485346023655,195628.65
2019-08-30,ACN,0.000256785687790955,192738.3
2019-09-03,ACN,0.00025273417191802,191342.1
2019-09-04,ACN,0.000248557320027625,185446.0
2019-09-05,ACN,0.000241102581387295,180698.5
2019-09-06,ACN,0.00023330778727130003,177730.8
2019-09-09,ACN,0.00023047556030468,177639.85
2019-09-10,ACN,0.00023050224744869998,182785.4
2019-09-11,ACN,0.000232954745120515,188569.1
2019-09-12,ACN,0.000231981643163955,187398.05
2019-09-13,ACN,0.00023051163301633502,183504.65
2019-09-16,ACN,0.00022790439508001,179578.0
2019-09-17,ACN,0.000225855152233485,174020.25
2019-09-18,ACN,0.00022687037023996502,171322.05
2019-09-19,ACN,0.00022700545603331003,169828.45
2019-09-20,ACN,0.00022675363300823,169218.6
2019-09-23,ACN,0.00022700277106933,170641.25
2019-09-24,ACN,0.00021626824342762,164940.85
2019-09-25,ACN,0.00021658187207901003,176132.55
2019-09-26,ACN,0.00021794292310840002,181092.05
2019-09-27,ACN,0.00022986052280404504,188944.8
2019-09-30,ACN,0.00023035363561954,191953.35
2019-10-01,ACN,0.00023262988548973003,192012.1
2019-10-02,ACN,0.00023175705320605498,191234.6
2019-10-03,ACN,0.000236952375795985,201884.5
2019-10-04,ACN,0.00024294860076618,205405.95
2019-10-07,ACN,0.0002442449687642,204264.5
2019-10-08,ACN,0.00024237011317454498,198681.95
2019-10-09,ACN,0.00024290192464203504,198452.65
2019-10-10,ACN,0.00023897007023776498,193604.5
2019-10-11,ACN,0.000236111374145565,198003.05
2019-10-14,ACN,0.00023763279827195997,203619.3
2019-10-15,ACN,0.000237415639360505,204391.6
2019-10-16,ACN,0.00023480280554016,209423.7
2019-10-17,ACN,0.0002365778651837,211677.9
2019-10-18,ACN,0.00023540631188656498,213467.7
2019-10-21,ACN,0.000235028231309105,218854.4
2019-10-22,ACN,0.000234833423134605,220405.7
2019-10-23,ACN,0.00023132782322890996,213788.3
2019-10-24,ACN,0.000227987317568035,210542.1
2019-10-25,ACN,0.000213861249843725,204504.1
2019-10-28,ACN,0.00021185741297658997,202781.3
2019-10-29,ACN,0.00020972792716834497,202715.4
2019-10-30,ACN,0.00020764030707381,204959.3
2019-10-31,ACN,0.00020548809826623503,194796.8
2019-11-01,ACN,0.00020149473211710997,186783.45
2019-11-04,ACN,0.000201329985216325,185887.3
2019-11-05,ACN,0.000199606117646435,184338.1
2019-11-06,ACN,0.00019366510998964,178593.2
2019-11-07,ACN,0.00019382309360358,176991.25
2019-11-08,ACN,0.00019320976578932,169653.75
2019-11-11,ACN,0.00018939453266029,161706.2
2019-11-12,ACN,0.00018756246845974499,160725.5
2019-11-13,ACN,0.00018680957247141496,159249.65
2019-11-14,ACN,0.00018512249084643,159743.9
2019-11-15,ACN,0.00018561269151869,158844.6
2019-11-18,ACN,0.000186131017929145,154055.6
2019-11-19,ACN,0.00018524107234876,158259.35
2019-11-20,ACN,0.00018355189945734,152930.3
2019-11-21,ACN,0.00018321516427929001,150677.9
2019-11-22,ACN,0.00018450442084509,148541.0
2019-11-25,ACN,0.000183322312580825,145931.3
2019-11-26,ACN,0.000181258708461855,145857.85
2019-11-27,ACN,0.00017850572856661998,144274.0
2019-11-29,ACN,0.00017562211908357002,142256.6
2019-12-02,ACN,0.0001713620735899,139952.65
2019-12-03,ACN,0.00017113898161366003,135900.9
2019-12-04,ACN,0.00017446437592622,135569.4
2019-12-05,ACN,0.00017329669309621999,129974.65
2019-12-06,ACN,0.000171291055868455,130106.25
2019-12-09,ACN,0.00016789598272705998,128032.6
2019-12-10,ACN,0.00016630045667102503,129753.1
2019-12-11,ACN,0.00016763724819774,131484.65
2019-12-12,ACN,0.00016773150104889,131559.75
2019-12-13,ACN,0.000170625977103075,130577.1
2019-12-16,ACN,0.000172398504728395,130498.15
2019-12-17,ACN,0.00017197222330975,131057.95
2019-12-18,ACN,0.000173692791843095,130919.65
2019-12-19,ACN,0.000174836895862785,135562.15
2019-12-20,ACN,0.000182922135671405,138198.1
2019-12-23,ACN,0.00018679196405206,141766.2
2019-12-24,ACN,0.00018632890071708,144838.4
2019-12-26,ACN,0.000184644714250115,138307.35
2019-12-27,ACN,0.000182537771165097,133307.2
2019-01-31,ADBE,0.00032960042281813,403810.15
2019-02-01,ADBE,0.00031704359653548,417279.05
2019-02-04,ADBE,0.00030373807108010503,406899.6
2019-02-05,ADBE,0.00029536728765458,411428.4
2019-02-06,ADBE,0.00028296248734349997,413416.85
2019-02-07,ADBE,0.00027818667365966,407268.0
2019-02-08,ADBE,0.00028801726117762,422538.8
2019-02-11,ADBE,0.00028515803457375,419827.7
2019-02-12,ADBE,0.000284889171831535,418518.65
2019-02-13,ADBE,0.00028020314054087,420873.15
2019-02-14,ADBE,0.00027552154698253,410224.3
2019-02-15,ADBE,0.00027451408141829995,405792.85
2019-02-19,ADBE,0.00027076756821705,402710.65
2019-02-20,ADBE,0.0002638395105679,394306.45
2019-02-21,ADBE,0.00025897831499355,395024.1
2019-02-22,ADBE,0.000255682576248085,395634.25
2019-02-25,ADBE,0.000250437138723315,393880.05
2019-02-26,ADBE,0.000247699708580575,377773.75
2019-02-27,ADBE,0.00024457754447324,379437.45
2019-02-28,ADBE,0.000242727941186245,380560.7
2019-03-01,ADBE,0.00024094323878779,381310.5
2019-03-04,ADBE,0.00023878295910453997,367244.5
2019-03-05,ADBE,0.00024189065599006,370598.8
2019-03-06,ADBE,0.00024257858512736504,361699.5
2019-03-07,ADBE,0.00024472570667322,356155.8
2019-03-08,ADBE,0.00024489378632297,354877.5
2019-03-11,ADBE,0.00024551238083266003,353749.15
2019-03-12,ADBE,0.00024564788949082,357957.3
2019-03-13,ADBE,0.0002448250480071,355474.25
2019-03-14,ADBE,0.00024669732485550495,365034.4
2019-03-15,ADBE,0.000246831241930725,377861.15
2019-03-18,ADBE,0.000259667402682765,418702.65
2019-03-19,ADBE,0.00026142168433422,430804.65
2019-03-20,ADBE,0.000263382061601545,443438.9
2019-03-21,ADBE,0.00026473572438078495,449174.55
2019-03-22,ADBE,0.00026288899977358496,451158.6
2019-03-25,ADBE,0.00026616295280077997,462303.75
2019-03-26,ADBE,0.000271378891167305,470818.8
2019-03-27,ADBE,0.000272211268455895,473876.85
2019-03-28,ADBE,0.000276198360582785,475063.2
2019-03-29,ADBE,0.00027552382420394496,473495.15
2019-04-01,ADBE,0.000274446230492765,472039.75
2019-04-02,ADBE,0.00027048168117649004,472925.05
2019-04-03,ADBE,0.000269284467501445,469420.3
2019-04-04,ADBE,0.00026773815523669996,469670.45
2019-04-05,ADBE,0.00026693319974859994,476319.85
2019-04-08,ADBE,0.000263769181736265,480021.0
2019-04-09,ADBE,0.0002619837348589,476160.6
2019-04-10,ADBE,0.00025875425684857,470028.75
2019-04-11,ADBE,0.00025666634025992,455775.65
2019-04-12,ADBE,0.00025479127929121996,441080.7
2019-04-15,ADBE,0.000238505615305425,402500.3
2019-04-16,ADBE,0.00023411643932245,386090.25
2019-04-17,ADBE,0.00023298786583471,370448.75
2019-04-18,ADBE,0.00023291021741998,361004.3
2019-04-22,ADBE,0.000234567193326335,359745.75
2019-04-23,ADBE,0.00022795068605283502,346869.7
2019-04-24,ADBE,0.00022261074538276502,346252.45
2019-04-25,ADBE,0.00021998381663921002,339246.85
2019-04-26,ADBE,0.00021861239559537002,334845.5
2019-04-29,ADBE,0.00021754917111365004,334621.35
2019-04-30,ADBE,0.000221336707460485,345885.65
2019-05-01,ADBE,0.000221593070614425,341305.3
2019-05-02,ADBE,0.00022287059849185998,341712.7
2019-05-03,ADBE,0.00022718471774531502,342999.45
2019-05-06,ADBE,0.00022588640480116,336276.3
2019-05-07,ADBE,0.00023010942142132502,330564.3
2019-05-08,ADBE,0.00023786755748028,337917.5
2019-05-09,ADBE,0.00024411130128504,337628.05
2019-05-10,ADBE,0.000253354497245385,339264.15
2019-05-13,ADBE,0.00026226573500623,344240.6
2019-05-14,ADBE,0.000272665497916485,352290.8
2019-05-15,ADBE,0.000278737981753415,353699.7
2019-05-16,ADBE,0.000284488955221505,357189.15
2019-05-17,ADBE,0.00028340498252066505,357700.55
2019-05-20,ADBE,0.00028532034562849,359360.7
2019-05-21,ADBE,0.00029306232458122005,363897.15
2019-05-22,ADBE,0.000294701160882055,357540.2
2019-05-23,ADBE,0.0002963181684953,359612.4
2019-05-24,ADBE,0.000297964158721695,365901.4
2019-05-28,ADBE,0.00030040941602935497,365546.7
2019-05-29,ADBE,0.000298748098725645,355187.8
2019-05-30,ADBE,0.000302515177927895,350544.75
2019-05-31,ADBE,0.000301652131306185,348073.75
2019-06-03,ADBE,0.000298893085923165,347935.6
2019-06-04,ADBE,0.00030725022963472,356159.25
2019-06-05,ADBE,0.000308613291424175,364818.25
2019-06-06,ADBE,0.000306192132659355,356983.95
2019-06-07,ADBE,0.000303585699545235,360649.65
2019-06-10,ADBE,0.00029690609331296,364506.45
2019-06-11,ADBE,0.000292393019254395,363405.55
2019-06-12,ADBE,0.00028749288105728505,361779.4
2019-06-13,ADBE,0.00028619061037175,359368.55
2019-06-14,ADBE,0.000283610948304175,354106.8
2019-06-17,ADBE,0.000284507330959545,352013.0
2019-06-18,ADBE,0.000280697951893755,349957.8
2019-06-19,ADBE,0.00027769526640606,353707.35
2019-06-20,ADBE,0.00028667550395022,389942.2
2019-06-21,ADBE,0.00029055462301581,403185.8
2019-06-24,ADBE,0.00028611764140277,403171.9
2019-06-25,ADBE,0.000283054105642135,404277.25
2019-06-26,ADBE,0.000283686585579615,419084.25
2019-06-27,ADBE,0.00028144373177253496,425865.75
2019-06-28,ADBE,0.00028112555314868,429095.0
2019-07-01,ADBE,0.000279304826793895,425624.6
2019-07-02,ADBE,0.00027164728989675,423257.3
2019-07-03,ADBE,0.00026327701588047995,418022.95
2019-07-05,ADBE,0.000255314644355765,416015.4
2019-07-08,ADBE,0.00025434778665921,418390.15
2019-07-09,ADBE,0.00025281177183011,419183.65
2019-07-10,ADBE,0.00024780630614985,416243.5
2019-07-11,ADBE,0.000243985305588185,411655.75
2019-07-12,ADBE,0.00024053716401512497,415071.4
2019-07-15,ADBE,0.00023772386468055997,414573.2
2019-07-16,ADBE,0.000234741184684845,407586.7
2019-07-17,ADBE,0.000233670866944455,408985.45
2019-07-18,ADBE,0.0002310987064009,401709.1
2019-07-19,ADBE,0.000219975202220655,362324.0
2019-07-22,ADBE,0.00021655531041968502,350686.85
2019-07-23,ADBE,0.00021546967464994497,340663.5
2019-07-24,ADBE,0.00021564493354795001,338400.25
2019-07-25,ADBE,0.00021057972578569496,320270.8
2019-07-26,ADBE,0.0002092891034014,312002.65
2019-07-29,ADBE,0.000207000139125225,306818.65
2019-07-30,ADBE,0.00020971068996659,308747.65
2019-07-31,ADBE,0.00020825764424219,305979.15
2019-08-01,ADBE,0.00021503446812929503,311874.15
2019-08-02,ADBE,0.000226609017845405,323795.2
2019-08-05,ADBE,0.00023325902509192,331352.1
2019-08-06,ADBE,0.00024827250600321,340537.3
2019-08-07,ADBE,0.000255420796180885,345850.5
2019-08-08,ADBE,0.00026419075642799997,348858.15
2019-08-09,ADBE,0.00026828957640546004,350678.65
2019-08-12,ADBE,0.00027417926711569,351877.7
2019-08-13,ADBE,0.00027807384047798,354309.95
2019-08-14,ADBE,0.00028645967822155496,355965.8
2019-08-15,ADBE,0.00029397715480832,358968.2
2019-08-16,ADBE,0.00030247743569207497,364157.15
2019-08-19,ADBE,0.00030265503608692,362149.8
2019-08-20,ADBE,0.00030173476318085,365088.15
2019-08-21,ADBE,0.00030236950920841,364931.3
2019-08-22,ADBE,0.00030389302985650503,364933.45
2019-08-23,ADBE,0.000304763183896825,366229.6
2019-08-26,ADBE,0.00031776917789843,377560.0
2019-08-27,ADBE,0.000318305381606485,372351.05
2019-08-28,ADBE,0.000321055465909655,363739.4
2019-08-29,ADBE,0.00031967735055165003,364917.2
2019-08-30,ADBE,0.00031358930751772,358060.75
2019-09-03,ADBE,0.00030658511936243005,348626.7
2019-09-04,ADBE,0.00029680165554848504,333020.15
2019-09-05,ADBE,0.00028990781975547,326238.65
2019-09-06,ADBE,0.00028305233298175003,328977.4
2019-09-09,ADBE,0.000279561603244675,329666.3
2019-09-10,ADBE,0.00027836257079038,340894.8
2019-09-11,ADBE,0.000283947142962715,351539.55
2019-09-12,ADBE,0.00028231743102078,350863.2
2019-09-13,ADBE,0.000279958416034875,356788.05
2019-09-16,ADBE,0.00027450602102081003,353232.1
2019-09-17,ADBE,0.00027462476399884,355475.75
2019-09-18,ADBE,0.000277261026777625,367483.0
2019-09-19,ADBE,0.00028664762277409,386712.6
2019-09-20,ADBE,0.00028901323684393,399938.2
2019-09-23,ADBE,0.00028887508193514,410634.3
2019-09-24,ADBE,0.00027896376977853,401213.6
2019-09-25,ADBE,0.00028102931049894505,409935.95
2019-09-26,ADBE,0.000283112689191955,420054.95
2019-09-27,ADBE,0.000282407682186135,425773.8
2019-09-30,ADBE,0.000284349778650335,429907.15
2019-10-01,ADBE,0.000284290614740985,439351.65
2019-10-02,ADBE,0.00028247812038563003,446660.0
2019-10-03,ADBE,0.000287434179246405,463460.35
2019-10-04,ADBE,0.000290984548015715,466696.15
2019-10-07,ADBE,0.000293645097952385,470557.55
2019-10-08,ADBE,0.00029076128245579503,459954.25
2019-10-09,ADBE,0.000288946911074745,456896.3
2019-10-10,ADBE,0.00028450199249266,450520.55
2019-10-11,ADBE,0.00028050238854475504,437232.35
2019-10-14,ADBE,0.000280336291598465,438464.65
2019-10-15,ADBE,0.00027630824763951996,432883.6
2019-10-16,ADBE,0.00027300790430793504,421709.9
2019-10-17,ADBE,0.000267464806664615,414243.4
2019-10-18,ADBE,0.00026606343348025503,408723.3
2019-10-21,ADBE,0.000266315960613485,414971.95
2019-10-22,ADBE,0.000265372491834155,419664.05
2019-10-23,ADBE,0.00026106941221969,423107.65
2019-10-24,ADBE,0.00025894730260938,427322.95
2019-10-25,ADBE,0.00025757201337191,426253.35
2019-10-28,ADBE,0.00025366153411816004,418976.8
2019-10-29,ADBE,0.000251228944777965,413988.7
2019-10-30,ADBE,0.00024781644441187003,408803.45
2019-10-31,ADBE,0.000245111984410685,399783.4
2019-11-01,ADBE,0.000239849768421235,396893.3
2019-11-04,ADBE,0.00023721890115527,398533.45
2019-11-05,ADBE,0.00023624960789028998,404318.4
2019-11-06,ADBE,0.000236457632729775,420548.05
2019-11-07,ADBE,0.00023717809867553497,428030.4
2019-11-08,ADBE,0.00023639866764038498,437043.25
2019-11-11,ADBE,0.000234103402834915,435992.7
2019-11-12,ADBE,0.000235770292401025,440928.95
2019-11-13,ADBE,0.00023760039478359,445072.25
2019-11-14,ADBE,0.00023234078813337997,431452.1
2019-11-15,ADBE,0.00023064630407196497,423511.45
2019-11-18,ADBE,0.000226574178606375,406183.05
2019-11-19,ADBE,0.00022530514774557004,399276.7
2019-11-20,ADBE,0.00022253823401540497,388652.75
2019-11-21,ADBE,0.00022081031149995,378731.7
2019-11-22,ADBE,0.00021867716988035,364844.0
2019-11-25,ADBE,0.00021670504318163498,363277.45
2019-11-26,ADBE,0.00021581744034615498,358397.05
2019-11-27,ADBE,0.00021593011166701,359260.2
2019-11-29,ADBE,0.00021226557528192,350106.1
2019-12-02,ADBE,0.000206456584368115,338889.1
2019-12-03,ADBE,0.000212271966782725,334958.35
2019-12-04,ADBE,0.00021510640080683998,328498.75
2019-12-05,ADBE,0.00020940689587087502,306066.3
2019-12-06,ADBE,0.000207054732631915,300096.6
2019-12-09,ADBE,0.00020706515394870996,294167.35
2019-12-10,ADBE,0.000206068951349455,299604.35
2019-12-11,ADBE,0.000205224241992725,302942.15
2019-12-12,ADBE,0.00020463289146594498,304950.4
2019-12-13,ADBE,0.000207551926155875,307833.15
2019-12-16,ADBE,0.00021742906471685497,328467.4
2019-12-17,ADBE,0.00021851227890789501,335583.95
2019-12-18,ADBE,0.00021857438947863998,339726.4
2019-12-19,ADBE,0.00021674596800292002,338702.65
2019-12-20,ADBE,0.00021140120787523504,339967.05
2019-12-23,ADBE,0.000210194981329245,345091.45
2019-12-24,ADBE,0.000207435720397895,344490.95
2019-12-26,ADBE,0.00020378372290279998,335589.5
2019-12-27,ADBE,0.00019908640557984503,327710.7
2019-01-31,ADI,0.000319832329367165,448137.05
2019-02-01,ADI,0.000315162483301515,443721.25
2019-02-04,ADI,0.00030394925324446996,440683.15
2019-02-05,ADI,0.00029800661285120497,431542.35
2019-02-06,ADI,0.000294308263806315,428177.25
2019-02-07,ADI,0.00029075773266287497,422910.35
2019-02-08,ADI,0.00029789740295301,448230.8
2019-02-11,ADI,0.00029839952666834,452101.75
2019-02-12,ADI,0.000296522480672895,446522.65
2019-02-13,ADI,0.00029311390605570996,455481.4
2019-02-14,ADI,0.000292359525675595,459318.75
2019-02-15,ADI,0.000294511220790245,468873.55
2019-02-19,ADI,0.000292563111096915,469347.85
2019-02-20,ADI,0.000286124803074925,478186.05
2019-02-21,ADI,0.00029248512895101,491102.0
2019-02-22,ADI,0.00028982023217720497,504441.45
2019-02-25,ADI,0.00027824137886155,481544.1
2019-02-26,ADI,0.000273510894001105,479243.25
2019-02-27,ADI,0.00026768703133990996,481926.55
2019-02-28,ADI,0.000265226158924265,480876.9
2019-03-01,ADI,0.000260319102532865,474603.15
2019-03-04,ADI,0.00025741924307644997,477797.35
2019-03-05,ADI,0.0002568538964531,470476.95
2019-03-06,ADI,0.000254832497035575,465674.95
2019-03-07,ADI,0.00025314441960088,465513.35
2019-03-08,ADI,0.00025061226385706504,460340.55
2019-03-11,ADI,0.00024602454157948,457935.6
2019-03-12,ADI,0.00024311389384758502,457255.05
2019-03-13,ADI,0.00024067607283113,457982.55
2019-03-14,ADI,0.00023750008449392003,445234.05
2019-03-15,ADI,0.00023443742836806502,442728.25
2019-03-18,ADI,0.00023191129843363502,441264.55
2019-03-19,ADI,0.00023002566479892998,434880.9
2019-03-20,ADI,0.00023051569751637003,412734.7
2019-03-21,ADI,0.00022177667735123998,397703.55
2019-03-22,ADI,0.00022088696919946997,392754.25
2019-03-25,ADI,0.000222236654613945,397660.9
2019-03-26,ADI,0.000224333656842145,389425.75
2019-03-27,ADI,0.00022654852704920002,390208.5
2019-03-28,ADI,0.00023042030625929,394860.2
2019-03-29,ADI,0.00023161149238949,407468.05
2019-04-01,ADI,0.00023281419773757498,397588.45
2019-04-02,ADI,0.00023448379232301003,411465.9
2019-04-03,ADI,0.00023552059508936501,410919.65
2019-04-04,ADI,0.00023572751249544504,411316.45
2019-04-05,ADI,0.00023281107974039498,406819.85
2019-04-08,ADI,0.00023023217714792003,395693.35
2019-04-09,ADI,0.000227281429425925,392661.25
2019-04-10,ADI,0.000226763518147695,386548.65
2019-04-11,ADI,0.000226460158680815,386623.75
2019-04-12,ADI,0.00022827240377157497,381693.15
2019-04-15,ADI,0.000225532139419475,373332.1
2019-04-16,ADI,0.000223756227588105,372507.75
2019-04-17,ADI,0.00022365836281434,374324.05
2019-04-18,ADI,0.00022163528941395502,371669.3
2019-04-22,ADI,0.00022255406384972002,358638.55
2019-04-23,ADI,0.00021897745155167,355910.0
2019-04-24,ADI,0.00021440465572132502,355240.55
2019-04-25,ADI,0.00021680659929386,366575.5
2019-04-26,ADI,0.00021575436777399002,366344.3
2019-04-29,ADI,0.000219113894053595,359334.65
2019-04-30,ADI,0.000217178938802075,361616.4
2019-05-01,ADI,0.00021495353709015999,351405.2
2019-05-02,ADI,0.00021629009943533497,348505.1
2019-05-03,ADI,0.00021899640403836,347105.2
2019-05-06,ADI,0.00021923711570810003,352066.5
2019-05-07,ADI,0.00022285136314044,357745.35
2019-05-08,ADI,0.00023381051933166002,366487.8
2019-05-09,ADI,0.00024136652619752503,377991.15
2019-05-10,ADI,0.000253912596224195,388640.85
2019-05-13,ADI,0.000261680795641305,400483.55
2019-05-14,ADI,0.000275512348409565,424160.2
2019-05-15,ADI,0.000283303528968445,429563.4
2019-05-16,ADI,0.000289324728882935,428833.3
2019-05-17,ADI,0.00029677235887351,444251.3
2019-05-20,ADI,0.00030484437114477,470754.65
2019-05-21,ADI,0.00031881634787733,483003.15
2019-05-22,ADI,0.0003312730828426,495129.95
2019-05-23,ADI,0.000343894339464675,503353.85
2019-05-24,ADI,0.00035146153113468497,508284.15
2019-05-28,ADI,0.00035039491578123,511770.4
2019-05-29,ADI,0.00035438083710856,514676.7
2019-05-30,ADI,0.000360401324916155,522687.7
2019-05-31,ADI,0.000363288947109575,532479.6
2019-06-03,ADI,0.00036593846719397497,535229.95
2019-06-04,ADI,0.000375692924937025,537237.1
2019-06-05,ADI,0.000378419555040775,551597.8
2019-06-06,ADI,0.00037696284667577994,543000.7
2019-06-07,ADI,0.000373285024657485,531537.55
2019-06-10,ADI,0.00036471590755845996,522242.95
2019-06-11,ADI,0.00036628133823005,530095.9
2019-06-12,ADI,0.00035994272720898,511702.3
2019-06-13,ADI,0.000357275358757275,503500.4
2019-06-14,ADI,0.00035477234443436997,499284.55
2019-06-17,ADI,0.00035106891886226,483504.1
2019-06-18,ADI,0.00034136415061859,462573.6
2019-06-19,ADI,0.000336141208248895,459404.55
2019-06-20,ADI,0.00033071648961956505,445357.4
2019-06-21,ADI,0.000318934705088785,418832.6
2019-06-24,ADI,0.000311994831281555,413272.3
2019-06-25,ADI,0.000310686946259935,408075.0
2019-06-26,ADI,0.000309440199014695,408391.1
2019-06-27,ADI,0.00030602087541463,406874.55
2019-06-28,ADI,0.00030097466453645,400507.95
2019-07-01,ADI,0.000295031924755955,400765.65
2019-07-02,ADI,0.00029176183030411504,402177.1
2019-07-03,ADI,0.00028866752132468497,385031.15
2019-07-05,ADI,0.00027903425491894506,379454.0
2019-07-08,ADI,0.000275792215105535,376261.05
2019-07-09,ADI,0.000274182186136515,371548.35
2019-07-10,ADI,0.000264811236793615,356615.9
2019-07-11,ADI,0.000260575809427925,353465.95
2019-07-12,ADI,0.000257476170468215,353099.15
2019-07-15,ADI,0.00025516556668867495,360166.8
2019-07-16,ADI,0.00025048075895734497,352841.15
2019-07-17,ADI,0.000254643884936785,354770.45
2019-07-18,ADI,0.00025031076092067,344349.85
2019-07-19,ADI,0.00024711569370213497,343628.35
2019-07-22,ADI,0.000244533544519145,340902.9
2019-07-23,ADI,0.000240515320745185,333317.25
2019-07-24,ADI,0.00023766986008885997,336678.8
2019-07-25,ADI,0.00024174900212350003,348389.2
2019-07-26,ADI,0.00024368754913112997,342262.0
2019-07-29,ADI,0.00024300360610811004,338531.45
2019-07-30,ADI,0.000244243404849705,334536.7
2019-07-31,ADI,0.00023842136423756497,322456.8
2019-08-01,ADI,0.000244998296081635,327793.1
2019-08-02,ADI,0.00026030125514707,345316.2
2019-08-05,ADI,0.000270540872304435,359976.15
2019-08-06,ADI,0.000276686621716375,374420.2
2019-08-07,ADI,0.000286089486230415,376001.7
2019-08-08,ADI,0.000295008224825645,378229.4
2019-08-09,ADI,0.000300034508430735,381508.1
2019-08-12,ADI,0.00030662493455548,377737.75
2019-08-13,ADI,0.00031242833466655,385191.4
2019-08-14,ADI,0.00031687485493674995,388842.65
2019-08-15,ADI,0.00032372945634116503,386637.25
2019-08-16,ADI,0.000329561958806795,383001.2
2019-08-19,ADI,0.00033194422771395504,389148.25
2019-08-20,ADI,0.00033312568217965,396176.55
2019-08-21,ADI,0.00033582160697817,394399.9
2019-08-22,ADI,0.000343389990545235,387216.7
2019-08-23,ADI,0.00034379110686092503,388905.25
2019-08-26,ADI,0.00035835320178473996,413041.1
2019-08-27,ADI,0.000361675486811965,413507.8
2019-08-28,ADI,0.00036508590747599503,422335.35
2019-08-29,ADI,0.000359557762554465,416347.8
2019-08-30,ADI,0.00034866882505476,405117.7
2019-09-03,ADI,0.00034089354801483,392590.1
2019-09-04,ADI,0.000339606997998445,389865.3
2019-09-05,ADI,0.00033194277452163503,380682.4
2019-09-06,ADI,0.00032454067436981,383833.65
2019-09-09,ADI,0.000321015561274115,379683.0
2019-09-10,ADI,0.0003144242080894,375233.35
2019-09-11,ADI,0.00030852515011774,373931.55
2019-09-12,ADI,0.000303212046264435,369563.0
2019-09-13,ADI,0.000300797194456125,374597.4
2019-09-16,ADI,0.00029330114682347004,370488.05
2019-09-17,ADI,0.000289606646825105,358125.0
2019-09-18,ADI,0.00028740718340853,348136.4
2019-09-19,ADI,0.00028707759398773,336287.05
2019-09-20,ADI,0.00027283343669887,326995.6
2019-09-23,ADI,0.000273175336896,323522.1
2019-09-24,ADI,0.00026126231158723004,301176.05
2019-09-25,ADI,0.00026383790842231,308644.15
2019-09-26,ADI,0.00026416767261361996,303329.55
2019-09-27,ADI,0.00026346889738064,297876.3
2019-09-30,ADI,0.00026745287948183496,294796.4
2019-10-01,ADI,0.000266658854176625,299347.45
2019-10-02,ADI,0.000267184317224125,303667.25
2019-10-03,ADI,0.00027197431427241,308207.0
2019-10-04,ADI,0.00027669754694367,301558.95
2019-10-07,ADI,0.00027824620912657,305389.55
2019-10-08,ADI,0.0002809965244754,312213.8
2019-10-09,ADI,0.000290859066769235,323839.1
2019-10-10,ADI,0.000293341296749105,320133.8
2019-10-11,ADI,0.00029069341853983,316932.4
2019-10-14,ADI,0.00029750407954979495,330582.95
2019-10-15,ADI,0.00029649388014986,335122.7
2019-10-16,ADI,0.00029706784444505005,342155.3
2019-10-17,ADI,0.00029685634349988995,351899.75
2019-10-18,ADI,0.0002989751034351,349073.85
2019-10-21,ADI,0.00029439757992220505,341104.3
2019-10-22,ADI,0.00029149856325868,336579.9
2019-10-23,ADI,0.0002853443407329,328060.05
2019-10-24,ADI,0.00028800720830684504,343900.95
2019-10-25,ADI,0.00028876105244897497,357236.2
2019-10-28,ADI,0.00028369631304994,359801.2
2019-10-29,ADI,0.000282209447641215,357922.0
2019-10-30,ADI,0.00027681934151731495,347459.7
2019-10-31,ADI,0.000275591130731195,350830.05
2019-11-01,ADI,0.00027160180704446,361186.35
2019-11-04,ADI,0.000270336359662445,365917.0
2019-11-05,ADI,0.00026913016938482,365509.0
2019-11-06,ADI,0.00026090020730972494,357899.15
2019-11-07,ADI,0.00025833456626130996,359123.9
2019-11-08,ADI,0.00025509866238889497,354981.15
2019-11-11,ADI,0.00024736762803561496,339061.0
2019-11-12,ADI,0.000245576700971615,337450.2
2019-11-13,ADI,0.00024376146540005497,329197.8
2019-11-14,ADI,0.00024254554899661002,323829.0
2019-11-15,ADI,0.000239241836261995,322057.85
2019-11-18,ADI,0.00023710195930635,324119.7
2019-11-19,ADI,0.00023713119887933,325292.4
2019-11-20,ADI,0.00023658007298593,325144.65
2019-11-21,ADI,0.00023414488571698,318014.7
2019-11-22,ADI,0.000232877492184195,312157.75
2019-11-25,ADI,0.000230893252807735,312371.3
2019-11-26,ADI,0.00023128546539263997,319235.4
2019-11-27,ADI,0.00025105934887399,340097.4
2019-11-29,ADI,0.000250715008479755,344794.5
2019-12-02,ADI,0.000248373985501735,328518.35
2019-12-03,ADI,0.00024966052445017997,324193.4
2019-12-04,ADI,0.00025058049187126,323934.8
2019-12-05,ADI,0.00024980683838298,328253.75
2019-12-06,ADI,0.000247743574785145,333918.6
2019-12-09,ADI,0.000245437523900795,338573.05
2019-12-10,ADI,0.00024374768890758503,338411.35
2019-12-11,ADI,0.00024383811202576496,340739.25
2019-12-12,ADI,0.00024546578547828,345687.6
2019-12-13,ADI,0.00025066978848384497,354129.7
2019-12-16,ADI,0.00025581558689729,360467.1
2019-12-17,ADI,0.000255390092070065,358950.95
2019-12-18,ADI,0.00025442558894807,359681.15
2019-12-19,ADI,0.00025382616840194,369893.45
2019-12-20,ADI,0.00024745541107968,358465.0
2019-12-23,ADI,0.00024626814138092,356789.2
2019-12-24,ADI,0.00024493220506761995,350502.75
2019-12-26,ADI,0.000239761993302495,331847.65
2019-12-27,ADI,0.00021431597471638502,299420.4
2019-01-31,ADM,0.0002418934688200645,261658.0
2019-02-01,ADM,0.00023715405368954454,263777.85
2019-02-04,ADM,0.00022956817596363451,262602.85
2019-02-05,ADM,0.0002222856503374445,265108.15
2019-02-06,ADM,0.00023287888469689452,299781.2
2019-02-07,ADM,0.00023538065907817955,309644.55
2019-02-08,ADM,0.00024471323264994003,331771.25
2019-02-11,ADM,0.000246215668511405,340810.95
2019-02-12,ADM,0.00024437693206187,341417.9
2019-02-13,ADM,0.000242804410694005,342571.5
2019-02-14,ADM,0.00024152858861482997,340097.05
2019-02-15,ADM,0.000238612256541945,335165.4
2019-02-19,ADM,0.00023468599803015499,335222.5
2019-02-20,ADM,0.00023143308800759998,341719.55
2019-02-21,ADM,0.00023278258810050496,345442.3
2019-02-22,ADM,0.00023439318383730497,355177.8
2019-02-25,ADM,0.00023539117387783997,361098.15
2019-02-26,ADM,0.00023441827466289498,364842.5
2019-02-27,ADM,0.00023278249005706,359652.85
2019-02-28,ADM,0.000232662344758165,364025.0
2019-03-01,ADM,0.000228860087215455,360250.45
2019-03-04,ADM,0.000227109581046285,357360.3
2019-03-05,ADM,0.00022725336845602504,360090.45
2019-03-06,ADM,0.00022831521019254,354800.8
2019-03-07,ADM,0.000211855265473185,318169.6
2019-03-08,ADM,0.00020679942360127,308767.95
2019-03-11,ADM,0.00020362002790254,298921.6
2019-03-12,ADM,0.000198982172512815,287127.25
2019-03-13,ADM,0.00019743235283373002,290327.85
2019-03-14,ADM,0.000196820814471085,291401.95
2019-03-15,ADM,0.00019529188066862998,297049.2
2019-03-18,ADM,0.000199517046577355,305421.65
2019-03-19,ADM,0.00020241543249930002,309457.15
2019-03-20,ADM,0.00020242989714560998,309789.0
2019-03-21,ADM,0.00020102000106146,311572.7
2019-03-22,ADM,0.0002011295667879,303439.45
2019-03-25,ADM,0.000199307751551615,299713.8
2019-03-26,ADM,0.00019963385951696,300855.7
2019-03-27,ADM,0.000199970055113715,305242.15
2019-03-28,ADM,0.000201108430951965,307086.4
2019-03-29,ADM,0.00020029233543033,308530.05
2019-04-01,ADM,0.000201395703213335,308334.9
2019-04-02,ADM,0.000199252222145105,305654.9
2019-04-03,ADM,0.00019804335437638502,309903.5
2019-04-04,ADM,0.00019738366175638998,311003.05
2019-04-05,ADM,0.00019575479272200997,310842.0
2019-04-08,ADM,0.00019518484881934,307860.5
2019-04-09,ADM,0.00019403372344401,306207.85
2019-04-10,ADM,0.00019412513652151001,304689.7
2019-04-11,ADM,0.00019439059788078,304071.95
2019-04-12,ADM,0.00019359554257717,295361.85
2019-04-15,ADM,0.00018844735643622998,281961.75
2019-04-16,ADM,0.000183847627791885,270792.85
2019-04-17,ADM,0.000182617032008755,259694.7
2019-04-18,ADM,0.00017829549437767,245848.2
2019-04-22,ADM,0.00017455646455505501,240586.6
2019-04-23,ADM,0.0001715315837193,234234.25
2019-04-24,ADM,0.000171260637995785,230595.15
2019-04-25,ADM,0.00017049905799558,227001.9
2019-04-26,ADM,0.000171617970771115,235195.85
2019-04-29,ADM,0.00018748520617163498,260322.75
2019-04-30,ADM,0.00020048505784382497,280805.4
2019-05-01,ADM,0.00020606809742433003,293001.8
2019-05-02,ADM,0.00021023962775202498,299875.5
2019-05-03,ADM,0.000214479163121045,308290.25
2019-05-06,ADM,0.00021488937485917003,307944.35
2019-05-07,ADM,0.00021731030873708502,311601.15
2019-05-08,ADM,0.00022164991612247002,323624.75
2019-05-09,ADM,0.00022760881461159,329499.65
2019-05-10,ADM,0.00023148977393516002,327607.2
2019-05-13,ADM,0.00023593260415629504,335116.35
2019-05-14,ADM,0.000241223091109615,349605.9
2019-05-15,ADM,0.00024701482750318,358189.3
2019-05-16,ADM,0.0002494700817683,364282.55
2019-05-17,ADM,0.00025167159113914997,370849.25
2019-05-20,ADM,0.000255101270065165,377978.9
2019-05-21,ADM,0.000257197406444245,381713.7
2019-05-22,ADM,0.00025914589605784496,390244.55
2019-05-23,ADM,0.00025978357964581,389857.25
2019-05-24,ADM,0.00026204972137452,386096.55
2019-05-28,ADM,0.00024746643040403,368157.55
2019-05-29,ADM,0.00023563917331592498,355216.8
2019-05-30,ADM,0.000234567158795805,346540.15
2019-05-31,ADM,0.00023319888797710499,335451.8
2019-06-03,ADM,0.00023337651329222498,331154.55
2019-06-04,ADM,0.000236938050163845,334850.2
2019-06-05,ADM,0.00023693337342657497,335727.7
2019-06-06,ADM,0.00023735847094679996,329336.3
2019-06-07,ADM,0.00023388936825836,321125.55
2019-06-10,ADM,0.00023090884554213,319229.75
2019-06-11,ADM,0.00022907582668793,314507.05
2019-06-12,ADM,0.00022469605572474,300953.2
2019-06-13,ADM,0.00022268332449358,301268.9
2019-06-14,ADM,0.00022257812350080498,301362.85
2019-06-17,ADM,0.00022270407476236001,298297.8
2019-06-18,ADM,0.000220802780862895,291116.95
2019-06-19,ADM,0.000222935170110725,291781.25
2019-06-20,ADM,0.00022164598746428503,292391.85
2019-06-21,ADM,0.000224924339751985,295411.25
2019-06-24,ADM,0.000221220529247375,294149.6
2019-06-25,ADM,0.00022343702655588498,287723.6
2019-06-26,ADM,0.000224533673747035,280922.95
2019-06-27,ADM,0.00022382028799525997,278555.7
2019-06-28,ADM,0.00022464518468266002,280387.7
2019-07-01,ADM,0.00022294574011235001,279445.05
2019-07-02,ADM,0.000221741135428485,282126.1
2019-07-03,ADM,0.00022063573329146502,277745.35
2019-07-05,ADM,0.00021659015566769996,270662.0
2019-07-08,ADM,0.00021805082649281002,266661.75
2019-07-09,ADM,0.000218826241898195,266734.7
2019-07-10,ADM,0.00022104389047463,271460.5
2019-07-11,ADM,0.000223443857000035,277785.6
2019-07-12,ADM,0.00022307653066785499,280890.65
2019-07-15,ADM,0.00022463813547192002,279399.05
2019-07-16,ADM,0.00022627104370098999,282606.9
2019-07-17,ADM,0.00022686011505851004,291246.05
2019-07-18,ADM,0.00022309547772066002,289922.9
2019-07-19,ADM,0.00022548835641435496,286594.7
2019-07-22,ADM,0.00022381413223385998,286661.05
2019-07-23,ADM,0.00022369460414421502,281367.3
2019-07-24,ADM,0.00022075093804991503,279722.05
2019-07-25,ADM,0.00021787468243168002,277185.5
2019-07-26,ADM,0.00021678032883607002,276986.25
2019-07-29,ADM,0.00021909542503177,275127.1
2019-07-30,ADM,0.000217435373846535,271566.85
2019-07-31,ADM,0.00021632314383759001,267466.75
2019-08-01,ADM,0.00022121405258802,280912.65
2019-08-02,ADM,0.00023439846724879003,297972.25
2019-08-05,ADM,0.000245012791883815,321314.75
2019-08-06,ADM,0.00025187992775887503,348214.05
2019-08-07,ADM,0.00025544513429606004,360305.4
2019-08-08,ADM,0.00026107321981303,370276.7
2019-08-09,ADM,0.000264068215041895,369652.1
2019-08-12,ADM,0.00026464330217483,376223.65
2019-08-13,ADM,0.00026629771710647997,380222.7
2019-08-14,ADM,0.000272495518920885,383469.0
2019-08-15,ADM,0.000280561805212785,388538.3
2019-08-16,ADM,0.000282828915348945,389740.25
2019-08-19,ADM,0.000283835579858005,390218.95
2019-08-20,ADM,0.00028448681336706497,388317.9
2019-08-21,ADM,0.00028546462610003,393138.75
2019-08-22,ADM,0.000287306644383265,396955.15
2019-08-23,ADM,0.00028716909173750495,393776.7
2019-08-26,ADM,0.00029344896601113504,410731.9
2019-08-27,ADM,0.000297016601014605,421219.8
2019-08-28,ADM,0.00029989042978671,426873.75
2019-08-29,ADM,0.00029677384799904,417166.3
2019-08-30,ADM,0.000288144746256075,403680.95
2019-09-03,ADM,0.00027732061444828,385010.8
2019-09-04,ADM,0.000271908385058235,362150.65
2019-09-05,ADM,0.00026445412126348,340187.8
2019-09-06,ADM,0.000257591422746315,326296.8
2019-09-09,ADM,0.000253461629716905,317122.0
2019-09-10,ADM,0.00025089373871851,310577.35
2019-09-11,ADM,0.00025062240223655,311668.8
2019-09-12,ADM,0.00024666406416522,304455.05
2019-09-13,ADM,0.000243561943297445,306307.65
2019-09-16,ADM,0.00024111704379852,309789.45
2019-09-17,ADM,0.000240861375998065,308049.2
2019-09-18,ADM,0.00024703173565885,315810.4
2019-09-19,ADM,0.00024811302628007,308753.4
2019-09-20,ADM,0.00024884432337648,306139.4
2019-09-23,ADM,0.000249472384165185,307789.05
2019-09-24,ADM,0.00023924728807394,291267.0
2019-09-25,ADM,0.000238897597698275,290962.45
2019-09-26,ADM,0.000235691942384165,279512.95
2019-09-27,ADM,0.00023366789861409997,276184.2
2019-09-30,ADM,0.000231432534761865,272545.3
2019-10-01,ADM,0.00022850334573710002,269671.25
2019-10-02,ADM,0.00022887969075268498,268193.9
2019-10-03,ADM,0.0002324885277912,272781.35
2019-10-04,ADM,0.000235529845956765,271477.75
2019-10-07,ADM,0.00023629898400360003,268406.45
2019-10-08,ADM,0.00023721131665354,266090.35
2019-10-09,ADM,0.000238809126948175,265707.55
2019-10-10,ADM,0.000238010913491815,263759.25
2019-10-11,ADM,0.00023772756244571,259655.55
2019-10-14,ADM,0.00023915214946384502,251027.4
2019-10-15,ADM,0.00023775525330294503,245332.65
2019-10-16,ADM,0.00023043562503092505,235509.25
2019-10-17,ADM,0.00022911247763871502,238403.4
2019-10-18,ADM,0.00023032288049932003,238816.5
2019-10-21,ADM,0.00023149084716770499,238378.95
2019-10-22,ADM,0.000230846883497665,236015.5
2019-10-23,ADM,0.00022898287813662502,221633.85
2019-10-24,ADM,0.00022907792454267503,216556.0
2019-10-25,ADM,0.00022933400959992503,215732.35
2019-10-28,ADM,0.000230402473625275,219332.15
2019-10-29,ADM,0.000231809609231855,221440.65
2019-10-30,ADM,0.000229887150038155,220581.75
2019-10-31,ADM,0.00022958890802657998,224742.0
2019-11-01,ADM,0.00023905576081078504,236709.35
2019-11-04,ADM,0.00024043145889297997,244698.35
2019-11-05,ADM,0.00024071890601573003,253142.05
2019-11-06,ADM,0.00023717453964577998,247713.35
2019-11-07,ADM,0.00023529920147168,245493.1
2019-11-08,ADM,0.00023207275426785997,239300.5
2019-11-11,ADM,0.00022933227705940998,235741.3
2019-11-12,ADM,0.00022827925711902498,238862.2
2019-11-13,ADM,0.00022958731153200997,240597.8
2019-11-14,ADM,0.00023099308635255496,239581.35
2019-11-15,ADM,0.00022759337337442995,237090.05
2019-11-18,ADM,0.00022475673942803502,239506.95
2019-11-19,ADM,0.00022395513168536999,241868.55
2019-11-20,ADM,0.00022198193495723997,245705.5
2019-11-21,ADM,0.00022203359711500496,250261.3
2019-11-22,ADM,0.00022264740084608001,253202.15
2019-11-25,ADM,0.000222178352758395,252404.85
2019-11-26,ADM,0.00021946989387711,246876.75
2019-11-27,ADM,0.000221680766072335,243547.85
2019-11-29,ADM,0.000217612445379035,235321.45
2019-12-02,ADM,0.00020146898265465998,218777.9
2019-12-03,ADM,0.00020063935519658502,217909.4
2019-12-04,ADM,0.000201844461343025,209433.5
2019-12-05,ADM,0.00020486034583431498,204525.75
2019-12-06,ADM,0.00020400744104389002,202347.85
2019-12-09,ADM,0.00020383329839330998,202189.4
2019-12-10,ADM,0.000202371879973235,203081.3
2019-12-11,ADM,0.00020110238639523998,201128.9
2019-12-12,ADM,0.00019771472977021,197916.5
2019-12-13,ADM,0.00019622245515949502,199809.5
2019-12-16,ADM,0.000198089555295065,201568.4
2019-12-17,ADM,0.00019691083889473502,201294.5
2019-12-18,ADM,0.00019982996618154,200836.9
2019-12-19,ADM,0.00020392085368935,205613.5
2019-12-20,ADM,0.000200344448566905,202460.05
2019-12-23,ADM,0.00019831296341179004,204379.65
2019-12-24,ADM,0.00019711073993702502,199811.85
2019-12-26,ADM,0.000198482349582935,196411.05
2019-12-27,ADM,0.000193224888425015,191478.65
2019-01-31,ADP,0.00025026218978073806,285770.1
2019-02-01,ADP,0.00024305641241428806,304312.25
2019-02-04,ADP,0.00023330451439656808,313630.8
2019-02-05,ADP,0.00022398088149613803,329728.7
2019-02-06,ADP,0.00021614900947180808,337218.95
2019-02-07,ADP,0.00021003628616130806,340211.55
2019-02-08,ADP,0.000216240167770945,362882.3
2019-02-11,ADP,0.00021059137508704502,368681.45
2019-02-12,ADP,0.00020805333316891,377147.35
2019-02-13,ADP,0.00020785566590306002,389004.15
2019-02-14,ADP,0.00020477153901452002,391462.3
2019-02-15,ADP,0.00020340829911505502,406576.4
2019-02-19,ADP,0.00020063582412872997,408374.9
2019-02-20,ADP,0.00019494683524712,408643.45
2019-02-21,ADP,0.00019112988924584502,402633.15
2019-02-22,ADP,0.0001874473642326,399301.75
2019-02-25,ADP,0.00018334171698251,400505.85
2019-02-26,ADP,0.000180193624448465,400616.85
2019-02-27,ADP,0.000177393963266235,396608.25
2019-02-28,ADP,0.000178650222780285,392003.4
2019-03-01,ADP,0.00016724795511153,374816.05
2019-03-04,ADP,0.00016364539628465,354649.45
2019-03-05,ADP,0.000164702502208985,365873.0
2019-03-06,ADP,0.0001644073435092,363287.95
2019-03-07,ADP,0.000163798476774235,357611.8
2019-03-08,ADP,0.00016480029823205,361000.55
2019-03-11,ADP,0.000163149257640105,350962.3
2019-03-12,ADP,0.0001625347926388,354502.75
2019-03-13,ADP,0.00016098615690484999,356811.15
2019-03-14,ADP,0.00016133838841397,346676.1
2019-03-15,ADP,0.00015978341300657998,344459.9
2019-03-18,ADP,0.00015905396544793501,337428.65
2019-03-19,ADP,0.00015750447109868,334437.3
2019-03-20,ADP,0.00015879288670078001,333483.45
2019-03-21,ADP,0.00015991838375550998,338544.9
2019-03-22,ADP,0.00015834134532267,339225.6
2019-03-25,ADP,0.00016150463082167,336761.55
2019-03-26,ADP,0.00016335296742251999,335461.6
2019-03-27,ADP,0.00016461537068688,338093.2
2019-03-28,ADP,0.00016578175676200998,343210.7
2019-03-29,ADP,0.00016635116560981999,344981.25
2019-04-01,ADP,0.00016696806626411,346291.75
2019-04-02,ADP,0.000163977209251605,327027.75
2019-04-03,ADP,0.00016274751198285502,311958.7
2019-04-04,ADP,0.000162845546036175,302741.85
2019-04-05,ADP,0.00016102444778418,296884.85
2019-04-08,ADP,0.000158783040708215,290943.6
2019-04-09,ADP,0.00015762236338283001,277867.6
2019-04-10,ADP,0.00015803711075084,267671.8
2019-04-11,ADP,0.000155317948046795,261051.55
2019-04-12,ADP,0.0001553012962746,252359.7
2019-04-15,ADP,0.00015319174217806,237891.15
2019-04-16,ADP,0.000152562460243375,230394.3
2019-04-17,ADP,0.00015182590737469,226723.8
2019-04-18,ADP,0.00015072756657808,217348.8
2019-04-22,ADP,0.000150533310192915,212405.95
2019-04-23,ADP,0.00014623622683443,206262.15
2019-04-24,ADP,0.00014358352776816502,206679.75
2019-04-25,ADP,0.00014169716454236002,208859.25
2019-04-26,ADP,0.00014133354008537502,203485.0
2019-04-29,ADP,0.00014104751255745502,199023.75
2019-04-30,ADP,0.00013951833400634,198385.25
2019-05-01,ADP,0.000140212283147465,195871.3
2019-05-02,ADP,0.00016536449721516502,210348.2
2019-05-03,ADP,0.000171699502863815,216980.15
2019-05-06,ADP,0.00017360787873814501,207516.95
2019-05-07,ADP,0.00017696059750854,211361.5
2019-05-08,ADP,0.00018367950230998,221277.55
2019-05-09,ADP,0.000189018514558525,228802.85
2019-05-10,ADP,0.000195946125461705,236092.6
2019-05-13,ADP,0.00020322585564899498,241572.7
2019-05-14,ADP,0.00021278009145637503,250366.6
2019-05-15,ADP,0.00021787328293395498,256811.0
2019-05-16,ADP,0.00022420399918875,264240.6
2019-05-17,ADP,0.00022634691145622998,275032.9
2019-05-20,ADP,0.000230519425241585,280757.85
2019-05-21,ADP,0.00023671612573566503,288159.8
2019-05-22,ADP,0.000239216093133705,284652.9
2019-05-23,ADP,0.00024096230608229002,277796.7
2019-05-24,ADP,0.00024196373111127996,279109.3
2019-05-28,ADP,0.000242953899017685,276695.2
2019-05-29,ADP,0.00024531972323703496,271972.25
2019-05-30,ADP,0.000245856855850365,267370.3
2019-05-31,ADP,0.00022255478287779002,248928.15
2019-06-03,ADP,0.000217640528892395,240655.45
2019-06-04,ADP,0.00022156465048571,247856.6
2019-06-05,ADP,0.00022282829897769,249076.1
2019-06-06,ADP,0.00021898363857824,243483.1
2019-06-07,ADP,0.00021531056443368498,236299.7
2019-06-10,ADP,0.00021130980747745002,233778.95
2019-06-11,ADP,0.00020637639855374998,228764.1
2019-06-12,ADP,0.00019995548401516498,224407.5
2019-06-13,ADP,0.0001965712697033,219918.85
2019-06-14,ADP,0.00019285321778232,214930.8
2019-06-17,ADP,0.000191028459051915,204693.8
2019-06-18,ADP,0.000187726696584135,197441.2
2019-06-19,ADP,0.000188845263956445,194219.3
2019-06-20,ADP,0.00018976047100957,194362.5
2019-06-21,ADP,0.00018970096535916,193835.4
2019-06-24,ADP,0.00018865746292487,192591.95
2019-06-25,ADP,0.000187522261104435,192938.25
2019-06-26,ADP,0.000187841602276255,196355.15
2019-06-27,ADP,0.00018950463148357502,197826.25
2019-06-28,ADP,0.00019076100448734,203864.2
2019-07-01,ADP,0.00019050872246695,205969.8
2019-07-02,ADP,0.00018633821704236,199628.9
2019-07-03,ADP,0.00018923022790116,229032.9
2019-07-05,ADP,0.00018789436388474,227858.65
2019-07-08,ADP,0.000188750169875245,230025.35
2019-07-09,ADP,0.000187424661607045,225861.85
2019-07-10,ADP,0.000187153111653235,226118.7
2019-07-11,ADP,0.00018716765023021501,227832.8
2019-07-12,ADP,0.000186069508600525,228287.8
2019-07-15,ADP,0.000184634807652135,229592.7
2019-07-16,ADP,0.00018295074616613997,233353.6
2019-07-17,ADP,0.00018273839151875998,245331.8
2019-07-18,ADP,0.00017713757346743002,248614.65
2019-07-19,ADP,0.00017527537406848503,249544.8
2019-07-22,ADP,0.00017587403719085501,252311.85
2019-07-23,ADP,0.00017419717590940002,254019.7
2019-07-24,ADP,0.00017440485526831,255109.0
2019-07-25,ADP,0.00017230913915122,252178.8
2019-07-26,ADP,0.00016991513873022,251371.15
2019-07-29,ADP,0.000167472127973595,247929.45
2019-07-30,ADP,0.00016592318761644,246303.0
2019-07-31,ADP,0.000164755956097715,251608.0
2019-08-01,ADP,0.000168785881445775,233066.25
2019-08-02,ADP,0.00017628899604715,255170.1
2019-08-05,ADP,0.000180457994687065,262019.65
2019-08-06,ADP,0.00019132301975709,278504.2
2019-08-07,ADP,0.000197185864488245,287869.85
2019-08-08,ADP,0.000205468257719045,288773.6
2019-08-09,ADP,0.00021079991701742503,299224.1
2019-08-12,ADP,0.00021445979617959503,301989.8
2019-08-13,ADP,0.00021913827886158003,298617.8
2019-08-14,ADP,0.00022643117743869498,293472.1
2019-08-15,ADP,0.00023325929591228503,292828.65
2019-08-16,ADP,0.000240929464662155,293932.1
2019-08-19,ADP,0.00024181840199467,293554.6
2019-08-20,ADP,0.00024249917508371998,291225.9
2019-08-21,ADP,0.00024382781241530003,291391.8
2019-08-22,ADP,0.00024437978000828997,294431.2
2019-08-23,ADP,0.000245381702337405,293052.65
2019-08-26,ADP,0.00025504432620278,296484.0
2019-08-27,ADP,0.000258991548126155,297355.7
2019-08-28,ADP,0.000261276847560325,293730.5
2019-08-29,ADP,0.00025346692041666003,282563.85
2019-08-30,ADP,0.000247997842662205,260763.75
2019-09-03,ADP,0.00024365962429832,249082.85
2019-09-04,ADP,0.00023818351827172504,237960.65
2019-09-05,ADP,0.00023218630306445502,232573.35
2019-09-06,ADP,0.00022298856562476998,230100.55
2019-09-09,ADP,0.00021882980375752497,219287.45
2019-09-10,ADP,0.00021834936305792498,218505.7
2019-09-11,ADP,0.00022052491032629497,225405.6
2019-09-12,ADP,0.000218526483150585,235198.45
2019-09-13,ADP,0.000217628733167825,243195.25
2019-09-16,ADP,0.000213098806461015,248308.5
2019-09-17,ADP,0.00021227445862908,254117.7
2019-09-18,ADP,0.000214199690398,263371.15
2019-09-19,ADP,0.000214434024354565,264019.5
2019-09-20,ADP,0.00021616548205622002,266778.25
2019-09-23,ADP,0.00021778257050210497,270929.35
2019-09-24,ADP,0.00020809310191487502,270574.3
2019-09-25,ADP,0.00020986043380846498,284259.3
2019-09-26,ADP,0.0002100436192677,290022.4
2019-09-27,ADP,0.00020902106350645,294547.75
2019-09-30,ADP,0.000210711089777115,308973.2
2019-10-01,ADP,0.00021010107667688004,314744.8
2019-10-02,ADP,0.00020782671770783998,316682.55
2019-10-03,ADP,0.0002122892049971,324298.35
2019-10-04,ADP,0.00021686686511326504,327194.05
2019-10-07,ADP,0.000217489932472025,331571.3
2019-10-08,ADP,0.000215872789956115,325216.4
2019-10-09,ADP,0.000216675108173285,325964.7
2019-10-10,ADP,0.00021422622555041502,318855.3
2019-10-11,ADP,0.00021043617880291002,317326.1
2019-10-14,ADP,0.000211518851050125,319070.35
2019-10-15,ADP,0.00021027798982837,314901.2
2019-10-16,ADP,0.00020690322415450004,308202.0
2019-10-17,ADP,0.00020787145256724,313987.95
2019-10-18,ADP,0.00020600111577857497,309928.4
2019-10-21,ADP,0.00020230683839036,309155.05
2019-10-22,ADP,0.00020264544867117998,306520.25
2019-10-23,ADP,0.00019912021642766502,294029.65
2019-10-24,ADP,0.00019730277998726,286061.95
2019-10-25,ADP,0.00019593716764812501,280097.4
2019-10-28,ADP,0.00019183308442578999,266534.65
2019-10-29,ADP,0.000191317217699055,264347.4
2019-10-30,ADP,0.000188322610840295,264309.05
2019-10-31,ADP,0.00019600802496338,262938.1
2019-11-01,ADP,0.00019409910136921498,265421.5
2019-11-04,ADP,0.00019454301806446001,265033.55
2019-11-05,ADP,0.00019484209480200002,279566.9
2019-11-06,ADP,0.00019326609059027,295986.9
2019-11-07,ADP,0.000193896718544445,300081.6
2019-11-08,ADP,0.00019357130139897,300564.65
2019-11-11,ADP,0.000190148375976645,297179.0
2019-11-12,ADP,0.00019174648718062501,297233.35
2019-11-13,ADP,0.000194660389443745,300725.65
2019-11-14,ADP,0.00019498791588643,306387.4
2019-11-15,ADP,0.000196750026653915,312839.85
2019-11-18,ADP,0.000198266797405705,312650.8
2019-11-19,ADP,0.000198406441159105,314262.85
2019-11-20,ADP,0.00019692068731049,314247.05
2019-11-21,ADP,0.00019851921121471,317559.45
2019-11-22,ADP,0.000198690340909585,318427.7
2019-11-25,ADP,0.000200048198203445,322006.0
2019-11-26,ADP,0.00019876063872334,323401.65
2019-11-27,ADP,0.00019762026698197,319644.7
2019-11-29,ADP,0.000183045024779765,309679.0
2019-12-02,ADP,0.00017770605782938502,298340.05
2019-12-03,ADP,0.000179564807307525,298318.7
2019-12-04,ADP,0.000181327390253085,304354.55
2019-12-05,ADP,0.00017784887259817,295743.65
2019-12-06,ADP,0.000174783571487665,292639.55
2019-12-09,ADP,0.00017194161153328,288309.7
2019-12-10,ADP,0.00016933023290763503,284882.55
2019-12-11,ADP,0.00016760117303869,286229.65
2019-12-12,ADP,0.00016513716602725503,284440.2
2019-12-13,ADP,0.00016639191312180001,273622.2
2019-12-16,ADP,0.00016671342302210002,265346.6
2019-12-17,ADP,0.00016401068605892503,259263.9
2019-12-18,ADP,0.00016433067270653,262662.65
2019-12-19,ADP,0.000163172952678695,265718.2
2019-12-20,ADP,0.00016100851340963,264494.45
2019-12-23,ADP,0.00016684750060574,267092.85
2019-12-24,ADP,0.000164165715822225,262278.2
2019-12-26,ADP,0.00016158140362908436,252604.0
2019-12-27,ADP,0.00016011878765752934,246072.8
2019-01-31,ADS,0.00046005105030604997,69067.45
2019-02-01,ADS,0.00044695914212858,68969.95
2019-02-04,ADS,0.00043217144607454,69564.65
2019-02-05,ADS,0.00041447854040716994,69525.9
2019-02-06,ADS,0.00040421802197007997,68763.3
2019-02-07,ADS,0.000392325087088825,69685.15
2019-02-08,ADS,0.00043325284939475,81202.8
2019-02-11,ADS,0.000424405254576655,86827.8
2019-02-12,ADS,0.00041158937387423004,87533.8
2019-02-13,ADS,0.000401388380413965,91389.7
2019-02-14,ADS,0.00039117379195331,92249.5
2019-02-15,ADS,0.000387510593942215,93308.75
2019-02-19,ADS,0.0003795478329471,97435.65
2019-02-20,ADS,0.00036508480132370504,98376.9
2019-02-21,ADS,0.00035930593115987,98322.5
2019-02-22,ADS,0.00034731350817084506,98924.85
2019-02-25,ADS,0.00033850880847317,98713.75
2019-02-26,ADS,0.000332188329859485,98035.85
2019-02-27,ADS,0.00033319977031006997,97256.3
2019-02-28,ADS,0.00033556181957856003,94566.75
2019-03-01,ADS,0.000328527989903375,95678.8
2019-03-04,ADS,0.00032421781956501,96289.15
2019-03-05,ADS,0.00031790181555527,96301.1
2019-03-06,ADS,0.00031656468156304003,96911.95
2019-03-07,ADS,0.000315120644099065,97283.8
2019-03-08,ADS,0.000312982406313165,99044.65
2019-03-11,ADS,0.000276749221453035,90398.2
2019-03-12,ADS,0.00026675559306028,83788.25
2019-03-13,ADS,0.000265386019445425,80936.35
2019-03-14,ADS,0.000264708139092475,79912.95
2019-03-15,ADS,0.00026246192186798995,78311.65
2019-03-18,ADS,0.00026178270467664994,77316.45
2019-03-19,ADS,0.00025872366086511,75206.4
2019-03-20,ADS,0.00026137807381083997,73693.75
2019-03-21,ADS,0.000263273809636925,73804.35
2019-03-22,ADS,0.00026024471894465996,72741.75
2019-03-25,ADS,0.000263614254805555,74402.35
2019-03-26,ADS,0.000268538911084505,76058.2
2019-03-27,ADS,0.000266020087275505,77089.7
2019-03-28,ADS,0.000264460398979355,80320.15
2019-03-29,ADS,0.000269672773848825,80587.2
2019-04-01,ADS,0.00027816774417114,80113.85
2019-04-02,ADS,0.00028446987313876504,81787.55
2019-04-03,ADS,0.0002937654696272,81158.25
2019-04-04,ADS,0.00029599975444801,81146.6
2019-04-05,ADS,0.000294492434045495,77931.45
2019-04-08,ADS,0.00030312265310627497,79984.25
2019-04-09,ADS,0.00030809763264956003,80050.4
2019-04-10,ADS,0.00030754339442332003,79657.05
2019-04-11,ADS,0.000311006690716145,79884.65
2019-04-12,ADS,0.000310106352920045,78768.75
2019-04-15,ADS,0.00032008686487522,79711.3
2019-04-16,ADS,0.00034698244422503996,92013.35
2019-04-17,ADS,0.00034527853204419,95873.9
2019-04-18,ADS,0.00034304895545400496,96571.3
2019-04-22,ADS,0.00034828443202204,100394.25
2019-04-23,ADS,0.000347132809484365,100278.2
2019-04-24,ADS,0.000343091696374415,102994.4
2019-04-25,ADS,0.00034086905007467,102558.85
2019-04-26,ADS,0.00036166054459177497,106644.7
2019-04-29,ADS,0.00036783662675441,110212.05
2019-04-30,ADS,0.00036179787138134,108722.35
2019-05-01,ADS,0.000354017271974415,106669.45
2019-05-02,ADS,0.00034656593713488495,107233.5
2019-05-03,ADS,0.000345677180077985,108709.75
2019-05-06,ADS,0.00034446388740894996,110315.35
2019-05-07,ADS,0.00034361541606309497,109605.6
2019-05-08,ADS,0.00034498453978015997,110972.0
2019-05-09,ADS,0.00034685936649785,111313.0
2019-05-10,ADS,0.00034831827074417,112519.1
2019-05-13,ADS,0.00035246276610401497,113579.95
2019-05-14,ADS,0.000346655307523165,113270.05
2019-05-15,ADS,0.000320815341995925,102932.75
2019-05-16,ADS,0.00032875405676108,98428.3
2019-05-17,ADS,0.000327367008749945,98148.5
2019-05-20,ADS,0.0003234679111244,95631.9
2019-05-21,ADS,0.00032429137934692,95388.35
2019-05-22,ADS,0.00032615736081038503,93678.95
2019-05-23,ADS,0.000322843104688495,92420.95
2019-05-24,ADS,0.00030055823120814,86220.2
2019-05-28,ADS,0.000295159151054765,81539.6
2019-05-29,ADS,0.000290840696150255,81145.0
2019-05-30,ADS,0.00029466870282689,81984.5
2019-05-31,ADS,0.00029382453725849,81132.0
2019-06-03,ADS,0.000293573077835835,79982.1
2019-06-04,ADS,0.000295111022432615,80674.4
2019-06-05,ADS,0.00029036799939461,80317.05
2019-06-06,ADS,0.00029094121600623,80973.3
2019-06-07,ADS,0.00029070450626282,81685.8
2019-06-10,ADS,0.00028523269403725996,78717.8
2019-06-11,ADS,0.00029990217309912,83394.85
2019-06-12,ADS,0.00029803278021,84197.6
2019-06-13,ADS,0.00029588068394844496,81296.25
2019-06-14,ADS,0.00028857252850492,81310.05
2019-06-17,ADS,0.000287453048813605,80363.05
2019-06-18,ADS,0.00028774058557276495,78818.8
2019-06-19,ADS,0.000284492163841725,78154.75
2019-06-20,ADS,0.000279631754741135,75509.35
2019-06-21,ADS,0.00028088742560585997,76299.35
2019-06-24,ADS,0.000277363752692025,75776.0
2019-06-25,ADS,0.00027190914138237,75526.55
2019-06-26,ADS,0.000273758949785315,75831.0
2019-06-27,ADS,0.000270884596503805,73859.85
2019-06-28,ADS,0.000268065546411055,72880.55
2019-07-01,ADS,0.00026650361067885,74396.7
2019-07-02,ADS,0.000270958318683295,77759.95
2019-07-03,ADS,0.00027316361637195,82855.0
2019-07-05,ADS,0.000265902175768805,81027.35
2019-07-08,ADS,0.00026239947610399,81152.45
2019-07-09,ADS,0.00026432215191732,81017.7
2019-07-10,ADS,0.00024780913019717,76989.15
2019-07-11,ADS,0.00024292711432554996,75885.05
2019-07-12,ADS,0.00024328366147309002,76687.9
2019-07-15,ADS,0.00024335480674402,76766.75
2019-07-16,ADS,0.000243430749676085,77409.7
2019-07-17,ADS,0.00024117262498356,77971.0
2019-07-18,ADS,0.000238495722831605,78942.75
2019-07-19,ADS,0.000256533409015335,87160.95
2019-07-22,ADS,0.00026864532703475,95758.8
2019-07-23,ADS,0.000271008175987465,98523.0
2019-07-24,ADS,0.00026987348446418,103030.5
2019-07-25,ADS,0.00026764315308279,104876.65
2019-07-26,ADS,0.00026522073834766,107366.55
2019-07-29,ADS,0.000265874482979195,108966.7
2019-07-30,ADS,0.0002626428991636,107862.2
2019-07-31,ADS,0.000251832122027495,103506.45
2019-08-01,ADS,0.0002482464991873,99562.6
2019-08-02,ADS,0.000254163036056625,103246.5
2019-08-05,ADS,0.000256306098474195,106369.7
2019-08-06,ADS,0.000260560904214115,111490.85
2019-08-07,ADS,0.00026316846748566003,114017.2
2019-08-08,ADS,0.00027129706362526005,118157.1
2019-08-09,ADS,0.00027439374155961,120277.25
2019-08-12,ADS,0.000280223376240145,124519.45
2019-08-13,ADS,0.000282551398047855,131789.0
2019-08-14,ADS,0.000289552747600985,141112.65
2019-08-15,ADS,0.000295048345457685,147285.7
2019-08-16,ADS,0.00028673352440246997,154592.4
2019-08-19,ADS,0.000290763485484945,165655.55
2019-08-20,ADS,0.000293600026009385,167641.2
2019-08-21,ADS,0.00030789554946336996,165790.6
2019-08-22,ADS,0.000322858495173095,175343.75
2019-08-23,ADS,0.00032803576161297,176770.35
2019-08-26,ADS,0.00034137608064978,182249.55
2019-08-27,ADS,0.000351999958338305,186374.1
2019-08-28,ADS,0.000362184381929295,190759.3
2019-08-29,ADS,0.00036541197845182504,191353.95
2019-08-30,ADS,0.000365887969320295,189552.7
2019-09-03,ADS,0.000366756156094855,187459.65
2019-09-04,ADS,0.000368620397661115,189616.45
2019-09-05,ADS,0.000371904064072015,190674.9
2019-09-06,ADS,0.000373354203653805,188851.7
2019-09-09,ADS,0.00037458238587674,187426.3
2019-09-10,ADS,0.00037299082232900504,185567.25
2019-09-11,ADS,0.00037928306986699,182043.4
2019-09-12,ADS,0.00038561166251533497,175461.75
2019-09-13,ADS,0.000388643976898755,169340.05
2019-09-16,ADS,0.000386342629692025,156844.45
2019-09-17,ADS,0.00037520404563016,138192.7
2019-09-18,ADS,0.000380102352738095,136450.5
2019-09-19,ADS,0.0003727670209137,132872.5
2019-09-20,ADS,0.00036437362879025503,121065.8
2019-09-23,ADS,0.00036593370509964,116475.2
2019-09-24,ADS,0.000362114630665475,109737.55
2019-09-25,ADS,0.00036047443811242,106367.8
2019-09-26,ADS,0.000362822871419205,101402.45
2019-09-27,ADS,0.000365699066746825,98912.8
2019-09-30,ADS,0.00036388916897203,95547.45
2019-10-01,ADS,0.00036255951521232,93600.3
2019-10-02,ADS,0.00036071564234979,85575.35
2019-10-03,ADS,0.000363673338031675,82003.35
2019-10-04,ADS,0.00036573210995883003,79141.45
2019-10-07,ADS,0.00036915471140256,77371.25
2019-10-08,ADS,0.00037073053026061997,75604.8
2019-10-09,ADS,0.00037291787819747005,72721.3
2019-10-10,ADS,0.000367645975317855,71387.15
2019-10-11,ADS,0.00036896047513353,70013.7
2019-10-14,ADS,0.000372150685705165,68097.45
2019-10-15,ADS,0.00037499506831595997,65937.75
2019-10-16,ADS,0.00037004163838893497,63532.55
2019-10-17,ADS,0.000371531210266365,65589.75
2019-10-18,ADS,0.00037165918264986,65122.8
2019-10-21,ADS,0.000369736303832515,65992.3
2019-10-22,ADS,0.000364477146723455,65291.7
2019-10-23,ADS,0.00036375925985367,63832.45
2019-10-24,ADS,0.00035694765798131997,65110.3
2019-10-25,ADS,0.0004019192324990799,76132.7
2019-10-28,ADS,0.000416664837286475,80502.95
2019-10-29,ADS,0.00042706840433973,83395.85
2019-10-30,ADS,0.0004363288613101751,90188.4
2019-10-31,ADS,0.00043902902279412505,91094.2
2019-11-01,ADS,0.00044105591238130005,94984.3
2019-11-04,ADS,0.00044023336594148,99960.55
2019-11-05,ADS,0.000439884062991855,100643.3
2019-11-06,ADS,0.00043837926192536,103132.8
2019-11-07,ADS,0.00044076524040637994,102014.25
2019-11-08,ADS,0.000439852166152135,103951.85
2019-11-11,ADS,0.00043789219858116996,106559.6
2019-11-12,ADS,0.00043994484338713005,110750.1
2019-11-13,ADS,0.00044447023653136007,111815.8
2019-11-14,ADS,0.00044261983546407997,110438.4
2019-11-15,ADS,0.00044383632856049,111699.5
2019-11-18,ADS,0.00045682639073628504,113894.4
2019-11-19,ADS,0.000458290594238395,117537.15
2019-11-20,ADS,0.00046465315167849505,119273.75
2019-11-21,ADS,0.00046494938367770504,120974.7
2019-11-22,ADS,0.00041816462365232504,111957.15
2019-11-25,ADS,0.00040651366956219996,110996.6
2019-11-26,ADS,0.00039856430399502996,109271.8
2019-11-27,ADS,0.000388885018681785,103989.85
2019-11-29,ADS,0.000376648215908525,101333.3
2019-12-02,ADS,0.000365067700449205,96796.6
2019-12-03,ADS,0.000364987411158945,97632.35
2019-12-04,ADS,0.00036642887576408497,98549.05
2019-12-05,ADS,0.00036305734851485,96793.6
2019-12-06,ADS,0.000357545967375735,96515.55
2019-12-09,ADS,0.000353787134583545,96157.85
2019-12-10,ADS,0.000348694520473445,95843.45
2019-12-11,ADS,0.000339361699561515,91955.5
2019-12-12,ADS,0.000331044614648765,93120.3
2019-12-13,ADS,0.000330393247695805,95531.7
2019-12-16,ADS,0.00032972777214757,97582.2
2019-12-17,ADS,0.00032004380579584997,95049.2
2019-12-18,ADS,0.00031536186698529503,93224.45
2019-12-19,ADS,0.00030586698629545,91735.75
2019-12-20,ADS,0.000303885510845095,88992.5
2019-12-23,ADS,0.00030265544038018,88179.3
2019-12-24,ADS,0.00029691835044994496,85781.4
2019-12-26,ADS,0.00029225900510662997,83309.9
2019-12-27,ADS,0.00028610368956594504,81498.9
2019-01-31,ADSK,0.000352289250041605,250559.2
2019-02-01,ADSK,0.00033909441760466,251942.95
2019-02-04,ADSK,0.00032365112704079,243069.45
2019-02-05,ADSK,0.00030837233603279,237350.7
2019-02-06,ADSK,0.000298826248574455,235167.1
2019-02-07,ADSK,0.00029342563692948495,239418.55
2019-02-08,ADSK,0.00030229986386268,253242.2
2019-02-11,ADSK,0.00029977615771601497,255149.9
2019-02-12,ADSK,0.000300236401822975,262732.65
2019-02-13,ADSK,0.00029714996193889,268301.05
2019-02-14,ADSK,0.00028917173368202503,271714.6
2019-02-15,ADSK,0.00029097337301542,270173.55
2019-02-19,ADSK,0.00028801245339730004,269744.1
2019-02-20,ADSK,0.00028320010810007,261147.15
2019-02-21,ADSK,0.00027869330462531,258136.45
2019-02-22,ADSK,0.00027514721734703,255458.1
2019-02-25,ADSK,0.00027032323051760494,249518.4
2019-02-26,ADSK,0.00027027892307358,250140.7
2019-02-27,ADSK,0.00026807445232998503,257147.15
2019-02-28,ADSK,0.00026783151153715,261364.35
2019-03-01,ADSK,0.000265162245696015,267078.35
2019-03-04,ADSK,0.00028534220343753,283181.35
2019-03-05,ADSK,0.000292416999773165,302881.05
2019-03-06,ADSK,0.00029864901709527,308759.9
2019-03-07,ADSK,0.00030097518208297504,314584.2
2019-03-08,ADSK,0.00030176238068277503,330003.65
2019-03-11,ADSK,0.00030285848621104997,328170.45
2019-03-12,ADSK,0.00030310361119662,332776.6
2019-03-13,ADSK,0.00029996029370328,329474.5
2019-03-14,ADSK,0.00029995885030244,328669.7
2019-03-15,ADSK,0.000301741587414955,330096.0
2019-03-18,ADSK,0.000297484163955545,335625.85
2019-03-19,ADSK,0.000294776868654875,334798.65
2019-03-20,ADSK,0.00029536241013923,338734.4
2019-03-21,ADSK,0.000297484972239365,339713.05
2019-03-22,ADSK,0.00029596161996782997,338595.5
2019-03-25,ADSK,0.00030073863472221505,344610.55
2019-03-26,ADSK,0.00030339798440193004,343451.05
2019-03-27,ADSK,0.00030425404472039,338600.4
2019-03-28,ADSK,0.00030697431303376005,341129.2
2019-03-29,ADSK,0.00030991194387837504,337390.4
2019-04-01,ADSK,0.000288666830022785,321619.75
2019-04-02,ADSK,0.000287606274266835,317777.7
2019-04-03,ADSK,0.00028187434287788,313953.95
2019-04-04,ADSK,0.00028276107471137,315855.1
2019-04-05,ADSK,0.00028283081232479497,303735.2
2019-04-08,ADSK,0.000279269208820265,305397.05
2019-04-09,ADSK,0.00027984284420895,297463.5
2019-04-10,ADSK,0.00027747887667460504,298939.65
2019-04-11,ADSK,0.00027828488678100004,301500.9
2019-04-12,ADSK,0.000276143504546685,301203.15
2019-04-15,ADSK,0.00027686620354459,300242.85
2019-04-16,ADSK,0.00027758276394481,296788.2
2019-04-17,ADSK,0.00027771384068181004,295456.55
2019-04-18,ADSK,0.00027957094060967,300647.05
2019-04-22,ADSK,0.00028379037923021496,303872.4
2019-04-23,ADSK,0.00027971366207139,298096.95
2019-04-24,ADSK,0.0002750599154146,294765.0
2019-04-25,ADSK,0.00027331632616639,291781.25
2019-04-26,ADSK,0.00027077220579921,287456.05
2019-04-29,ADSK,0.000267373575126595,283013.65
2019-04-30,ADSK,0.000265634343479185,277814.7
2019-05-01,ADSK,0.00025786907243615504,260358.9
2019-05-02,ADSK,0.00026104835267320504,256184.9
2019-05-03,ADSK,0.000263918134499395,249309.65
2019-05-06,ADSK,0.00025960038319629996,238519.45
2019-05-07,ADSK,0.00026284048963977,235091.85
2019-05-08,ADSK,0.000268080893514405,236063.3
2019-05-09,ADSK,0.00027659131808670495,230178.7
2019-05-10,ADSK,0.000284030753254575,224964.25
2019-05-13,ADSK,0.00029193588174928497,220027.0
2019-05-14,ADSK,0.000302080233145015,223024.45
2019-05-15,ADSK,0.00030803085991087,225480.2
2019-05-16,ADSK,0.00031294988930272,225968.05
2019-05-17,ADSK,0.00031008948003980504,218251.5
2019-05-20,ADSK,0.00031003291711598,214822.2
2019-05-21,ADSK,0.00031785138922706,219131.3
2019-05-22,ADSK,0.00032003733247712495,221625.85
2019-05-23,ADSK,0.00031952094708648503,226123.65
2019-05-24,ADSK,0.00032915164028781004,235111.0
2019-05-28,ADSK,0.000348308440880225,258723.25
2019-05-29,ADSK,0.00035583405062421497,267830.05
2019-05-30,ADSK,0.00036061721051198,274120.8
2019-05-31,ADSK,0.00036077561995579495,273177.25
2019-06-03,ADSK,0.00035621354459448504,276982.65
2019-06-04,ADSK,0.00036549742312440997,293252.9
2019-06-05,ADSK,0.000364279110461565,300340.85
2019-06-06,ADSK,0.00036105123967351496,303582.1
2019-06-07,ADSK,0.000357181906159025,310220.75
2019-06-10,ADSK,0.000352366004730965,308909.5
2019-06-11,ADSK,0.000349125202029445,316735.25
2019-06-12,ADSK,0.00034099025146158,311586.9
2019-06-13,ADSK,0.00033980315962610504,310890.45
2019-06-14,ADSK,0.00033627027865385,306608.5
2019-06-17,ADSK,0.00033949456155792497,311620.45
2019-06-18,ADSK,0.00033586955196458,314782.35
2019-06-19,ADSK,0.000332094271764575,312510.3
2019-06-20,ADSK,0.00033352722190161,315393.45
2019-06-21,ADSK,0.00033615699114054,319574.1
2019-06-24,ADSK,0.00032534761980977,311633.75
2019-06-25,ADSK,0.000308449481082545,291821.9
2019-06-26,ADSK,0.00030372099243457,287117.4
2019-06-27,ADSK,0.00029966603772687,278999.65
2019-06-28,ADSK,0.000295497590389445,281581.35
2019-07-01,ADSK,0.00029537525718783,283167.15
2019-07-02,ADSK,0.00029077204886122503,277504.8
2019-07-03,ADSK,0.000286510310929215,267804.35
2019-07-05,ADSK,0.00027899745108518495,257014.85
2019-07-08,ADSK,0.00027660811564490003,248708.5
2019-07-09,ADSK,0.00027442608536104503,249253.85
2019-07-10,ADSK,0.000269691469242295,240562.05
2019-07-11,ADSK,0.00026847453644621497,237495.1
2019-07-12,ADSK,0.00026464353704642,235640.4
2019-07-15,ADSK,0.000260868472880075,233494.6
2019-07-16,ADSK,0.000255837381715025,226556.5
2019-07-17,ADSK,0.00025464832137022,221044.6
2019-07-18,ADSK,0.000248965400835685,217190.4
2019-07-19,ADSK,0.000243659100871645,208334.75
2019-07-22,ADSK,0.00024249528606599496,203790.85
2019-07-23,ADSK,0.00024293378302132,203425.65
2019-07-24,ADSK,0.00023938195332217,199276.4
2019-07-25,ADSK,0.000235363308486255,196954.65
2019-07-26,ADSK,0.00023907676391136503,199335.9
2019-07-29,ADSK,0.000239080356144805,198410.05
2019-07-30,ADSK,0.000242089968089905,197411.4
2019-07-31,ADSK,0.00023859163003536998,189305.0
2019-08-01,ADSK,0.00024547703592991,196367.15
2019-08-02,ADSK,0.000255806033924535,212633.9
2019-08-05,ADSK,0.000266462827339035,233747.3
2019-08-06,ADSK,0.000274521043181565,248812.85
2019-08-07,ADSK,0.000279742518342255,257988.15
2019-08-08,ADSK,0.000285820292003385,266800.75
2019-08-09,ADSK,0.000290567500800585,281422.55
2019-08-12,ADSK,0.00029592887525783506,288270.35
2019-08-13,ADSK,0.000299764798208025,299650.2
2019-08-14,ADSK,0.000307539058070225,306186.9
2019-08-15,ADSK,0.00031789420230553006,311199.65
2019-08-16,ADSK,0.00033160909665674003,321787.45
2019-08-19,ADSK,0.00033124730504412506,324078.85
2019-08-20,ADSK,0.00032930007089979003,324806.85
2019-08-21,ADSK,0.0003302280940808,328368.55
2019-08-22,ADSK,0.000332125601599385,335958.25
2019-08-23,ADSK,0.00033088602105878,348583.9
2019-08-26,ADSK,0.000342631008174765,360867.35
2019-08-27,ADSK,0.000342249479286885,360829.15
2019-08-28,ADSK,0.00034559701399911497,375287.75
2019-08-29,ADSK,0.00036820194083472,454834.95
2019-08-30,ADSK,0.00036365371457246,458308.25
2019-09-03,ADSK,0.000355311933960175,453388.1
2019-09-04,ADSK,0.00035120020670587006,445855.35
2019-09-05,ADSK,0.00034899187294362997,441006.9
2019-09-06,ADSK,0.000343738093334675,439797.05
2019-09-09,ADSK,0.000339951565953895,429862.55
2019-09-10,ADSK,0.00033981664583405,437780.75
2019-09-11,ADSK,0.00034263403652862,439468.3
2019-09-12,ADSK,0.00033881410200048,450147.9
2019-09-13,ADSK,0.00034013469028641,471999.1
2019-09-16,ADSK,0.000328982004332655,465250.45
2019-09-17,ADSK,0.00032979553598694495,461171.4
2019-09-18,ADSK,0.00033255288583078997,461059.65
2019-09-19,ADSK,0.000333153437472905,455386.35
2019-09-20,ADSK,0.00033249869906294997,449543.15
2019-09-23,ADSK,0.000331293776192055,437568.9
2019-09-24,ADSK,0.000320158428849235,424914.2
2019-09-25,ADSK,0.00032047524453747,431606.15
2019-09-26,ADSK,0.000319334015325415,423508.75
2019-09-27,ADSK,0.000292348365871265,339535.7
2019-09-30,ADSK,0.000294239516007725,329352.8
2019-10-01,ADSK,0.00029289602792203,317015.55
2019-10-02,ADSK,0.000292942505541725,314656.2
2019-10-03,ADSK,0.000294945798003595,312864.6
2019-10-04,ADSK,0.000298758650830335,309400.25
2019-10-07,ADSK,0.000301404769751105,306066.2
2019-10-08,ADSK,0.000299967713271195,292674.5
2019-10-09,ADSK,0.00030168672973249504,284531.4
2019-10-10,ADSK,0.00029976544740464,266654.25
2019-10-11,ADSK,0.00029216484939453,244137.6
2019-10-14,ADSK,0.00029616946153423996,247950.1
2019-10-15,ADSK,0.00029341365240157,247118.75
2019-10-16,ADSK,0.000292095769862655,244392.3
2019-10-17,ADSK,0.00029612880969648,250950.3
2019-10-18,ADSK,0.00029750777509391496,251206.6
2019-10-21,ADSK,0.00029882173067203,265274.6
2019-10-22,ADSK,0.00029975659572457,270872.3
2019-10-23,ADSK,0.00029556056949994,263807.3
2019-10-24,ADSK,0.00029311070357554,262129.2
2019-10-25,ADSK,0.00029489770330462,261795.3
2019-10-28,ADSK,0.00028976331943347496,256705.95
2019-10-29,ADSK,0.00028817452193462495,253872.55
2019-10-30,ADSK,0.00028192439560486497,244074.35
2019-10-31,ADSK,0.00027920549065780495,241907.95
2019-11-01,ADSK,0.00027593574529677,237067.0
2019-11-04,ADSK,0.00027130315501364496,234855.05
2019-11-05,ADSK,0.00027097134265557,234992.4
2019-11-06,ADSK,0.00026420391886856,230603.55
2019-11-07,ADSK,0.000264014609237365,229935.5
2019-11-08,ADSK,0.000260883765648355,221768.85
2019-11-11,ADSK,0.00025411289418451,211953.0
2019-11-12,ADSK,0.00025436812347371,208246.8
2019-11-13,ADSK,0.000258693344566355,213684.5
2019-11-14,ADSK,0.000253682034177795,209570.7
2019-11-15,ADSK,0.000252847169945545,209172.45
2019-11-18,ADSK,0.00024871128388642,192930.3
2019-11-19,ADSK,0.000249425921181935,188204.9
2019-11-20,ADSK,0.000249311845746115,181552.3
2019-11-21,ADSK,0.000251782245749025,179971.7
2019-11-22,ADSK,0.000250112037157365,181380.75
2019-11-25,ADSK,0.000252226918963625,182649.25
2019-11-26,ADSK,0.000250465616503115,187348.95
2019-11-27,ADSK,0.000252796026040955,203862.25
2019-11-29,ADSK,0.00027055298350877005,221987.85
2019-12-02,ADSK,0.000270381503325925,227171.65
2019-12-03,ADSK,0.00027712844167461503,237228.4
2019-12-04,ADSK,0.00028037236688383996,239629.9
2019-12-05,ADSK,0.000281185806381765,242173.55
2019-12-06,ADSK,0.00028051165326007,244852.25
2019-12-09,ADSK,0.00028157267877469,247820.9
2019-12-10,ADSK,0.000279573514204125,251457.0
2019-12-11,ADSK,0.00027772326029275004,253833.8
2019-12-12,ADSK,0.000270875396151955,249653.1
2019-12-13,ADSK,0.00027350448185509997,252354.45
2019-12-16,ADSK,0.00027367644833235,256876.4
2019-12-17,ADSK,0.00027270673395016003,258518.95
2019-12-18,ADSK,0.00027100575116495,263220.3
2019-12-19,ADSK,0.00026774626007605,265509.1
2019-12-20,ADSK,0.000261904248829245,260011.85
2019-12-23,ADSK,0.00025823090120709,258382.0
2019-12-24,ADSK,0.00025301501775806,257025.8
2019-12-26,ADSK,0.000249241199454675,248137.95
2019-12-27,ADSK,0.000243044112273785,232346.95
2019-01-31,AEE,0.00025409607750223,164102.15
2019-02-01,AEE,0.0002444629081498,167227.75
2019-02-04,AEE,0.000239885955951805,165053.0
2019-02-05,AEE,0.00023830681594038997,163944.35
2019-02-06,AEE,0.00023367142582192505,162907.4
2019-02-07,AEE,0.00023190061155810003,162605.0
2019-02-08,AEE,0.00023504910041096004,172698.05
2019-02-11,AEE,0.000234954876881405,171701.8
2019-02-12,AEE,0.00023313261326354497,173774.5
2019-02-13,AEE,0.00022923080918146,181063.25
2019-02-14,AEE,0.000224082715233625,181636.3
2019-02-15,AEE,0.00023335644707686,188020.9
2019-02-19,AEE,0.00023498734881776,190662.35
2019-02-20,AEE,0.000234341405320325,191118.45
2019-02-21,AEE,0.00023122213912816998,191328.15
2019-02-22,AEE,0.0002326537242638,191896.1
2019-02-25,AEE,0.00023199619011195503,195942.45
2019-02-26,AEE,0.00022961371813897,201647.8
2019-02-27,AEE,0.00022853890536953997,206576.6
2019-02-28,AEE,0.00022804265886149495,205669.85
2019-03-01,AEE,0.000222332165078585,205098.6
2019-03-04,AEE,0.00022251909836334,198859.9
2019-03-05,AEE,0.00022248458651098502,202757.5
2019-03-06,AEE,0.00022037427030891502,200083.75
2019-03-07,AEE,0.00022145572727815996,200460.6
2019-03-08,AEE,0.00021932864968165496,204198.8
2019-03-11,AEE,0.00021727501668533997,200006.3
2019-03-12,AEE,0.000213476375161475,201567.5
2019-03-13,AEE,0.00021224528530548503,200726.95
2019-03-14,AEE,0.00021121471944488,195527.0
2019-03-15,AEE,0.000208609413737035,189916.5
2019-03-18,AEE,0.0001977235472253,183379.9
2019-03-19,AEE,0.000192352733436525,182029.4
2019-03-20,AEE,0.00019205077546389002,188872.95
2019-03-21,AEE,0.000192958669976425,187912.15
2019-03-22,AEE,0.00019078171337218001,185901.0
2019-03-25,AEE,0.000191278066052475,184113.25
2019-03-26,AEE,0.00019122719091461,180187.9
2019-03-27,AEE,0.000191251760802805,177038.35
2019-03-28,AEE,0.00019177725481567498,176842.35
2019-03-29,AEE,0.000193083346330605,173744.95
2019-04-01,AEE,0.00019264086039438502,174308.4
2019-04-02,AEE,0.000192158829522275,172589.7
2019-04-03,AEE,0.00019407865217761002,175934.15
2019-04-04,AEE,0.00019476082826942,176020.1
2019-04-05,AEE,0.00019420949910559999,178365.1
2019-04-08,AEE,0.00019754559249939003,180661.8
2019-04-09,AEE,0.000198845184301595,177702.95
2019-04-10,AEE,0.00019861454407150498,176353.1
2019-04-11,AEE,0.00020057170164253002,172909.65
2019-04-12,AEE,0.00020335188465684002,170892.75
2019-04-15,AEE,0.00020473541705479,169271.3
2019-04-16,AEE,0.00020455629831329998,165765.45
2019-04-17,AEE,0.00020488115324359004,157992.35
2019-04-18,AEE,0.00020217236268172003,156321.45
2019-04-22,AEE,0.00020225361442416002,155965.2
2019-04-23,AEE,0.00020090869298691497,154186.65
2019-04-24,AEE,0.00020049594033977,155056.1
2019-04-25,AEE,0.00020096487691768,158659.55
2019-04-26,AEE,0.000201726658686775,157727.4
2019-04-29,AEE,0.00020110747564982002,159482.95
2019-04-30,AEE,0.00020031502020269,157260.3
2019-05-01,AEE,0.000197295916062215,157769.15
2019-05-02,AEE,0.00019853853666565,152746.45
2019-05-03,AEE,0.00019801132721718501,153152.0
2019-05-06,AEE,0.00019722389014615503,147258.95
2019-05-07,AEE,0.00019531765709322998,146245.2
2019-05-08,AEE,0.00019612573106076,146269.1
2019-05-09,AEE,0.00019857825110852,149236.1
2019-05-10,AEE,0.00020231754917235,156175.0
2019-05-13,AEE,0.000201558525439555,159600.85
2019-05-14,AEE,0.000203547675804665,165353.3
2019-05-15,AEE,0.00020805694655523995,170454.85
2019-05-16,AEE,0.00020968351403368503,172971.2
2019-05-17,AEE,0.000210578365532845,173066.05
2019-05-20,AEE,0.000211884426578835,173491.5
2019-05-21,AEE,0.00021271418303517997,170535.75
2019-05-22,AEE,0.00021182562313789,170194.8
2019-05-23,AEE,0.00020832119448634996,164269.5
2019-05-24,AEE,0.00020698899377299498,162810.15
2019-05-28,AEE,0.00020522063253034499,161551.1
2019-05-29,AEE,0.00020504972308866502,163069.7
2019-05-30,AEE,0.00020650958996795,160902.2
2019-05-31,AEE,0.00020217229003241,160463.25
2019-06-03,AEE,0.00020079816266873498,165074.2
2019-06-04,AEE,0.000202462424886445,172220.9
2019-06-05,AEE,0.000203170125258345,174287.7
2019-06-06,AEE,0.000204258207413605,179783.8
2019-06-07,AEE,0.00020139310198595,179797.95
2019-06-10,AEE,0.000196326220611665,175596.4
2019-06-11,AEE,0.000197853356252285,174782.1
2019-06-12,AEE,0.00019525783411707,168969.95
2019-06-13,AEE,0.00019608205426094498,166117.3
2019-06-14,AEE,0.000196479202376585,164865.7
2019-06-17,AEE,0.00019622896787824,164546.4
2019-06-18,AEE,0.00019569131887171,165614.95
2019-06-19,AEE,0.000195791128024925,169881.8
2019-06-20,AEE,0.00019889978948997,169939.7
2019-06-21,AEE,0.00020336999228147998,169838.1
2019-06-24,AEE,0.000203721779929315,168289.05
2019-06-25,AEE,0.00020585513945427502,169328.3
2019-06-26,AEE,0.00020689598575797,170126.95
2019-06-27,AEE,0.00020617352852743003,169156.45
2019-06-28,AEE,0.000207379853653685,170934.7
2019-07-01,AEE,0.00021044025734138998,164968.9
2019-07-02,AEE,0.000212373582889345,160479.95
2019-07-03,AEE,0.00021222333783842495,158463.1
2019-07-05,AEE,0.00020887957679765999,149861.75
2019-07-08,AEE,0.00021082722055603998,145368.6
2019-07-09,AEE,0.00020907407932498501,142782.8
2019-07-10,AEE,0.00020527718490850996,143258.7
2019-07-11,AEE,0.000204363723017425,145308.1
2019-07-12,AEE,0.00019990128727072,145807.5
2019-07-15,AEE,0.00019662241349423,145737.4
2019-07-16,AEE,0.000196060688903065,144682.95
2019-07-17,AEE,0.00019540266174768503,146833.0
2019-07-18,AEE,0.00019454788383479,142455.55
2019-07-19,AEE,0.000191929461033425,139738.6
2019-07-22,AEE,0.00018933866204358998,141538.3
2019-07-23,AEE,0.00019002782450155,145387.2
2019-07-24,AEE,0.000190302950831715,146918.4
2019-07-25,AEE,0.000189844285642235,146095.6
2019-07-26,AEE,0.000191692334550345,150605.6
2019-07-29,AEE,0.00018994851517904,153353.05
2019-07-30,AEE,0.000187333616833365,154130.1
2019-07-31,AEE,0.00018489097456895,153216.6
2019-08-01,AEE,0.000189190016501255,151576.2
2019-08-02,AEE,0.00019470784449214501,166345.95
2019-08-05,AEE,0.00020342694417115498,179350.7
2019-08-06,AEE,0.000209422020313675,186743.75
2019-08-07,AEE,0.000219191046501305,203073.4
2019-08-08,AEE,0.00022556167774168004,212787.25
2019-08-09,AEE,0.00022932480920969002,217412.35
2019-08-12,AEE,0.000232645102830625,223309.0
2019-08-13,AEE,0.0002348538080187,228296.85
2019-08-14,AEE,0.00023739243304096003,231430.95
2019-08-15,AEE,0.00023963598884204997,234470.3
2019-08-16,AEE,0.000245480650641915,244660.25
2019-08-19,AEE,0.00024762733735451,250638.3
2019-08-20,AEE,0.000246633927328575,248238.1
2019-08-21,AEE,0.00024657938469917,245305.0
2019-08-22,AEE,0.000247019888815775,244857.35
2019-08-23,AEE,0.00024613454167100505,239708.55
2019-08-26,AEE,0.00025053865330379,240416.8
2019-08-27,AEE,0.00025241326381126,240750.25
2019-08-28,AEE,0.00025312723012635506,240386.3
2019-08-29,AEE,0.000248303484226185,246403.35
2019-08-30,AEE,0.000244514883360445,245922.35
2019-09-03,AEE,0.00023388828409668,235068.5
2019-09-04,AEE,0.00023095097436625,229065.35
2019-09-05,AEE,0.00022249489116054,212156.1
2019-09-06,AEE,0.000218644321597595,201610.05
2019-09-09,AEE,0.00021622657066686996,200292.0
2019-09-10,AEE,0.000216400098968135,200865.5
2019-09-11,AEE,0.00021940249569817,202569.6
2019-09-12,AEE,0.00022100925422721,202657.6
2019-09-13,AEE,0.000228295029066315,212829.8
2019-09-16,AEE,0.000226605863366015,209112.65
2019-09-17,AEE,0.000224888385334145,205144.55
2019-09-18,AEE,0.00022736147430538997,208539.2
2019-09-19,AEE,0.00022808471639889998,206738.15
2019-09-20,AEE,0.00022658187621926498,206786.4
2019-09-23,AEE,0.00022636516912558497,210048.8
2019-09-24,AEE,0.00022195387459685001,204832.45
2019-09-25,AEE,0.00022096243290352998,206796.35
2019-09-26,AEE,0.00022293529655507998,211946.9
2019-09-27,AEE,0.00022160768808942498,209165.95
2019-09-30,AEE,0.00022264055620614497,201402.7
2019-10-01,AEE,0.00022278666712849502,200648.0
2019-10-02,AEE,0.000222227833954495,199538.8
2019-10-03,AEE,0.000225024329554085,197852.8
2019-10-04,AEE,0.00022401626303187499,197718.0
2019-10-07,AEE,0.00022397549646149999,193174.55
2019-10-08,AEE,0.0002220937870215,185932.8
2019-10-09,AEE,0.00021884253615737998,183324.3
2019-10-10,AEE,0.00021540607488808997,180034.9
2019-10-11,AEE,0.00020686895968173002,168050.5
2019-10-14,AEE,0.00020475643345401498,163396.95
2019-10-15,AEE,0.00020481047027039499,160912.8
2019-10-16,AEE,0.0002015607956857,161106.95
2019-10-17,AEE,0.00020305700480341502,165953.6
2019-10-18,AEE,0.00020379038673537,167661.4
2019-10-21,AEE,0.00020292367322016,169549.9
2019-10-22,AEE,0.00020215052750416498,171231.75
2019-10-23,AEE,0.0001999414578704,167368.0
2019-10-24,AEE,0.000195179483075495,162458.55
2019-10-25,AEE,0.00019544596975286,158951.25
2019-10-28,AEE,0.00019356082161746998,158009.2
2019-10-29,AEE,0.00019468884323602,163164.6
2019-10-30,AEE,0.00019736836401360998,164799.45
2019-10-31,AEE,0.00019552847812775,167288.85
2019-11-01,AEE,0.000196675206151145,172219.6
2019-11-04,AEE,0.000195067457592165,170693.9
2019-11-05,AEE,0.00019731571302791998,173180.8
2019-11-06,AEE,0.000197965651648805,176311.0
2019-11-07,AEE,0.00019885424085324,175265.65
2019-11-08,AEE,0.00019939525013100502,176657.15
2019-11-11,AEE,0.00020811890681196997,182587.1
2019-11-12,AEE,0.00020756407221186502,185283.05
2019-11-13,AEE,0.000208622192154045,185005.5
2019-11-14,AEE,0.00020546228388249998,183809.35
2019-11-15,AEE,0.00020596575229875499,189971.85
2019-11-18,AEE,0.00020581857606684996,188906.2
2019-11-19,AEE,0.00020695741922650002,189270.45
2019-11-20,AEE,0.00020956927023127496,189162.4
2019-11-21,AEE,0.00021163242393824503,191716.3
2019-11-22,AEE,0.00021219210763712002,194974.9
2019-11-25,AEE,0.00021312900395384498,195017.65
2019-11-26,AEE,0.00021121214868734996,193200.1
2019-11-27,AEE,0.00020806202289764996,191505.85
2019-11-29,AEE,0.000204541203019245,190304.25
2019-12-02,AEE,0.000200169256614535,183214.0
2019-12-03,AEE,0.00020316985558715002,186427.0
2019-12-04,AEE,0.00019815380075803002,182076.85
2019-12-05,AEE,0.00019540582079463002,175150.2
2019-12-06,AEE,0.000191770515212385,173576.0
2019-12-09,AEE,0.00018851941595477998,172203.75
2019-12-10,AEE,0.0001753353718646,163754.55
2019-12-11,AEE,0.000174340643337175,161796.55
2019-12-12,AEE,0.000173964983037765,157757.25
2019-12-13,AEE,0.00017307627903959,154767.35
2019-12-16,AEE,0.00017186202623478998,145686.0
2019-12-17,AEE,0.00016992701169163998,145589.85
2019-12-18,AEE,0.00016999074074402,149311.0
2019-12-19,AEE,0.00016673433267626,149683.55
2019-12-20,AEE,0.000163649966708625,148803.05
2019-12-23,AEE,0.00016277661929991002,148001.3
2019-12-24,AEE,0.000160551260508915,145191.85
2019-12-26,AEE,0.00015806882981202,138678.2
2019-12-27,AEE,0.00015421326423833498,135592.8
2019-01-31,AEP,0.0002619331450192,268309.6
2019-02-01,AEP,0.00025477991446792,276740.9
2019-02-04,AEP,0.000247542839895655,276141.65
2019-02-05,AEP,0.00024171946360201503,276368.05
2019-02-06,AEP,0.00023575217369501002,274787.75
2019-02-07,AEP,0.00023241371878167,268444.85
2019-02-08,AEP,0.000236995220148195,281704.7
2019-02-11,AEP,0.00023596855127090504,279015.9
2019-02-12,AEP,0.00023236725797674498,279339.6
2019-02-13,AEP,0.000226377169515085,281870.0
2019-02-14,AEP,0.000220482758932215,287334.55
2019-02-15,AEP,0.000219213038374945,285407.05
2019-02-19,AEP,0.00021601345110814,286414.35
2019-02-20,AEP,0.00021056789928592998,288414.8
2019-02-21,AEP,0.00020433620748362002,288660.4
2019-02-22,AEP,0.00020147815845210498,287641.25
2019-02-25,AEP,0.000196609192412185,285703.65
2019-02-26,AEP,0.00019336474570428498,289764.05
2019-02-27,AEP,0.000191593179644085,294060.15
2019-02-28,AEP,0.000189453327487755,290908.15
2019-03-01,AEP,0.000186813636624975,288293.2
2019-03-04,AEP,0.000182256059444835,279135.65
2019-03-05,AEP,0.00017970017358528,281503.5
2019-03-06,AEP,0.000178070976308695,280922.0
2019-03-07,AEP,0.000177226103306335,278540.8
2019-03-08,AEP,0.00017828823046953497,282075.4
2019-03-11,AEP,0.000175588349736915,277760.8
2019-03-12,AEP,0.000172654220301445,280675.55
2019-03-13,AEP,0.00017138026623853,281475.95
2019-03-14,AEP,0.00017065875453449,273817.65
2019-03-15,AEP,0.000170398435133975,271510.7
2019-03-18,AEP,0.00016867310197272499,278649.25
2019-03-19,AEP,0.00016836062454056,282489.65
2019-03-20,AEP,0.00016980511268264,290367.75
2019-03-21,AEP,0.00017131593975291,294920.35
2019-03-22,AEP,0.00017153926411806,299430.5
2019-03-25,AEP,0.00017292504121047,308905.1
2019-03-26,AEP,0.00017260416132098,307878.0
2019-03-27,AEP,0.000172311456884075,303584.6
2019-03-28,AEP,0.00017320355464598,309788.75
2019-03-29,AEP,0.000175729638082585,316715.1
2019-04-01,AEP,0.00017756745909626998,322200.8
2019-04-02,AEP,0.000178308168194375,325550.9
2019-04-03,AEP,0.000181113266964785,329760.55
2019-04-04,AEP,0.00018167534937203002,328454.7
2019-04-05,AEP,0.000179378300851675,326564.35
2019-04-08,AEP,0.0001787479492106,329005.95
2019-04-09,AEP,0.000180429912138565,327242.6
2019-04-10,AEP,0.000180234684122185,324636.65
2019-04-11,AEP,0.00017975347441566,327141.4
2019-04-12,AEP,0.000179524314417075,322210.0
2019-04-15,AEP,0.00018016965098366502,313771.05
2019-04-16,AEP,0.00017965472591441003,307477.75
2019-04-17,AEP,0.00017995547964980502,297485.2
2019-04-18,AEP,0.000181168950493465,293115.9
2019-04-22,AEP,0.00018352356103586,286511.7
2019-04-23,AEP,0.00018179145279952497,274013.7
2019-04-24,AEP,0.00018374722652128,271148.9
2019-04-25,AEP,0.00018458561933476497,269193.55
2019-04-26,AEP,0.00018801815997869,263061.8
2019-04-29,AEP,0.000186161907610195,253698.9
2019-04-30,AEP,0.00018550337032215998,240498.95
2019-05-01,AEP,0.000183618550514835,234190.0
2019-05-02,AEP,0.00018305310492713498,226638.1
2019-05-03,AEP,0.00018383979552594,223572.6
2019-05-06,AEP,0.000184572588219605,218877.05
2019-05-07,AEP,0.000184849571189085,217380.2
2019-05-08,AEP,0.00018571513769273,214541.45
2019-05-09,AEP,0.000188148570122045,215907.6
2019-05-10,AEP,0.00019412090668837002,216284.95
2019-05-13,AEP,0.0001972716559543,218789.35
2019-05-14,AEP,0.000200486837220405,227752.9
2019-05-15,AEP,0.00020338224955199002,231563.05
2019-05-16,AEP,0.00020403539394919,233538.3
2019-05-17,AEP,0.00020242116026721502,233316.9
2019-05-20,AEP,0.00020049802119421998,235367.75
2019-05-21,AEP,0.00020152575720944503,239802.65
2019-05-22,AEP,0.000199333536288915,237935.55
2019-05-23,AEP,0.000197487004967635,237489.25
2019-05-24,AEP,0.000192968979304035,238562.75
2019-05-28,AEP,0.000191781547130605,235749.85
2019-05-29,AEP,0.000192091288977195,238532.25
2019-05-30,AEP,0.00019395597407992,236114.6
2019-05-31,AEP,0.00019296708520150503,234582.85
2019-06-03,AEP,0.000193792724929185,238628.8
2019-06-04,AEP,0.00019502991593469999,243839.3
2019-06-05,AEP,0.000196831904392795,244865.95
2019-06-06,AEP,0.00019857359661339997,249657.4
2019-06-07,AEP,0.000197331669881255,248753.95
2019-06-10,AEP,0.00019199638478165,247662.2
2019-06-11,AEP,0.000189910479054915,243869.95
2019-06-12,AEP,0.0001874925873671,235085.65
2019-06-13,AEP,0.00018800770377964,231684.45
2019-06-14,AEP,0.00018728213304932,228194.3
2019-06-17,AEP,0.000186783374857995,227880.65
2019-06-18,AEP,0.000188142947477825,224851.65
2019-06-19,AEP,0.00018960462887156502,225822.35
2019-06-20,AEP,0.00019180454179329,228449.45
2019-06-21,AEP,0.00019572496337703,232027.55
2019-06-24,AEP,0.00019709299563025001,230806.85
2019-06-25,AEP,0.00019956776963586998,235770.9
2019-06-26,AEP,0.00019921926427003,241277.65
2019-06-27,AEP,0.00019913052838761003,243896.1
2019-06-28,AEP,0.00019914965305085002,248972.0
2019-07-01,AEP,0.00019873472247322502,253090.45
2019-07-02,AEP,0.00019842398818738002,253076.15
2019-07-03,AEP,0.00019829832460436,256833.0
2019-07-05,AEP,0.000194186948054415,250544.75
2019-07-08,AEP,0.000195105278691645,251406.65
2019-07-09,AEP,0.00019574471015645,246821.3
2019-07-10,AEP,0.0001927385307708,244854.05
2019-07-11,AEP,0.00019247329311129,244608.25
2019-07-12,AEP,0.000189906056535885,244766.65
2019-07-15,AEP,0.00019024370934620999,245278.4
2019-07-16,AEP,0.00019069224786091502,245372.3
2019-07-17,AEP,0.00018843875666329498,242744.3
2019-07-18,AEP,0.000193313500298155,239045.2
2019-07-19,AEP,0.000192324309815965,234934.15
2019-07-22,AEP,0.000191420051041695,229468.05
2019-07-23,AEP,0.00019129072960807,226563.3
2019-07-24,AEP,0.00019076628999636498,224346.45
2019-07-25,AEP,0.00019206439110582,220432.7
2019-07-26,AEP,0.00019483242626609,219742.65
2019-07-29,AEP,0.00019541046655434502,217189.05
2019-07-30,AEP,0.00019441568473315497,210713.35
2019-07-31,AEP,0.000193903572381725,208684.85
2019-08-01,AEP,0.00019972356945698998,205768.55
2019-08-02,AEP,0.00020723414809989,216943.25
2019-08-05,AEP,0.00020968920613802,217845.1
2019-08-06,AEP,0.00021576216336705498,227599.9
2019-08-07,AEP,0.00022489360151544497,232687.1
2019-08-08,AEP,0.00023124475023675997,235813.05
2019-08-09,AEP,0.00023575539567545004,238003.15
2019-08-12,AEP,0.00023820464008544499,236415.85
2019-08-13,AEP,0.00023911397799205502,237453.3
2019-08-14,AEP,0.00024246042912758,242945.35
2019-08-15,AEP,0.000240377483311675,247187.7
2019-08-16,AEP,0.00024466930724591,250603.8
2019-08-19,AEP,0.00024702265171582503,252802.9
2019-08-20,AEP,0.0002472025294946,254207.6
2019-08-21,AEP,0.00024854770105848,251242.95
2019-08-22,AEP,0.000249380123169135,245588.6
2019-08-23,AEP,0.000246134907204005,238345.6
2019-08-26,AEP,0.00024830750368030495,240105.1
2019-08-27,AEP,0.00024991125879861504,238938.55
2019-08-28,AEP,0.00025044075878539,235841.65
2019-08-29,AEP,0.00024364745800053503,238355.6
2019-08-30,AEP,0.00023760459158875496,228407.95
2019-09-03,AEP,0.00023375544729104,226661.4
2019-09-04,AEP,0.00022907930485297504,219448.9
2019-09-05,AEP,0.00022401038589205,213156.45
2019-09-06,AEP,0.00022069026374273002,213794.6
2019-09-09,AEP,0.00021689218636083496,209514.8
2019-09-10,AEP,0.00021710667558746998,220620.65
2019-09-11,AEP,0.000219697877561695,230377.5
2019-09-12,AEP,0.00022020035731896504,229656.45
2019-09-13,AEP,0.00021818888425863001,227154.45
2019-09-16,AEP,0.000215510268615605,221610.1
2019-09-17,AEP,0.00021198796809287,223079.45
2019-09-18,AEP,0.00021157660527534503,227580.75
2019-09-19,AEP,0.000209761247437885,226328.1
2019-09-20,AEP,0.00020785366426761,223745.9
2019-09-23,AEP,0.000208522365926655,226513.55
2019-09-24,AEP,0.000205623838018225,221872.4
2019-09-25,AEP,0.00020456311100261,227210.05
2019-09-26,AEP,0.0002047602984576,234218.15
2019-09-27,AEP,0.000204359321519895,243119.35
2019-09-30,AEP,0.00020510090393939501,250234.65
2019-10-01,AEP,0.00020579587953669,254293.2
2019-10-02,AEP,0.000203885544758545,264551.95
2019-10-03,AEP,0.000203203134290795,274125.35
2019-10-04,AEP,0.00020014125182498,272828.05
2019-10-07,AEP,0.00020063184164483,276770.6
2019-10-08,AEP,0.00019640170032011502,267955.9
2019-10-09,AEP,0.00019317327324861,257934.2
2019-10-10,AEP,0.00018974498773461002,254509.4
2019-10-11,AEP,0.00018728628580606,251477.85
2019-10-14,AEP,0.00018668189023121,254690.3
2019-10-15,AEP,0.00018759825150555,252649.1
2019-10-16,AEP,0.00018587135508908002,249027.85
2019-10-17,AEP,0.000186072370574335,254793.8
2019-10-18,AEP,0.000185953250022055,259744.9
2019-10-21,AEP,0.00018588256261343003,264864.75
2019-10-22,AEP,0.00018463484061781,272740.55
2019-10-23,AEP,0.00018384821080793498,273731.8
2019-10-24,AEP,0.000182242675731155,272296.35
2019-10-25,AEP,0.00018631633650145,260034.3
2019-10-28,AEP,0.000185939486622915,255819.9
2019-10-29,AEP,0.00018562934703338,251698.6
2019-10-30,AEP,0.000185293100021745,243800.85
2019-10-31,AEP,0.000183859740144165,233877.5
2019-11-01,AEP,0.00018402404174254,233987.95
2019-11-04,AEP,0.000182866190068675,230437.4
2019-11-05,AEP,0.000184082743623755,235508.65
2019-11-06,AEP,0.0001857233681799,236683.85
2019-11-07,AEP,0.00018620552035547,242412.25
2019-11-08,AEP,0.00018740594509172,250616.5
2019-11-11,AEP,0.000190705801236285,258842.1
2019-11-12,AEP,0.00018999340290682,261396.2
2019-11-13,AEP,0.000191436482043155,264851.95
2019-11-14,AEP,0.00019308883258446,268622.8
2019-11-15,AEP,0.00019334139673023499,270473.1
2019-11-18,AEP,0.00019118488071613,269191.05
2019-11-19,AEP,0.00019213109382320502,263645.6
2019-11-20,AEP,0.00019390762595894998,261630.85
2019-11-21,AEP,0.000194346730692355,259223.5
2019-11-22,AEP,0.00019239277657674502,259310.25
2019-11-25,AEP,0.00019252261967591002,262223.35
2019-11-26,AEP,0.000191058924105955,262228.05
2019-11-27,AEP,0.00019039991049204,261438.75
2019-11-29,AEP,0.000189006796275575,261563.25
2019-12-02,AEP,0.00018699215234393502,252215.9
2019-12-03,AEP,0.00018831530094584001,253568.35
2019-12-04,AEP,0.00018861023685377,247425.0
2019-12-05,AEP,0.0001847347471498,247020.45
2019-12-06,AEP,0.00018329322169278003,241700.9
2019-12-09,AEP,0.000180661314094205,233755.6
2019-12-10,AEP,0.00017334834721444001,220643.8
2019-12-11,AEP,0.00017130341892194,215610.3
2019-12-12,AEP,0.00016854560763462,214009.8
2019-12-13,AEP,0.000166214657043335,206793.95
2019-12-16,AEP,0.00016544574181872002,207293.5
2019-12-17,AEP,0.000165017524766935,200535.05
2019-12-18,AEP,0.00016421822957313502,207058.75
2019-12-19,AEP,0.00016110354918292999,211998.65
2019-12-20,AEP,0.00016076934993249997,211142.75
2019-12-23,AEP,0.000160612718941915,209873.8
2019-12-24,AEP,0.00015929157585702498,201405.65
2019-12-26,AEP,0.00015731477815153,192655.2
2019-12-27,AEP,0.00015481169018895002,183379.85
2019-01-31,AES,0.000300339254611035,362531.7
2019-02-01,AES,0.00029535992334968504,363576.6
2019-02-04,AES,0.000288896986536975,349039.45
2019-02-05,AES,0.00028393277181870495,356220.45
2019-02-06,AES,0.00027638992128179503,357362.4
2019-02-07,AES,0.000274848291083365,358511.4
2019-02-08,AES,0.00028183500382647,373061.95
2019-02-11,AES,0.000280504893362895,372539.9
2019-02-12,AES,0.00027824461723029,375792.35
2019-02-13,AES,0.00027429119934240995,379676.2
2019-02-14,AES,0.00027076413655206,378232.9
2019-02-15,AES,0.000271684391836585,376154.95
2019-02-19,AES,0.00027001772984915003,382180.8
2019-02-20,AES,0.00026808618439624,385660.8
2019-02-21,AES,0.00026427063217886,382048.05
2019-02-22,AES,0.00026212927539742,378000.25
2019-02-25,AES,0.000256894574928925,370783.2
2019-02-26,AES,0.00025482601731904,378114.2
2019-02-27,AES,0.000250885391819855,373948.6
2019-02-28,AES,0.000256627785278265,373853.9
2019-03-01,AES,0.00025850159297024003,374266.85
2019-03-04,AES,0.000258370890141055,373406.15
2019-03-05,AES,0.000261333622513455,393862.7
2019-03-06,AES,0.00026230408378388,398022.45
2019-03-07,AES,0.000265047492745005,404963.45
2019-03-08,AES,0.00026875185107808503,415512.35
2019-03-11,AES,0.00026961696207023,414627.0
2019-03-12,AES,0.000265378268576095,413826.0
2019-03-13,AES,0.00026448028764177497,413287.8
2019-03-14,AES,0.00026643071027182,407664.5
2019-03-15,AES,0.00026471290576073503,402398.25
2019-03-18,AES,0.000264777860582135,411925.25
2019-03-19,AES,0.00026232515744300004,412378.5
2019-03-20,AES,0.00026446042811975,427882.95
2019-03-21,AES,0.000267181757786885,443768.3
2019-03-22,AES,0.00026864632559508,447911.45
2019-03-25,AES,0.000271423767907655,451741.3
2019-03-26,AES,0.00027303491341031,441995.5
2019-03-27,AES,0.00027357083550536997,443124.1
2019-03-28,AES,0.000271057125325965,438047.6
2019-03-29,AES,0.00026702127313038,427102.75
2019-04-01,AES,0.00026393039895311496,427338.75
2019-04-02,AES,0.00025878882525926,398355.65
2019-04-03,AES,0.00025575937822848503,391055.5
2019-04-04,AES,0.00025400731784219,405351.85
2019-04-05,AES,0.0002501950226911,398637.15
2019-04-08,AES,0.0002463791659447,400660.9
2019-04-09,AES,0.000248418124298745,406202.65
2019-04-10,AES,0.000247762102320615,403840.1
2019-04-11,AES,0.00024598173422221,404971.7
2019-04-12,AES,0.000247297576873985,405557.95
2019-04-15,AES,0.000243836249697235,394281.6
2019-04-16,AES,0.000242592193802785,386706.2
2019-04-17,AES,0.000241374705357475,368355.5
2019-04-18,AES,0.00023843198104548004,353554.75
2019-04-22,AES,0.000237242958424865,349160.75
2019-04-23,AES,0.000234072559225085,346165.05
2019-04-24,AES,0.00023201654363243996,350766.45
2019-04-25,AES,0.00023371312033028505,350554.3
2019-04-26,AES,0.00023115104904137502,352055.2
2019-04-29,AES,0.00023381820384704501,369721.0
2019-04-30,AES,0.000234785685858585,364213.4
2019-05-01,AES,0.00023793975834671501,383973.15
2019-05-02,AES,0.0002412001521239,380726.05
2019-05-03,AES,0.000244902348079495,381316.7
2019-05-06,AES,0.000244261907230415,396249.55
2019-05-07,AES,0.00024890520812728505,407977.95
2019-05-08,AES,0.000262032762002955,416753.0
2019-05-09,AES,0.00026880222046804004,443630.8
2019-05-10,AES,0.00027430400364652997,461289.4
2019-05-13,AES,0.000278046355711065,467834.2
2019-05-14,AES,0.000280827751414545,481612.9
2019-05-15,AES,0.000286274720012845,495348.1
2019-05-16,AES,0.00028692469194485003,502431.7
2019-05-17,AES,0.00028697859743737997,509330.1
2019-05-20,AES,0.000285801878316915,512512.15
2019-05-21,AES,0.000286799351305595,517439.35
2019-05-22,AES,0.00028503129658637,514089.95
2019-05-23,AES,0.000286653215712935,517626.7
2019-05-24,AES,0.000286610398601195,530819.75
2019-05-28,AES,0.000281862591929,518009.25
2019-05-29,AES,0.000281184943545225,530579.95
2019-05-30,AES,0.000279636143407915,523899.4
2019-05-31,AES,0.0002760468702879,518872.05
2019-06-03,AES,0.00027350899024337005,494580.45
2019-06-04,AES,0.00027518542851715004,482735.85
2019-06-05,AES,0.000272377346593555,478479.0
2019-06-06,AES,0.00026230193990253,476152.75
2019-06-07,AES,0.00025778854177219,474126.25
2019-06-10,AES,0.000254989987643825,458114.6
2019-06-11,AES,0.000251667661259295,452685.1
2019-06-12,AES,0.00025190778863904003,450473.95
2019-06-13,AES,0.00024774644384321,436988.7
2019-06-14,AES,0.000246622450552625,423766.15
2019-06-17,AES,0.00024474690949228504,421419.35
2019-06-18,AES,0.000245198077167755,422521.75
2019-06-19,AES,0.000245743626640805,416075.6
2019-06-20,AES,0.000252256940944155,432397.95
2019-06-21,AES,0.00025388388494869505,433992.65
2019-06-24,AES,0.00025064835942288004,416024.5
2019-06-25,AES,0.000251422194261295,410761.95
2019-06-26,AES,0.00025028366388512495,396810.2
2019-06-27,AES,0.0002463473228722,380712.1
2019-06-28,AES,0.00024664594878046,377246.85
2019-07-01,AES,0.00024703967171947996,379588.05
2019-07-02,AES,0.00024461532108508495,373260.4
2019-07-03,AES,0.00024357287323023002,374210.5
2019-07-05,AES,0.00024028716623432004,366951.15
2019-07-08,AES,0.000238296866710545,345517.55
2019-07-09,AES,0.00023702809022980997,339115.25
2019-07-10,AES,0.00023480862667878502,338221.05
2019-07-11,AES,0.00023237286823365503,332109.5
2019-07-12,AES,0.000232084149815445,333421.75
2019-07-15,AES,0.00023028542363443498,335321.85
2019-07-16,AES,0.00023157553475460996,333779.7
2019-07-17,AES,0.00023121801394675,339051.7
2019-07-18,AES,0.00023519475382390497,380475.4
2019-07-19,AES,0.00023379765419618,370504.75
2019-07-22,AES,0.000230192727432545,362329.7
2019-07-23,AES,0.00023142916945777,374705.4
2019-07-24,AES,0.00023247661169097,380777.15
2019-07-25,AES,0.00023184976568677002,375645.7
2019-07-26,AES,0.00023260957557405998,374286.05
2019-07-29,AES,0.000232175378263995,376551.9
2019-07-30,AES,0.000230100367629515,374480.1
2019-07-31,AES,0.000233253364572225,377665.05
2019-08-01,AES,0.00024027527264043998,384459.5
2019-08-02,AES,0.000247641430977905,391588.95
2019-08-05,AES,0.000253784939230015,402191.05
2019-08-06,AES,0.00026189430057908504,413159.8
2019-08-07,AES,0.00028301973954424,441180.95
2019-08-08,AES,0.00029351411199609494,456249.9
2019-08-09,AES,0.000298671968055125,458428.45
2019-08-12,AES,0.00030306527873035004,457379.5
2019-08-13,AES,0.00030778745985899004,459027.0
2019-08-14,AES,0.00031239104030213,451253.2
2019-08-15,AES,0.000310286901145905,420604.6
2019-08-16,AES,0.00031100937346919,417932.7
2019-08-19,AES,0.000312442925652755,431516.7
2019-08-20,AES,0.00031151150582224,421268.85
2019-08-21,AES,0.00031307482811219003,424013.3
2019-08-22,AES,0.00031504713300215003,424842.05
2019-08-23,AES,0.00031483668557296003,425928.8
2019-08-26,AES,0.00032015164367029997,426192.85
2019-08-27,AES,0.00032087719704425,420412.5
2019-08-28,AES,0.00031821458249015,417044.55
2019-08-29,AES,0.00031366004917176497,401239.15
2019-08-30,AES,0.000307430702797525,395057.95
2019-09-03,AES,0.000302897724276255,393133.15
2019-09-04,AES,0.00029741987132532997,397275.35
2019-09-05,AES,0.000278970694738015,365300.25
2019-09-06,AES,0.00027030515562109504,363837.25
2019-09-09,AES,0.00026422616126024,360047.6
2019-09-10,AES,0.00026222841174796497,367796.8
2019-09-11,AES,0.00025864733904736503,364100.85
2019-09-12,AES,0.000255187201350885,363500.2
2019-09-13,AES,0.000255083329487145,366939.75
2019-09-16,AES,0.00025365685792527005,372491.8
2019-09-17,AES,0.00025099313301322503,356317.0
2019-09-18,AES,0.00025116118620514003,355884.25
2019-09-19,AES,0.0002477976348033,345097.2
2019-09-20,AES,0.00024566034785094,342914.75
2019-09-23,AES,0.0002466563401679,344104.25
2019-09-24,AES,0.00024287522854799502,340504.85
2019-09-25,AES,0.000244609665949685,346797.3
2019-09-26,AES,0.00024460301691067997,344982.0
2019-09-27,AES,0.00024309444327767502,340345.6
2019-09-30,AES,0.00024352665354186,335122.8
2019-10-01,AES,0.00024243692517994,321922.15
2019-10-02,AES,0.00024110081873845502,310287.15
2019-10-03,AES,0.00024181087661208502,314899.95
2019-10-04,AES,0.000244484575201515,297997.75
2019-10-07,AES,0.00024774836213695497,299101.5
2019-10-08,AES,0.00024871135183491004,293178.1
2019-10-09,AES,0.00024870893822998496,293914.65
2019-10-10,AES,0.0002499544366092,294976.7
2019-10-11,AES,0.000250905081903785,281392.1
2019-10-14,AES,0.000249700727373295,267459.6
2019-10-15,AES,0.00025009382348769503,266324.65
2019-10-16,AES,0.00025341154671337,268968.65
2019-10-17,AES,0.000253367495491385,271694.7
2019-10-18,AES,0.00025373096254566,274379.65
2019-10-21,AES,0.000250671624905535,273877.85
2019-10-22,AES,0.00024775640724791,276111.6
2019-10-23,AES,0.000246388021410185,277389.75
2019-10-24,AES,0.00024656523857279,284890.05
2019-10-25,AES,0.000245496799443745,293584.15
2019-10-28,AES,0.00024600694416988,295956.0
2019-10-29,AES,0.000248839729332365,303421.1
2019-10-30,AES,0.00024591580661185,306807.5
2019-10-31,AES,0.000244556919765515,307566.6
2019-11-01,AES,0.00024082715005286,310700.15
2019-11-04,AES,0.000240599804355985,314679.95
2019-11-05,AES,0.000241922649193525,322804.75
2019-11-06,AES,0.00024331822876168,332708.6
2019-11-07,AES,0.000254398448034945,332020.35
2019-11-08,AES,0.00025486573702784,338373.05
2019-11-11,AES,0.00025339128737702,340693.15
2019-11-12,AES,0.000256439703346515,355041.45
2019-11-13,AES,0.00025470809947098497,362284.8
2019-11-14,AES,0.00025549251259555505,363696.7
2019-11-15,AES,0.00025585209578042,368901.6
2019-11-18,AES,0.00025494867199887003,374810.3
2019-11-19,AES,0.000254055426438645,378748.1
2019-11-20,AES,0.00025028280648768,378701.5
2019-11-21,AES,0.000248286977933095,387399.75
2019-11-22,AES,0.000247262160074195,390208.85
2019-11-25,AES,0.00024680791258961004,396737.95
2019-11-26,AES,0.00024242655908501,397804.15
2019-11-27,AES,0.00024297307381303002,401343.75
2019-11-29,AES,0.00023963636771372996,393829.9
2019-12-02,AES,0.00023702798228114,385927.35
2019-12-03,AES,0.00023555995091589996,390931.5
2019-12-04,AES,0.00023199811762226498,389036.3
2019-12-05,AES,0.00022704672171759997,383495.85
2019-12-06,AES,0.00021021314981213,383653.15
2019-12-09,AES,0.000202340377700725,385640.65
2019-12-10,AES,0.00019730484697273498,387030.8
2019-12-11,AES,0.00019308111449643997,379106.65
2019-12-12,AES,0.000188590680381515,367782.45
2019-12-13,AES,0.00018779058202126,370929.1
2019-12-16,AES,0.00018637274995855,373026.35
2019-12-17,AES,0.000186674295434415,371903.4
2019-12-18,AES,0.00018554080588338502,383435.45
2019-12-19,AES,0.0001905291491286,403434.75
2019-12-20,AES,0.00019077686840958,398983.05
2019-12-23,AES,0.000196024654011985,397823.85
2019-12-24,AES,0.00019209453012649502,384366.35
2019-12-26,AES,0.00018989344940142502,369032.45
2019-12-27,AES,0.000187757209540425,354401.45
2019-01-31,AFL,0.00023047703333983,296850.3
2019-02-01,AFL,0.000228468894996065,301013.9
2019-02-04,AFL,0.00022906522799252498,301969.55
2019-02-05,AFL,0.00022781608741828,294964.4
2019-02-06,AFL,0.00022515171151385,294035.2
2019-02-07,AFL,0.00021966015274555,293790.55
2019-02-08,AFL,0.00022638507915423504,306727.8
2019-02-11,AFL,0.00022416945984664498,301708.95
2019-02-12,AFL,0.00022213874933346998,304309.15
2019-02-13,AFL,0.00022126103540694,300556.45
2019-02-14,AFL,0.00021616585478588502,295364.45
2019-02-15,AFL,0.00021430305260025,290604.2
2019-02-19,AFL,0.00021234248264586497,286156.1
2019-02-20,AFL,0.00020705264336697,278624.45
2019-02-21,AFL,0.000203538597383285,272059.5
2019-02-22,AFL,0.00020003760766906,267771.15
2019-02-25,AFL,0.00019839658495834504,264334.2
2019-02-26,AFL,0.00019540220607114,259021.4
2019-02-27,AFL,0.000193047772568565,256999.8
2019-02-28,AFL,0.000192632528623645,254317.1
2019-03-01,AFL,0.000190320304516875,249347.05
2019-03-04,AFL,0.00018541762040734,241419.95
2019-03-05,AFL,0.00017858986941085,232694.6
2019-03-06,AFL,0.000174720762665595,229117.7
2019-03-07,AFL,0.00017249548267938498,228189.8
2019-03-08,AFL,0.00017638856596442,230403.6
2019-03-11,AFL,0.000172280929477705,226791.1
2019-03-12,AFL,0.00017129268703120498,228768.45
2019-03-13,AFL,0.000169686473095355,226796.35
2019-03-14,AFL,0.000167934057834975,228833.3
2019-03-15,AFL,0.00016522967663791,230937.15
2019-03-18,AFL,0.00016244919590049,237966.7
2019-03-19,AFL,0.00016072070331057503,236539.25
2019-03-20,AFL,0.00016233152070378,236535.0
2019-03-21,AFL,0.00016289409100832998,241383.75
2019-03-22,AFL,0.000164402421512465,242434.3
2019-03-25,AFL,0.00016766799631169,247818.4
2019-03-26,AFL,0.00017048156722606998,251017.4
2019-03-27,AFL,0.00017211904912818,252513.85
2019-03-28,AFL,0.000171805255368205,255511.65
2019-03-29,AFL,0.00017179755562720002,251224.45
2019-04-01,AFL,0.00017159916894984498,250133.25
2019-04-02,AFL,0.000171932237284215,251841.6
2019-04-03,AFL,0.00017048573148736,252171.35
2019-04-04,AFL,0.00017390505619046002,258212.15
2019-04-05,AFL,0.00017000155506568002,250961.9
2019-04-08,AFL,0.000171493263956355,249345.25
2019-04-09,AFL,0.000170699251949275,248314.25
2019-04-10,AFL,0.00017257079136494502,248601.2
2019-04-11,AFL,0.00017349239124081999,246695.7
2019-04-12,AFL,0.00017499149250358999,244732.1
2019-04-15,AFL,0.00017670551431883,241305.25
2019-04-16,AFL,0.000176319804359675,239371.4
2019-04-17,AFL,0.00017617144397376,241367.8
2019-04-18,AFL,0.000176207458581525,239513.45
2019-04-22,AFL,0.00017599199349108502,239348.5
2019-04-23,AFL,0.000174824386221875,231179.8
2019-04-24,AFL,0.000173117121969735,231193.9
2019-04-25,AFL,0.00017191300498548,227301.45
2019-04-26,AFL,0.000172755643090925,228683.1
2019-04-29,AFL,0.000181327416850345,232029.4
2019-04-30,AFL,0.000181726386560555,231026.85
2019-05-01,AFL,0.0001777301433381,234478.45
2019-05-02,AFL,0.00018027241279236,238678.05
2019-05-03,AFL,0.00017825909687046998,234314.35
2019-05-06,AFL,0.000177587178689655,236687.6
2019-05-07,AFL,0.00017544833438101,238670.95
2019-05-08,AFL,0.000178463958317925,244214.8
2019-05-09,AFL,0.00017876236509591,246607.2
2019-05-10,AFL,0.00018219558706810503,251263.75
2019-05-13,AFL,0.000187078092741975,259583.55
2019-05-14,AFL,0.00019065426540268497,262066.7
2019-05-15,AFL,0.000193144276059055,266478.05
2019-05-16,AFL,0.00019572893709466,267964.55
2019-05-17,AFL,0.000195455984089545,268225.15
2019-05-20,AFL,0.00019742754454388998,273444.4
2019-05-21,AFL,0.000197105247957655,279974.15
2019-05-22,AFL,0.000196294992331515,281481.25
2019-05-23,AFL,0.000196486715211005,287678.8
2019-05-24,AFL,0.00019866170627227503,286629.75
2019-05-28,AFL,0.00018950989652609498,286404.75
2019-05-29,AFL,0.00018908241095292499,287172.3
2019-05-30,AFL,0.00019224285774268002,285318.05
2019-05-31,AFL,0.00019141875126621,279881.5
2019-06-03,AFL,0.00019081162626105,281923.05
2019-06-04,AFL,0.00019490935884994,293279.0
2019-06-05,AFL,0.00019682332688241498,299145.25
2019-06-06,AFL,0.00019631614981598498,300224.05
2019-06-07,AFL,0.00019650840370645002,302678.95
2019-06-10,AFL,0.00019343700472213,300955.75
2019-06-11,AFL,0.00018928405955152,301881.5
2019-06-12,AFL,0.00018445841430883,303090.75
2019-06-13,AFL,0.000183849121446975,300360.1
2019-06-14,AFL,0.00018074648616818,298499.1
2019-06-17,AFL,0.000180147664009165,297396.1
2019-06-18,AFL,0.000176634011162655,291531.45
2019-06-19,AFL,0.00017601757352500499,288534.6
2019-06-20,AFL,0.000178624079300345,289562.9
2019-06-21,AFL,0.00017988137200032001,295232.7
2019-06-24,AFL,0.00017707326018716,296578.65
2019-06-25,AFL,0.000176842622827035,299054.25
2019-06-26,AFL,0.000176746594350965,300746.55
2019-06-27,AFL,0.000176917076165755,297128.35
2019-06-28,AFL,0.000175079138639925,301945.2
2019-07-01,AFL,0.00017302458099283,297628.4
2019-07-02,AFL,0.00016971921541292,291402.6
2019-07-03,AFL,0.000168077452378855,288546.05
2019-07-05,AFL,0.000165087494607135,281014.95
2019-07-08,AFL,0.0001633653354323,275777.15
2019-07-09,AFL,0.000162334936045735,276821.55
2019-07-10,AFL,0.00016101168483916,274226.8
2019-07-11,AFL,0.000160087346370175,272845.2
2019-07-12,AFL,0.000157634249814665,276100.65
2019-07-15,AFL,0.00015680309732028498,277021.35
2019-07-16,AFL,0.000157652013242375,281461.3
2019-07-17,AFL,0.00015819906139897,289319.5
2019-07-18,AFL,0.00015606643290134997,289277.3
2019-07-19,AFL,0.00015348655557521,287044.1
2019-07-22,AFL,0.0001541259013006,286211.5
2019-07-23,AFL,0.000154035796488485,285404.0
2019-07-24,AFL,0.00015517051999586998,284214.55
2019-07-25,AFL,0.000159706403919755,293782.05
2019-07-26,AFL,0.000158695274939135,298126.9
2019-07-29,AFL,0.000166889244924595,300532.4
2019-07-30,AFL,0.000169753333387385,307721.75
2019-07-31,AFL,0.000170588060404,308720.2
2019-08-01,AFL,0.00017570490961594498,315638.15
2019-08-02,AFL,0.000185853604041875,332165.65
2019-08-05,AFL,0.00019016142433276998,342034.15
2019-08-06,AFL,0.00019688721008146001,348712.3
2019-08-07,AFL,0.00020410127769683999,353028.65
2019-08-08,AFL,0.000212147705477145,353718.55
2019-08-09,AFL,0.00021673544483308502,358204.55
2019-08-12,AFL,0.000221665633403935,357393.95
2019-08-13,AFL,0.00022457191571624997,354985.65
2019-08-14,AFL,0.000231090952038115,354258.15
2019-08-15,AFL,0.00023810256875661002,361146.95
2019-08-16,AFL,0.00024519850786235,365220.6
2019-08-19,AFL,0.000245494776709905,360844.9
2019-08-20,AFL,0.00024578090739724504,364236.8
2019-08-21,AFL,0.0002463923996539,368625.45
2019-08-22,AFL,0.00025790297376015504,378876.0
2019-08-23,AFL,0.00026535511769783,388448.45
2019-08-26,AFL,0.00026579088001688,394995.8
2019-08-27,AFL,0.000266666073524235,394253.25
2019-08-28,AFL,0.00026800179829289,396728.9
2019-08-29,AFL,0.00026375800014909504,398276.9
2019-08-30,AFL,0.000256779654519605,388832.7
2019-09-03,AFL,0.00025393993566712495,388134.65
2019-09-04,AFL,0.00025191536354425,394013.75
2019-09-05,AFL,0.00024532894437508,390057.4
2019-09-06,AFL,0.00023872177827288,393027.85
2019-09-09,AFL,0.000235888830419935,390267.85
2019-09-10,AFL,0.00023365655301853496,398516.0
2019-09-11,AFL,0.00023311261602688,407289.3
2019-09-12,AFL,0.00022895337442234003,408664.75
2019-09-13,AFL,0.00022811248084125498,411324.2
2019-09-16,AFL,0.00022185159636218496,408894.45
2019-09-17,AFL,0.00021887006997154003,408334.95
2019-09-18,AFL,0.00022018605001258498,405759.65
2019-09-19,AFL,0.00021939482207424004,395148.45
2019-09-20,AFL,0.00020212895838767,370609.2
2019-09-23,AFL,0.00019461774725740999,360139.7
2019-09-24,AFL,0.00018679076969002002,347125.2
2019-09-25,AFL,0.000186701419185525,347746.6
2019-09-26,AFL,0.00018760047386724,347296.0
2019-09-27,AFL,0.00018840618520448,348444.8
2019-09-30,AFL,0.00018865082359491,352076.1
2019-10-01,AFL,0.00018946652646749498,347815.6
2019-10-02,AFL,0.000188554914690925,341454.6
2019-10-03,AFL,0.000192838971435745,346317.95
2019-10-04,AFL,0.00019734413787743,346088.65
2019-10-07,AFL,0.000197875027358785,343888.35
2019-10-08,AFL,0.00019878125111302,337491.2
2019-10-09,AFL,0.00019863876848203,332212.8
2019-10-10,AFL,0.00019796406958160002,329126.9
2019-10-11,AFL,0.00019565258784757497,322494.3
2019-10-14,AFL,0.000199057105324985,322650.7
2019-10-15,AFL,0.00019994331555038498,321709.75
2019-10-16,AFL,0.00019726303081910498,319683.85
2019-10-17,AFL,0.000196448308552845,323683.1
2019-10-18,AFL,0.00019689920883348002,322712.65
2019-10-21,AFL,0.000194427431751045,317370.55
2019-10-22,AFL,0.00019332177793848,317375.6
2019-10-23,AFL,0.0001897253655405,312336.05
2019-10-24,AFL,0.000186039439585215,304141.6
2019-10-25,AFL,0.00018430439469561502,293544.95
2019-10-28,AFL,0.00018735823116987,287203.45
2019-10-29,AFL,0.00018595479442517002,280634.25
2019-10-30,AFL,0.000183296540724,269460.7
2019-10-31,AFL,0.00018028439783796001,258233.35
2019-11-01,AFL,0.00017656773857385,250604.5
2019-11-04,AFL,0.00017405445877708,244833.35
2019-11-05,AFL,0.00016977244141066,239192.4
2019-11-06,AFL,0.000166089820691485,234224.0
2019-11-07,AFL,0.00016504780153128,232050.2
2019-11-08,AFL,0.000163739622615845,228963.4
2019-11-11,AFL,0.00015923189678223,221196.25
2019-11-12,AFL,0.00015752558833974999,214862.8
2019-11-13,AFL,0.000156836182662955,213363.45
2019-11-14,AFL,0.00015724682322459498,210512.05
2019-11-15,AFL,0.000158418943768025,208919.7
2019-11-18,AFL,0.000158842122013625,206674.5
2019-11-19,AFL,0.00015859842464623,209036.1
2019-11-20,AFL,0.00015909735253269002,212675.2
2019-11-21,AFL,0.00016137242193017001,213438.8
2019-11-22,AFL,0.000159167740866605,211000.4
2019-11-25,AFL,0.00015381056653264498,206628.1
2019-11-26,AFL,0.000150613819954555,204810.3
2019-11-27,AFL,0.000150373511368665,205426.2
2019-11-29,AFL,0.000147169847134715,202070.85
2019-12-02,AFL,0.00014366207462830502,193902.45
2019-12-03,AFL,0.00015007796055784998,206300.2
2019-12-04,AFL,0.00015484881415121,218230.1
2019-12-05,AFL,0.000157587271487,217197.65
2019-12-06,AFL,0.00015704355809059999,216279.5
2019-12-09,AFL,0.00015412181375874,214105.25
2019-12-10,AFL,0.00015233909569111498,214402.45
2019-12-11,AFL,0.00015195832580876001,218958.4
2019-12-12,AFL,0.00015196749832066,219853.55
2019-12-13,AFL,0.000153715594344675,224285.45
2019-12-16,AFL,0.000154143247233475,230353.95
2019-12-17,AFL,0.00016080074498874502,236165.15
2019-12-18,AFL,0.000161008223517525,231276.3
2019-12-19,AFL,0.00015956776261057002,223826.6
2019-12-20,AFL,0.00015567049536981,220634.35
2019-12-23,AFL,0.000160008308945395,222184.55
2019-12-24,AFL,0.000158627589052425,223988.5
2019-12-26,AFL,0.00015918025001632002,219027.25
2019-12-27,AFL,0.000156994927760425,216585.6
2019-01-31,AGN,0.00043786246396810495,195048.1
2019-02-01,AGN,0.000431228917023135,201920.0
2019-02-04,AGN,0.000418520360270795,205515.85
2019-02-05,AGN,0.00041368904412541997,208243.2
2019-02-06,AGN,0.00040902324178732004,208583.1
2019-02-07,AGN,0.00040346735722611497,210723.95
2019-02-08,AGN,0.00040880894307801003,220914.45
2019-02-11,AGN,0.00040348513339896503,227990.0
2019-02-12,AGN,0.00039881715420862004,229771.35
2019-02-13,AGN,0.00039300950970797504,231329.05
2019-02-14,AGN,0.00038767024437877504,233915.2
2019-02-15,AGN,0.00038568435787966,236448.1
2019-02-19,AGN,0.00038008630248624,241842.3
2019-02-20,AGN,0.00036944695195584006,240032.0
2019-02-21,AGN,0.00036267656941562,240227.6
2019-02-22,AGN,0.000357761574700685,238662.5
2019-02-25,AGN,0.00034825653384793,235953.45
2019-02-26,AGN,0.00034355166964337503,236541.7
2019-02-27,AGN,0.00033960812279824003,232493.05
2019-02-28,AGN,0.000312859895722275,211842.55
2019-03-01,AGN,0.000295644012517335,195514.3
2019-03-04,AGN,0.000290495433914045,190329.15
2019-03-05,AGN,0.00028374142752937996,188331.9
2019-03-06,AGN,0.000277507473828865,185599.9
2019-03-07,AGN,0.00027016072136919,183879.2
2019-03-08,AGN,0.00028738946050289,200745.25
2019-03-11,AGN,0.00029067425325156,208739.25
2019-03-12,AGN,0.00028780612565424497,209679.35
2019-03-13,AGN,0.00029093434208537,216786.25
2019-03-14,AGN,0.00029169928590766,218423.5
2019-03-15,AGN,0.000290404536643955,219299.1
2019-03-18,AGN,0.000287837710650595,221199.05
2019-03-19,AGN,0.00028423965534051497,225399.65
2019-03-20,AGN,0.00028420529362086,236374.75
2019-03-21,AGN,0.000282478760942245,242343.65
2019-03-22,AGN,0.000281769077506805,249339.9
2019-03-25,AGN,0.000285295654099955,259790.5
2019-03-26,AGN,0.00028864092689097,270327.85
2019-03-27,AGN,0.000294305798676635,275696.8
2019-03-28,AGN,0.000294786346507025,276813.85
2019-03-29,AGN,0.000293051506427465,276204.85
2019-04-01,AGN,0.00029341487326726496,275480.65
2019-04-02,AGN,0.000294881289320795,271198.0
2019-04-03,AGN,0.00029529318886321,268963.5
2019-04-04,AGN,0.00029298158984990004,271214.95
2019-04-05,AGN,0.000271973994594145,256750.75
2019-04-08,AGN,0.00026511526534629996,246192.6
2019-04-09,AGN,0.00026592764712229,240241.35
2019-04-10,AGN,0.000259348693718215,228762.05
2019-04-11,AGN,0.000257786739137825,223752.3
2019-04-12,AGN,0.000255580095306575,218287.1
2019-04-15,AGN,0.00025282648393905,214032.4
2019-04-16,AGN,0.000256489140044965,217050.35
2019-04-17,AGN,0.000257092087600735,205020.5
2019-04-18,AGN,0.00026118289145584,205719.15
2019-04-22,AGN,0.000264199976696785,203659.45
2019-04-23,AGN,0.00026088418081146494,190594.8
2019-04-24,AGN,0.00026141855678998496,180540.25
2019-04-25,AGN,0.00025892923365254997,173261.4
2019-04-26,AGN,0.000255875649932705,168157.85
2019-04-29,AGN,0.000257708481326145,167672.35
2019-04-30,AGN,0.000259617035464115,168157.35
2019-05-01,AGN,0.00025724243348194996,166661.95
2019-05-02,AGN,0.0002650133763355,171714.75
2019-05-03,AGN,0.00027281620320641995,168415.3
2019-05-06,AGN,0.000275978868055295,167621.5
2019-05-07,AGN,0.00027911724442714005,168895.9
2019-05-08,AGN,0.00030021267255677997,176390.9
2019-05-09,AGN,0.000306477487458195,182521.2
2019-05-10,AGN,0.000312729713039535,191059.4
2019-05-13,AGN,0.00032168648048263996,197307.2
2019-05-14,AGN,0.000334317626438165,201698.5
2019-05-15,AGN,0.00033825294684983003,199147.75
2019-05-16,AGN,0.000340906969679285,203475.75
2019-05-17,AGN,0.00034575686228646,210664.5
2019-05-20,AGN,0.000350567993612245,211734.3
2019-05-21,AGN,0.00035427687121178,214608.8
2019-05-22,AGN,0.00035193756194370503,213957.35
2019-05-23,AGN,0.00034723539565934,213856.75
2019-05-24,AGN,0.000351225992970835,220115.15
2019-05-28,AGN,0.00035098055217157,222660.2
2019-05-29,AGN,0.00034934546863740003,227205.6
2019-05-30,AGN,0.000361060756293475,251634.25
2019-05-31,AGN,0.000357058922574985,254722.5
2019-06-03,AGN,0.00035502832950044,256780.25
2019-06-04,AGN,0.00036164498765750504,264013.7
2019-06-05,AGN,0.00036106632924317,283039.1
2019-06-06,AGN,0.00034533297493975,280040.35
2019-06-07,AGN,0.000343958722605455,276726.05
2019-06-10,AGN,0.00034229313282894,273969.5
2019-06-11,AGN,0.000338494485478985,277115.45
2019-06-12,AGN,0.00033183383993776,285156.15
2019-06-13,AGN,0.000329319206963035,286098.7
2019-06-14,AGN,0.00032682582529565006,289703.3
2019-06-17,AGN,0.000327128229721135,294406.65
2019-06-18,AGN,0.00032746134222463006,299303.2
2019-06-19,AGN,0.000339494116269095,312307.1
2019-06-20,AGN,0.00035768551181903496,330785.9
2019-06-21,AGN,0.00036692353200493003,337414.0
2019-06-24,AGN,0.000367588642173205,348986.75
2019-06-25,AGN,0.000371954744396615,348629.3
2019-06-26,AGN,0.00038138756601835,406739.1
2019-06-27,AGN,0.00037222893584957004,421505.3
2019-06-28,AGN,0.00036673271652264497,440968.85
2019-07-01,AGN,0.000361724053601435,453894.1
2019-07-02,AGN,0.000351519723507695,467162.4
2019-07-03,AGN,0.000347420018205335,460150.05
2019-07-05,AGN,0.00033493047745999504,466303.9
2019-07-08,AGN,0.00032645839577662,475050.75
2019-07-09,AGN,0.00031849106115760503,491517.3
2019-07-10,AGN,0.000313128803899095,501728.35
2019-07-11,AGN,0.00030581914883355,502590.05
2019-07-12,AGN,0.000298777461463145,507806.75
2019-07-15,AGN,0.00029409171274563,514035.45
2019-07-16,AGN,0.00027860235315497,508718.9
2019-07-17,AGN,0.00026790328279818504,511739.25
2019-07-18,AGN,0.00024995568880293,509124.5
2019-07-19,AGN,0.00023011237986821,500251.8
2019-07-22,AGN,0.000218332106139275,497895.9
2019-07-23,AGN,0.00021015601362506497,486945.45
2019-07-24,AGN,0.00019890122758498002,492883.6
2019-07-25,AGN,0.00018472817655309002,443893.0
2019-07-26,AGN,0.00017885569308228,420575.05
2019-07-29,AGN,0.000178493878557905,403837.95
2019-07-30,AGN,0.00017528202318551998,396763.65
2019-07-31,AGN,0.00017314960612154498,390265.8
2019-08-01,AGN,0.000171248077942235,389957.9
2019-08-02,AGN,0.00017843936211258,389666.1
2019-08-05,AGN,0.00018080579555688,387555.05
2019-08-06,AGN,0.0001835664824296,370794.85
2019-08-07,AGN,0.00018404540227614502,359786.2
2019-08-08,AGN,0.00018766934080456497,355816.75
2019-08-09,AGN,0.000187530606959795,354632.95
2019-08-12,AGN,0.000188798105415095,356637.55
2019-08-13,AGN,0.000189363603091655,351216.95
2019-08-14,AGN,0.00019056162217946,346224.9
2019-08-15,AGN,0.00019238410341213,341275.85
2019-08-16,AGN,0.000193903732136175,337033.9
2019-08-19,AGN,0.00019398265368899,337446.15
2019-08-20,AGN,0.000192367126520115,336517.55
2019-08-21,AGN,0.000193224767237835,334817.65
2019-08-22,AGN,0.00019514522720617,324411.25
2019-08-23,AGN,0.00019266262456267,309288.7
2019-08-26,AGN,0.000193601096512505,311248.85
2019-08-27,AGN,0.00019363771109001503,302936.55
2019-08-28,AGN,0.00019356794763521,292757.55
2019-08-29,AGN,0.00019235606225387,281133.25
2019-08-30,AGN,0.00018508925678184003,272959.7
2019-09-03,AGN,0.00018463639072248,265867.3
2019-09-04,AGN,0.00018212965274286497,263792.2
2019-09-05,AGN,0.00017915873752295,265280.55
2019-09-06,AGN,0.00017383256309286,257139.2
2019-09-09,AGN,0.00017118284368663502,245644.15
2019-09-10,AGN,0.00016816271550643998,234996.65
2019-09-11,AGN,0.000167751347558085,228815.9
2019-09-12,AGN,0.000165113337361845,221450.1
2019-09-13,AGN,0.00016231695342822,216227.95
2019-09-16,AGN,0.00015774215043904498,210245.85
2019-09-17,AGN,0.00015550479147758502,205888.15
2019-09-18,AGN,0.000155873252107995,206326.1
2019-09-19,AGN,0.00015331301501403318,196348.95
2019-09-20,AGN,0.00014833453278315567,195543.1
2019-09-23,AGN,0.00015080394167427065,207109.05
2019-09-24,AGN,0.00014677160227244065,197387.9
2019-09-25,AGN,0.00014587137716997564,196005.95
2019-09-26,AGN,0.00014323442502245566,190654.5
2019-09-27,AGN,0.00014145922279152067,189285.7
2019-09-30,AGN,0.00014254937289525564,187490.7
2019-10-01,AGN,0.00013873272994705067,185988.25
2019-10-02,AGN,0.00013748249419636563,189955.35
2019-10-03,AGN,0.00013814998559155066,182349.25
2019-10-04,AGN,0.00013988633536480565,180456.0
2019-10-07,AGN,0.00013967929988706063,178157.3
2019-10-08,AGN,0.00013851657625267065,174028.7
2019-10-09,AGN,0.00013824420081894067,171689.5
2019-10-10,AGN,0.00013647956891073567,171083.35
2019-10-11,AGN,0.00013412885355782068,167764.35
2019-10-14,AGN,0.00013416851504187568,169315.35
2019-10-15,AGN,0.00013362322117115065,169158.5
2019-10-16,AGN,0.00013193462131681007,166243.0
2019-10-17,AGN,0.00013358299553249692,170830.95
2019-10-18,AGN,0.00013748290073512442,168013.15
2019-10-21,AGN,0.0001350271575608994,161039.6
2019-10-22,AGN,0.00013449779396677443,157727.3
2019-10-23,AGN,0.00013300078588985442,153921.7
2019-10-24,AGN,0.0001325423438827794,153618.75
2019-10-25,AGN,0.00013273224328216442,155390.75
2019-10-28,AGN,0.0001315123929229694,153338.5
2019-10-29,AGN,0.00013571207005912941,156999.9
2019-10-30,AGN,0.0001351616442107144,147975.1
2019-10-31,AGN,0.00013279952560468942,142966.3
2019-11-01,AGN,0.0001319008239195144,140043.0
2019-11-04,AGN,0.0001348788078916544,147518.05
2019-11-05,AGN,0.0001360870042334494,152398.8
2019-11-06,AGN,0.00013673823051821944,149879.45
2019-11-07,AGN,0.00013920131106700441,150392.65
2019-11-08,AGN,0.00013848684745712442,149643.45
2019-11-11,AGN,0.00013838730435720444,149645.1
2019-11-12,AGN,0.00013964492479542442,147630.7
2019-11-13,AGN,0.000142666592807425,146424.6
2019-11-14,AGN,0.00014418817534604,144679.85
2019-11-15,AGN,0.00014421737122169,140942.95
2019-11-18,AGN,0.00014376053867087,138543.35
2019-11-19,AGN,0.00014417701742785001,140733.05
2019-11-20,AGN,0.000145964599682165,144441.75
2019-11-21,AGN,0.000148571986911445,140560.5
2019-11-22,AGN,0.000150741138116875,135513.7
2019-11-25,AGN,0.000151103909616605,135490.6
2019-11-26,AGN,0.000148800674975165,130646.9
2019-11-27,AGN,0.00014878382692536002,134597.25
2019-11-29,AGN,0.0001477492027515861,135690.45
2019-12-02,AGN,0.0001458507395906511,134586.6
2019-12-03,AGN,0.00014359437815389612,128016.65
2019-12-04,AGN,0.00014595413503663113,124180.5
2019-12-05,AGN,0.00014410865156859112,123020.35
2019-12-06,AGN,0.0001429926150660011,118192.0
2019-12-09,AGN,0.00014199122818010966,118539.15
2019-12-10,AGN,0.0001397830341473043,116104.75
2019-12-11,AGN,0.00013841654419617433,115635.8
2019-12-12,AGN,0.00013618733293666933,114012.7
2019-12-13,AGN,0.00013502242054223433,113520.65
2019-12-16,AGN,0.00013481320599326933,116251.1
2019-12-17,AGN,0.00013530798641113933,111656.25
2019-12-18,AGN,0.00013339779472037433,107356.65
2019-12-19,AGN,0.0001323863272703893,103292.45
2019-12-20,AGN,0.00012927338282032433,102785.55
2019-12-23,AGN,0.0001327477960304043,104508.05
2019-12-24,AGN,0.00013375311266388434,103316.65
2019-12-26,AGN,0.00012969625466783982,98860.5
2019-12-27,AGN,0.0001280368710707877,93973.75
2019-01-31,AIG,0.00031637079567084,351433.0
2019-02-01,AIG,0.000309483982931445,349240.6
2019-02-04,AIG,0.00030030519312282996,341129.3
2019-02-05,AIG,0.0002924637088936,338471.3
2019-02-06,AIG,0.000284251609358405,341139.55
2019-02-07,AIG,0.000276579020702865,342267.95
2019-02-08,AIG,0.00028690161102502994,366100.4
2019-02-11,AIG,0.000282927049105085,373606.0
2019-02-12,AIG,0.000280948954624595,379761.4
2019-02-13,AIG,0.000276538715820215,384440.2
2019-02-14,AIG,0.00027086864774261,387001.6
2019-02-15,AIG,0.00028918792471076,430313.7
2019-02-19,AIG,0.00029071349125154,450723.85
2019-02-20,AIG,0.00028837504627006,461846.15
2019-02-21,AIG,0.00028238547429188,460020.25
2019-02-22,AIG,0.00028182707317401504,462350.15
2019-02-25,AIG,0.00028074102554506003,461325.35
2019-02-26,AIG,0.000282185190850985,472563.55
2019-02-27,AIG,0.000283143588470405,475712.55
2019-02-28,AIG,0.000284690366094535,477351.0
2019-03-01,AIG,0.000280774123722605,468527.15
2019-03-04,AIG,0.00027887346757640003,465890.0
2019-03-05,AIG,0.00028198689521553,472972.25
2019-03-06,AIG,0.000282276798354845,473481.6
2019-03-07,AIG,0.00028307493836620496,469002.55
2019-03-08,AIG,0.00028612690344935,477182.95
2019-03-11,AIG,0.000283580173089155,466707.5
2019-03-12,AIG,0.00028127081099482996,460282.0
2019-03-13,AIG,0.00027928673405053,452961.45
2019-03-14,AIG,0.00028042914667704,456548.85
2019-03-15,AIG,0.00028037359162544996,454154.5
2019-03-18,AIG,0.00025974880437703,413403.05
2019-03-19,AIG,0.000253776914386835,386002.2
2019-03-20,AIG,0.000252372663919735,372605.0
2019-03-21,AIG,0.00025472063450277,372401.3
2019-03-22,AIG,0.00025368849785029,373890.4
2019-03-25,AIG,0.00025622993266505,378134.5
2019-03-26,AIG,0.00025833281420803997,366906.25
2019-03-27,AIG,0.00025595498369526497,360888.1
2019-03-28,AIG,0.00025521831364766,357591.95
2019-03-29,AIG,0.00025626263766167004,357936.75
2019-04-01,AIG,0.00025730651575989503,360399.3
2019-04-02,AIG,0.0002533509826232,353720.75
2019-04-03,AIG,0.00025285100493253,353914.95
2019-04-04,AIG,0.00025210424952331,356771.95
2019-04-05,AIG,0.00024831520859955,348615.05
2019-04-08,AIG,0.000246508819169725,357165.15
2019-04-09,AIG,0.00024673383632384,351654.15
2019-04-10,AIG,0.00024691209971186996,351555.75
2019-04-11,AIG,0.00024547709408989,338309.75
2019-04-12,AIG,0.000246851027452445,335444.3
2019-04-15,AIG,0.00025073589104512996,330888.7
2019-04-16,AIG,0.00024833776682733997,326873.55
2019-04-17,AIG,0.00024707011054502,324612.95
2019-04-18,AIG,0.000245053336344985,320584.0
2019-04-22,AIG,0.00024454850420937,312075.1
2019-04-23,AIG,0.00023938747371130502,302691.4
2019-04-24,AIG,0.000234000179531975,301691.75
2019-04-25,AIG,0.000233226798467375,301518.6
2019-04-26,AIG,0.00023312404548286002,310134.7
2019-04-29,AIG,0.00023142037582939,309435.6
2019-04-30,AIG,0.00023074618000992,306394.75
2019-05-01,AIG,0.00022860330492310501,311934.35
2019-05-02,AIG,0.00022925282381864,312634.35
2019-05-03,AIG,0.000230412736105045,311562.15
2019-05-06,AIG,0.000231419576607845,316202.95
2019-05-07,AIG,0.0002342500011517,322481.55
2019-05-08,AIG,0.00025118888765801996,374751.65
2019-05-09,AIG,0.000257360892447445,391979.6
2019-05-10,AIG,0.00026271173125906003,407329.15
2019-05-13,AIG,0.00026676651433237,418846.45
2019-05-14,AIG,0.0002678923221431,427660.4
2019-05-15,AIG,0.00026993592440106,441594.5
2019-05-16,AIG,0.00027300048654687996,452290.75
2019-05-17,AIG,0.000273032546602275,465790.6
2019-05-20,AIG,0.00027442511193493,471608.2
2019-05-21,AIG,0.00027564692008002,480020.3
2019-05-22,AIG,0.00027450021732644,480957.55
2019-05-23,AIG,0.000273403282780255,483786.7
2019-05-24,AIG,0.000272946379058665,478257.8
2019-05-28,AIG,0.00027119240589218,479773.5
2019-05-29,AIG,0.00026965892456897,484434.3
2019-05-30,AIG,0.000271005706364525,481989.65
2019-05-31,AIG,0.00026937989460402,477102.4
2019-06-03,AIG,0.00027018626918436995,481860.9
2019-06-04,AIG,0.000272599451210115,488164.6
2019-06-05,AIG,0.00026977620117883,483692.6
2019-06-06,AIG,0.00025522061842891,441908.3
2019-06-07,AIG,0.000248980991419525,429011.45
2019-06-10,AIG,0.000242851679107475,425803.9
2019-06-11,AIG,0.00023754052198413496,415358.5
2019-06-12,AIG,0.00023151929424247,403874.85
2019-06-13,AIG,0.00022933474313138998,393572.45
2019-06-14,AIG,0.000225790793710115,385436.85
2019-06-17,AIG,0.00022369168348150502,370119.2
2019-06-18,AIG,0.00021926656589794,361884.05
2019-06-19,AIG,0.00021714241733663,355664.2
2019-06-20,AIG,0.00021817018469528,358674.95
2019-06-21,AIG,0.000219931387925055,362996.8
2019-06-24,AIG,0.00021865389965208503,360645.9
2019-06-25,AIG,0.00021896406670637,357684.3
2019-06-26,AIG,0.00021885598578518,362514.95
2019-06-27,AIG,0.00021884869431958,360332.5
2019-06-28,AIG,0.00021838353088339998,362863.5
2019-07-01,AIG,0.00021511852367629502,353330.85
2019-07-02,AIG,0.000211188334128105,341825.9
2019-07-03,AIG,0.000211045406684855,333065.9
2019-07-05,AIG,0.00020833647389765,326200.85
2019-07-08,AIG,0.00020685372326425497,318038.05
2019-07-09,AIG,0.000208158868574115,311007.3
2019-07-10,AIG,0.000206998539111155,307219.85
2019-07-11,AIG,0.0002070719711407,306739.3
2019-07-12,AIG,0.00020699171993303502,307847.65
2019-07-15,AIG,0.00020687966271126,302701.35
2019-07-16,AIG,0.00020646330671169,303782.95
2019-07-17,AIG,0.00020593421743168,304178.05
2019-07-18,AIG,0.000205829975115425,306402.6
2019-07-19,AIG,0.00020428798239696997,302254.8
2019-07-22,AIG,0.00020408555852682002,298195.35
2019-07-23,AIG,0.00020128050304666002,292417.55
2019-07-24,AIG,0.00020067889720176,289829.25
2019-07-25,AIG,0.00019823369098409,280742.1
2019-07-26,AIG,0.00019709518115532503,277220.05
2019-07-29,AIG,0.00019445670125270502,271613.1
2019-07-30,AIG,0.00019213784502457998,271601.75
2019-07-31,AIG,0.00019229586379341,266523.5
2019-08-01,AIG,0.00019356768962084,267928.3
2019-08-02,AIG,0.000199954837599805,281991.8
2019-08-05,AIG,0.00020542886960376,285093.0
2019-08-06,AIG,0.00020960582470690002,296674.5
2019-08-07,AIG,0.00021482328886128,308727.5
2019-08-08,AIG,0.000225729434203905,316532.2
2019-08-09,AIG,0.00023826830946966499,339921.9
2019-08-12,AIG,0.00024141462526581,350220.45
2019-08-13,AIG,0.00024537901025495503,355370.75
2019-08-14,AIG,0.000257352666998785,373740.9
2019-08-15,AIG,0.0002664717038029,401508.1
2019-08-16,AIG,0.00027416440625581504,413219.2
2019-08-19,AIG,0.000274264595331195,416625.9
2019-08-20,AIG,0.00027638237183735,421209.85
2019-08-21,AIG,0.00027960157351943,428532.8
2019-08-22,AIG,0.000282672082954755,425730.1
2019-08-23,AIG,0.000285304039710205,425849.75
2019-08-26,AIG,0.00029509594391078503,434820.1
2019-08-27,AIG,0.00029945373055710004,434564.35
2019-08-28,AIG,0.00030135730491593,436080.6
2019-08-29,AIG,0.00030016010556334496,433520.5
2019-08-30,AIG,0.000295646050700865,423926.75
2019-09-03,AIG,0.000291763687850465,429552.85
2019-09-04,AIG,0.00029042773765178,424138.6
2019-09-05,AIG,0.00028539642937115,419020.9
2019-09-06,AIG,0.00027675753480411005,414068.75
2019-09-09,AIG,0.00026380819616885,385158.85
2019-09-10,AIG,0.00026033521150747505,380787.9
2019-09-11,AIG,0.00025947848518624003,378065.8
2019-09-12,AIG,0.00025042243115007504,364930.25
2019-09-13,AIG,0.000245227154377575,336826.05
2019-09-16,AIG,0.00023836715692052498,326019.85
2019-09-17,AIG,0.00023568862381013003,321155.85
2019-09-18,AIG,0.00023632428352417,327576.7
2019-09-19,AIG,0.00023628616882615002,324246.75
2019-09-20,AIG,0.00023695837108777003,343555.75
2019-09-23,AIG,0.000236283253495125,351919.75
2019-09-24,AIG,0.00022953390017994,347328.45
2019-09-25,AIG,0.00022928768029255997,356041.15
2019-09-26,AIG,0.00022784184077462,358040.35
2019-09-27,AIG,0.00022862120592610004,366508.5
2019-09-30,AIG,0.000229062149502255,366393.7
2019-10-01,AIG,0.000227431557963215,360314.2
2019-10-02,AIG,0.000225923023622925,359157.5
2019-10-03,AIG,0.00022829856167782002,356119.45
2019-10-04,AIG,0.000231669585180075,353737.5
2019-10-07,AIG,0.00023582433693991999,360544.35
2019-10-08,AIG,0.000238417459513365,356596.35
2019-10-09,AIG,0.00023969487544008,360759.35
2019-10-10,AIG,0.00024043618234491,356743.85
2019-10-11,AIG,0.000240077374868805,364871.45
2019-10-14,AIG,0.00024448878341463504,372892.35
2019-10-15,AIG,0.000244901841863945,367237.25
2019-10-16,AIG,0.0002437744646064,359089.4
2019-10-17,AIG,0.00024253294090283,361542.25
2019-10-18,AIG,0.00023976510949521998,339204.7
2019-10-21,AIG,0.00023718990447364998,330528.4
2019-10-22,AIG,0.000236754651674995,324435.3
2019-10-23,AIG,0.00023641621344735504,324680.95
2019-10-24,AIG,0.000235230324688255,324054.85
2019-10-25,AIG,0.00023197084281222,309788.1
2019-10-28,AIG,0.00022951724231588,306017.5
2019-10-29,AIG,0.00022875431255981498,302336.65
2019-10-30,AIG,0.00024074906120986498,317497.15
2019-10-31,AIG,0.00024102447771802,320621.7
2019-11-01,AIG,0.00023728415375135503,327664.3
2019-11-04,AIG,0.000246824070795535,331768.8
2019-11-05,AIG,0.00024638918042130004,334308.7
2019-11-06,AIG,0.000244127423347465,331034.6
2019-11-07,AIG,0.00024362570458306,337685.1
2019-11-08,AIG,0.000241364001069495,329164.45
2019-11-11,AIG,0.00023696654335871,316531.05
2019-11-12,AIG,0.00023613107476001,316100.85
2019-11-13,AIG,0.00023510468273861,314172.45
2019-11-14,AIG,0.00023509437068161502,307498.2
2019-11-15,AIG,0.000234947540607815,311902.75
2019-11-18,AIG,0.00023434762702111,310170.95
2019-11-19,AIG,0.00023303220735176002,312498.25
2019-11-20,AIG,0.000229547493757835,303923.3
2019-11-21,AIG,0.00023185952228091004,310574.25
2019-11-22,AIG,0.000234116473400555,320268.85
2019-11-25,AIG,0.00023470673072739501,323561.55
2019-11-26,AIG,0.00023507232170772002,324702.1
2019-11-27,AIG,0.00022454647950850997,306747.25
2019-11-29,AIG,0.00022204662386905998,299025.45
2019-12-02,AIG,0.00021959122093161498,283728.0
2019-12-03,AIG,0.000207862562108695,278464.3
2019-12-04,AIG,0.00021175864556155998,281961.2
2019-12-05,AIG,0.00021036792602155,281033.4
2019-12-06,AIG,0.000209512013799375,273130.05
2019-12-09,AIG,0.000211408751445605,276767.9
2019-12-10,AIG,0.00021047089591352,278592.85
2019-12-11,AIG,0.000212651110808205,286479.1
2019-12-12,AIG,0.00021483956302899998,297145.05
2019-12-13,AIG,0.00021756890008259002,304175.85
2019-12-16,AIG,0.000221808866289665,309815.4
2019-12-17,AIG,0.00022274178672078998,311100.85
2019-12-18,AIG,0.000223819940071275,314603.6
2019-12-19,AIG,0.000226998136087735,316795.65
2019-12-20,AIG,0.00022653358153139997,309429.4
2019-12-23,AIG,0.00022772144843127,310705.4
2019-12-24,AIG,0.00022542241007474998,308058.15
2019-12-26,AIG,0.000228130331162,301104.35
2019-12-27,AIG,0.00022239528643712504,293939.05
2019-01-31,AIV,0.000344564400066035,153836.9
2019-02-01,AIV,0.000332749031909615,151742.7
2019-02-04,AIV,0.000328732899892185,148435.2
2019-02-05,AIV,0.00033045765328455,147385.55
2019-02-06,AIV,0.00032885989690791494,151489.9
2019-02-07,AIV,0.00032626987662177,152447.2
2019-02-08,AIV,0.00033109823940021996,164481.35
2019-02-11,AIV,0.00032307571019955,163563.05
2019-02-12,AIV,0.00031439806256379,165527.8
2019-02-13,AIV,0.00031054681745761,170328.45
2019-02-14,AIV,0.00030540272143268,172949.0
2019-02-15,AIV,0.00030569584667158,175258.3
2019-02-19,AIV,0.00029942450944215,172219.7
2019-02-20,AIV,0.00029208164304733004,174337.0
2019-02-21,AIV,0.000285447350433605,182632.7
2019-02-22,AIV,0.000281436593714955,181726.2
2019-02-25,AIV,0.000273678894979795,184662.3
2019-02-26,AIV,0.000267236984813125,188453.1
2019-02-27,AIV,0.00026114873634394003,186899.65
2019-02-28,AIV,0.000257342588959845,185594.65
2019-03-01,AIV,0.000252030854773825,188903.85
2019-03-04,AIV,0.000246755821513025,189254.6
2019-03-05,AIV,0.000237843893176885,191448.2
2019-03-06,AIV,0.00022620539166768499,190346.8
2019-03-07,AIV,0.00021683774938229504,190562.45
2019-03-08,AIV,0.000214246431044765,191931.85
2019-03-11,AIV,0.00021235518424171,187188.5
2019-03-12,AIV,0.00021357004767814502,188246.35
2019-03-13,AIV,0.000214145984817295,188487.0
2019-03-14,AIV,0.00020830084814201,183201.65
2019-03-15,AIV,0.00020284777409206503,181037.65
2019-03-18,AIV,0.000197479554072175,178876.45
2019-03-19,AIV,0.000197524652101175,182984.15
2019-03-20,AIV,0.00019685158018827002,180570.75
2019-03-21,AIV,0.000197434381937775,171143.75
2019-03-22,AIV,0.00019427839565134,169960.7
2019-03-25,AIV,0.00019650158105013,170107.9
2019-03-26,AIV,0.00019576145041611502,171537.85
2019-03-27,AIV,0.00019687594356963502,172409.3
2019-03-28,AIV,0.00019823834014253504,169499.1
2019-03-29,AIV,0.0001961295319381,164600.8
2019-04-01,AIV,0.00019326530530496002,165946.6
2019-04-02,AIV,0.00019331075720487002,163720.4
2019-04-03,AIV,0.00019464314112630502,163209.25
2019-04-04,AIV,0.00019465507634986503,159433.7
2019-04-05,AIV,0.00019106344396885002,155733.8
2019-04-08,AIV,0.000189295201382155,153259.25
2019-04-09,AIV,0.00018674621358666501,147805.15
2019-04-10,AIV,0.000184951938506825,143511.95
2019-04-11,AIV,0.00018598129486330502,146598.7
2019-04-12,AIV,0.00018750152152479502,146528.95
2019-04-15,AIV,0.000189363813813115,146431.15
2019-04-16,AIV,0.00018803877730491002,142995.6
2019-04-17,AIV,0.000188471339462855,143504.15
2019-04-18,AIV,0.00018803411968637,145118.3
2019-04-22,AIV,0.000190222159711905,146111.2
2019-04-23,AIV,0.000188916467469525,143816.35
2019-04-24,AIV,0.00019087162431857498,139377.45
2019-04-25,AIV,0.00019105898698250001,135220.25
2019-04-26,AIV,0.00019139673072222002,132824.45
2019-04-29,AIV,0.000192662264884555,129844.55
2019-04-30,AIV,0.00019291678799982499,125128.0
2019-05-01,AIV,0.00019206254027086,124468.3
2019-05-02,AIV,0.00019346221560617502,123588.4
2019-05-03,AIV,0.00019778602085701998,123220.7
2019-05-06,AIV,0.000204077828100555,127286.7
2019-05-07,AIV,0.00020487608955986999,131406.05
2019-05-08,AIV,0.00021083229299698002,135483.8
2019-05-09,AIV,0.00021450668678705997,137340.3
2019-05-10,AIV,0.00021865813556116998,136585.9
2019-05-13,AIV,0.00022086249379673503,136089.85
2019-05-14,AIV,0.000225587409211645,137177.85
2019-05-15,AIV,0.00022810863621230002,138542.15
2019-05-16,AIV,0.00023227945474582498,136720.25
2019-05-17,AIV,0.00023415530528713498,133614.25
2019-05-20,AIV,0.00023220061179257998,131053.95
2019-05-21,AIV,0.00023186499152344503,128937.6
2019-05-22,AIV,0.00022880652114125002,127921.2
2019-05-23,AIV,0.00022717057602431005,126607.4
2019-05-24,AIV,0.00022452197778004501,128228.35
2019-05-28,AIV,0.00022348440391242,129607.4
2019-05-29,AIV,0.000223840160153935,132505.35
2019-05-30,AIV,0.00022586335173309502,137809.85
2019-05-31,AIV,0.00022334013027716502,137204.05
2019-06-03,AIV,0.00021840023563515,136517.2
2019-06-04,AIV,0.00021570675941106,133168.0
2019-06-05,AIV,0.000216141143889805,130819.25
2019-06-06,AIV,0.00021383658349581,126814.0
2019-06-07,AIV,0.000210751393993785,125201.9
2019-06-10,AIV,0.00020684031871411003,122006.3
2019-06-11,AIV,0.000204800643170585,120742.85
2019-06-12,AIV,0.000199351919194095,117337.2
2019-06-13,AIV,0.00020066480581776001,113488.95
2019-06-14,AIV,0.000194144775932835,111590.75
2019-06-17,AIV,0.00019161757719970502,110347.65
2019-06-18,AIV,0.00019271893436859,111866.0
2019-06-19,AIV,0.00019393809497034,114224.55
2019-06-20,AIV,0.000199607227769635,114134.7
2019-06-21,AIV,0.000202653995794135,122478.0
2019-06-24,AIV,0.000207272237160685,125011.7
2019-06-25,AIV,0.00021240298024779,126451.75
2019-06-26,AIV,0.00021432731174688002,124470.0
2019-06-27,AIV,0.000218613960642715,122033.95
2019-06-28,AIV,0.00022407748029563997,122495.45
2019-07-01,AIV,0.000227230226228435,122725.05
2019-07-02,AIV,0.00023177180812603,124643.4
2019-07-03,AIV,0.00023399039056645,123952.95
2019-07-05,AIV,0.00023059535747027498,123434.3
2019-07-08,AIV,0.000234369601533985,122513.35
2019-07-09,AIV,0.000235796322503795,123637.15
2019-07-10,AIV,0.000234947026054185,125155.65
2019-07-11,AIV,0.00023951235015378996,129669.05
2019-07-12,AIV,0.00023924074153586,133957.05
2019-07-15,AIV,0.00024128134803996,137793.65
2019-07-16,AIV,0.00024211876210108,138234.25
2019-07-17,AIV,0.00024155709175248998,137703.45
2019-07-18,AIV,0.00023926419326510503,135461.3
2019-07-19,AIV,0.00023563325356781498,136753.7
2019-07-22,AIV,0.00023531597625929497,133288.25
2019-07-23,AIV,0.000233963834535465,133867.05
2019-07-24,AIV,0.00023223068345560498,134104.05
2019-07-25,AIV,0.00023198322953038998,131862.7
2019-07-26,AIV,0.00022649406086343,128263.2
2019-07-29,AIV,0.000222530293310455,128865.35
2019-07-30,AIV,0.00022093602794131498,128806.2
2019-07-31,AIV,0.00021521150322316999,129574.2
2019-08-01,AIV,0.00021905458855530003,130757.25
2019-08-02,AIV,0.000229196617769435,138589.55
2019-08-05,AIV,0.00023924136933649998,144243.7
2019-08-06,AIV,0.000249059846244485,149856.95
2019-08-07,AIV,0.000260962592150365,152051.35
2019-08-08,AIV,0.00026604152269658497,148776.85
2019-08-09,AIV,0.00027279290469644,144615.6
2019-08-12,AIV,0.00027755209269158,142481.4
2019-08-13,AIV,0.000278268975874845,143492.4
2019-08-14,AIV,0.000282225110895295,143591.85
2019-08-15,AIV,0.00028746610360690496,146237.3
2019-08-16,AIV,0.00029175491788354,144567.0
2019-08-19,AIV,0.000292724167618755,143243.9
2019-08-20,AIV,0.00029127329454326,139649.1
2019-08-21,AIV,0.000293590716691295,138916.3
2019-08-22,AIV,0.00029472113212051,139761.05
2019-08-23,AIV,0.00029539900090643,141928.35
2019-08-26,AIV,0.00029762942638841003,144442.35
2019-08-27,AIV,0.00029916879737432,140863.05
2019-08-28,AIV,0.00029982491405769,136899.1
2019-08-29,AIV,0.000293407324818835,132798.35
2019-08-30,AIV,0.00028525274519357503,124384.5
2019-09-03,AIV,0.000272923844674895,118874.75
2019-09-04,AIV,0.000265657504429425,113181.35
2019-09-05,AIV,0.00025792318945661496,111665.25
2019-09-06,AIV,0.00025425051044541497,114538.95
2019-09-09,AIV,0.00024848842458597,116465.3
2019-09-10,AIV,0.000243786505384095,116992.4
2019-09-11,AIV,0.00024475840334919,117811.15
2019-09-12,AIV,0.00024446672195138,116103.65
2019-09-13,AIV,0.00024858081558389,112755.75
2019-09-16,AIV,0.00024582425732655997,112450.2
2019-09-17,AIV,0.00024831125711192,109563.3
2019-09-18,AIV,0.00025277759989724,110967.25
2019-09-19,AIV,0.000249871722040505,108003.9
2019-09-20,AIV,0.00024750205213803,108397.2
2019-09-23,AIV,0.000246743664908135,107217.2
2019-09-24,AIV,0.000242463821088405,102937.1
2019-09-25,AIV,0.00024056500441743,103886.8
2019-09-26,AIV,0.00024046062503436998,103254.1
2019-09-27,AIV,0.00023841592965429502,104225.3
2019-09-30,AIV,0.00023841271360567,104374.4
2019-10-01,AIV,0.00023808653424510002,104142.35
2019-10-02,AIV,0.00024216549244331,103137.0
2019-10-03,AIV,0.00024094050665856003,101939.1
2019-10-04,AIV,0.000240129577352175,98917.9
2019-10-07,AIV,0.00024016897674090004,96895.3
2019-10-08,AIV,0.00024081957959060001,96219.3
2019-10-09,AIV,0.00024204406736524496,92866.25
2019-10-10,AIV,0.000239639802118095,92537.9
2019-10-11,AIV,0.00023091220840799502,90481.35
2019-10-14,AIV,0.000233071560708985,91544.65
2019-10-15,AIV,0.00023404970790305498,90344.65
2019-10-16,AIV,0.000228765361325455,88465.2
2019-10-17,AIV,0.00023085965521211002,87634.1
2019-10-18,AIV,0.00023137092435553502,86348.15
2019-10-21,AIV,0.00023046978868936,83431.15
2019-10-22,AIV,0.0002297537871381,81970.15
2019-10-23,AIV,0.00022887938985298,80549.25
2019-10-24,AIV,0.000227816607773865,80516.35
2019-10-25,AIV,0.000230555926842315,80055.75
2019-10-28,AIV,0.000229918314010035,79708.4
2019-10-29,AIV,0.00022892070652981498,79499.85
2019-10-30,AIV,0.000223872867417425,77326.3
2019-10-31,AIV,0.000223168192394005,75451.55
2019-11-01,AIV,0.00022176448577424,76981.15
2019-11-04,AIV,0.00022665034387399,81819.25
2019-11-05,AIV,0.0002317620030747,81308.85
2019-11-06,AIV,0.00023312548268523002,83282.85
2019-11-07,AIV,0.000234884536013635,82328.1
2019-11-08,AIV,0.00023787814250717998,83408.55
2019-11-11,AIV,0.00023415433234009504,81451.65
2019-11-12,AIV,0.00022861098385139,82157.45
2019-11-13,AIV,0.00023232227352182,81284.8
2019-11-14,AIV,0.00023549971306138497,82675.3
2019-11-15,AIV,0.00023715668892727,82404.35
2019-11-18,AIV,0.00024180584811333002,81924.85
2019-11-19,AIV,0.00024295893854787498,81140.9
2019-11-20,AIV,0.00024384153503316503,81199.5
2019-11-21,AIV,0.000245439583199535,81293.95
2019-11-22,AIV,0.00024996645372111494,80498.7
2019-11-25,AIV,0.000253321120738015,80774.0
2019-11-26,AIV,0.000253461801755395,80471.6
2019-11-27,AIV,0.00025095968001308,82508.5
2019-11-29,AIV,0.00025124764354897,82772.25
2019-12-02,AIV,0.00024783066737446,78934.95
2019-12-03,AIV,0.00024446331615157995,74883.65
2019-12-04,AIV,0.00024081046299041,77732.75
2019-12-05,AIV,0.000236968034370505,80788.25
2019-12-06,AIV,0.00023268411983675996,83109.8
2019-12-09,AIV,0.0002292562996127,83092.35
2019-12-10,AIV,0.00022803112757756,85520.2
2019-12-11,AIV,0.00022695289440014004,86383.2
2019-12-12,AIV,0.00022474086784631501,87242.7
2019-12-13,AIV,0.00022001371634973005,90681.4
2019-12-16,AIV,0.00022014005156560998,94120.2
2019-12-17,AIV,0.00021682655143820997,98162.3
2019-12-18,AIV,0.00021742619107928,105095.3
2019-12-19,AIV,0.00021778170344798498,107281.7
2019-12-20,AIV,0.000215078818792045,107556.95
2019-12-23,AIV,0.00020881455425003002,112565.85
2019-12-24,AIV,0.000204948930765435,115814.15
2019-12-26,AIV,0.0002036906417905,114503.05
2019-12-27,AIV,0.000202513943414715,112380.3
2019-01-31,AIZ,0.000361210764974525,46396.65
2019-02-01,AIZ,0.000358844803482255,44772.2
2019-02-04,AIZ,0.00035651254040744,43958.3
2019-02-05,AIZ,0.00034405595347887996,44845.05
2019-02-06,AIZ,0.000332373171491665,46877.7
2019-02-07,AIZ,0.00031869098184891,48057.1
2019-02-08,AIZ,0.00032520008565283497,50193.25
2019-02-11,AIZ,0.000313453740470175,50808.8
2019-02-12,AIZ,0.00031219552235064996,50919.6
2019-02-13,AIZ,0.00030659655583582,51225.6
2019-02-14,AIZ,0.000326872158285415,55372.2
2019-02-15,AIZ,0.00032918684764511,58310.65
2019-02-19,AIZ,0.000327153789774965,59043.15
2019-02-20,AIZ,0.00031725637428761,57801.75
2019-02-21,AIZ,0.00031055629275009996,59612.8
2019-02-22,AIZ,0.000307786742433555,62633.2
2019-02-25,AIZ,0.000305120959746395,62234.45
2019-02-26,AIZ,0.00030103449758217,64363.0
2019-02-27,AIZ,0.00029559545552828497,63659.4
2019-02-28,AIZ,0.00029322540789173,65281.5
2019-03-01,AIZ,0.00029459918567018,67658.95
2019-03-04,AIZ,0.000279326920221625,70058.0
2019-03-05,AIZ,0.00026740575124211503,71230.4
2019-03-06,AIZ,0.00027031403779483,72820.2
2019-03-07,AIZ,0.000271720192001875,73670.0
2019-03-08,AIZ,0.00027750461595763996,73235.05
2019-03-11,AIZ,0.00027574732433902,74313.7
2019-03-12,AIZ,0.00027159346691527997,75425.0
2019-03-13,AIZ,0.00027187421704198006,76409.5
2019-03-14,AIZ,0.000269466857823345,78183.85
2019-03-15,AIZ,0.000251371329091525,81576.4
2019-03-18,AIZ,0.0002458813230895,83941.85
2019-03-19,AIZ,0.000244573920007985,85731.55
2019-03-20,AIZ,0.000246699968226945,109786.9
2019-03-21,AIZ,0.0002522676179472,119546.2
2019-03-22,AIZ,0.00025350464390469,124064.0
2019-03-25,AIZ,0.00025807068598292997,128084.15
2019-03-26,AIZ,0.00025850430379210996,130277.05
2019-03-27,AIZ,0.0002571745592581,133404.35
2019-03-28,AIZ,0.00025611561025166497,134014.0
2019-03-29,AIZ,0.00025527841312256,133602.0
2019-04-01,AIZ,0.00025701112309539,133600.0
2019-04-02,AIZ,0.00025674340751503005,134525.15
2019-04-03,AIZ,0.0002566957099617,133606.9
2019-04-04,AIZ,0.000252757312468045,132219.5
2019-04-05,AIZ,0.000245758893298605,134175.05
2019-04-08,AIZ,0.00024237299277384,135158.05
2019-04-09,AIZ,0.00024158836004040002,135483.15
2019-04-10,AIZ,0.000239354286725805,137029.6
2019-04-11,AIZ,0.000240345603021215,138153.4
2019-04-12,AIZ,0.00022598682583600504,131840.3
2019-04-15,AIZ,0.00022678376388594502,128012.85
2019-04-16,AIZ,0.00022311285925453,125795.8
2019-04-17,AIZ,0.00021931092923774503,104231.35
2019-04-18,AIZ,0.00021404030760120005,95177.25
2019-04-22,AIZ,0.00021052180255005498,88646.55
2019-04-23,AIZ,0.00020493743556378,87305.3
2019-04-24,AIZ,0.00020190444724052002,84757.0
2019-04-25,AIZ,0.00020078327613312998,82435.0
2019-04-26,AIZ,0.000199625074086135,81845.8
2019-04-29,AIZ,0.000194671292437215,79511.55
2019-04-30,AIZ,0.00019420391461068498,78209.15
2019-05-01,AIZ,0.00019248331267964,78861.55
2019-05-02,AIZ,0.000189990171607365,78718.85
2019-05-03,AIZ,0.000191892097321335,78105.2
2019-05-06,AIZ,0.000190839125629085,76051.45
2019-05-07,AIZ,0.000194398946459955,75801.2
2019-05-08,AIZ,0.00021629005612129002,78490.3
2019-05-09,AIZ,0.00022069044929847497,79894.2
2019-05-10,AIZ,0.000222645111022435,79430.6
2019-05-13,AIZ,0.00022732304628701,80424.95
2019-05-14,AIZ,0.00023206797058161,83423.6
2019-05-15,AIZ,0.00023319906712145001,83535.65
2019-05-16,AIZ,0.00023448349571926,81446.3
2019-05-17,AIZ,0.00023205669752143004,79572.25
2019-05-20,AIZ,0.00023283291316790003,80975.3
2019-05-21,AIZ,0.00023478329163943503,81555.15
2019-05-22,AIZ,0.00024369799411885,84230.95
2019-05-23,AIZ,0.00024381652888747,84526.65
2019-05-24,AIZ,0.000246516081249675,88422.15
2019-05-28,AIZ,0.00025111428763135003,90838.45
2019-05-29,AIZ,0.00024985426774788,92246.0
2019-05-30,AIZ,0.00025246975239679,92072.2
2019-05-31,AIZ,0.000253399544675645,91845.35
2019-06-03,AIZ,0.00025111092739227997,93657.95
2019-06-04,AIZ,0.000254650465567545,94680.25
2019-06-05,AIZ,0.00025357619843949003,95973.05
2019-06-06,AIZ,0.000234419866733065,94660.85
2019-06-07,AIZ,0.00023047632164250502,90987.85
2019-06-10,AIZ,0.000226700804906305,88509.8
2019-06-11,AIZ,0.00022213896610604996,87052.1
2019-06-12,AIZ,0.00021472974177755,84625.6
2019-06-13,AIZ,0.00021300577163681,83871.45
2019-06-14,AIZ,0.000211477053641335,87765.5
2019-06-17,AIZ,0.00021185815813880497,91481.6
2019-06-18,AIZ,0.00020993236570925497,92546.5
2019-06-19,AIZ,0.00020860950047789,90946.45
2019-06-20,AIZ,0.00020171063994971002,89627.45
2019-06-21,AIZ,0.00020375362241648,88454.85
2019-06-24,AIZ,0.00019973656257693502,84699.7
2019-06-25,AIZ,0.000196526558622385,82671.0
2019-06-26,AIZ,0.00019869046569773998,81954.9
2019-06-27,AIZ,0.00019691823669120003,80146.8
2019-06-28,AIZ,0.00019543800413167998,79550.05
2019-07-01,AIZ,0.000196987516453215,78125.9
2019-07-02,AIZ,0.00019555574425104,80359.95
2019-07-03,AIZ,0.000196592339888475,79096.3
2019-07-05,AIZ,0.000192654381280085,76157.5
2019-07-08,AIZ,0.000190538563288885,76603.85
2019-07-09,AIZ,0.00019092425579069999,78129.0
2019-07-10,AIZ,0.00019072371301005,78367.35
2019-07-11,AIZ,0.000189330139260635,76533.95
2019-07-12,AIZ,0.000188146223268165,75921.75
2019-07-15,AIZ,0.00018443678996163,73079.55
2019-07-16,AIZ,0.00018388915778953498,69867.0
2019-07-17,AIZ,0.00018367535477025,67633.0
2019-07-18,AIZ,0.000182464183771235,67572.4
2019-07-19,AIZ,0.00017979023096087002,64362.15
2019-07-22,AIZ,0.000179789529540145,63401.45
2019-07-23,AIZ,0.000179835359469695,61722.05
2019-07-24,AIZ,0.000179050184971665,61971.95
2019-07-25,AIZ,0.00017693301893763002,60919.05
2019-07-26,AIZ,0.00017635531944724,61174.0
2019-07-29,AIZ,0.00017625876271829,61966.7
2019-07-30,AIZ,0.00017418620524078,62450.2
2019-07-31,AIZ,0.00017501689649125,60338.85
2019-08-01,AIZ,0.00017706855230368998,60249.45
2019-08-02,AIZ,0.00018527780820950499,61339.05
2019-08-05,AIZ,0.00018948960236556998,62023.85
2019-08-06,AIZ,0.00019347838094819998,62799.35
2019-08-07,AIZ,0.000199405360369855,64225.25
2019-08-08,AIZ,0.00021910374984581002,67755.5
2019-08-09,AIZ,0.000227630718480355,72287.4
2019-08-12,AIZ,0.00023570155918835502,74509.0
2019-08-13,AIZ,0.00024234009875021,76108.15
2019-08-14,AIZ,0.00025269328648253,78921.15
2019-08-15,AIZ,0.00026048191699871504,81986.25
2019-08-16,AIZ,0.00027155399451667,85414.25
2019-08-19,AIZ,0.000273854287745615,90589.15
2019-08-20,AIZ,0.00027825958232469,92938.4
2019-08-21,AIZ,0.000282980047034035,94228.45
2019-08-22,AIZ,0.000285422197492885,94300.55
2019-08-23,AIZ,0.00028825284914386505,94356.75
2019-08-26,AIZ,0.00029328228176521,94261.55
2019-08-27,AIZ,0.000295143800233455,93975.6
2019-08-28,AIZ,0.000295081476323795,92735.25
2019-08-29,AIZ,0.00029302126968963496,92422.85
2019-08-30,AIZ,0.00028903611229024004,92815.3
2019-09-03,AIZ,0.00028836704112166,92871.45
2019-09-04,AIZ,0.000286791817894755,91533.15
2019-09-05,AIZ,0.00028122960924559503,90398.8
2019-09-06,AIZ,0.00026246604488584,89417.6
2019-09-09,AIZ,0.000255895593979495,86338.7
2019-09-10,AIZ,0.000251906690086765,84224.3
2019-09-11,AIZ,0.000252223313471615,85403.45
2019-09-12,AIZ,0.00025148258070253004,86902.7
2019-09-13,AIZ,0.000246840572058475,83876.95
2019-09-16,AIZ,0.00024048949444162505,81106.7
2019-09-17,AIZ,0.000236723351317745,75910.95
2019-09-18,AIZ,0.00023465865085827,74258.95
2019-09-19,AIZ,0.00023334457471629503,71600.85
2019-09-20,AIZ,0.00023150286536659503,72163.7
2019-09-23,AIZ,0.00022977230471022997,71767.5
2019-09-24,AIZ,0.00022472441784303498,71178.6
2019-09-25,AIZ,0.00022322461267858,71121.4
2019-09-26,AIZ,0.000224577327418955,70770.65
2019-09-27,AIZ,0.00022163300514082,68890.35
2019-09-30,AIZ,0.000219411936626935,67669.4
2019-10-01,AIZ,0.00021671380146414,66808.1
2019-10-02,AIZ,0.00021574845524189,67082.05
2019-10-03,AIZ,0.00021795529988279002,65984.85
2019-10-04,AIZ,0.00022266187330687,64096.9
2019-10-07,AIZ,0.00022554110404561,63046.35
2019-10-08,AIZ,0.000225709102524565,61381.65
2019-10-09,AIZ,0.00022430355180420996,57999.05
2019-10-10,AIZ,0.00021855240548133498,53394.55
2019-10-11,AIZ,0.00022023134097529502,52289.25
2019-10-14,AIZ,0.00021881067262953497,51976.35
2019-10-15,AIZ,0.00021586690837471003,52255.05
2019-10-16,AIZ,0.00021426645407722502,51917.15
2019-10-17,AIZ,0.00021223348462345504,52793.25
2019-10-18,AIZ,0.00021259236780989498,51801.05
2019-10-21,AIZ,0.00021234605291991503,51475.55
2019-10-22,AIZ,0.00021476927794899,51685.0
2019-10-23,AIZ,0.00021382099130273004,51005.7
2019-10-24,AIZ,0.00021194193434073499,51734.4
2019-10-25,AIZ,0.00021889928222209,53575.0
2019-10-28,AIZ,0.00022005721168163003,53649.9
2019-10-29,AIZ,0.00021952891762688003,53982.45
2019-10-30,AIZ,0.00021810914822775,52305.1
2019-10-31,AIZ,0.00021567303845713498,52033.95
2019-11-01,AIZ,0.000210478941580155,51977.3
2019-11-04,AIZ,0.00020641771335584,51904.15
2019-11-05,AIZ,0.00020439063838315503,51919.25
2019-11-06,AIZ,0.00020283925630630004,53947.45
2019-11-07,AIZ,0.00021151726058783,55480.7
2019-11-08,AIZ,0.00020985185356503497,55014.7
2019-11-11,AIZ,0.000211250677643715,55102.45
2019-11-12,AIZ,0.000215294960796295,54571.7
2019-11-13,AIZ,0.000217657139984225,54376.4
2019-11-14,AIZ,0.00021808864524439499,53142.2
2019-11-15,AIZ,0.00021925611837595002,53868.5
2019-11-18,AIZ,0.00021743337478514498,54778.9
2019-11-19,AIZ,0.00021742362118808001,54661.0
2019-11-20,AIZ,0.00021762391157758497,55542.7
2019-11-21,AIZ,0.00021743405933998,55814.55
2019-11-22,AIZ,0.000215059861698365,56565.05
2019-11-25,AIZ,0.00021853388433357,58843.4
2019-11-26,AIZ,0.00022054382106899499,57822.1
2019-11-27,AIZ,0.00022016942579634503,58737.65
2019-11-29,AIZ,0.000221334307048795,58839.7
2019-12-02,AIZ,0.00022028571057676499,57342.4
2019-12-03,AIZ,0.00022361443629618003,56974.05
2019-12-04,AIZ,0.00022711542798044002,60504.05
2019-12-05,AIZ,0.00022361337587647502,59084.45
2019-12-06,AIZ,0.000211798068102485,56475.55
2019-12-09,AIZ,0.00021001012657964,57134.05
2019-12-10,AIZ,0.00020525295471162503,56079.85
2019-12-11,AIZ,0.00020199942843187,56527.85
2019-12-12,AIZ,0.00019936446554896502,56203.05
2019-12-13,AIZ,0.000198874958499655,57146.35
2019-12-16,AIZ,0.000196547441644425,56636.3
2019-12-17,AIZ,0.00019849714707109,55761.35
2019-12-18,AIZ,0.00019571439903245,56198.55
2019-12-19,AIZ,0.00019508065512786,53895.6
2019-12-20,AIZ,0.00019345551893865502,51978.15
2019-12-23,AIZ,0.000193972165948775,49429.7
2019-12-24,AIZ,0.00018930232842327498,47080.35
2019-12-26,AIZ,0.00018570884159476,45763.3
2019-12-27,AIZ,0.000184688598532515,43720.25
2019-01-31,AJG,0.00026504769822544,116486.05
2019-02-01,AJG,0.000255238916333325,121852.9
2019-02-04,AJG,0.00025839834563326996,127037.8
2019-02-05,AJG,0.00024850787910966497,126200.95
2019-02-06,AJG,0.00024671197545084,131299.85
2019-02-07,AJG,0.000238474829767465,134851.65
2019-02-08,AJG,0.00024176305231465002,140223.15
2019-02-11,AJG,0.000235933616559475,142785.9
2019-02-12,AJG,0.00023384142752252995,142033.8
2019-02-13,AJG,0.00023169788371014995,145327.0
2019-02-14,AJG,0.00022417381133053,147842.35
2019-02-15,AJG,0.00022357109223382498,150865.65
2019-02-19,AJG,0.00021966635161762,150890.2
2019-02-20,AJG,0.00021551169016705498,148879.35
2019-02-21,AJG,0.00021280046450610998,147438.6
2019-02-22,AJG,0.00020740619105055497,151582.4
2019-02-25,AJG,0.00020356605824725502,154678.8
2019-02-26,AJG,0.00019954942395102,151191.45
2019-02-27,AJG,0.00019866691595525997,151296.1
2019-02-28,AJG,0.00019872823634532998,149294.55
2019-03-01,AJG,0.00019320348271179501,148020.25
2019-03-04,AJG,0.00018989562957227,143330.9
2019-03-05,AJG,0.00017448409811012,140404.6
2019-03-06,AJG,0.00017762459645522,141500.8
2019-03-07,AJG,0.00017967810312044503,140720.65
2019-03-08,AJG,0.00017839477266399,139268.65
2019-03-11,AJG,0.00017669293647971002,139081.4
2019-03-12,AJG,0.000174700103382225,144222.05
2019-03-13,AJG,0.000173513504831335,147772.15
2019-03-14,AJG,0.00017087171107334998,146358.3
2019-03-15,AJG,0.000171051568940225,146042.7
2019-03-18,AJG,0.00016715973159511002,145053.65
2019-03-19,AJG,0.000167527957004215,147731.1
2019-03-20,AJG,0.00016811107075278,150897.2
2019-03-21,AJG,0.00017045192733713502,153588.45
2019-03-22,AJG,0.00017177491283869,151223.4
2019-03-25,AJG,0.00017492040877576499,149668.5
2019-03-26,AJG,0.000176421417234585,150377.65
2019-03-27,AJG,0.000175750386134605,150295.05
2019-03-28,AJG,0.000177544225562335,151628.05
2019-03-29,AJG,0.00018169592403965501,153222.9
2019-04-01,AJG,0.00018269421487644,157765.2
2019-04-02,AJG,0.00018300263978654002,156085.3
2019-04-03,AJG,0.00017822106853002,151116.75
2019-04-04,AJG,0.00017477123338066998,147594.75
2019-04-05,AJG,0.00017350970661586502,144138.15
2019-04-08,AJG,0.000172260647911085,145067.3
2019-04-09,AJG,0.000171680135468865,138224.35
2019-04-10,AJG,0.000170350246196035,135994.0
2019-04-11,AJG,0.00016918588645399,135069.0
2019-04-12,AJG,0.00016936949337494,136018.65
2019-04-15,AJG,0.000170001410481955,131102.7
2019-04-16,AJG,0.000167794602732285,127523.25
2019-04-17,AJG,0.000164071432904095,123510.2
2019-04-18,AJG,0.000163011290338355,123903.4
2019-04-22,AJG,0.000162800170344235,120733.4
2019-04-23,AJG,0.000158705610844485,116805.95
2019-04-24,AJG,0.00015679933891467,117462.25
2019-04-25,AJG,0.00015513304684072,119391.25
2019-04-26,AJG,0.00015220818982046,119178.1
2019-04-29,AJG,0.00016084246935698,119810.95
2019-04-30,AJG,0.00016057163789850998,114404.8
2019-05-01,AJG,0.00015996200379857998,116283.5
2019-05-02,AJG,0.000162204362826275,116640.95
2019-05-03,AJG,0.00016512167926191498,117597.85
2019-05-06,AJG,0.000164727603413365,118263.5
2019-05-07,AJG,0.000166859215996745,116399.8
2019-05-08,AJG,0.000171049106740315,116999.25
2019-05-09,AJG,0.000173101968147165,113573.05
2019-05-10,AJG,0.00017856937298571502,114269.85
2019-05-13,AJG,0.000181094111854585,110969.95
2019-05-14,AJG,0.00018782816860028498,112476.8
2019-05-15,AJG,0.00018968431536738002,112248.35
2019-05-16,AJG,0.000193170548038575,114999.8
2019-05-17,AJG,0.000191778860493695,111759.1
2019-05-20,AJG,0.000194553181699345,113459.7
2019-05-21,AJG,0.00019676638311069998,114272.35
2019-05-22,AJG,0.00019667016792368998,113615.4
2019-05-23,AJG,0.00019800727270522498,110418.75
2019-05-24,AJG,0.00019951845931852,108806.6
2019-05-28,AJG,0.000189567560879775,102400.45
2019-05-29,AJG,0.00018803887844839,101411.95
2019-05-30,AJG,0.000188813392037565,97062.1
2019-05-31,AJG,0.00018779574324724,96996.1
2019-06-03,AJG,0.000185597457564645,95694.3
2019-06-04,AJG,0.000190315267007845,97069.2
2019-06-05,AJG,0.000190104865274105,100231.35
2019-06-06,AJG,0.000187671044596125,101267.35
2019-06-07,AJG,0.00018713797574993,101343.45
2019-06-10,AJG,0.000182714378522485,98612.65
2019-06-11,AJG,0.00018025780437836501,99391.95
2019-06-12,AJG,0.000173907554016345,99210.0
2019-06-13,AJG,0.000174932092963205,98196.45
2019-06-14,AJG,0.00017353454379771,97915.7
2019-06-17,AJG,0.00017251836340229502,96393.65
2019-06-18,AJG,0.00016961293544812,97280.8
2019-06-19,AJG,0.00017023156360621998,99797.25
2019-06-20,AJG,0.000172718617909425,101144.9
2019-06-21,AJG,0.00017469947672461,106275.8
2019-06-24,AJG,0.00017468755542035001,105742.55
2019-06-25,AJG,0.00017249437274223,106608.2
2019-06-26,AJG,0.00017294088258337,108600.55
2019-06-27,AJG,0.00017161414350008,109202.3
2019-06-28,AJG,0.000171753797415175,108503.8
2019-07-01,AJG,0.000172213704890175,113670.35
2019-07-02,AJG,0.00016932424939252502,112758.1
2019-07-03,AJG,0.000168990394171,111465.65
2019-07-05,AJG,0.00016818774362218,109181.2
2019-07-08,AJG,0.00016858004930406,109274.6
2019-07-09,AJG,0.000167479758750555,108120.45
2019-07-10,AJG,0.000167352821535665,107658.35
2019-07-11,AJG,0.00016655453268878503,105886.85
2019-07-12,AJG,0.000162605290771335,109112.1
2019-07-15,AJG,0.000161061698194955,107857.55
2019-07-16,AJG,0.00016025564227488,112015.9
2019-07-17,AJG,0.000159327095423755,116529.15
2019-07-18,AJG,0.000157281116037015,119282.55
2019-07-19,AJG,0.000156041657013885,123453.9
2019-07-22,AJG,0.00015521106448799,123821.05
2019-07-23,AJG,0.000156259675811605,133949.4
2019-07-24,AJG,0.00015794273182573502,136812.35
2019-07-25,AJG,0.000157704641299105,135551.3
2019-07-26,AJG,0.00015951186863103,137893.0
2019-07-29,AJG,0.000164566249441115,141897.55
2019-07-30,AJG,0.00016374851557835,139879.85
2019-07-31,AJG,0.000162780238203245,140314.35
2019-08-01,AJG,0.000165146425899895,140796.35
2019-08-02,AJG,0.000170434647237785,144734.9
2019-08-05,AJG,0.000171423909273135,145782.6
2019-08-06,AJG,0.00017830180578013498,149764.2
2019-08-07,AJG,0.00018408079732845,151740.7
2019-08-08,AJG,0.000192214667274885,153138.55
2019-08-09,AJG,0.000195820160660185,151473.0
2019-08-12,AJG,0.00019943984412374498,150181.25
2019-08-13,AJG,0.00020326165934425998,145871.25
2019-08-14,AJG,0.00021179132015824504,139924.45
2019-08-15,AJG,0.00021949291799689,136328.55
2019-08-16,AJG,0.00022646841430299497,131239.7
2019-08-19,AJG,0.0002293793312876,127118.75
2019-08-20,AJG,0.00022846384420365,116201.9
2019-08-21,AJG,0.000228546272895395,112942.2
2019-08-22,AJG,0.00023042821992974003,111270.0
2019-08-23,AJG,0.00023027473721589,107582.8
2019-08-26,AJG,0.00023293868731478503,106330.25
2019-08-27,AJG,0.00023693321204684,103170.95
2019-08-28,AJG,0.00024169471674283498,102207.05
2019-08-29,AJG,0.000241041292765275,102020.95
2019-08-30,AJG,0.00023984020738238498,99449.25
2019-09-03,AJG,0.00024298500956942,101767.85
2019-09-04,AJG,0.00024201132077162498,99437.45
2019-09-05,AJG,0.00023799862839426998,96354.95
2019-09-06,AJG,0.00023299362450056503,94505.05
2019-09-09,AJG,0.00023156253779375003,95046.2
2019-09-10,AJG,0.00023019917869161,95245.55
2019-09-11,AJG,0.00023225718775435501,97037.95
2019-09-12,AJG,0.00023184429688288501,98106.0
2019-09-13,AJG,0.00023321262151777003,98246.9
2019-09-16,AJG,0.00023285016497165,98677.8
2019-09-17,AJG,0.00023611336525381,96493.4
2019-09-18,AJG,0.00023914208064895002,99610.05
2019-09-19,AJG,0.00024246570065445503,99118.8
2019-09-20,AJG,0.000241858361318655,99036.25
2019-09-23,AJG,0.00024223277163563998,99097.6
2019-09-24,AJG,0.00023418756965212502,95272.45
2019-09-25,AJG,0.00023299599246982502,95219.7
2019-09-26,AJG,0.0002293694612817,93237.25
2019-09-27,AJG,0.00022973406940670003,90731.55
2019-09-30,AJG,0.00022848194355390002,87907.4
2019-10-01,AJG,0.000224391744000075,82562.7
2019-10-02,AJG,0.00022278957898135,82934.5
2019-10-03,AJG,0.00022779587027501,84410.95
2019-10-04,AJG,0.00023035547631500996,83538.35
2019-10-07,AJG,0.00023407859355832999,82834.65
2019-10-08,AJG,0.00023504314264373,84616.05
2019-10-09,AJG,0.00023632389392257,85783.2
2019-10-10,AJG,0.00023300131234664997,84258.0
2019-10-11,AJG,0.00022889794753842998,83169.35
2019-10-14,AJG,0.000226461032135815,81803.2
2019-10-15,AJG,0.000221131182560525,83644.3
2019-10-16,AJG,0.00021877105334959998,83684.8
2019-10-17,AJG,0.00021715260531231999,85562.35
2019-10-18,AJG,0.00021637821909149002,87882.3
2019-10-21,AJG,0.00021778095986212505,88837.05
2019-10-22,AJG,0.000218487981114315,90699.2
2019-10-23,AJG,0.00021645002649240498,88930.7
2019-10-24,AJG,0.00021599680182530001,89791.55
2019-10-25,AJG,0.00021504434719717998,93354.95
2019-10-28,AJG,0.00022395377525909996,97559.95
2019-10-29,AJG,0.00022605539590437001,101219.95
2019-10-30,AJG,0.00022799742724686003,102149.9
2019-10-31,AJG,0.00022439099794067997,102181.45
2019-11-01,AJG,0.00022178503525814496,102572.75
2019-11-04,AJG,0.00021708843420172004,101146.3
2019-11-05,AJG,0.00021652953605376,100278.8
2019-11-06,AJG,0.000212546856027725,97793.75
2019-11-07,AJG,0.000212328748860635,98192.9
2019-11-08,AJG,0.00020936063096881004,96414.65
2019-11-11,AJG,0.00020601633220305,95357.6
2019-11-12,AJG,0.00020494510410394,92175.05
2019-11-13,AJG,0.00020340111008886,88817.75
2019-11-14,AJG,0.00020138118013244497,88058.7
2019-11-15,AJG,0.00020149569649971998,86357.15
2019-11-18,AJG,0.00019656443433762003,85254.6
2019-11-19,AJG,0.00019546364491009998,82151.65
2019-11-20,AJG,0.00019373716431417498,82433.35
2019-11-21,AJG,0.00019373441938798,82222.25
2019-11-22,AJG,0.00019214722550429,77765.35
2019-11-25,AJG,0.00018095590840793,75559.25
2019-11-26,AJG,0.000177831670721295,74244.35
2019-11-27,AJG,0.000173817571181285,71526.7
2019-11-29,AJG,0.000170862650204145,71000.4
2019-12-02,AJG,0.00016811551843551,69835.9
2019-12-03,AJG,0.0001717263308221,71401.35
2019-12-04,AJG,0.000171591254444205,69970.6
2019-12-05,AJG,0.00017168514604212501,71026.0
2019-12-06,AJG,0.00017292905742983497,70473.9
2019-12-09,AJG,0.00017222802220786,69672.85
2019-12-10,AJG,0.00017064927695963,70464.4
2019-12-11,AJG,0.0001699538041338,70428.6
2019-12-12,AJG,0.00017121656009236,69592.5
2019-12-13,AJG,0.00017336792165195,69380.7
2019-12-16,AJG,0.000176807938292215,68084.2
2019-12-17,AJG,0.00017779429934804,68201.55
2019-12-18,AJG,0.00017759235964789002,70339.05
2019-12-19,AJG,0.000178548857943105,70377.75
2019-12-20,AJG,0.000176802727983605,70081.7
2019-12-23,AJG,0.000179121205188145,71182.0
2019-12-24,AJG,0.00018015246069928001,70451.6
2019-12-26,AJG,0.00017780243916756501,67444.85
2019-12-27,AJG,0.000175609727390225,65471.5
2019-01-31,AKAM,0.00028327752144196,227549.45
2019-02-01,AKAM,0.00027269862593649506,223054.4
2019-02-04,AKAM,0.000265555198061595,220768.3
2019-02-05,AKAM,0.000257038829064175,215805.4
2019-02-06,AKAM,0.00024944489683204497,212953.05
2019-02-07,AKAM,0.000245941951845435,210399.3
2019-02-08,AKAM,0.000246822257835815,221875.35
2019-02-11,AKAM,0.00024344619412083003,223999.45
2019-02-12,AKAM,0.00024394583009535999,232811.95
2019-02-13,AKAM,0.000243748024523005,248966.35
2019-02-14,AKAM,0.00025855706231022,262680.05
2019-02-15,AKAM,0.00025946577055007,266759.4
2019-02-19,AKAM,0.000256750741260485,263179.3
2019-02-20,AKAM,0.00025347591579582,263444.05
2019-02-21,AKAM,0.0002502522660297,264906.85
2019-02-22,AKAM,0.00024984939469376,270149.45
2019-02-25,AKAM,0.00024441226307759,272486.75
2019-02-26,AKAM,0.00024325803500586002,270709.7
2019-02-27,AKAM,0.00024055451414575,271987.1
2019-02-28,AKAM,0.00024125588311230502,270229.1
2019-03-01,AKAM,0.00023680908776387496,271740.0
2019-03-04,AKAM,0.00023567610896049998,275985.8
2019-03-05,AKAM,0.00023101251834479501,273020.75
2019-03-06,AKAM,0.00023218537606353,272240.1
2019-03-07,AKAM,0.00023180201260979,271756.8
2019-03-08,AKAM,0.00023097947788094502,271619.8
2019-03-11,AKAM,0.00022834811829201997,266681.2
2019-03-12,AKAM,0.00022715345995489997,267933.4
2019-03-13,AKAM,0.00022412614164336498,265875.15
2019-03-14,AKAM,0.00022052319147020002,253679.6
2019-03-15,AKAM,0.00020031559332728,232055.9
2019-03-18,AKAM,0.000195764326874775,229260.4
2019-03-19,AKAM,0.000193641990414155,227206.5
2019-03-20,AKAM,0.000192915007760105,225520.75
2019-03-21,AKAM,0.00019348744440462,230375.15
2019-03-22,AKAM,0.00018957282520211998,227099.5
2019-03-25,AKAM,0.000194604295085735,227905.4
2019-03-26,AKAM,0.000206089863130785,238264.2
2019-03-27,AKAM,0.00020931228197824999,240325.5
2019-03-28,AKAM,0.000213500168875175,250576.05
2019-03-29,AKAM,0.00021637145897099,246828.65
2019-04-01,AKAM,0.00021629455697560503,237063.3
2019-04-02,AKAM,0.00021408481309035998,236722.8
2019-04-03,AKAM,0.00021623869815306498,236764.7
2019-04-04,AKAM,0.00021486779970059,230439.1
2019-04-05,AKAM,0.00021402508043059498,223679.6
2019-04-08,AKAM,0.000212932501750765,225251.8
2019-04-09,AKAM,0.00021219311508857502,219836.75
2019-04-10,AKAM,0.00021046672297759497,214129.75
2019-04-11,AKAM,0.00021245332748495997,217686.05
2019-04-12,AKAM,0.00021162481257457001,216967.5
2019-04-15,AKAM,0.00021159220161745003,220500.9
2019-04-16,AKAM,0.00021216934971941001,224809.85
2019-04-17,AKAM,0.000209656746279995,226606.25
2019-04-18,AKAM,0.00020837615602606498,224232.45
2019-04-22,AKAM,0.00020932881326403999,223844.15
2019-04-23,AKAM,0.00020455570700103498,224018.95
2019-04-24,AKAM,0.00019105186969287,214008.65
2019-04-25,AKAM,0.00018733355566940998,208827.3
2019-04-26,AKAM,0.000185076355833495,201912.8
2019-04-29,AKAM,0.00018221162159768,203927.55
2019-04-30,AKAM,0.00017909618390359998,205444.6
2019-05-01,AKAM,0.0001798326473991,216010.15
2019-05-02,AKAM,0.000200848129228295,229293.95
2019-05-03,AKAM,0.00020631340603735,236675.8
2019-05-06,AKAM,0.00020745728440273002,239731.95
2019-05-07,AKAM,0.000217995174644795,247323.35
2019-05-08,AKAM,0.000224768378814355,259453.6
2019-05-09,AKAM,0.00022916113487631001,261917.95
2019-05-10,AKAM,0.00023499443645178002,257505.9
2019-05-13,AKAM,0.00023906086461553998,261474.5
2019-05-14,AKAM,0.000246949145602015,258722.45
2019-05-15,AKAM,0.000251587499109205,255019.5
2019-05-16,AKAM,0.000256884303470995,251432.1
2019-05-17,AKAM,0.000260266950836375,250841.6
2019-05-20,AKAM,0.000263556981082535,247906.9
2019-05-21,AKAM,0.00026767608587740003,246283.9
2019-05-22,AKAM,0.00026953379666528503,247819.6
2019-05-23,AKAM,0.000270762129477065,253013.8
2019-05-24,AKAM,0.0002704145607207,254294.9
2019-05-28,AKAM,0.00027210077768957,253136.75
2019-05-29,AKAM,0.00027750502869336,249919.05
2019-05-30,AKAM,0.000279417299258005,236140.5
2019-05-31,AKAM,0.000257050436761645,218554.3
2019-06-03,AKAM,0.0002551652854768,213489.4
2019-06-04,AKAM,0.00026031053084649,215837.4
2019-06-05,AKAM,0.00025293051594432996,212328.25
2019-06-06,AKAM,0.00025000373098837004,204404.8
2019-06-07,AKAM,0.00024867162312694496,200235.8
2019-06-10,AKAM,0.000245208066466635,199992.65
2019-06-11,AKAM,0.0002448381291097,198422.2
2019-06-12,AKAM,0.00024006725380866,195059.7
2019-06-13,AKAM,0.000235874714932985,192320.45
2019-06-14,AKAM,0.0002336172636394,190466.7
2019-06-17,AKAM,0.000231726779592365,187196.4
2019-06-18,AKAM,0.000234665202059205,192684.55
2019-06-19,AKAM,0.000233710431351385,196439.55
2019-06-20,AKAM,0.00023567756139782997,197743.2
2019-06-21,AKAM,0.00023550424278142998,194870.5
2019-06-24,AKAM,0.00023568139253829496,194801.7
2019-06-25,AKAM,0.00023522403213615002,196935.1
2019-06-26,AKAM,0.00023251573383451,197452.75
2019-06-27,AKAM,0.00023168995985484,198418.0
2019-06-28,AKAM,0.00023044210107204497,195939.85
2019-07-01,AKAM,0.00022783605379684998,192723.0
2019-07-02,AKAM,0.00022176642220288998,190017.05
2019-07-03,AKAM,0.00021853487626864002,185019.25
2019-07-05,AKAM,0.00021379776584847,179262.25
2019-07-08,AKAM,0.00021128005657677,176420.5
2019-07-09,AKAM,0.00020800966829084,174849.25
2019-07-10,AKAM,0.00020585280760476997,174104.15
2019-07-11,AKAM,0.00020353731501669502,173901.95
2019-07-12,AKAM,0.00020246181144026998,173044.4
2019-07-15,AKAM,0.000200566552593905,172993.65
2019-07-16,AKAM,0.000197562831302765,172169.55
2019-07-17,AKAM,0.000191154473820715,167225.25
2019-07-18,AKAM,0.00018909375156281,164310.65
2019-07-19,AKAM,0.00018826335894311,164758.2
2019-07-22,AKAM,0.000187912335173475,165086.8
2019-07-23,AKAM,0.00018727495176731502,165807.05
2019-07-24,AKAM,0.000187901207172775,163840.2
2019-07-25,AKAM,0.000187942047073185,163430.3
2019-07-26,AKAM,0.00018687463190497,162536.65
2019-07-29,AKAM,0.00018584439030875,166017.15
2019-07-30,AKAM,0.00018741749789403,169223.0
2019-07-31,AKAM,0.00018979284486419498,173932.7
2019-08-01,AKAM,0.000208163798405315,202670.1
2019-08-02,AKAM,0.000218956159797975,218443.8
2019-08-05,AKAM,0.000226528273630145,228868.15
2019-08-06,AKAM,0.00023765820821999498,238651.7
2019-08-07,AKAM,0.00024397475303924,241493.45
2019-08-08,AKAM,0.000254773865320375,246052.1
2019-08-09,AKAM,0.000261816737930995,251426.1
2019-08-12,AKAM,0.00026949548971916503,255776.05
2019-08-13,AKAM,0.000276098882001705,256131.55
2019-08-14,AKAM,0.00029080579436341,270484.5
2019-08-15,AKAM,0.00031201332043762997,291309.35
2019-08-16,AKAM,0.00031925793064644504,294795.4
2019-08-19,AKAM,0.00032453287614405503,294092.0
2019-08-20,AKAM,0.00032446929238692,292265.7
2019-08-21,AKAM,0.00032589924580148,295651.0
2019-08-22,AKAM,0.00032695938505958,299157.9
2019-08-23,AKAM,0.00032744166694104496,298784.45
2019-08-26,AKAM,0.00033534193269737003,302394.75
2019-08-27,AKAM,0.000339693704026395,298784.0
2019-08-28,AKAM,0.000341112379707375,292513.75
2019-08-29,AKAM,0.000326760297449455,264522.65
2019-08-30,AKAM,0.000320786197455275,252550.85
2019-09-03,AKAM,0.00031562124484478,245824.55
2019-09-04,AKAM,0.000309158297673745,238976.75
2019-09-05,AKAM,0.00030225989005852003,234881.65
2019-09-06,AKAM,0.000294303147747455,237731.65
2019-09-09,AKAM,0.00029109774215688,239281.55
2019-09-10,AKAM,0.00029037356524931997,239168.15
2019-09-11,AKAM,0.0002903062178586,240314.6
2019-09-12,AKAM,0.000278558059545285,228755.05
2019-09-13,AKAM,0.00026408295254448,224514.7
2019-09-16,AKAM,0.000261475493319655,238461.65
2019-09-17,AKAM,0.00026735772183691996,263293.35
2019-09-18,AKAM,0.000270830226823315,265804.85
2019-09-19,AKAM,0.000272481422931375,260471.35
2019-09-20,AKAM,0.00027506012705298997,257754.35
2019-09-23,AKAM,0.0002777511399266,261925.65
2019-09-24,AKAM,0.000273930904179575,256791.8
2019-09-25,AKAM,0.000273721872294335,262043.45
2019-09-26,AKAM,0.00027466069479409,262691.0
2019-09-27,AKAM,0.000272232618871595,262566.6
2019-09-30,AKAM,0.00027205039722478,265881.95
2019-10-01,AKAM,0.00027204146578889497,266363.85
2019-10-02,AKAM,0.00027388620466496,267803.75
2019-10-03,AKAM,0.000278877882215045,272893.8
2019-10-04,AKAM,0.00028279090717295497,269571.65
2019-10-07,AKAM,0.00028160024733803,268525.4
2019-10-08,AKAM,0.0002772304372861,267650.55
2019-10-09,AKAM,0.00027922752990908,267417.65
2019-10-10,AKAM,0.00027864008947857,266047.65
2019-10-11,AKAM,0.00027313705562921,247887.95
2019-10-14,AKAM,0.00027157134001458996,230755.0
2019-10-15,AKAM,0.00026205264907662,203407.45
2019-10-16,AKAM,0.00025887364113619997,198277.85
2019-10-17,AKAM,0.00025633231278786496,200686.8
2019-10-18,AKAM,0.000254306692619615,203139.35
2019-10-21,AKAM,0.00025381216975509503,205186.3
2019-10-22,AKAM,0.00025137407629965497,207129.55
2019-10-23,AKAM,0.00024841045043692,205974.35
2019-10-24,AKAM,0.00024327115909396498,205725.65
2019-10-25,AKAM,0.00024395164120026997,209979.4
2019-10-28,AKAM,0.00024143887433050498,211163.7
2019-10-29,AKAM,0.00024312400910729,233197.3
2019-10-30,AKAM,0.00027108066200631,248537.55
2019-10-31,AKAM,0.00027499510654699995,252878.9
2019-11-01,AKAM,0.00027116975480593003,253988.8
2019-11-04,AKAM,0.00027083255038608505,252569.5
2019-11-05,AKAM,0.00027238060416063,255406.5
2019-11-06,AKAM,0.00026614240588760003,266153.5
2019-11-07,AKAM,0.00026582617901088005,278074.1
2019-11-08,AKAM,0.00026607348785606503,284057.85
2019-11-11,AKAM,0.000266881267254815,290581.95
2019-11-12,AKAM,0.000265324274563675,292664.7
2019-11-13,AKAM,0.000265354598158155,297801.95
2019-11-14,AKAM,0.000265943159309025,299104.2
2019-11-15,AKAM,0.00026525609529991494,299357.5
2019-11-18,AKAM,0.0002628754261073,300813.25
2019-11-19,AKAM,0.00026422880061124,302282.4
2019-11-20,AKAM,0.000261373196180055,300103.0
2019-11-21,AKAM,0.00026336726795418003,301298.1
2019-11-22,AKAM,0.000263372259933015,303121.05
2019-11-25,AKAM,0.00026442918399633005,303218.45
2019-11-26,AKAM,0.00026040620629781,281423.15
2019-11-27,AKAM,0.00022681028123214497,266661.7
2019-11-29,AKAM,0.00021970065960107499,260909.6
2019-12-02,AKAM,0.00021697471828758998,253141.05
2019-12-03,AKAM,0.00022096991660255498,253331.4
2019-12-04,AKAM,0.00022033180393104,250483.55
2019-12-05,AKAM,0.00022027840665499496,243855.65
2019-12-06,AKAM,0.000221999252662135,238447.8
2019-12-09,AKAM,0.000221365530262375,237390.0
2019-12-10,AKAM,0.00021473347824318495,227120.85
2019-12-11,AKAM,0.00021448420660576,226896.6
2019-12-12,AKAM,0.000211446533548575,220960.0
2019-12-13,AKAM,0.00021387763891457003,220995.2
2019-12-16,AKAM,0.00021367904353212,220468.15
2019-12-17,AKAM,0.00021222013718939504,215377.6
2019-12-18,AKAM,0.0002106551462055,213278.25
2019-12-19,AKAM,0.00020993343684179,214423.5
2019-12-20,AKAM,0.00020570017639643,211668.75
2019-12-23,AKAM,0.00020843920376857999,219484.7
2019-12-24,AKAM,0.00020799863021977,214833.1
2019-12-26,AKAM,0.00020603315987577,209128.6
2019-12-27,AKAM,0.00020369575436262,199973.35
2019-01-31,ALB,0.00038938945663304504,175163.25
2019-02-01,ALB,0.00038706241239707,176957.0
2019-02-04,ALB,0.00037628887797115,174686.15
2019-02-05,ALB,0.000366676267371965,167501.75
2019-02-06,ALB,0.00036059123041999,168289.75
2019-02-07,ALB,0.00035786467283738997,166717.6
2019-02-08,ALB,0.000368211317681255,174434.75
2019-02-11,ALB,0.000363885654509635,172770.85
2019-02-12,ALB,0.00036282279032334,170055.0
2019-02-13,ALB,0.00036156564964970003,178664.15
2019-02-14,ALB,0.00035333716457742,172494.75
2019-02-15,ALB,0.000349838695418265,167163.5
2019-02-19,ALB,0.000343927971224925,170484.15
2019-02-20,ALB,0.00033700347893299,170597.1
2019-02-21,ALB,0.00033146876596303,174219.6
2019-02-22,ALB,0.000358667109648165,194307.95
2019-02-25,ALB,0.00035389999366938,194260.0
2019-02-26,ALB,0.000356048134516215,193036.3
2019-02-27,ALB,0.00035178058165089997,191137.5
2019-02-28,ALB,0.00034803513537873005,188953.8
2019-03-01,ALB,0.000341805636518735,192091.55
2019-03-04,ALB,0.00033627233568328497,194441.1
2019-03-05,ALB,0.00033667939620212,195955.45
2019-03-06,ALB,0.000332765110098425,194750.8
2019-03-07,ALB,0.000326006169451235,193939.5
2019-03-08,ALB,0.00032655150069651497,196300.5
2019-03-11,ALB,0.000331570987841345,198727.3
2019-03-12,ALB,0.00032720041678842,198511.05
2019-03-13,ALB,0.00032040801715527503,199674.7
2019-03-14,ALB,0.00031415671374719503,190904.6
2019-03-15,ALB,0.00031084576211116,191437.3
2019-03-18,ALB,0.00030800923211445503,189028.7
2019-03-19,ALB,0.00030631245180808,180342.7
2019-03-20,ALB,0.000306287482539505,176072.6
2019-03-21,ALB,0.00030513305635869497,168347.45
2019-03-22,ALB,0.00027144181776755504,147446.0
2019-03-25,ALB,0.00026976541274792003,144096.5
2019-03-26,ALB,0.000267914454077535,141632.2
2019-03-27,ALB,0.000268633037219955,142746.25
2019-03-28,ALB,0.0002728421037533,143721.2
2019-03-29,ALB,0.00027437055882784496,138056.5
2019-04-01,ALB,0.000276949717471635,135297.65
2019-04-02,ALB,0.000274115166623215,138280.4
2019-04-03,ALB,0.0002807431935845,144161.0
2019-04-04,ALB,0.0002834635699966,149053.4
2019-04-05,ALB,0.00028346076944672,149077.4
2019-04-08,ALB,0.00027257569972969,144521.4
2019-04-09,ALB,0.00027076498213428,144732.85
2019-04-10,ALB,0.00027519343029053,146008.8
2019-04-11,ALB,0.00027610835605935,143823.85
2019-04-12,ALB,0.000279093755028485,145358.95
2019-04-15,ALB,0.000278523316537285,145865.25
2019-04-16,ALB,0.00027956599430719497,148343.4
2019-04-17,ALB,0.0002802541474197,148975.8
2019-04-18,ALB,0.00028220757506493505,151423.25
2019-04-22,ALB,0.000284132740842185,148610.35
2019-04-23,ALB,0.00027810835487425997,147535.4
2019-04-24,ALB,0.00027982687575387,151549.65
2019-04-25,ALB,0.00028107837336932003,152498.8
2019-04-26,ALB,0.000280248981311865,151334.55
2019-04-29,ALB,0.00028431702199311997,154073.15
2019-04-30,ALB,0.00028121461442514,152953.1
2019-05-01,ALB,0.00027720610125608,145831.3
2019-05-02,ALB,0.000277568802813105,141519.15
2019-05-03,ALB,0.000281713621831535,144257.65
2019-05-06,ALB,0.000281020532618645,142679.45
2019-05-07,ALB,0.00028929326045928504,147309.8
2019-05-08,ALB,0.00029414351454565003,156983.1
2019-05-09,ALB,0.00030313927672021,167159.95
2019-05-10,ALB,0.00032515645912115505,177851.55
2019-05-13,ALB,0.000333336065912715,182722.1
2019-05-14,ALB,0.00034218025050053,195555.3
2019-05-15,ALB,0.00034519428636824504,199161.75
2019-05-16,ALB,0.000348972976363215,203364.05
2019-05-17,ALB,0.00034630234587349504,204637.05
2019-05-20,ALB,0.0003519364285773,208096.35
2019-05-21,ALB,0.000357388504463545,210646.95
2019-05-22,ALB,0.000353046092003145,208177.25
2019-05-23,ALB,0.000349877665693465,203290.1
2019-05-24,ALB,0.00034786874106822,203826.25
2019-05-28,ALB,0.000341566337146035,202048.5
2019-05-29,ALB,0.00034087786726062503,203827.45
2019-05-30,ALB,0.00034509999771437495,212375.95
2019-05-31,ALB,0.00034374739763226,214246.25
2019-06-03,ALB,0.00034141791110243503,209248.95
2019-06-04,ALB,0.00034582670617094,215387.8
2019-06-05,ALB,0.000345530885951745,213254.0
2019-06-06,ALB,0.0003468016407061,204076.8
2019-06-07,ALB,0.000338307990266305,191882.7
2019-06-10,ALB,0.00032055898754799496,182940.3
2019-06-11,ALB,0.00031499735465127,175780.15
2019-06-12,ALB,0.000311689975447645,173332.55
2019-06-13,ALB,0.000312143740306295,172468.3
2019-06-14,ALB,0.00030855649565945497,168518.85
2019-06-17,ALB,0.000309529839751055,168023.65
2019-06-18,ALB,0.00030901386637265,166163.2
2019-06-19,ALB,0.000309759053261725,166103.25
2019-06-20,ALB,0.00031452550615688503,169082.9
2019-06-21,ALB,0.000325391112317795,173565.4
2019-06-24,ALB,0.00032964424365062,172099.85
2019-06-25,ALB,0.00033393769910111004,171238.45
2019-06-26,ALB,0.000335143638870575,168649.6
2019-06-27,ALB,0.000335259089792305,162523.65
2019-06-28,ALB,0.000336201867868015,158675.55
2019-07-01,ALB,0.00033734033393825,157839.5
2019-07-02,ALB,0.00033375136715418,150659.5
2019-07-03,ALB,0.000328351141827025,147501.55
2019-07-05,ALB,0.000322395168279105,145497.35
2019-07-08,ALB,0.00031946422504072004,144687.95
2019-07-09,ALB,0.000316294641396985,144176.95
2019-07-10,ALB,0.00031204944642821,145769.25
2019-07-11,ALB,0.00030833780807949503,136693.05
2019-07-12,ALB,0.00030198844993998495,132017.25
2019-07-15,ALB,0.000303218606755705,133316.75
2019-07-16,ALB,0.00030505553551411,129978.3
2019-07-17,ALB,0.00030188850315575496,130837.4
2019-07-18,ALB,0.00029922010098717,129091.65
2019-07-19,ALB,0.000292962196197015,122232.55
2019-07-22,ALB,0.00028255442143725496,120514.85
2019-07-23,ALB,0.00027926904103319996,120651.95
2019-07-24,ALB,0.00027672600327877496,119959.6
2019-07-25,ALB,0.00027347730332286,118395.5
2019-07-26,ALB,0.00027141941127755,116922.6
2019-07-29,ALB,0.00026877904328911,120534.9
2019-07-30,ALB,0.00026479153537217,120895.7
2019-07-31,ALB,0.00026429484053860995,123926.1
2019-08-01,ALB,0.00026792169364223,125551.0
2019-08-02,ALB,0.000280875250416975,130346.95
2019-08-05,ALB,0.00029320339940465,135306.8
2019-08-06,ALB,0.00030448790589119,145327.05
2019-08-07,ALB,0.00031235119376373,152586.35
2019-08-08,ALB,0.00032624314955051,160798.9
2019-08-09,ALB,0.00035877858050680997,175970.8
2019-08-12,ALB,0.00036938776049028,180739.7
2019-08-13,ALB,0.00037373498257898,185282.1
2019-08-14,ALB,0.00038309444849168,189727.9
2019-08-15,ALB,0.00039146353776834,196146.8
2019-08-16,ALB,0.00040272056997493505,206314.25
2019-08-19,ALB,0.0004069988692569649,208916.95
2019-08-20,ALB,0.00040790788242499494,208234.1
2019-08-21,ALB,0.000408872230945515,208509.95
2019-08-22,ALB,0.00041115532502195495,211918.45
2019-08-23,ALB,0.00042378300670579006,216081.8
2019-08-26,ALB,0.00043342251223029506,216424.9
2019-08-27,ALB,0.000439922105128515,213816.25
2019-08-28,ALB,0.00044135767465786,209260.95
2019-08-29,ALB,0.000441020350190235,212179.55
2019-08-30,ALB,0.00043635558414709005,217978.3
2019-09-03,ALB,0.00042945397190590504,216091.25
2019-09-04,ALB,0.000425400128748845,208155.5
2019-09-05,ALB,0.00042418260826167996,200771.75
2019-09-06,ALB,0.00041666041140747,194636.35
2019-09-09,ALB,0.000391095766534415,180014.3
2019-09-10,ALB,0.000383039027924845,174988.85
2019-09-11,ALB,0.000387039678056045,179739.8
2019-09-12,ALB,0.000393938758436875,180525.75
2019-09-13,ALB,0.00039537073838819003,176596.65
2019-09-16,ALB,0.000396610105506785,169934.4
2019-09-17,ALB,0.00040213208867483,165446.7
2019-09-18,ALB,0.000408945659494385,165336.65
2019-09-19,ALB,0.0004114873644397199,163838.15
2019-09-20,ALB,0.000413965060363995,161612.45
2019-09-23,ALB,0.00040782623866540994,163302.7
2019-09-24,ALB,0.000402183721797225,160059.5
2019-09-25,ALB,0.00040010391717369497,162137.8
2019-09-26,ALB,0.00040203972060065004,162043.1
2019-09-27,ALB,0.00040088637762244003,158238.7
2019-09-30,ALB,0.00040138026130431505,152351.6
2019-10-01,ALB,0.00039875629250714,150390.95
2019-10-02,ALB,0.00039618195549080996,151508.55
2019-10-03,ALB,0.00039711317311298997,151565.2
2019-10-04,ALB,0.00039969025968515,148710.2
2019-10-07,ALB,0.00039887905701232497,148646.9
2019-10-08,ALB,0.00039973554252667004,145905.4
2019-10-09,ALB,0.000396510660373305,137603.1
2019-10-10,ALB,0.00038346050342648503,131904.8
2019-10-11,ALB,0.00038005742968594497,130306.55
2019-10-14,ALB,0.0003760809654453,132146.9
2019-10-15,ALB,0.00036940652858439,134624.5
2019-10-16,ALB,0.00035994514832617,132645.25
2019-10-17,ALB,0.000358210714188125,133518.75
2019-10-18,ALB,0.000356844868877795,132317.95
2019-10-21,ALB,0.00035058985092483,125533.1
2019-10-22,ALB,0.000348239053121885,125565.05
2019-10-23,ALB,0.00034888193248688,125240.35
2019-10-24,ALB,0.000346860845437355,125306.15
2019-10-25,ALB,0.00034806047139069,127777.65
2019-10-28,ALB,0.00036554271370697503,143207.3
2019-10-29,ALB,0.00037606570693057004,149201.8
2019-10-30,ALB,0.000377653723458315,151305.85
2019-10-31,ALB,0.00037965719998321503,155526.6
2019-11-01,ALB,0.00037966317947538,161483.3
2019-11-04,ALB,0.000382781307326145,172088.2
2019-11-05,ALB,0.00038260991466749497,181279.15
2019-11-06,ALB,0.000382708607299685,184911.55
2019-11-07,ALB,0.000387847149127305,195587.4
2019-11-08,ALB,0.00040381631035563993,200741.6
2019-11-11,ALB,0.00041579135511663997,202934.7
2019-11-12,ALB,0.00042015328115487996,200787.6
2019-11-13,ALB,0.00042419500513124996,205693.05
2019-11-14,ALB,0.00042810977422624494,207142.7
2019-11-15,ALB,0.00043279070545231,206779.8
2019-11-18,ALB,0.00043798402103962,206063.05
2019-11-19,ALB,0.000438494856806695,205684.7
2019-11-20,ALB,0.000440253867072515,206357.25
2019-11-21,ALB,0.00044721724742116,209865.35
2019-11-22,ALB,0.00044982223902898503,208034.85
2019-11-25,ALB,0.00043437079766761995,189152.8
2019-11-26,ALB,0.00042276983170504,182279.55
2019-11-27,ALB,0.00041991831788794993,176812.5
2019-11-29,ALB,0.00041388680130031503,169584.7
2019-12-02,ALB,0.00040434731950952,159487.35
2019-12-03,ALB,0.000407098393533245,150063.15
2019-12-04,ALB,0.00041200669669361,143858.2
2019-12-05,ALB,0.0004084819956749249,141169.45
2019-12-06,ALB,0.00039994786566611003,130654.5
2019-12-09,ALB,0.000380378942549775,126037.95
2019-12-10,ALB,0.000359502300388275,118937.6
2019-12-11,ALB,0.000354112130715955,118221.6
2019-12-12,ALB,0.000349408086916485,113668.9
2019-12-13,ALB,0.00034797122839319,113502.45
2019-12-16,ALB,0.000350378984007155,115110.05
2019-12-17,ALB,0.00034475019996735,117554.95
2019-12-18,ALB,0.000343965324910995,122651.75
2019-12-19,ALB,0.000338014222287785,119133.05
2019-12-20,ALB,0.000332321149511155,120022.45
2019-12-23,ALB,0.00032985111736447495,122252.25
2019-12-24,ALB,0.00032438791614420497,125184.75
2019-12-26,ALB,0.00032007371005431,123399.0
2019-12-27,ALB,0.00031233791978931496,121162.9
2019-01-31,ALGN,0.000551990154051795,238913.85
2019-02-01,ALGN,0.00054781655454131,260342.75
2019-02-04,ALGN,0.000526273379320495,253143.65
2019-02-05,ALGN,0.00050987302684185,243747.95
2019-02-06,ALGN,0.0005060204721440449,241267.55
2019-02-07,ALGN,0.0004999122710551199,242007.1
2019-02-08,ALGN,0.000511543740284645,249835.1
2019-02-11,ALGN,0.0004936832962893899,249504.8
2019-02-12,ALGN,0.00049535204928577,251765.7
2019-02-13,ALGN,0.00049681291760256,257843.05
2019-02-14,ALGN,0.0004983687816414449,251006.8
2019-02-15,ALGN,0.000489044873158785,242443.5
2019-02-19,ALGN,0.00047716406748388,238063.6
2019-02-20,ALGN,0.000457415116901825,231922.5
2019-02-21,ALGN,0.00045131687812654506,230765.35
2019-02-22,ALGN,0.00044878284639945,233311.85
2019-02-25,ALGN,0.0004396089337566,233650.7
2019-02-26,ALGN,0.00044151482990337004,234381.6
2019-02-27,ALGN,0.00042938820493230003,236317.6
2019-02-28,ALGN,0.00042203221436261503,244415.1
2019-03-01,ALGN,0.00037747603536107,231551.4
2019-03-04,ALGN,0.00036923822232665,212873.95
2019-03-05,ALGN,0.00036843309807297,224940.35
2019-03-06,ALGN,0.0003858718016905,251890.65
2019-03-07,ALGN,0.000389479496517625,260604.8
2019-03-08,ALGN,0.00039435537182606493,269430.2
2019-03-11,ALGN,0.00039674554768648503,272670.95
2019-03-12,ALGN,0.000397517780351695,280289.9
2019-03-13,ALGN,0.00039464789017983,284246.45
2019-03-14,ALGN,0.00039294652437894497,279056.1
2019-03-15,ALGN,0.00039115699550450997,280473.2
2019-03-18,ALGN,0.00038993458895285,286541.55
2019-03-19,ALGN,0.00038880740993666,289725.05
2019-03-20,ALGN,0.00039490600631891007,295736.05
2019-03-21,ALGN,0.00039306177418416507,300787.55
2019-03-22,ALGN,0.00039522290808615497,309685.9
2019-03-25,ALGN,0.00039999885521215504,312169.4
2019-03-26,ALGN,0.00040085120329169004,312603.05
2019-03-27,ALGN,0.00040377852475137997,304739.75
2019-03-28,ALGN,0.00040621451436187504,300486.75
2019-03-29,ALGN,0.00041490763563463505,300031.2
2019-04-01,ALGN,0.000415237984440935,294465.7
2019-04-02,ALGN,0.00041268190192765,276793.35
2019-04-03,ALGN,0.000397259541375825,251283.35
2019-04-04,ALGN,0.00039248360919013996,247895.2
2019-04-05,ALGN,0.00038750686940787997,235872.1
2019-04-08,ALGN,0.000385785313765975,238831.45
2019-04-09,ALGN,0.00038327988769268996,228668.1
2019-04-10,ALGN,0.00038248920292289503,225443.75
2019-04-11,ALGN,0.00037763090578952,223959.65
2019-04-12,ALGN,0.000374212286835795,215616.8
2019-04-15,ALGN,0.00037519920072157,206669.95
2019-04-16,ALGN,0.000377769702035525,206448.5
2019-04-17,ALGN,0.000369037259264995,198753.35
2019-04-18,ALGN,0.00037485697000785,198539.2
2019-04-22,ALGN,0.000378837084648355,190324.05
2019-04-23,ALGN,0.00037769463842619004,189056.8
2019-04-24,ALGN,0.00037890464154167,188660.35
2019-04-25,ALGN,0.00037918291787265,195822.25
2019-04-26,ALGN,0.00041285363259216504,203576.75
2019-04-29,ALGN,0.00041178362948776,204256.6
2019-04-30,ALGN,0.00040811458454893,208631.5
2019-05-01,ALGN,0.00040400944081229003,211248.9
2019-05-02,ALGN,0.000404357071738215,210684.4
2019-05-03,ALGN,0.00040846595929006004,206852.15
2019-05-06,ALGN,0.00041122441978501997,208980.6
2019-05-07,ALGN,0.000415894990322225,210607.3
2019-05-08,ALGN,0.00042467913356865496,213698.75
2019-05-09,ALGN,0.00042866591587066994,207133.9
2019-05-10,ALGN,0.00043707442797432,205037.7
2019-05-13,ALGN,0.00044422252562951,207293.2
2019-05-14,ALGN,0.00045243757465142,207687.9
2019-05-15,ALGN,0.000454908309322195,205788.05
2019-05-16,ALGN,0.000460415173255275,207380.3
2019-05-17,ALGN,0.000453140851665825,202092.4
2019-05-20,ALGN,0.00045140696477606504,196272.55
2019-05-21,ALGN,0.000452527512305545,192785.4
2019-05-22,ALGN,0.00044518331528963504,185869.3
2019-05-23,ALGN,0.000440050275193665,178179.5
2019-05-24,ALGN,0.00040577824548445495,167979.25
2019-05-28,ALGN,0.000398529253851845,160254.75
2019-05-29,ALGN,0.00039894093248368,153580.85
2019-05-30,ALGN,0.00041025732986311997,153816.1
2019-05-31,ALGN,0.00040909956942704,150099.4
2019-06-03,ALGN,0.00042760228613744,156566.65
2019-06-04,ALGN,0.000434420379497865,159883.35
2019-06-05,ALGN,0.00043108495797582,152837.05
2019-06-06,ALGN,0.000425566892877565,154030.75
2019-06-07,ALGN,0.00042084801938749506,152540.15
2019-06-10,ALGN,0.00041413601537337006,151356.0
2019-06-11,ALGN,0.00040989792082484497,151311.55
2019-06-12,ALGN,0.00040608854178233,150728.05
2019-06-13,ALGN,0.000402062668311055,146484.5
2019-06-14,ALGN,0.000396859506124785,143128.3
2019-06-17,ALGN,0.00039529216596408004,138211.45
2019-06-18,ALGN,0.00040826673949278006,147412.25
2019-06-19,ALGN,0.00040672087975268,147763.15
2019-06-20,ALGN,0.00040605948995211,146853.75
2019-06-21,ALGN,0.000409975128428735,147996.45
2019-06-24,ALGN,0.0004096730698116601,146412.45
2019-06-25,ALGN,0.000412144108207495,149865.5
2019-06-26,ALGN,0.00041100913888549495,151445.0
2019-06-27,ALGN,0.00040221998655952005,150618.05
2019-06-28,ALGN,0.00040221712310404,153273.55
2019-07-01,ALGN,0.00037728506023268005,144975.4
2019-07-02,ALGN,0.00037329839630722,141905.0
2019-07-03,ALGN,0.00036769136319822,140767.4
2019-07-05,ALGN,0.00036095517434663,136740.0
2019-07-08,ALGN,0.00036079678477583,136218.25
2019-07-09,ALGN,0.00035731915335259504,135144.55
2019-07-10,ALGN,0.00035164313371349,133456.45
2019-07-11,ALGN,0.00034673302369383,135067.9
2019-07-12,ALGN,0.0003451277167132,135394.45
2019-07-15,ALGN,0.00034302927762831,138109.4
2019-07-16,ALGN,0.00034196143301391997,138938.05
2019-07-17,ALGN,0.00031924205088828,125231.45
2019-07-18,ALGN,0.000312075820376505,121451.45
2019-07-19,ALGN,0.000317611137692755,123725.55
2019-07-22,ALGN,0.000313348308107615,124033.45
2019-07-23,ALGN,0.00031042462723740005,122033.4
2019-07-24,ALGN,0.00030806608839317,122361.55
2019-07-25,ALGN,0.000314594222873655,125971.05
2019-07-26,ALGN,0.000348807908416185,162588.7
2019-07-29,ALGN,0.000348367405906255,175386.95
2019-07-30,ALGN,0.00035849479355271497,187154.15
2019-07-31,ALGN,0.00035872610207957496,196228.95
2019-08-01,ALGN,0.00037270116623191004,206768.9
2019-08-02,ALGN,0.000390912402392065,217092.35
2019-08-05,ALGN,0.00039761918654746003,226485.6
2019-08-06,ALGN,0.000409734597666215,239352.45
2019-08-07,ALGN,0.00041768498305911,246062.2
2019-08-08,ALGN,0.00042575062134433007,255901.35
2019-08-09,ALGN,0.000431877733452045,262795.55
2019-08-12,ALGN,0.00043568032841806496,264212.65
2019-08-13,ALGN,0.000442996610351035,269902.7
2019-08-14,ALGN,0.0004500735999288,275213.75
2019-08-15,ALGN,0.00045962905355785496,280866.35
2019-08-16,ALGN,0.00046256717921063504,283677.75
2019-08-19,ALGN,0.000466966765942155,286161.75
2019-08-20,ALGN,0.000467063001316715,289817.6
2019-08-21,ALGN,0.00046688101345705507,289311.2
2019-08-22,ALGN,0.00045805482770467504,285348.9
2019-08-23,ALGN,0.00042190172907126,246463.3
2019-08-26,ALGN,0.00042748786634618007,236331.8
2019-08-27,ALGN,0.00042151052581310003,223135.3
2019-08-28,ALGN,0.00041598700223401006,214012.0
2019-08-29,ALGN,0.0004002072717616,203693.2
2019-08-30,ALGN,0.00038400121482001,197700.1
2019-09-03,ALGN,0.000380493585204675,196895.4
2019-09-04,ALGN,0.000378346487292775,194074.3
2019-09-05,ALGN,0.000376349658217075,193442.7
2019-09-06,ALGN,0.00036702964008489497,185383.75
2019-09-09,ALGN,0.00036452880348968004,184441.8
2019-09-10,ALGN,0.00036419769466124,190043.85
2019-09-11,ALGN,0.00036541303221404,193580.35
2019-09-12,ALGN,0.00036766070945508,192797.3
2019-09-13,ALGN,0.00037157522119351003,194493.0
2019-09-16,ALGN,0.00036657782683848,193187.1
2019-09-17,ALGN,0.00036445447364627005,190676.5
2019-09-18,ALGN,0.000363187252874465,185478.9
2019-09-19,ALGN,0.000362069538590735,181607.5
2019-09-20,ALGN,0.00036163823051261503,183235.55
2019-09-23,ALGN,0.00036861509720491,190481.05
2019-09-24,ALGN,0.00036266579559089,189979.8
2019-09-25,ALGN,0.0003617647516498,193481.85
2019-09-26,ALGN,0.000363956442907775,193450.0
2019-09-27,ALGN,0.00036892481566861004,197310.4
2019-09-30,ALGN,0.00037734304380486,194053.9
2019-10-01,ALGN,0.000374254408607075,188184.85
2019-10-02,ALGN,0.0003685010943671,185100.1
2019-10-03,ALGN,0.00036948957892869,184636.45
2019-10-04,ALGN,0.00037042195293011005,181639.75
2019-10-07,ALGN,0.000368015762209995,179787.2
2019-10-08,ALGN,0.000373018813259435,175190.5
2019-10-09,ALGN,0.000372514956631295,170057.65
2019-10-10,ALGN,0.00036946626303694497,173142.0
2019-10-11,ALGN,0.000361729517610385,169430.45
2019-10-14,ALGN,0.000364002040696985,175780.0
2019-10-15,ALGN,0.000366745111030375,179022.75
2019-10-16,ALGN,0.000368633080651915,183650.7
2019-10-17,ALGN,0.00037003674264996,186857.1
2019-10-18,ALGN,0.00037400181485485503,187282.75
2019-10-21,ALGN,0.000370523911647355,182367.75
2019-10-22,ALGN,0.00036779280295170505,184657.35
2019-10-23,ALGN,0.00036573374935618504,183623.75
2019-10-24,ALGN,0.000370454908125235,187589.65
2019-10-25,ALGN,0.000407499729058835,204323.75
2019-10-28,ALGN,0.0004086621298090251,207068.2
2019-10-29,ALGN,0.0004111002246861051,209209.25
2019-10-30,ALGN,0.000413310658136675,207972.35
2019-10-31,ALGN,0.00041210967765568007,205564.2
2019-11-01,ALGN,0.00041353518133954004,204604.25
2019-11-04,ALGN,0.00041527907590603,203190.6
2019-11-05,ALGN,0.00041048140287239997,203241.45
2019-11-06,ALGN,0.00040467261956059,203145.5
2019-11-07,ALGN,0.00040688352786251,201373.15
2019-11-08,ALGN,0.00040608968746097003,203310.05
2019-11-11,ALGN,0.00040107007665604003,195783.25
2019-11-12,ALGN,0.00039505311593467996,190594.15
2019-11-13,ALGN,0.00039323433135163,185439.7
2019-11-14,ALGN,0.00039415715641064,181684.0
2019-11-15,ALGN,0.000390922756673845,177658.25
2019-11-18,ALGN,0.00038422574459407,172158.85
2019-11-19,ALGN,0.0003870636600083,167110.6
2019-11-20,ALGN,0.00038364982051836,162166.9
2019-11-21,ALGN,0.00037908922609909506,155850.15
2019-11-22,ALGN,0.000342275281841295,131657.95
2019-11-25,ALGN,0.00032953598171891,127384.7
2019-11-26,ALGN,0.000325230847256935,124304.05
2019-11-27,ALGN,0.000320061624579975,118168.35
2019-11-29,ALGN,0.000313639403934515,114525.1
2019-12-02,ALGN,0.0003040159361838,111128.05
2019-12-03,ALGN,0.00030332999241749505,109955.35
2019-12-04,ALGN,0.000308621724102985,106588.55
2019-12-05,ALGN,0.000306624819665505,102077.35
2019-12-06,ALGN,0.00030169616922165997,97638.4
2019-12-09,ALGN,0.00029839398489090997,93447.6
2019-12-10,ALGN,0.00029298472599604,89580.85
2019-12-11,ALGN,0.00029448837130128505,89649.3
2019-12-12,ALGN,0.000291818883681995,89792.7
2019-12-13,ALGN,0.00029362208683210504,94552.9
2019-12-16,ALGN,0.00030456071472619,99891.7
2019-12-17,ALGN,0.000305596869559085,100569.5
2019-12-18,ALGN,0.000300658261324965,98934.65
2019-12-19,ALGN,0.000297699694518875,98873.2
2019-12-20,ALGN,0.00029265574301786496,98906.6
2019-12-23,ALGN,0.00028654961964207505,100678.8
2019-12-24,ALGN,0.00028851327019045,100781.9
2019-12-26,ALGN,0.00028502787290022,96437.55
2019-12-27,ALGN,0.00028115510532985503,94655.75
2019-01-31,ALK,0.000373106540182995,222977.0
2019-02-01,ALK,0.000363139040014475,226440.0
2019-02-04,ALK,0.00035096528741574,219594.9
2019-02-05,ALK,0.000341052480835815,216954.15
2019-02-06,ALK,0.00033561383719005,214449.25
2019-02-07,ALK,0.000332343741626555,211729.15
2019-02-08,ALK,0.00033798282140952,219177.5
2019-02-11,ALK,0.00032718751138374996,212724.4
2019-02-12,ALK,0.00032190980030406,209910.0
2019-02-13,ALK,0.0003163569023892,204469.25
2019-02-14,ALK,0.00030893074213717,199638.1
2019-02-15,ALK,0.00030692688709582,197308.55
2019-02-19,ALK,0.000302299309593805,191664.8
2019-02-20,ALK,0.00030210867949018,196113.9
2019-02-21,ALK,0.00030099010511414,202643.9
2019-02-22,ALK,0.00030203203817097,201784.3
2019-02-25,ALK,0.00029654141670506,199241.95
2019-02-26,ALK,0.00027433377016731,181323.45
2019-02-27,ALK,0.00026411196228505,178402.2
2019-02-28,ALK,0.000266258380509035,176912.65
2019-03-01,ALK,0.00026421275457255,170226.5
2019-03-04,ALK,0.00026477313399384,172852.4
2019-03-05,ALK,0.00026488686850941005,173905.15
2019-03-06,ALK,0.00027315682027078,186815.65
2019-03-07,ALK,0.00027621514473539,196848.2
2019-03-08,ALK,0.00028453603577626,207669.2
2019-03-11,ALK,0.00028578439230436,210031.2
2019-03-12,ALK,0.000288521528086415,216244.7
2019-03-13,ALK,0.00029761960781127,230757.1
2019-03-14,ALK,0.000304000282201355,236875.9
2019-03-15,ALK,0.00031059119323388,242130.3
2019-03-18,ALK,0.00030940098831262503,243170.65
2019-03-19,ALK,0.0003093771993785,247542.3
2019-03-20,ALK,0.000306701483247325,240766.45
2019-03-21,ALK,0.00030730913915736,232973.4
2019-03-22,ALK,0.00030464252740870497,232019.35
2019-03-25,ALK,0.00030684642141166,229817.85
2019-03-26,ALK,0.00031005383187013497,231798.7
2019-03-27,ALK,0.000314084275717465,231472.65
2019-03-28,ALK,0.00031840314328781,233275.0
2019-03-29,ALK,0.00031772363189605,231712.55
2019-04-01,ALK,0.00031726959403151003,225996.45
2019-04-02,ALK,0.00031633697832547994,228955.15
2019-04-03,ALK,0.0003135007030964,217437.55
2019-04-04,ALK,0.00031269691671199494,215826.0
2019-04-05,ALK,0.000304257051434905,205608.6
2019-04-08,ALK,0.00030344735420443497,202540.2
2019-04-09,ALK,0.000300159096604315,197666.7
2019-04-10,ALK,0.00029120372815185497,182367.3
2019-04-11,ALK,0.000287587852063505,175071.65
2019-04-12,ALK,0.00028584145538181,176486.9
2019-04-15,ALK,0.00028903913686205,179399.2
2019-04-16,ALK,0.00029117603253060503,176306.55
2019-04-17,ALK,0.00028912884600036496,173488.4
2019-04-18,ALK,0.00028873517274827503,172834.8
2019-04-22,ALK,0.000288300351428055,171616.7
2019-04-23,ALK,0.000285580970866005,174947.65
2019-04-24,ALK,0.000284851936466205,172973.65
2019-04-25,ALK,0.000286875564857935,171452.15
2019-04-26,ALK,0.000290128411951085,172161.95
2019-04-29,ALK,0.000298462680933215,185195.45
2019-04-30,ALK,0.00029896894186735,185192.0
2019-05-01,ALK,0.00030249487393284,179411.85
2019-05-02,ALK,0.000298295432699595,176181.4
2019-05-03,ALK,0.00029620244459411003,169176.0
2019-05-06,ALK,0.000294190190852705,166770.55
2019-05-07,ALK,0.00029542394472725005,164185.0
2019-05-08,ALK,0.00029806660235825,163236.2
2019-05-09,ALK,0.00030018845294716996,162465.65
2019-05-10,ALK,0.00030189710519716,165294.6
2019-05-13,ALK,0.000300061381747845,160011.2
2019-05-14,ALK,0.00030255756216388,155414.55
2019-05-15,ALK,0.000302151075974155,154640.9
2019-05-16,ALK,0.00030717869245870503,153648.35
2019-05-17,ALK,0.000307054683017515,154955.35
2019-05-20,ALK,0.000308436301174675,152452.45
2019-05-21,ALK,0.000309705841193015,147164.55
2019-05-22,ALK,0.000306909735423155,145127.5
2019-05-23,ALK,0.00030314499538859,144968.4
2019-05-24,ALK,0.000296719979337835,140152.7
2019-05-28,ALK,0.00028575663764174,127821.35
2019-05-29,ALK,0.00028603761240497997,125215.55
2019-05-30,ALK,0.00028351835522113,125119.65
2019-05-31,ALK,0.00028447777681193,124189.95
2019-06-03,ALK,0.00028417492953684,123415.2
2019-06-04,ALK,0.000289399572920235,126280.1
2019-06-05,ALK,0.000291595285696485,129548.35
2019-06-06,ALK,0.000292531981585845,133059.95
2019-06-07,ALK,0.00029317256823452,133144.95
2019-06-10,ALK,0.000287482135918865,129201.7
2019-06-11,ALK,0.00028614086601137,127302.8
2019-06-12,ALK,0.000282677663552445,123914.2
2019-06-13,ALK,0.000281421447399605,122841.8
2019-06-14,ALK,0.000283368267384855,122422.1
2019-06-17,ALK,0.00028503517689860004,123969.2
2019-06-18,ALK,0.00028347197541832997,123622.85
2019-06-19,ALK,0.00028282348135563,121570.5
2019-06-20,ALK,0.00028393754885054,120298.6
2019-06-21,ALK,0.00028852559930789,127422.9
2019-06-24,ALK,0.0002873928347276,128583.2
2019-06-25,ALK,0.00028996124039674,127138.2
2019-06-26,ALK,0.000289395709952,126471.95
2019-06-27,ALK,0.00028821232797989003,122914.1
2019-06-28,ALK,0.00028800882626213,120952.75
2019-07-01,ALK,0.000288338520133005,122338.1
2019-07-02,ALK,0.000289405506934915,123224.25
2019-07-03,ALK,0.000287957725836185,121261.65
2019-07-05,ALK,0.00028272621431053,115283.1
2019-07-08,ALK,0.00027919097006991005,113800.8
2019-07-09,ALK,0.000280527802436755,112260.05
2019-07-10,ALK,0.00027786748255854504,112440.8
2019-07-11,ALK,0.00027722498996518997,115107.25
2019-07-12,ALK,0.000277582148268085,117774.3
2019-07-15,ALK,0.00027328793188724997,118747.1
2019-07-16,ALK,0.000272405195795125,116678.8
2019-07-17,ALK,0.00027436313819326,121120.9
2019-07-18,ALK,0.00027382916552078,124198.55
2019-07-19,ALK,0.000274356714808035,124578.2
2019-07-22,ALK,0.00026907221620532,117275.0
2019-07-23,ALK,0.00026745946460165,118290.0
2019-07-24,ALK,0.00026661279956616,122030.05
2019-07-25,ALK,0.00026551844419055,123510.25
2019-07-26,ALK,0.00026864113509839,132711.6
2019-07-29,ALK,0.00027366095521919,139221.7
2019-07-30,ALK,0.00027638133963888,140993.6
2019-07-31,ALK,0.00027064996325092,139921.85
2019-08-01,ALK,0.000270844830683815,143051.3
2019-08-02,ALK,0.000275594706529585,148077.9
2019-08-05,ALK,0.00027991376688955497,151283.0
2019-08-06,ALK,0.000283816498703685,153983.45
2019-08-07,ALK,0.000288403799422145,155468.9
2019-08-08,ALK,0.000291297672950205,154637.7
2019-08-09,ALK,0.00029210490784795,152886.75
2019-08-12,ALK,0.00029461847391193,153824.4
2019-08-13,ALK,0.00029519425033988996,154241.0
2019-08-14,ALK,0.000298888551738395,154390.3
2019-08-15,ALK,0.00031037950348232,155593.2
2019-08-16,ALK,0.000315180487345635,156528.05
2019-08-19,ALK,0.00031795136705602,157503.5
2019-08-20,ALK,0.00031607741930591,152651.75
2019-08-21,ALK,0.00031695190278773,149604.85
2019-08-22,ALK,0.00031749181711856,148501.25
2019-08-23,ALK,0.00031324413839369,141654.0
2019-08-26,ALK,0.00031354028750191,137859.8
2019-08-27,ALK,0.00031383131465579,134294.6
2019-08-28,ALK,0.000315242205153975,135674.75
2019-08-29,ALK,0.00031241626296218,131464.35
2019-08-30,ALK,0.00031123822583859503,128912.3
2019-09-03,ALK,0.00030759241011107496,127855.1
2019-09-04,ALK,0.00030660660788818,126522.15
2019-09-05,ALK,0.00030736856598436,127211.25
2019-09-06,ALK,0.0003071998741951,127341.45
2019-09-09,ALK,0.00030758272802816497,127750.55
2019-09-10,ALK,0.000309361776638555,126180.5
2019-09-11,ALK,0.000312383115052445,122807.45
2019-09-12,ALK,0.000310731051236935,117434.55
2019-09-13,ALK,0.000301913286326035,113888.7
2019-09-16,ALK,0.000299287668062315,111971.95
2019-09-17,ALK,0.00030394477826087003,111130.15
2019-09-18,ALK,0.000310158358400505,109638.8
2019-09-19,ALK,0.00031132036790302,106138.95
2019-09-20,ALK,0.000312153982495645,102643.95
2019-09-23,ALK,0.00031520175733945,101240.05
2019-09-24,ALK,0.00030980647258734,99240.05
2019-09-25,ALK,0.000309606721998715,97177.55
2019-09-26,ALK,0.00031228527254145,91518.55
2019-09-27,ALK,0.000312141422048285,89666.15
2019-09-30,ALK,0.00031170645132912,87462.5
2019-10-01,ALK,0.00031194770780293,86191.75
2019-10-02,ALK,0.00031195240066949996,83369.7
2019-10-03,ALK,0.00031455292668021,81789.9
2019-10-04,ALK,0.000315485658154795,81863.65
2019-10-07,ALK,0.00031620146678389003,79593.35
2019-10-08,ALK,0.00031209060345579,77026.25
2019-10-09,ALK,0.000311898979024125,76621.5
2019-10-10,ALK,0.000313153336745665,75405.5
2019-10-11,ALK,0.000317061552673715,73441.1
2019-10-14,ALK,0.000323992057628915,76148.4
2019-10-15,ALK,0.00031829653950046,73100.2
2019-10-16,ALK,0.00031445763482499994,74933.85
2019-10-17,ALK,0.00031453632868929,76388.35
2019-10-18,ALK,0.00031436232540116,76452.6
2019-10-21,ALK,0.000312234789361445,75786.5
2019-10-22,ALK,0.000313115802017465,77803.2
2019-10-23,ALK,0.000311501697682695,80075.25
2019-10-24,ALK,0.00030717313602944,80734.7
2019-10-25,ALK,0.000310354360130905,84269.5
2019-10-28,ALK,0.000318667908309355,88307.35
2019-10-29,ALK,0.000323129139444705,89571.75
2019-10-30,ALK,0.00031895674748474,89068.8
2019-10-31,ALK,0.00031080128738061993,87329.4
2019-11-01,ALK,0.00030786620432114,85194.8
2019-11-04,ALK,0.00030419386884495,85269.3
2019-11-05,ALK,0.00030338793743981497,85971.65
2019-11-06,ALK,0.000296887866350715,85029.95
2019-11-07,ALK,0.000293433455051455,85070.25
2019-11-08,ALK,0.00028643483310184,84652.4
2019-11-11,ALK,0.0002774628188535,81706.5
2019-11-12,ALK,0.00027885949176304495,81834.35
2019-11-13,ALK,0.000277600825959755,80607.35
2019-11-14,ALK,0.00027620426687936003,79037.8
2019-11-15,ALK,0.00027415006254877,78891.3
2019-11-18,ALK,0.00027048809344283,77671.45
2019-11-19,ALK,0.000265200602540065,73387.85
2019-11-20,ALK,0.00026547485382351496,71256.75
2019-11-21,ALK,0.00026846354656286,72599.3
2019-11-22,ALK,0.0002660130209,69027.8
2019-11-25,ALK,0.000256231547861855,64002.0
2019-11-26,ALK,0.00024993117890844996,61225.3
2019-11-27,ALK,0.00024921427987563,60449.65
2019-11-29,ALK,0.000251716818388835,58927.35
2019-12-02,ALK,0.00024437511707325,56466.2
2019-12-03,ALK,0.00024568986257863,59077.1
2019-12-04,ALK,0.00024813990546691497,59765.65
2019-12-05,ALK,0.00024664145888206,60228.0
2019-12-06,ALK,0.000244124797751705,60422.35
2019-12-09,ALK,0.00024204068045125497,62468.8
2019-12-10,ALK,0.00023797177917206998,63025.95
2019-12-11,ALK,0.000234457568419545,63455.4
2019-12-12,ALK,0.00023356174121818996,63846.0
2019-12-13,ALK,0.000233653427510855,68754.2
2019-12-16,ALK,0.00023528380373003004,72442.45
2019-12-17,ALK,0.00023615866648192497,75353.45
2019-12-18,ALK,0.00023671013349914,80935.85
2019-12-19,ALK,0.000233143454371445,83967.7
2019-12-20,ALK,0.00022649234090070503,84377.0
2019-12-23,ALK,0.00022267162492216997,85924.5
2019-12-24,ALK,0.00021841190241464998,88327.0
2019-12-26,ALK,0.00021656131555031,87108.1
2019-12-27,ALK,0.00021437388453051002,88421.35
2019-01-31,ALL,0.000231359311441115,251118.25
2019-02-01,ALL,0.00022499735049763997,247833.85
2019-02-04,ALL,0.000218640268355755,245797.9
2019-02-05,ALL,0.00021065294307426,242672.25
2019-02-06,ALL,0.00020402536337069504,243026.85
2019-02-07,ALL,0.000208341115241915,249791.3
2019-02-08,ALL,0.00021698017273130503,267813.9
2019-02-11,ALL,0.000216416656997355,272904.1
2019-02-12,ALL,0.00021631349356723002,272175.85
2019-02-13,ALL,0.00021546430450244497,272812.25
2019-02-14,ALL,0.000215467087465615,265319.0
2019-02-15,ALL,0.00021663127472816,261742.6
2019-02-19,ALL,0.00021456356807145004,250663.65
2019-02-20,ALL,0.000211304899596015,241946.35
2019-02-21,ALL,0.00020857824369078,234243.3
2019-02-22,ALL,0.00020485016199973,232071.1
2019-02-25,ALL,0.0002016435703263,226416.45
2019-02-26,ALL,0.00019837583166726,223350.75
2019-02-27,ALL,0.000196494040513635,225516.8
2019-02-28,ALL,0.00019453069497503498,223070.15
2019-03-01,ALL,0.00019010765334024,224477.05
2019-03-04,ALL,0.000189349884821325,228302.5
2019-03-05,ALL,0.00018767070045057002,230206.6
2019-03-06,ALL,0.00018899195304515002,232082.45
2019-03-07,ALL,0.00018965505169481499,227964.95
2019-03-08,ALL,0.000180474247908045,215586.85
2019-03-11,ALL,0.000175774154618685,205553.5
2019-03-12,ALL,0.000172092682999995,202309.5
2019-03-13,ALL,0.000169878292133125,206415.95
2019-03-14,ALL,0.00017118094020416498,206901.6
2019-03-15,ALL,0.000167440105437925,209909.7
2019-03-18,ALL,0.000164414263358275,208977.6
2019-03-19,ALL,0.00016191428607461,212033.75
2019-03-20,ALL,0.000162142995379315,212433.1
2019-03-21,ALL,0.00016382815129489502,212173.55
2019-03-22,ALL,0.00016524925188979,216953.6
2019-03-25,ALL,0.000169843578677185,219559.7
2019-03-26,ALL,0.00017387601063681502,220657.9
2019-03-27,ALL,0.00017610893673613,217351.8
2019-03-28,ALL,0.00017661765139405,216528.5
2019-03-29,ALL,0.000178501958435915,211626.75
2019-04-01,ALL,0.00017801733299733998,210508.7
2019-04-02,ALL,0.00017672468109434998,209389.15
2019-04-03,ALL,0.000176298951216235,207228.9
2019-04-04,ALL,0.000177453842336115,207804.35
2019-04-05,ALL,0.000176148876850495,204038.65
2019-04-08,ALL,0.00017437573794102501,202359.0
2019-04-09,ALL,0.00018015067004979,199644.3
2019-04-10,ALL,0.00017981672940414,191488.85
2019-04-11,ALL,0.000177945854197785,181922.2
2019-04-12,ALL,0.000179182020322795,176198.45
2019-04-15,ALL,0.00017926471648019502,172757.75
2019-04-16,ALL,0.000178753655197915,167734.6
2019-04-17,ALL,0.00017877307025688,167014.35
2019-04-18,ALL,0.00017759879927681,165388.45
2019-04-22,ALL,0.00017689702672209,163961.05
2019-04-23,ALL,0.000172501147763025,163770.05
2019-04-24,ALL,0.00017144912641285003,163825.0
2019-04-25,ALL,0.00016966063042152003,162113.6
2019-04-26,ALL,0.00016964275578435,159049.5
2019-04-29,ALL,0.000169397872303825,159797.6
2019-04-30,ALL,0.00016867717488300502,157247.8
2019-05-01,ALL,0.00016796588628337501,153976.15
2019-05-02,ALL,0.00016975062293049498,160523.75
2019-05-03,ALL,0.000175691799324165,163974.1
2019-05-06,ALL,0.00017669223828085,166728.3
2019-05-07,ALL,0.00017874049427506498,168936.1
2019-05-08,ALL,0.00017778131965227,169935.45
2019-05-09,ALL,0.000180560330001185,175741.65
2019-05-10,ALL,0.00018614054032012502,183285.0
2019-05-13,ALL,0.000189236811021775,189781.25
2019-05-14,ALL,0.000193079755265425,191080.95
2019-05-15,ALL,0.00019647806756856499,197225.05
2019-05-16,ALL,0.000202401370465665,199135.35
2019-05-17,ALL,0.00020341669336375003,201117.9
2019-05-20,ALL,0.00020459829993718501,199579.3
2019-05-21,ALL,0.000205980874774455,198375.75
2019-05-22,ALL,0.00020439543312302002,197594.4
2019-05-23,ALL,0.00020436471028375,198274.5
2019-05-24,ALL,0.00020477954726287498,201105.95
2019-05-28,ALL,0.00020346987109794,200952.05
2019-05-29,ALL,0.000203558109871085,200852.2
2019-05-30,ALL,0.00020636397456297501,207838.5
2019-05-31,ALL,0.00020513982381204003,202573.7
2019-06-03,ALL,0.00019923463429716501,196220.35
2019-06-04,ALL,0.00020208377957508,195324.15
2019-06-05,ALL,0.00020409498609216502,193535.8
2019-06-06,ALL,0.00020178072370424498,192586.9
2019-06-07,ALL,0.00019879873270041998,186604.5
2019-06-10,ALL,0.00019580126285042502,182323.3
2019-06-11,ALL,0.00019441530469758002,175099.65
2019-06-12,ALL,0.00019037462979873,175221.3
2019-06-13,ALL,0.00018895499762531498,170272.15
2019-06-14,ALL,0.0001823895112239,168994.95
2019-06-17,ALL,0.00017940074888745,169558.35
2019-06-18,ALL,0.000176882651752825,165465.9
2019-06-19,ALL,0.00017741616873211,166461.1
2019-06-20,ALL,0.00017957850579959498,165710.4
2019-06-21,ALL,0.00018095142168067,172103.35
2019-06-24,ALL,0.00018075826449753,173820.6
2019-06-25,ALL,0.000184032137268805,173303.9
2019-06-26,ALL,0.00018507389613107002,175696.15
2019-06-27,ALL,0.00018313580100614999,170905.4
2019-06-28,ALL,0.000182658501610855,165869.45
2019-07-01,ALL,0.000181715264525495,166130.25
2019-07-02,ALL,0.000178108109870325,164361.15
2019-07-03,ALL,0.00017594763330796,163956.55
2019-07-05,ALL,0.000174452955179145,161779.5
2019-07-08,ALL,0.00017540763102298,163320.1
2019-07-09,ALL,0.000171396065389275,163498.25
2019-07-10,ALL,0.0001695111186133,167026.4
2019-07-11,ALL,0.00016906800013445,165783.25
2019-07-12,ALL,0.000168420201681945,171224.05
2019-07-15,ALL,0.00016774525933430502,169544.7
2019-07-16,ALL,0.000167509997651215,166789.85
2019-07-17,ALL,0.00016650949828262,168469.75
2019-07-18,ALL,0.00016617864211506,171639.4
2019-07-19,ALL,0.000165357625737005,172772.8
2019-07-22,ALL,0.00016339753278957,166874.55
2019-07-23,ALL,0.000162678346142005,163466.6
2019-07-24,ALL,0.000161258138055985,164646.8
2019-07-25,ALL,0.000160188028303755,160541.65
2019-07-26,ALL,0.00016120439046692,158591.2
2019-07-29,ALL,0.00015981680286418,159226.55
2019-07-30,ALL,0.00015874837717217,160127.1
2019-07-31,ALL,0.00015830177574,162249.55
2019-08-01,ALL,0.00018062728611493002,173957.35
2019-08-02,ALL,0.00019269215834995002,179600.95
2019-08-05,ALL,0.00019509112747995,184746.9
2019-08-06,ALL,0.00020084836101207998,186078.9
2019-08-07,ALL,0.00020548239109316498,187875.15
2019-08-08,ALL,0.000213021295620035,191035.15
2019-08-09,ALL,0.00021665938235526996,187762.6
2019-08-12,ALL,0.00022037619305455004,196797.3
2019-08-13,ALL,0.00022404581506745998,197474.55
2019-08-14,ALL,0.00023180952149325497,200483.8
2019-08-15,ALL,0.00023727202131974497,199026.65
2019-08-16,ALL,0.000242294339519875,195558.1
2019-08-19,ALL,0.00024417144266855996,192105.8
2019-08-20,ALL,0.00024292226465058496,191859.55
2019-08-21,ALL,0.00024390298540692,190623.2
2019-08-22,ALL,0.00024384079572949,189229.2
2019-08-23,ALL,0.000243414373156955,190215.1
2019-08-26,ALL,0.000251320049078995,194222.05
2019-08-27,ALL,0.000254085987549845,192707.4
2019-08-28,ALL,0.00025616193654079,191292.75
2019-08-29,ALL,0.00023524945621325,183751.35
2019-08-30,ALL,0.00022600583844545498,179096.05
2019-09-03,ALL,0.00022457203994667501,175399.65
2019-09-04,ALL,0.00022352131863677505,172339.4
2019-09-05,ALL,0.00021802228943441004,168450.5
2019-09-06,ALL,0.000213760324515595,166144.1
2019-09-09,ALL,0.00021023981099972002,164020.35
2019-09-10,ALL,0.00020705976075605998,155283.2
2019-09-11,ALL,0.00020872990898987,157116.05
2019-09-12,ALL,0.00020490373260593502,157186.3
2019-09-13,ALL,0.000203442628402445,156238.0
2019-09-16,ALL,0.00020442940014602502,157062.6
2019-09-17,ALL,0.000204006948664215,156131.7
2019-09-18,ALL,0.00020785904082427,158488.6
2019-09-19,ALL,0.00021134427628386002,158915.1
2019-09-20,ALL,0.00021304950588425502,161044.75
2019-09-23,ALL,0.00021367283384883,157795.5
2019-09-24,ALL,0.00020656006434672,153534.3
2019-09-25,ALL,0.00020748347990337998,156476.75
2019-09-26,ALL,0.000206408564769375,161054.35
2019-09-27,ALL,0.00020691331440821501,156037.9
2019-09-30,ALL,0.00020670513990512504,156947.3
2019-10-01,ALL,0.00020513091961665,154949.6
2019-10-02,ALL,0.000205607571873885,157525.6
2019-10-03,ALL,0.00020979318421076999,157598.4
2019-10-04,ALL,0.00021133666605790998,155547.7
2019-10-07,ALL,0.00021508171246816503,156029.55
2019-10-08,ALL,0.000218620369013525,154485.3
2019-10-09,ALL,0.00022009746841391499,155293.0
2019-10-10,ALL,0.00021923113663150002,149972.9
2019-10-11,ALL,0.00021754994993947998,148703.45
2019-10-14,ALL,0.00021780744617279002,150597.0
2019-10-15,ALL,0.00021850504870801497,153153.8
2019-10-16,ALL,0.000216245510488565,151681.6
2019-10-17,ALL,0.00021373391570535003,151399.3
2019-10-18,ALL,0.000212880481819565,149071.3
2019-10-21,ALL,0.00021247676952074998,152508.5
2019-10-22,ALL,0.00021263712159915498,154350.75
2019-10-23,ALL,0.00021453497036688502,151957.9
2019-10-24,ALL,0.00021449001592849497,144443.55
2019-10-25,ALL,0.00021139731101429003,141731.6
2019-10-28,ALL,0.00021268221017174002,140974.45
2019-10-29,ALL,0.00021348974799307,143673.9
2019-10-30,ALL,0.00021306050302677998,147480.6
2019-10-31,ALL,0.00021934002065413503,149135.85
2019-11-01,ALL,0.000219247497011695,148613.2
2019-11-04,ALL,0.00021785815147783,150480.3
2019-11-05,ALL,0.00021624259247990003,151952.7
2019-11-06,ALL,0.00021331718956604998,150188.3
2019-11-07,ALL,0.00021521679514320498,150841.7
2019-11-08,ALL,0.00021508654878766502,152143.35
2019-11-11,ALL,0.000209499262532785,148799.5
2019-11-12,ALL,0.00020691627290284,147850.35
2019-11-13,ALL,0.00020907053315016,151607.3
2019-11-14,ALL,0.000208728841479195,152070.05
2019-11-15,ALL,0.000209037522931635,151566.45
2019-11-18,ALL,0.00020774058407828502,149238.6
2019-11-19,ALL,0.00020829098749017999,147139.55
2019-11-20,ALL,0.00020497471430735,144619.1
2019-11-21,ALL,0.00020694137194561,146880.7
2019-11-22,ALL,0.00020885472661143,151763.05
2019-11-25,ALL,0.00020600680882631997,149454.0
2019-11-26,ALL,0.00020472783772031497,145284.2
2019-11-27,ALL,0.00020085315447692,141812.6
2019-11-29,ALL,0.000191089250645655,139290.55
2019-12-02,ALL,0.00018768447577064,136348.15
2019-12-03,ALL,0.000187613992045215,133030.75
2019-12-04,ALL,0.000187906389709175,132329.3
2019-12-05,ALL,0.000185683612444475,129079.05
2019-12-06,ALL,0.00018341287817674498,137886.55
2019-12-09,ALL,0.000183482748186375,134890.0
2019-12-10,ALL,0.000181800831676415,134875.15
2019-12-11,ALL,0.00018098755854252998,133219.3
2019-12-12,ALL,0.00017820080435636498,130078.6
2019-12-13,ALL,0.000178444229700725,129388.6
2019-12-16,ALL,0.00017942752693046,130938.6
2019-12-17,ALL,0.00018040463441298,131598.55
2019-12-18,ALL,0.000181219135014735,135252.75
2019-12-19,ALL,0.000179586379876375,136108.3
2019-12-20,ALL,0.00017608550536259,143118.5
2019-12-23,ALL,0.00017619671368274,142550.05
2019-12-24,ALL,0.00017587261409257002,145421.45
2019-12-26,ALL,0.00017473513056174002,142053.4
2019-12-27,ALL,0.00017400313502891502,135752.9
2019-01-31,ALLE,0.000360032000508944,73014.15
2019-02-01,ALLE,0.00035450564283940895,70576.55
2019-02-04,ALLE,0.000347531741237354,70316.25
2019-02-05,ALLE,0.000335145711484239,67348.45
2019-02-06,ALLE,0.00032519672555788394,68900.95
2019-02-07,ALLE,0.00031508231914608895,69013.55
2019-02-08,ALLE,0.00032413574665075,73500.95
2019-02-11,ALLE,0.00031119411873540496,73021.35
2019-02-12,ALLE,0.00030517627700299,73819.05
2019-02-13,ALLE,0.000301915524312255,74105.45
2019-02-14,ALLE,0.00030068727945639997,74037.5
2019-02-15,ALLE,0.00030110241286091,75886.5
2019-02-19,ALLE,0.000295143271080665,82928.65
2019-02-20,ALLE,0.00030678605586996,90675.25
2019-02-21,ALLE,0.00030790457503347,93592.35
2019-02-22,ALLE,0.00030808987669466,95728.05
2019-02-25,ALLE,0.000303420965090615,98360.35
2019-02-26,ALLE,0.0002987608381505,98337.05
2019-02-27,ALLE,0.000286992189918125,98403.05
2019-02-28,ALLE,0.00028261020390461496,98852.15
2019-03-01,ALLE,0.0002751233682733,99628.4
2019-03-04,ALLE,0.00026605840908153,99690.3
2019-03-05,ALLE,0.00025863871976705997,98630.9
2019-03-06,ALLE,0.00025719949177431,100832.85
2019-03-07,ALLE,0.00025481074290911,100212.6
2019-03-08,ALLE,0.00025396433249453003,101186.2
2019-03-11,ALLE,0.00025095105206062,98930.0
2019-03-12,ALLE,0.00024961619036259,95748.0
2019-03-13,ALLE,0.00024778127528082004,95848.9
2019-03-14,ALLE,0.000249223828306865,96350.6
2019-03-15,ALLE,0.00024304612125261002,97281.0
2019-03-18,ALLE,0.00023904034592194,95789.3
2019-03-19,ALLE,0.000235414478903585,89750.55
2019-03-20,ALLE,0.000215841582695075,82520.65
2019-03-21,ALLE,0.00021648807803885997,81299.15
2019-03-22,ALLE,0.00021503437077375503,77580.7
2019-03-25,ALLE,0.000218412098497925,76773.65
2019-03-26,ALLE,0.00021858161351241,75685.35
2019-03-27,ALLE,0.00021967665680669,75155.3
2019-03-28,ALLE,0.00022615544880511,74360.0
2019-03-29,ALLE,0.00022311640606672997,76499.75
2019-04-01,ALLE,0.00022116426941594004,76041.3
2019-04-02,ALLE,0.00022259440710616503,76467.5
2019-04-03,ALLE,0.00022427449988956998,76527.45
2019-04-04,ALLE,0.000227848694838225,75508.6
2019-04-05,ALLE,0.00022614498521556498,73442.95
2019-04-08,ALLE,0.000225602099297195,74834.6
2019-04-09,ALLE,0.00022625578317031,75213.05
2019-04-10,ALLE,0.000226785243356665,74163.45
2019-04-11,ALLE,0.00022837043531953,73700.85
2019-04-12,ALLE,0.00023031556627045499,72212.95
2019-04-15,ALLE,0.00023274618663080498,69978.55
2019-04-16,ALLE,0.00023303721157366003,68533.05
2019-04-17,ALLE,0.00023102738054483503,69154.9
2019-04-18,ALLE,0.00022583263382543002,68008.95
2019-04-22,ALLE,0.000228586703608995,70873.65
2019-04-23,ALLE,0.000227574530362615,69183.55
2019-04-24,ALLE,0.00022807770026717498,70420.95
2019-04-25,ALLE,0.000225658515675085,72405.95
2019-04-26,ALLE,0.00023533512226306998,78737.65
2019-04-29,ALLE,0.00023964046904680503,76601.35
2019-04-30,ALLE,0.000239092523583495,77254.35
2019-05-01,ALLE,0.00023638646857578998,76154.35
2019-05-02,ALLE,0.00023451735056779,76823.15
2019-05-03,ALLE,0.00023127119183018004,77978.95
2019-05-06,ALLE,0.00023164921109649502,80857.4
2019-05-07,ALLE,0.00023550277540985501,82427.95
2019-05-08,ALLE,0.000240590956951935,89505.25
2019-05-09,ALLE,0.0002453316387045,92883.9
2019-05-10,ALLE,0.00024581947110417,94962.1
2019-05-13,ALLE,0.000248279944959245,98823.45
2019-05-14,ALLE,0.000253693563025145,105524.0
2019-05-15,ALLE,0.00025472604184852,108220.25
2019-05-16,ALLE,0.000258953257939255,112836.75
2019-05-17,ALLE,0.00026083302069957,116437.5
2019-05-20,ALLE,0.000259818598224235,117679.95
2019-05-21,ALLE,0.000258148137485715,121525.7
2019-05-22,ALLE,0.00025599520896126004,121958.1
2019-05-23,ALLE,0.000258807275647265,122940.9
2019-05-24,ALLE,0.00024482388822585503,120435.75
2019-05-28,ALLE,0.0002399028958176,123136.25
2019-05-29,ALLE,0.00024447904141016,123288.3
2019-05-30,ALLE,0.00024615806908684,125440.35
2019-05-31,ALLE,0.00024414344235873503,123095.25
2019-06-03,ALLE,0.00025409047903452,127538.2
2019-06-04,ALLE,0.00025602181795178497,127112.45
2019-06-05,ALLE,0.00025845004381451,132195.65
2019-06-06,ALLE,0.00025579914781107,127621.75
2019-06-07,ALLE,0.00025142223063148,125625.75
2019-06-10,ALLE,0.00024772600757086004,121887.15
2019-06-11,ALLE,0.00024362088538033502,118497.1
2019-06-12,ALLE,0.00023720147475324,114055.35
2019-06-13,ALLE,0.00023435623125884,111987.8
2019-06-14,ALLE,0.00023204929962040502,106423.45
2019-06-17,ALLE,0.00023086431177017,103048.35
2019-06-18,ALLE,0.0002312626279618,103312.7
2019-06-19,ALLE,0.000233182580489575,99656.95
2019-06-20,ALLE,0.00023317340493950498,98232.65
2019-06-21,ALLE,0.00023284259774245002,96004.4
2019-06-24,ALLE,0.00022841311929448497,91636.25
2019-06-25,ALLE,0.00022901642889583,87062.85
2019-06-26,ALLE,0.00022666284720308,85835.85
2019-06-27,ALLE,0.0002257828695406,83110.0
2019-06-28,ALLE,0.000226600551660995,81596.65
2019-07-01,ALLE,0.000214658894768445,76706.4
2019-07-02,ALLE,0.00021244452084168003,76345.15
2019-07-03,ALLE,0.00020817179395033,71430.1
2019-07-05,ALLE,0.000203158386179155,69843.3
2019-07-08,ALLE,0.00020141970151612,69201.95
2019-07-09,ALLE,0.00020362994248902501,69948.0
2019-07-10,ALLE,0.00020352234470603502,70484.6
2019-07-11,ALLE,0.00020346934750130997,70242.9
2019-07-12,ALLE,0.00020355418462980997,69715.0
2019-07-15,ALLE,0.000204960390741895,67997.7
2019-07-16,ALLE,0.000203333241943275,65566.05
2019-07-17,ALLE,0.00019947857752355,63109.95
2019-07-18,ALLE,0.00019783207205057002,64621.8
2019-07-19,ALLE,0.00019680027972061002,67237.9
2019-07-22,ALLE,0.000195272688289315,67936.3
2019-07-23,ALLE,0.00019923121206736,70669.85
2019-07-24,ALLE,0.00020042000027622,71513.35
2019-07-25,ALLE,0.000198383586318985,75630.05
2019-07-26,ALLE,0.00022023971884645,84343.25
2019-07-29,ALLE,0.00022456827393754,89165.8
2019-07-30,ALLE,0.00022571753748186,90036.55
2019-07-31,ALLE,0.00022537335474503002,92376.05
2019-08-01,ALLE,0.00022858251619487,95711.05
2019-08-02,ALLE,0.000238121942240055,100583.4
2019-08-05,ALLE,0.00024760767576255497,102392.3
2019-08-06,ALLE,0.00025569561944732,104905.65
2019-08-07,ALLE,0.000262533735280495,106338.25
2019-08-08,ALLE,0.00027045093997082,106121.35
2019-08-09,ALLE,0.000274659664457615,108727.1
2019-08-12,ALLE,0.00027918454197413997,111889.25
2019-08-13,ALLE,0.000284976380405995,115245.9
2019-08-14,ALLE,0.00029079591529146,118442.95
2019-08-15,ALLE,0.00029642732597386,120212.5
2019-08-16,ALLE,0.00030666011211580004,123399.95
2019-08-19,ALLE,0.00030941570148829,126538.0
2019-08-20,ALLE,0.00030797518978512,126325.15
2019-08-21,ALLE,0.000307443882738035,129504.0
2019-08-22,ALLE,0.000307609959561055,125293.2
2019-08-23,ALLE,0.00028636401330037,117994.65
2019-08-26,ALLE,0.00028902510857494997,114981.2
2019-08-27,ALLE,0.000289927596196685,113087.95
2019-08-28,ALLE,0.00029028546394717,108437.65
2019-08-29,ALLE,0.000286838791879335,102497.7
2019-08-30,ALLE,0.000280896740187295,97374.7
2019-09-03,ALLE,0.00027582990899085503,95687.1
2019-09-04,ALLE,0.00027052424636827,95518.7
2019-09-05,ALLE,0.00026682615083091,95842.65
2019-09-06,ALLE,0.000260693524838045,97123.6
2019-09-09,ALLE,0.000259017587305255,96468.75
2019-09-10,ALLE,0.00025431739349737,94423.7
2019-09-11,ALLE,0.00025579383094847,93090.45
2019-09-12,ALLE,0.000251697852072355,88760.5
2019-09-13,ALLE,0.00024707955341164505,84948.85
2019-09-16,ALLE,0.00024299272449468,81843.95
2019-09-17,ALLE,0.00024302474124831002,78475.9
2019-09-18,ALLE,0.00024567854739265,79126.15
2019-09-19,ALLE,0.00025007940334889503,74711.45
2019-09-20,ALLE,0.00025198235938525,74586.0
2019-09-23,ALLE,0.00025471113402667997,73122.75
2019-09-24,ALLE,0.000249657133635995,72139.95
2019-09-25,ALLE,0.000252621796871555,72688.25
2019-09-26,ALLE,0.00025264159762201997,72611.95
2019-09-27,ALLE,0.00025521167977092995,73100.85
2019-09-30,ALLE,0.000257759015621665,71574.75
2019-10-01,ALLE,0.00025701798685159996,72020.75
2019-10-02,ALLE,0.00025584842866503,70795.95
2019-10-03,ALLE,0.00025925368773737506,68350.85
2019-10-04,ALLE,0.00026265996578227,66997.5
2019-10-07,ALLE,0.000267657584965745,66784.05
2019-10-08,ALLE,0.00026951062476643004,65273.3
2019-10-09,ALLE,0.000271872503320595,67375.0
2019-10-10,ALLE,0.00027830208073091503,68101.55
2019-10-11,ALLE,0.00028012785805630995,70617.05
2019-10-14,ALLE,0.00028071854699289,69489.05
2019-10-15,ALLE,0.00027811217426193,69180.4
2019-10-16,ALLE,0.000277982635725325,70539.4
2019-10-17,ALLE,0.00028042524474099,71823.05
2019-10-18,ALLE,0.00028010929232766,72633.05
2019-10-21,ALLE,0.000278297779103025,74506.9
2019-10-22,ALLE,0.00028084828055862,75495.55
2019-10-23,ALLE,0.00027738525864905,76970.9
2019-10-24,ALLE,0.00027818179218984,79433.4
2019-10-25,ALLE,0.000308316710233025,86571.55
2019-10-28,ALLE,0.00031447994172545,90861.0
2019-10-29,ALLE,0.000316402948786065,92748.15
2019-10-30,ALLE,0.00031876874682645,95096.65
2019-10-31,ALLE,0.000318159639299185,96304.5
2019-11-01,ALLE,0.00031450914627046496,96124.35
2019-11-04,ALLE,0.00031262495839799503,95537.3
2019-11-05,ALLE,0.00030917641600863,96457.7
2019-11-06,ALLE,0.000303608286360365,93971.4
2019-11-07,ALLE,0.00029669664299996994,94552.4
2019-11-08,ALLE,0.000293282570280065,93380.65
2019-11-11,ALLE,0.00028845301280519,93707.9
2019-11-12,ALLE,0.00028776675606004504,92664.2
2019-11-13,ALLE,0.00028732439390662497,89575.4
2019-11-14,ALLE,0.00028270327988688497,90248.65
2019-11-15,ALLE,0.00028155655806182,88416.4
2019-11-18,ALLE,0.000280607471930705,87607.25
2019-11-19,ALLE,0.00027662265732672,86259.3
2019-11-20,ALLE,0.00027544107813495,84432.75
2019-11-21,ALLE,0.0002779682775856,82524.95
2019-11-22,ALLE,0.000251430685847855,77304.9
2019-11-25,ALLE,0.00024362808842598,76194.65
2019-11-26,ALLE,0.000241788960445445,74369.65
2019-11-27,ALLE,0.000235951455686755,71054.85
2019-11-29,ALLE,0.00023145538417995503,70382.95
2019-12-02,ALLE,0.00022748624180980002,69183.4
2019-12-03,ALLE,0.000225007997368595,68131.65
2019-12-04,ALLE,0.00022669874837805002,67079.0
2019-12-05,ALLE,0.00022634607544555499,66662.55
2019-12-06,ALLE,0.00022284227037406,65205.4
2019-12-09,ALLE,0.00022437619407543498,62967.2
2019-12-10,ALLE,0.00022156641474312,60439.8
2019-12-11,ALLE,0.00022347095014574997,60722.55
2019-12-12,ALLE,0.00021825993688522999,60059.7
2019-12-13,ALLE,0.00021760641481554502,60631.05
2019-12-16,ALLE,0.00021843164821744,62767.3
2019-12-17,ALLE,0.00021695786010818497,64283.1
2019-12-18,ALLE,0.00021631410450102004,65696.15
2019-12-19,ALLE,0.00021680363854096997,65244.9
2019-12-20,ALLE,0.000212823388315925,63699.2
2019-12-23,ALLE,0.00020788625760908,60589.75
2019-12-24,ALLE,0.00020735952964745,58646.2
2019-12-26,ALLE,0.00020366382400733,56060.8
2019-12-27,ALLE,0.00020194362815088997,53571.5
2019-01-31,ALXN,0.00043530575265734995,279426.25
2019-02-01,ALXN,0.00042457840161782493,280234.8
2019-02-04,ALXN,0.000406253209886595,275730.85
2019-02-05,ALXN,0.00040777631433049,276701.8
2019-02-06,ALXN,0.000398520287632515,273475.85
2019-02-07,ALXN,0.00039393827540458,274218.05
2019-02-08,ALXN,0.000403053900676875,286380.75
2019-02-11,ALXN,0.00040341745623599006,283112.3
2019-02-12,ALXN,0.00039809141902668,283019.0
2019-02-13,ALXN,0.000393495115173395,284296.6
2019-02-14,ALXN,0.00038756437953638503,280263.35
2019-02-15,ALXN,0.00038147533491881,275719.6
2019-02-19,ALXN,0.00037532905924547,272185.65
2019-02-20,ALXN,0.00036240754831062,263589.6
2019-02-21,ALXN,0.00035267088777659,257391.0
2019-02-22,ALXN,0.000344277050169165,251879.75
2019-02-25,ALXN,0.00034135659146801,246314.3
2019-02-26,ALXN,0.000339101286151425,246004.65
2019-02-27,ALXN,0.00032763406315076,235768.2
2019-02-28,ALXN,0.00032307188120181,236810.5
2019-03-01,ALXN,0.00031922328008518496,238852.95
2019-03-04,ALXN,0.00031615213899224,239422.7
2019-03-05,ALXN,0.00031360486025662504,237592.8
2019-03-06,ALXN,0.00029869159841026,227997.5
2019-03-07,ALXN,0.000298722856742675,228949.2
2019-03-08,ALXN,0.00030109206482076495,231019.35
2019-03-11,ALXN,0.000301823072286865,227014.9
2019-03-12,ALXN,0.0002969914092252,230011.1
2019-03-13,ALXN,0.00029424766142947996,237133.8
2019-03-14,ALXN,0.00029350739420272995,234198.2
2019-03-15,ALXN,0.000293149093301575,231885.0
2019-03-18,ALXN,0.000289090475119735,231469.45
2019-03-19,ALXN,0.00028938621068709,232621.55
2019-03-20,ALXN,0.00029192989968729,232001.55
2019-03-21,ALXN,0.00029567886355117497,230902.5
2019-03-22,ALXN,0.00029802075585853,226732.7
2019-03-25,ALXN,0.000300447964596655,227262.3
2019-03-26,ALXN,0.000305060802742715,230301.85
2019-03-27,ALXN,0.00030823125506512496,233082.95
2019-03-28,ALXN,0.00031353224786046,231804.35
2019-03-29,ALXN,0.00031513970113439,229958.3
2019-04-01,ALXN,0.0003131508260736,227073.1
2019-04-02,ALXN,0.00031083405006574,220686.55
2019-04-03,ALXN,0.000308480470760165,223178.1
2019-04-04,ALXN,0.00030392998337674005,221500.1
2019-04-05,ALXN,0.000298161955819975,217097.65
2019-04-08,ALXN,0.000291031198396685,216019.4
2019-04-09,ALXN,0.000290938723430845,211436.5
2019-04-10,ALXN,0.00029039648340590504,202064.75
2019-04-11,ALXN,0.0002923079493287,199455.45
2019-04-12,ALXN,0.00029331305291990003,199936.1
2019-04-15,ALXN,0.000293792264336765,199827.4
2019-04-16,ALXN,0.000293310827870555,195950.95
2019-04-17,ALXN,0.0002941941765125,195590.05
2019-04-18,ALXN,0.00029730908651506003,207065.75
2019-04-22,ALXN,0.000303847681158695,213463.4
2019-04-23,ALXN,0.00030570298156334995,213626.15
2019-04-24,ALXN,0.00030582267159975,211792.35
2019-04-25,ALXN,0.00030581963766917,209225.1
2019-04-26,ALXN,0.00031653729356991,209325.75
2019-04-29,ALXN,0.000318850316425525,210100.2
2019-04-30,ALXN,0.000318398914399525,210628.05
2019-05-01,ALXN,0.000320056638434145,211022.55
2019-05-02,ALXN,0.00032425287747089003,208361.6
2019-05-03,ALXN,0.00033431202314451996,208109.45
2019-05-06,ALXN,0.00033662385785457495,206174.85
2019-05-07,ALXN,0.00034583817995688,205914.7
2019-05-08,ALXN,0.000355213894952575,208317.1
2019-05-09,ALXN,0.00036175392218622997,208626.3
2019-05-10,ALXN,0.00037022872201817,213716.8
2019-05-13,ALXN,0.000378668104023485,215570.3
2019-05-14,ALXN,0.00039020858456355497,214010.7
2019-05-15,ALXN,0.00039819311760673,213613.0
2019-05-16,ALXN,0.00040322143338858505,211806.25
2019-05-17,ALXN,0.00039861468127530997,200012.3
2019-05-20,ALXN,0.00039499165263834503,191250.45
2019-05-21,ALXN,0.000392687727044035,189918.5
2019-05-22,ALXN,0.00039004622735700997,184892.95
2019-05-23,ALXN,0.00038897635003748004,183397.05
2019-05-24,ALXN,0.00037922855011270995,186357.4
2019-05-28,ALXN,0.00037639751131427,186093.85
2019-05-29,ALXN,0.00037974019508597,185333.35
2019-05-30,ALXN,0.000385015596982415,188690.45
2019-05-31,ALXN,0.00038404472573934,192572.75
2019-06-03,ALXN,0.00038630879585711006,201146.0
2019-06-04,ALXN,0.000391468845572445,207707.45
2019-06-05,ALXN,0.00038899939831609496,215305.35
2019-06-06,ALXN,0.00038229870804944003,215685.6
2019-06-07,ALXN,0.00037998630097041,218114.35
2019-06-10,ALXN,0.000371715540602035,216047.9
2019-06-11,ALXN,0.000364104015836865,217937.4
2019-06-12,ALXN,0.00035701299663386504,218933.05
2019-06-13,ALXN,0.00035027884103688004,222935.9
2019-06-14,ALXN,0.00034799569851126503,231198.65
2019-06-17,ALXN,0.00034492557116599,225627.2
2019-06-18,ALXN,0.000339155060479965,224398.85
2019-06-19,ALXN,0.0003423915984298,225920.65
2019-06-20,ALXN,0.00034611320631643003,221614.4
2019-06-21,ALXN,0.00035500323206388997,229211.7
2019-06-24,ALXN,0.00035407829617725,239136.8
2019-06-25,ALXN,0.000357380221136615,243716.2
2019-06-26,ALXN,0.00035950018010374996,247131.15
2019-06-27,ALXN,0.00035584504243504,247158.15
2019-06-28,ALXN,0.00035607620207761,241119.9
2019-07-01,ALXN,0.00034910088926325,234710.55
2019-07-02,ALXN,0.00034601739506822,227745.9
2019-07-03,ALXN,0.00034169593740604,224214.65
2019-07-05,ALXN,0.00033820364467742,223867.05
2019-07-08,ALXN,0.00033888640780934504,225020.9
2019-07-09,ALXN,0.00034209211729653,229926.9
2019-07-10,ALXN,0.0003454033697372,231576.15
2019-07-11,ALXN,0.000349263749928495,233145.6
2019-07-12,ALXN,0.00035608531807849997,233676.45
2019-07-15,ALXN,0.000356021635457555,230448.2
2019-07-16,ALXN,0.00035546415279074,230839.3
2019-07-17,ALXN,0.000355038992279965,235229.85
2019-07-18,ALXN,0.00034903366584456503,235924.0
2019-07-19,ALXN,0.000346127314422575,241409.85
2019-07-22,ALXN,0.00034105991573211,233277.35
2019-07-23,ALXN,0.000341056927806615,223166.6
2019-07-24,ALXN,0.00033548001657153503,218764.1
2019-07-25,ALXN,0.00036417075730819004,230727.75
2019-07-26,ALXN,0.00036958246985994,240112.25
2019-07-29,ALXN,0.00037275578329822,261115.45
2019-07-30,ALXN,0.000380863324989465,285817.5
2019-07-31,ALXN,0.00038253203532476,296420.5
2019-08-01,ALXN,0.00038770079673947,303687.6
2019-08-02,ALXN,0.00039821119783979504,312185.75
2019-08-05,ALXN,0.00040125906299552503,315476.8
2019-08-06,ALXN,0.00040551571208277497,318261.35
2019-08-07,ALXN,0.00040731234274200503,320942.85
2019-08-08,ALXN,0.00040799443222473003,321794.8
2019-08-09,ALXN,0.00040421937619483,323056.25
2019-08-12,ALXN,0.000407018230402375,327700.5
2019-08-13,ALXN,0.00041258450682797,332687.35
2019-08-14,ALXN,0.00042228973253407003,337169.0
2019-08-15,ALXN,0.000429118908660005,337718.35
2019-08-16,ALXN,0.000435812357269065,341397.35
2019-08-19,ALXN,0.000436831173858195,343635.75
2019-08-20,ALXN,0.00043887097725318,344957.6
2019-08-21,ALXN,0.000441027185630375,355318.3
2019-08-22,ALXN,0.000411347155677345,346741.9
2019-08-23,ALXN,0.000442737539312805,370838.05
2019-08-26,ALXN,0.00045773076356769496,371811.55
2019-08-27,ALXN,0.00046503197552437,357264.75
2019-08-28,ALXN,0.00046565245681817,353066.8
2019-08-29,ALXN,0.00046670770262075505,344258.9
2019-08-30,ALXN,0.0004638225092351201,338426.35
2019-09-03,ALXN,0.00048264999235986505,369049.3
2019-09-04,ALXN,0.00049067122096787,388764.25
2019-09-05,ALXN,0.000496530220143195,403410.25
2019-09-06,ALXN,0.000492359182354685,410168.8
2019-09-09,ALXN,0.00049547729675044,413674.4
2019-09-10,ALXN,0.0004951219474288199,416977.2
2019-09-11,ALXN,0.00049994834969637,422510.95
2019-09-12,ALXN,0.000502213169514355,423395.2
2019-09-13,ALXN,0.000502983251492345,422163.3
2019-09-16,ALXN,0.00049607323193911,417665.35
2019-09-17,ALXN,0.00049233934077961,420116.35
2019-09-18,ALXN,0.000485754945775765,418558.95
2019-09-19,ALXN,0.000496554612914575,415455.75
2019-09-20,ALXN,0.00049528476262888,414179.0
2019-09-23,ALXN,0.00046442918173395995,382765.65
2019-09-24,ALXN,0.000446514490463905,366207.35
2019-09-25,ALXN,0.00043486009083548005,360583.9
2019-09-26,ALXN,0.00043553951834448493,360246.6
2019-09-27,ALXN,0.00043566075210450995,369315.95
2019-09-30,ALXN,0.00043503612525495997,372172.4
2019-10-01,ALXN,0.00041269051575502995,339270.15
2019-10-02,ALXN,0.00039875155844816995,313810.7
2019-10-03,ALXN,0.000394941561733905,293874.35
2019-10-04,ALXN,0.00039712676174773995,284514.15
2019-10-07,ALXN,0.00039614256048736,278784.5
2019-10-08,ALXN,0.00039443492742479,270867.85
2019-10-09,ALXN,0.000389995070707865,264454.55
2019-10-10,ALXN,0.0003814499987929,261148.8
2019-10-11,ALXN,0.000378955113957725,262108.95
2019-10-14,ALXN,0.00038204702736362005,261771.2
2019-10-15,ALXN,0.00038424774205591,261499.25
2019-10-16,ALXN,0.00038626050630968,262068.45
2019-10-17,ALXN,0.0003812108260467,259824.6
2019-10-18,ALXN,0.00038149047623762,258912.25
2019-10-21,ALXN,0.00037514498435114,259695.35
2019-10-22,ALXN,0.000376062796003915,259192.15
2019-10-23,ALXN,0.00037641912382465004,258057.0
2019-10-24,ALXN,0.00039105295139729495,267342.45
2019-10-25,ALXN,0.000389555830864375,264559.3
2019-10-28,ALXN,0.00038820615642494504,261478.4
2019-10-29,ALXN,0.000384978901954665,261899.95
2019-10-30,ALXN,0.00038407793418424003,262784.0
2019-10-31,ALXN,0.000375705964363185,261335.6
2019-11-01,ALXN,0.000372195648694375,262044.8
2019-11-04,ALXN,0.00036860174253964,264951.55
2019-11-05,ALXN,0.000367445455073165,264649.8
2019-11-06,ALXN,0.00036661516332483,265095.3
2019-11-07,ALXN,0.00036690394711801,265033.5
2019-11-08,ALXN,0.00036328701111847003,266486.75
2019-11-11,ALXN,0.00035945011065675,268986.25
2019-11-12,ALXN,0.00035807489581486,264058.65
2019-11-13,ALXN,0.000356763825290875,260728.6
2019-11-14,ALXN,0.00035152052291354495,259491.9
2019-11-15,ALXN,0.00035081711544279,259848.5
2019-11-18,ALXN,0.00035093922937406,257441.1
2019-11-19,ALXN,0.00034844342803458004,257834.1
2019-11-20,ALXN,0.000346010300240035,255241.2
2019-11-21,ALXN,0.00032777914602195,247172.35
2019-11-22,ALXN,0.000326148855583855,243850.05
2019-11-25,ALXN,0.00032189736986484,243380.35
2019-11-26,ALXN,0.000325382057927785,246732.1
2019-11-27,ALXN,0.000324959482171485,245345.35
2019-11-29,ALXN,0.00032464933138477996,244188.1
2019-12-02,ALXN,0.000318490443207825,239966.1
2019-12-03,ALXN,0.00031957458027642,240301.9
2019-12-04,ALXN,0.000318823011085975,242463.0
2019-12-05,ALXN,0.00031405300809274003,244569.4
2019-12-06,ALXN,0.000326042309478345,260385.1
2019-12-09,ALXN,0.000333432219046865,273664.8
2019-12-10,ALXN,0.00033616435652851,272485.05
2019-12-11,ALXN,0.000335273996770195,277279.5
2019-12-12,ALXN,0.00033779470598400003,281252.75
2019-12-13,ALXN,0.00034054657339810005,281627.3
2019-12-16,ALXN,0.000342162906338655,281583.7
2019-12-17,ALXN,0.0003398284104648,279656.35
2019-12-18,ALXN,0.00034539300837505997,279658.0
2019-12-19,ALXN,0.00033997718648707,276275.2
2019-12-20,ALXN,0.00033784418717038,272883.65
2019-12-23,ALXN,0.00033955279718556996,276973.55
2019-12-24,ALXN,0.00033860968184951004,274954.95
2019-12-26,ALXN,0.00033064026090115506,263166.5
2019-12-27,ALXN,0.000325222740251955,259745.5
2019-01-31,AMAT,0.00044862143655766,1334639.85
2019-02-01,AMAT,0.00044186149800382496,1323167.65
2019-02-04,AMAT,0.00042982388310841004,1265974.0
2019-02-05,AMAT,0.000421621862202685,1262566.8
2019-02-06,AMAT,0.00041363465627257504,1283962.55
2019-02-07,AMAT,0.00041309302271523996,1324323.65
2019-02-08,AMAT,0.000423264751358825,1398352.65
2019-02-11,AMAT,0.000420987429276975,1413566.3
2019-02-12,AMAT,0.00042123074528388005,1423084.55
2019-02-13,AMAT,0.000414491340898545,1437731.0
2019-02-14,AMAT,0.00041308088426050496,1440564.5
2019-02-15,AMAT,0.00041226126977246,1468620.85
2019-02-19,AMAT,0.00042580352192432005,1524931.65
2019-02-20,AMAT,0.00042076654155894,1534178.25
2019-02-21,AMAT,0.00041476988946579,1535641.75
2019-02-22,AMAT,0.00040769520584476,1528799.35
2019-02-25,AMAT,0.00039300775835749,1460764.0
2019-02-26,AMAT,0.00037952194410024,1403533.85
2019-02-27,AMAT,0.00036801549197547497,1379219.05
2019-02-28,AMAT,0.00036039491930994,1390835.15
2019-03-01,AMAT,0.000350271860666265,1354941.75
2019-03-04,AMAT,0.000343730630928325,1341732.75
2019-03-05,AMAT,0.000344013836171155,1400581.75
2019-03-06,AMAT,0.00033938146359578,1374597.15
2019-03-07,AMAT,0.00033714899929665503,1355081.3
2019-03-08,AMAT,0.000331166715738155,1308005.8
2019-03-11,AMAT,0.00032766482730672,1275604.35
2019-03-12,AMAT,0.00032316047440645505,1266331.35
2019-03-13,AMAT,0.00031734862695206997,1251115.65
2019-03-14,AMAT,0.00031501872656794,1222781.8
2019-03-15,AMAT,0.00031627993847834504,1225420.25
2019-03-18,AMAT,0.00031815313544672995,1232221.15
2019-03-19,AMAT,0.000297124211526225,1165218.65
2019-03-20,AMAT,0.000294008541230015,1142141.4
2019-03-21,AMAT,0.000293915674174305,1128826.9
2019-03-22,AMAT,0.00029798045817427,1155573.85
2019-03-25,AMAT,0.00030310356408641,1173150.1
2019-03-26,AMAT,0.00030753536385254,1168737.25
2019-03-27,AMAT,0.00031211696917881503,1177894.8
2019-03-28,AMAT,0.000317400745910765,1154090.8
2019-03-29,AMAT,0.00032289658460145506,1157840.25
2019-04-01,AMAT,0.00032609517756315503,1159404.0
2019-04-02,AMAT,0.00032283175103273,1092091.45
2019-04-03,AMAT,0.000324879856579925,1076438.55
2019-04-04,AMAT,0.00032777913627578503,1088683.4
2019-04-05,AMAT,0.00032632749349349,1071815.0
2019-04-08,AMAT,0.00032493511800402,1073720.6
2019-04-09,AMAT,0.000325207635191485,1071672.1
2019-04-10,AMAT,0.00032658491255443,1079380.55
2019-04-11,AMAT,0.00032856244966431004,1078197.9
2019-04-12,AMAT,0.000324362778362865,1070578.2
2019-04-15,AMAT,0.00031807584204656005,1021393.1
2019-04-16,AMAT,0.00031902877904388,1011493.9
2019-04-17,AMAT,0.00032086873647680996,1029343.85
2019-04-18,AMAT,0.00032090188261264503,1031994.0
2019-04-22,AMAT,0.00031506127349004,1001636.8
2019-04-23,AMAT,0.00031020763035491,974105.95
2019-04-24,AMAT,0.000305669248105455,973785.35
2019-04-25,AMAT,0.000304699805422495,996907.7
2019-04-26,AMAT,0.00030520049039936,999691.7
2019-04-29,AMAT,0.00030579704591963,991097.5
2019-04-30,AMAT,0.000305896198370705,978998.0
2019-05-01,AMAT,0.00030473291353425003,987073.1
2019-05-02,AMAT,0.00030652343352891,997460.4
2019-05-03,AMAT,0.00030903700806518,1002924.75
2019-05-06,AMAT,0.000308013323787765,1011732.85
2019-05-07,AMAT,0.000308441035615515,1057967.75
2019-05-08,AMAT,0.0003168733931375,1078467.25
2019-05-09,AMAT,0.00032502743239977005,1081135.9
2019-05-10,AMAT,0.00033806482820262,1119422.45
2019-05-13,AMAT,0.00034690792133854997,1129489.7
2019-05-14,AMAT,0.0003624065160469,1172467.65
2019-05-15,AMAT,0.00036562167957508,1196815.05
2019-05-16,AMAT,0.00037762998006303,1201305.95
2019-05-17,AMAT,0.00038222676654904,1220480.5
2019-05-20,AMAT,0.000402591337179275,1276204.5
2019-05-21,AMAT,0.000413810174605925,1339648.4
2019-05-22,AMAT,0.00041882409188864506,1353129.8
2019-05-23,AMAT,0.00042138426157266,1325972.3
2019-05-24,AMAT,0.000421606796696525,1329646.8
2019-05-28,AMAT,0.000419837119056735,1333245.0
2019-05-29,AMAT,0.00042202284660647506,1347153.9
2019-05-30,AMAT,0.0004303363706899,1343232.0
2019-05-31,AMAT,0.00043279923029476003,1330289.05
2019-06-03,AMAT,0.00043203673055595,1293794.15
2019-06-04,AMAT,0.000441395812049395,1291698.7
2019-06-05,AMAT,0.000444099279486905,1295905.15
2019-06-06,AMAT,0.000441146434828825,1304355.1
2019-06-07,AMAT,0.00043538372561479006,1310755.3
2019-06-10,AMAT,0.00042478916541589996,1285575.45
2019-06-11,AMAT,0.00041975149968215503,1310328.55
2019-06-12,AMAT,0.00041335060622266505,1298787.95
2019-06-13,AMAT,0.00041219697237632,1300730.7
2019-06-14,AMAT,0.00040028409286998,1278751.75
2019-06-17,AMAT,0.00039566118667627004,1251270.8
2019-06-18,AMAT,0.00037579852812866997,1207248.6
2019-06-19,AMAT,0.000369415336334885,1162704.0
2019-06-20,AMAT,0.00036763264915699,1159476.95
2019-06-21,AMAT,0.00036493674174042,1160931.75
2019-06-24,AMAT,0.00035829694224502,1147931.45
2019-06-25,AMAT,0.0003573315411121,1140619.3
2019-06-26,AMAT,0.00035574645375373,1141015.4
2019-06-27,AMAT,0.00035043619595378497,1132192.85
2019-06-28,AMAT,0.000343552858995755,1146374.45
2019-07-01,AMAT,0.00033867718915678497,1154002.05
2019-07-02,AMAT,0.000337090393139985,1169856.95
2019-07-03,AMAT,0.00033758996661518005,1160793.8
2019-07-05,AMAT,0.00033105738976788,1121708.2
2019-07-08,AMAT,0.00032709105642688503,1114448.9
2019-07-09,AMAT,0.000325366171848865,1124454.3
2019-07-10,AMAT,0.00032392481860863,1119926.4
2019-07-11,AMAT,0.000315930387237035,1103118.35
2019-07-12,AMAT,0.00031289985507949,1093234.5
2019-07-15,AMAT,0.00031019859733235,1101705.15
2019-07-16,AMAT,0.000306956545927615,1105811.75
2019-07-17,AMAT,0.00030792337915961,1087074.8
2019-07-18,AMAT,0.000303122349396455,1075592.15
2019-07-19,AMAT,0.000300045459368,1103707.9
2019-07-22,AMAT,0.00029950517371776997,1103832.4
2019-07-23,AMAT,0.00030268922559489,1173262.0
2019-07-24,AMAT,0.000303387795436315,1184430.8
2019-07-25,AMAT,0.00030205689849028004,1198115.85
2019-07-26,AMAT,0.00030127458697867,1189538.55
2019-07-29,AMAT,0.0002993534234956,1161856.65
2019-07-30,AMAT,0.00029783727050362505,1132177.75
2019-07-31,AMAT,0.000288041818925615,1089989.65
2019-08-01,AMAT,0.00028722147362557495,1046736.75
2019-08-02,AMAT,0.00029975540420323,1073885.1
2019-08-05,AMAT,0.00030922230595357,1075587.1
2019-08-06,AMAT,0.000315326564690025,1075480.75
2019-08-07,AMAT,0.0003199000238756,1046068.5
2019-08-08,AMAT,0.00032844008087021996,1044233.45
2019-08-09,AMAT,0.000332765420738495,1033061.5
2019-08-12,AMAT,0.000338258035930285,1013417.05
2019-08-13,AMAT,0.00034095769266102003,1015675.8
2019-08-14,AMAT,0.000346407036317695,1038798.9
2019-08-15,AMAT,0.00035413251791370997,1034884.95
2019-08-16,AMAT,0.000360929911624795,1004664.85
2019-08-19,AMAT,0.000382979094240755,1036937.6
2019-08-20,AMAT,0.000382291130991025,977566.75
2019-08-21,AMAT,0.00038078492933447,969035.25
2019-08-22,AMAT,0.00037934009948797996,937587.95
2019-08-23,AMAT,0.00037772839123763997,923123.75
2019-08-26,AMAT,0.00039195245570872,954254.9
2019-08-27,AMAT,0.000396017420153325,962080.2
2019-08-28,AMAT,0.00039888535592064005,971290.8
2019-08-29,AMAT,0.00039494855262968496,961991.65
2019-08-30,AMAT,0.00038279691597216,945516.0
2019-09-03,AMAT,0.00037454778320119,941512.4
2019-09-04,AMAT,0.0003713616587698,928209.0
2019-09-05,AMAT,0.00036836634050697,950108.1
2019-09-06,AMAT,0.0003666302512141,970086.3
2019-09-09,AMAT,0.00036066307199485,975638.45
2019-09-10,AMAT,0.00035602218884933,987815.8
2019-09-11,AMAT,0.000355390626675255,994677.65
2019-09-12,AMAT,0.00034839854706051503,987165.9
2019-09-13,AMAT,0.000344153376806515,988613.3
2019-09-16,AMAT,0.00033666542901925,978575.4
2019-09-17,AMAT,0.000314090820286785,930197.65
2019-09-18,AMAT,0.00031046292728453,911001.85
2019-09-19,AMAT,0.00030801597506785,900294.55
2019-09-20,AMAT,0.000306476114982815,906215.05
2019-09-23,AMAT,0.000309205024937615,913645.45
2019-09-24,AMAT,0.000296278389700425,877904.45
2019-09-25,AMAT,0.00029846307291821005,890530.4
2019-09-26,AMAT,0.000299587166574285,892355.75
2019-09-27,AMAT,0.00029930436499037,892312.65
2019-09-30,AMAT,0.000308227129647195,915377.05
2019-10-01,AMAT,0.00030795005533853506,913939.7
2019-10-02,AMAT,0.00030659101658921497,916153.4
2019-10-03,AMAT,0.000306327358567325,894653.05
2019-10-04,AMAT,0.00030464943547409997,875127.2
2019-10-07,AMAT,0.000306515624987755,860952.65
2019-10-08,AMAT,0.000305598148972555,852306.15
2019-10-09,AMAT,0.00031137568966665,836801.6
2019-10-10,AMAT,0.0003128341660061,830506.25
2019-10-11,AMAT,0.00031037990513569497,828687.9
2019-10-14,AMAT,0.00031390662786506005,838183.05
2019-10-15,AMAT,0.00030925197132092503,831346.4
2019-10-16,AMAT,0.00030852538327380997,848555.6
2019-10-17,AMAT,0.000309530174767835,866163.6
2019-10-18,AMAT,0.00031395945068139,855729.3
2019-10-21,AMAT,0.00030888609984638,862521.5
2019-10-22,AMAT,0.00030625084770678995,866359.45
2019-10-23,AMAT,0.00029905602485702,852597.75
2019-10-24,AMAT,0.00029558514106878503,864240.75
2019-10-25,AMAT,0.00030149134030555997,924878.95
2019-10-28,AMAT,0.000291450462728415,905621.05
2019-10-29,AMAT,0.000290815181245595,909805.05
2019-10-30,AMAT,0.000287016272690785,898202.3
2019-10-31,AMAT,0.000284072142992005,879025.4
2019-11-01,AMAT,0.00028067068471277005,863738.3
2019-11-04,AMAT,0.00028072427524212997,862902.15
2019-11-05,AMAT,0.00028011123639663,851543.45
2019-11-06,AMAT,0.000270895184692015,839813.7
2019-11-07,AMAT,0.000269038375707895,818937.85
2019-11-08,AMAT,0.00026730474864181,803306.35
2019-11-11,AMAT,0.00026253017231572,776438.85
2019-11-12,AMAT,0.000264449543599595,786149.55
2019-11-13,AMAT,0.00026499874493925,769376.75
2019-11-14,AMAT,0.000265014472054645,748961.2
2019-11-15,AMAT,0.00026116182765907,754703.2
2019-11-18,AMAT,0.00028187542969270997,840732.0
2019-11-19,AMAT,0.00028924326270504,857092.45
2019-11-20,AMAT,0.00029241896295813003,881934.15
2019-11-21,AMAT,0.000300876649515605,886939.25
2019-11-22,AMAT,0.00030160050991883503,861870.5
2019-11-25,AMAT,0.000305030825617165,862960.9
2019-11-26,AMAT,0.000307862807028505,868957.35
2019-11-27,AMAT,0.00030823187752319003,881410.35
2019-11-29,AMAT,0.00030470444351254997,884522.55
2019-12-02,AMAT,0.00029914404921222,868352.0
2019-12-03,AMAT,0.000302149281378725,872794.85
2019-12-04,AMAT,0.000306963406615675,888336.7
2019-12-05,AMAT,0.00030813312960977,902407.45
2019-12-06,AMAT,0.000305980925447195,908115.45
2019-12-09,AMAT,0.000304504832810545,916708.65
2019-12-10,AMAT,0.00030362143461960995,924342.15
2019-12-11,AMAT,0.000303047392791645,922826.55
2019-12-12,AMAT,0.00030400564562039497,943570.65
2019-12-13,AMAT,0.000308906319381415,966947.15
2019-12-16,AMAT,0.00031260935536785,961190.75
2019-12-17,AMAT,0.00029045199023862504,868404.5
2019-12-18,AMAT,0.000283226182876075,859440.3
2019-12-19,AMAT,0.0002798318854495,834066.6
2019-12-20,AMAT,0.00026816966077782,809518.85
2019-12-23,AMAT,0.00025804782065158495,787654.7
2019-12-24,AMAT,0.00025229939008961,768497.9
2019-12-26,AMAT,0.00024334890856856002,722935.45
2019-12-27,AMAT,0.00023849574016595497,693318.55
2019-01-31,AMD,0.000698696109741955,9054416.75
2019-02-01,AMD,0.000702585218408825,9311841.85
2019-02-04,AMD,0.000689521537769025,9226995.05
2019-02-05,AMD,0.000679725325086235,8870372.6
2019-02-06,AMD,0.000666200757903495,8869401.45
2019-02-07,AMD,0.00065194921542271,8713447.6
2019-02-08,AMD,0.0006649202711699801,9099265.35
2019-02-11,AMD,0.000651328800392585,8945440.05
2019-02-12,AMD,0.000644713114377925,8887431.3
2019-02-13,AMD,0.000633317913431045,8917665.9
2019-02-14,AMD,0.000626531769705755,8923183.05
2019-02-15,AMD,0.000625660953960875,8927800.25
2019-02-19,AMD,0.00061719665524145,8913014.8
2019-02-20,AMD,0.000607353775774335,8742219.5
2019-02-21,AMD,0.0005946778243737249,8714260.35
2019-02-22,AMD,0.0005848120923006149,8657481.3
2019-02-25,AMD,0.0005710098017334599,8467353.65
2019-02-26,AMD,0.000561323724098425,8259986.0
2019-02-27,AMD,0.00053590976668872,7966327.05
2019-02-28,AMD,0.0005224428475238999,7808263.5
2019-03-01,AMD,0.0004944074855226501,7067403.65
2019-03-04,AMD,0.00047274031564388503,6670309.2
2019-03-05,AMD,0.00046224718683881004,6448130.55
2019-03-06,AMD,0.000453937852659195,6260024.3
2019-03-07,AMD,0.000450774020607605,6111790.25
2019-03-08,AMD,0.0004520053050442,6006232.25
2019-03-11,AMD,0.00044437704536857996,5804354.75
2019-03-12,AMD,0.00043778560730361505,5716831.05
2019-03-13,AMD,0.00043122254665348006,5730731.65
2019-03-14,AMD,0.00043022116638730503,5704822.35
2019-03-15,AMD,0.00042710577518782495,5675536.35
2019-03-18,AMD,0.000421216287165535,5589943.95
2019-03-19,AMD,0.00041490291301612,5435035.3
2019-03-20,AMD,0.000423705902831145,6015091.1
2019-03-21,AMD,0.00044209762776488,6278293.2
2019-03-22,AMD,0.00045103528005806,6557787.45
2019-03-25,AMD,0.00046841459251607505,6699452.0
2019-03-26,AMD,0.00047877379547074,6709616.55
2019-03-27,AMD,0.00049102683468219,6848686.1
2019-03-28,AMD,0.000502058699049985,6955043.85
2019-03-29,AMD,0.000510605244776055,7087680.95
2019-04-01,AMD,0.0005138323800407,7145617.95
2019-04-02,AMD,0.0005114761904715249,7164661.45
2019-04-03,AMD,0.00051289238915078,7242645.6
2019-04-04,AMD,0.000522994892255895,7645281.05
2019-04-05,AMD,0.00052540372669542,7772188.0
2019-04-08,AMD,0.00052417985324857,7853425.5
2019-04-09,AMD,0.000525285597228455,7865298.3
2019-04-10,AMD,0.000528566870616065,7920511.8
2019-04-11,AMD,0.00052864964377961,7914490.15
2019-04-12,AMD,0.0005287101222305451,7847113.85
2019-04-15,AMD,0.00052898838577918,7797740.55
2019-04-16,AMD,0.00052878482731028,7800852.05
2019-04-17,AMD,0.000518258872837365,7210400.05
2019-04-18,AMD,0.0005024470020097501,6861771.7
2019-04-22,AMD,0.000493558244434965,6470575.55
2019-04-23,AMD,0.0004779652496284899,6164001.75
2019-04-24,AMD,0.00046642097073408496,6070587.1
2019-04-25,AMD,0.00045607755196364004,5969628.45
2019-04-26,AMD,0.000448087323534705,5818391.95
2019-04-29,AMD,0.000445265602771375,5737842.6
2019-04-30,AMD,0.0004419652114698,5656919.7
2019-05-01,AMD,0.000442084861031365,5716557.95
2019-05-02,AMD,0.00045829710344822,6030130.45
2019-05-03,AMD,0.00045739583813944,5723833.5
2019-05-06,AMD,0.0004478188523210001,5642456.65
2019-05-07,AMD,0.00045132789353659,5646704.35
2019-05-08,AMD,0.000455763396011095,5756570.1
2019-05-09,AMD,0.00045865173856122506,5716612.7
2019-05-10,AMD,0.000467318856011325,5766962.5
2019-05-13,AMD,0.000476713164446845,5959118.55
2019-05-14,AMD,0.0004920808288551551,6201103.3
2019-05-15,AMD,0.00049852951937843,6391144.95
2019-05-16,AMD,0.00050429513970741,6389324.8
2019-05-17,AMD,0.00050517748128566,6495222.4
2019-05-20,AMD,0.000511455285804395,6646279.25
2019-05-21,AMD,0.00052200356344389,6806211.5
2019-05-22,AMD,0.00052290200098062,6839651.55
2019-05-23,AMD,0.0005228144428298051,6812479.75
2019-05-24,AMD,0.000522888065853695,6930442.3
2019-05-28,AMD,0.0005157633235544601,6938172.6
2019-05-29,AMD,0.0005267178046701401,7435106.95
2019-05-30,AMD,0.00053553216185514,7576707.75
2019-05-31,AMD,0.000521357294344395,7318775.25
2019-06-03,AMD,0.000512746488517105,7236578.75
2019-06-04,AMD,0.00053122570148713,7599466.7
2019-06-05,AMD,0.00052914404036379,7831837.15
2019-06-06,AMD,0.00053182577242613,7783485.25
2019-06-07,AMD,0.000533506957289495,8122454.2
2019-06-10,AMD,0.0005283785938442,8195113.7
2019-06-11,AMD,0.000525596514438245,8251091.45
2019-06-12,AMD,0.0005207964924385351,8165956.2
2019-06-13,AMD,0.00051774060792242,8043156.7
2019-06-14,AMD,0.000514846826270045,8099894.25
2019-06-17,AMD,0.00051404328305918,8065543.1
2019-06-18,AMD,0.00050882995970421,8082795.65
2019-06-19,AMD,0.00050598335565944,8141198.85
2019-06-20,AMD,0.000509220264540715,8170362.25
2019-06-21,AMD,0.00051384193114745,8266181.85
2019-06-24,AMD,0.00051334583147657,8216887.8
2019-06-25,AMD,0.00051794724878588,8286507.3
2019-06-26,AMD,0.00051034171945757,7801608.6
2019-06-27,AMD,0.00050691334308464,7628082.5
2019-06-28,AMD,0.000503009186557345,7572377.2
2019-07-01,AMD,0.000497213489541775,7430142.3
2019-07-02,AMD,0.00048077919432870506,7080384.5
2019-07-03,AMD,0.00047377979168019,6738955.05
2019-07-05,AMD,0.00045633669505483,6522530.45
2019-07-08,AMD,0.00044507836923168,6051172.05
2019-07-09,AMD,0.00044236591936455005,5906286.5
2019-07-10,AMD,0.00043298405699744005,5770992.6
2019-07-11,AMD,0.00042285473335290993,5725284.5
2019-07-12,AMD,0.00042044016495658496,5778003.85
2019-07-15,AMD,0.000416601603049885,5698447.65
2019-07-16,AMD,0.00041202498533781496,5724857.4
2019-07-17,AMD,0.00041172514692628,5679919.9
2019-07-18,AMD,0.00040220303382325497,5509448.35
2019-07-19,AMD,0.00039915722994549,5502162.25
2019-07-22,AMD,0.00039232627770808,5397910.3
2019-07-23,AMD,0.00038359192471052,5232791.4
2019-07-24,AMD,0.00037397898778016,5153566.65
2019-07-25,AMD,0.00036684281439134503,5176103.85
2019-07-26,AMD,0.00035615484347859005,5088529.35
2019-07-29,AMD,0.00035405293608159,5074153.1
2019-07-30,AMD,0.00035459696564715,5118356.0
2019-07-31,AMD,0.000351366767917805,5098006.95
2019-08-01,AMD,0.00037056293396533997,5516591.95
2019-08-02,AMD,0.00038986893094695004,5851588.8
2019-08-05,AMD,0.00040391262824702,5960285.65
2019-08-06,AMD,0.00041286264147914504,6065030.3
2019-08-07,AMD,0.00042274144192660997,6029850.1
2019-08-08,AMD,0.00042991781777162503,6002290.3
2019-08-09,AMD,0.00044400532213991503,6407939.0
2019-08-12,AMD,0.00046109619081291,6712484.4
2019-08-13,AMD,0.00047315405790306997,6830380.2
2019-08-14,AMD,0.000488400068076875,6968528.7
2019-08-15,AMD,0.000507556530423865,7258201.0
2019-08-16,AMD,0.0005176198775584801,7279119.05
2019-08-19,AMD,0.000525302076820325,7383244.2
2019-08-20,AMD,0.0005317461203563199,7537477.4
2019-08-21,AMD,0.00053891643301844,7529549.15
2019-08-22,AMD,0.00054092770947804,7474190.05
2019-08-23,AMD,0.0005456371219905,7539898.2
2019-08-26,AMD,0.000561232237872955,7702725.9
2019-08-27,AMD,0.000567941036255185,7652800.05
2019-08-28,AMD,0.0005709392940721349,7626989.5
2019-08-29,AMD,0.00055640969432616,7252339.7
2019-08-30,AMD,0.000542346313055525,7009322.85
2019-09-03,AMD,0.0005295789590010799,6888984.9
2019-09-04,AMD,0.000518923636429065,6714667.2
2019-09-05,AMD,0.0005094205976681201,6698749.75
2019-09-06,AMD,0.00050266739804997,6716900.85
2019-09-09,AMD,0.00048651082995401003,6278546.0
2019-09-10,AMD,0.00047035242887542996,6035365.15
2019-09-11,AMD,0.00046086581298638,5834495.9
2019-09-12,AMD,0.00044535226895134003,5626033.45
2019-09-13,AMD,0.00043167167464148006,5389367.15
2019-09-16,AMD,0.000420560605721795,5315907.55
2019-09-17,AMD,0.000415225348200555,5174939.85
2019-09-18,AMD,0.00040899522684890505,5061276.4
2019-09-19,AMD,0.000404285262318435,5049808.45
2019-09-20,AMD,0.00040280853117615,5109674.6
2019-09-23,AMD,0.00040441940835671004,5117848.35
2019-09-24,AMD,0.00039127507827774,4935157.05
2019-09-25,AMD,0.00039389422272238,5101161.15
2019-09-26,AMD,0.000395636852587935,5178719.0
2019-09-27,AMD,0.000397443085136545,5126314.65
2019-09-30,AMD,0.00040541002692688003,5167224.4
2019-10-01,AMD,0.00040774803909104,5182904.6
2019-10-02,AMD,0.00041000919858115496,5165553.1
2019-10-03,AMD,0.00041820895462037504,5126954.4
2019-10-04,AMD,0.0004267067430121,5095027.1
2019-10-07,AMD,0.00042933303012925505,4987933.9
2019-10-08,AMD,0.00042965806071739495,4872918.5
2019-10-09,AMD,0.00043490416044508995,4819657.45
2019-10-10,AMD,0.00043559302770554496,4761405.35
2019-10-11,AMD,0.000433148626440875,4686278.35
2019-10-14,AMD,0.00043597857873160496,4787727.6
2019-10-15,AMD,0.000434716313909575,4830160.4
2019-10-16,AMD,0.000439129582478095,4815477.6
2019-10-17,AMD,0.000442589583238385,4799770.7
2019-10-18,AMD,0.00044305005939227,4695582.4
2019-10-21,AMD,0.0004374157590836449,4619921.3
2019-10-22,AMD,0.00043599478758519995,4670049.55
2019-10-23,AMD,0.00042641255809514994,4454737.2
2019-10-24,AMD,0.00041912418938205495,4248252.5
2019-10-25,AMD,0.00041371261668539497,4205396.45
2019-10-28,AMD,0.00040573285737862503,4182761.05
2019-10-29,AMD,0.00040161200079666496,4213691.4
2019-10-30,AMD,0.00040120848436642496,4317182.0
2019-10-31,AMD,0.00041392023281055,4434869.55
2019-11-01,AMD,0.00040730675514531994,4482684.2
2019-11-04,AMD,0.00040414327489785,4594650.15
2019-11-05,AMD,0.00040438125148921003,4802750.05
2019-11-06,AMD,0.000402514054861095,4924079.6
2019-11-07,AMD,0.000401786554595195,4950477.25
2019-11-08,AMD,0.00040165863103337,4981781.95
2019-11-11,AMD,0.0003956167524605,4807636.45
2019-11-12,AMD,0.000394027896564795,4769116.1
2019-11-13,AMD,0.00038915110777024,4785646.95
2019-11-14,AMD,0.000388896912780285,4858742.8
2019-11-15,AMD,0.00038982246414389,4943539.8
2019-11-18,AMD,0.00039282745168585,4982946.45
2019-11-19,AMD,0.000390882727487295,4956568.7
2019-11-20,AMD,0.00039576290535237496,5149367.75
2019-11-21,AMD,0.000405139515401985,5303177.85
2019-11-22,AMD,0.00041449070811618,5482358.15
2019-11-25,AMD,0.00042065665268269,5466615.95
2019-11-26,AMD,0.0004195552160065149,5418628.5
2019-11-27,AMD,0.00041551201951318007,5321716.4
2019-11-29,AMD,0.00039255234046035,5131920.75
2019-12-02,AMD,0.000381626762874055,4884549.75
2019-12-03,AMD,0.00038317577391296,4749923.05
2019-12-04,AMD,0.00038843651495657,4546560.85
2019-12-05,AMD,0.000380936261657775,4393109.75
2019-12-06,AMD,0.00037661364153829003,4344535.4
2019-12-09,AMD,0.00036948033474271997,4242392.85
2019-12-10,AMD,0.000367509781555155,4212674.8
2019-12-11,AMD,0.00036575454360247004,4161185.05
2019-12-12,AMD,0.00036538931333743497,4076061.05
2019-12-13,AMD,0.000370400669602775,4214743.1
2019-12-16,AMD,0.000380563942876655,4242852.45
2019-12-17,AMD,0.00037854916057546503,4210569.55
2019-12-18,AMD,0.000377217038714625,4151053.7
2019-12-19,AMD,0.00036882411834603996,3933187.45
2019-12-20,AMD,0.00035544360568227,3837036.9
2019-12-23,AMD,0.00034335153788627994,3728468.1
2019-12-24,AMD,0.00033436370954204,3707741.45
2019-12-26,AMD,0.000334470253532195,3682993.25
2019-12-27,AMD,0.00033556242337098,3717464.05
2019-01-31,AME,0.000260825110648145,141723.75
2019-02-01,AME,0.000254938529489135,141804.75
2019-02-04,AME,0.00024516418419474005,138595.35
2019-02-05,AME,0.000237634663428795,140303.3
2019-02-06,AME,0.00024234377372763497,146546.35
2019-02-07,AME,0.00024598158478239,148745.8
2019-02-08,AME,0.000251315669447515,161818.75
2019-02-11,AME,0.00024690351374299,166423.65
2019-02-12,AME,0.00024274918665026998,171057.6
2019-02-13,AME,0.00024096879517334003,179470.5
2019-02-14,AME,0.00024180082012568502,187037.85
2019-02-15,AME,0.00024164213061565,187016.1
2019-02-19,AME,0.00023876961112867496,190857.25
2019-02-20,AME,0.00023844691811779,190736.75
2019-02-21,AME,0.00023689093899279505,187578.75
2019-02-22,AME,0.00023435082842844998,187638.85
2019-02-25,AME,0.00023411841007221502,188264.8
2019-02-26,AME,0.000233519233598025,186126.95
2019-02-27,AME,0.00022921181144219997,182784.85
2019-02-28,AME,0.00022746328881093,180087.25
2019-03-01,AME,0.00022080624079584497,182144.25
2019-03-04,AME,0.00021766310519204,185489.45
2019-03-05,AME,0.000217269457899435,190146.95
2019-03-06,AME,0.00021788269208217501,186982.55
2019-03-07,AME,0.00020416251125676002,180165.25
2019-03-08,AME,0.00019629493698963,181761.55
2019-03-11,AME,0.000193839975817515,173939.5
2019-03-12,AME,0.0001928119606338,172840.05
2019-03-13,AME,0.000192898222270605,172590.05
2019-03-14,AME,0.00019330626213319,168754.7
2019-03-15,AME,0.00019025320821984998,162802.6
2019-03-18,AME,0.000186965139086195,160960.55
2019-03-19,AME,0.00018578181006125,155686.8
2019-03-20,AME,0.00018595632121589,156917.1
2019-03-21,AME,0.00018484336750095002,158177.75
2019-03-22,AME,0.000183487910039,155291.9
2019-03-25,AME,0.00018475358594781502,158613.25
2019-03-26,AME,0.00018357691242166,159587.85
2019-03-27,AME,0.00018366818500354499,160214.7
2019-03-28,AME,0.000184982932011995,158463.15
2019-03-29,AME,0.00018619830969265,157452.3
2019-04-01,AME,0.00018864077196585,155133.0
2019-04-02,AME,0.00018582469571622502,152343.7
2019-04-03,AME,0.000187146718646655,151589.2
2019-04-04,AME,0.000188033417109865,150406.9
2019-04-05,AME,0.00018638450201855498,143507.05
2019-04-08,AME,0.000184604066152545,141057.65
2019-04-09,AME,0.00018341337368240498,135017.2
2019-04-10,AME,0.00018382644373186,129524.0
2019-04-11,AME,0.000182469239023775,123599.5
2019-04-12,AME,0.000183262740366915,120388.5
2019-04-15,AME,0.00018420112428223998,122329.5
2019-04-16,AME,0.00018397996911260502,122987.1
2019-04-17,AME,0.00018192913117817498,120202.0
2019-04-18,AME,0.00018306973315573998,117185.25
2019-04-22,AME,0.00018145935450843002,116243.6
2019-04-23,AME,0.00017687859624423,108700.4
2019-04-24,AME,0.000174723888967655,106869.9
2019-04-25,AME,0.00017429459126961998,105789.15
2019-04-26,AME,0.00017375214346299002,104139.35
2019-04-29,AME,0.00017267188304312,102456.85
2019-04-30,AME,0.00017080276567305,97906.25
2019-05-01,AME,0.00016982226601926998,98771.7
2019-05-02,AME,0.00018205705402500502,101916.95
2019-05-03,AME,0.00018639150977004998,101873.45
2019-05-06,AME,0.00018635063650314002,101141.4
2019-05-07,AME,0.00018998709198898,103327.9
2019-05-08,AME,0.000196808833081885,106004.3
2019-05-09,AME,0.000199981711803665,108319.7
2019-05-10,AME,0.00020758333178057,108220.8
2019-05-13,AME,0.00021160405473915,109183.6
2019-05-14,AME,0.00021678357723603,111886.85
2019-05-15,AME,0.00022021336291939,112232.35
2019-05-16,AME,0.00022428035154048004,113768.8
2019-05-17,AME,0.000222353324442415,115235.95
2019-05-20,AME,0.00022566132216606,117044.05
2019-05-21,AME,0.000228159599459025,120411.55
2019-05-22,AME,0.000229625912318605,120713.6
2019-05-23,AME,0.00022987273004156,122876.75
2019-05-24,AME,0.00023070274320654,127364.45
2019-05-28,AME,0.00022989432897635998,128642.25
2019-05-29,AME,0.00023063901884575502,130577.4
2019-05-30,AME,0.00023530562759022498,129772.25
2019-05-31,AME,0.00022282822041169497,123743.85
2019-06-03,AME,0.00021965229032986999,123618.35
2019-06-04,AME,0.00022441121053007497,126994.3
2019-06-05,AME,0.000223419336009945,129256.1
2019-06-06,AME,0.00022044484339711002,129594.7
2019-06-07,AME,0.00021948162399087998,130729.95
2019-06-10,AME,0.000214230611161025,132591.7
2019-06-11,AME,0.000210616885677865,131574.4
2019-06-12,AME,0.00020951695888692497,125958.3
2019-06-13,AME,0.00020779017537013501,127103.7
2019-06-14,AME,0.00020310204894609,126277.05
2019-06-17,AME,0.00020291084192010004,125908.15
2019-06-18,AME,0.00019961525235345502,125240.25
2019-06-19,AME,0.00020002424919852998,127102.3
2019-06-20,AME,0.00020013770960767503,127799.65
2019-06-21,AME,0.000204540570599345,126516.15
2019-06-24,AME,0.00020821137432443,123266.4
2019-06-25,AME,0.00020944045313051502,121365.6
2019-06-26,AME,0.00020855752605179997,118615.0
2019-06-27,AME,0.00020323987259397502,114483.65
2019-06-28,AME,0.00020347815915923,115575.4
2019-07-01,AME,0.00020084691801330502,121147.85
2019-07-02,AME,0.00019752952786909997,123901.15
2019-07-03,AME,0.000195974876111925,124445.35
2019-07-05,AME,0.000190418574075055,120369.7
2019-07-08,AME,0.00018803380192108002,117477.2
2019-07-09,AME,0.00018553947684463,118244.3
2019-07-10,AME,0.00018407840347043502,121688.55
2019-07-11,AME,0.00018105231200280498,123615.45
2019-07-12,AME,0.000180314345271635,124491.5
2019-07-15,AME,0.000180655165060315,126061.4
2019-07-16,AME,0.00017909779116740998,126026.75
2019-07-17,AME,0.000179308566772065,127490.85
2019-07-18,AME,0.0001784752837356,126934.85
2019-07-19,AME,0.000177511123496205,129616.55
2019-07-22,AME,0.000172252391491935,130830.3
2019-07-23,AME,0.00016643141471271,131211.65
2019-07-24,AME,0.000165659587418135,135541.9
2019-07-25,AME,0.00016406547187113,137610.4
2019-07-26,AME,0.000165427251703255,139547.95
2019-07-29,AME,0.00016428152519912498,145045.65
2019-07-30,AME,0.00016678491298863498,143314.3
2019-07-31,AME,0.00017946699158993498,146950.35
2019-08-01,AME,0.00018453877954016,149328.5
2019-08-02,AME,0.00019597925867373,156135.45
2019-08-05,AME,0.00020304066312952,162036.05
2019-08-06,AME,0.000213607099095395,165353.05
2019-08-07,AME,0.000220203002246335,165298.65
2019-08-08,AME,0.000227800359002585,168616.0
2019-08-09,AME,0.000230848126093685,168045.85
2019-08-12,AME,0.00023536251215955996,168623.65
2019-08-13,AME,0.00024051458547079,170474.05
2019-08-14,AME,0.000248924963037815,170996.75
2019-08-15,AME,0.000254828033912245,171439.2
2019-08-16,AME,0.00026100475825174,170652.0
2019-08-19,AME,0.000264315733649425,168739.4
2019-08-20,AME,0.00026440275500736,169412.3
2019-08-21,AME,0.0002674572878819,166620.3
2019-08-22,AME,0.00027122153665605,165337.8
2019-08-23,AME,0.000272923806009605,162940.25
2019-08-26,AME,0.000281223633070805,160053.55
2019-08-27,AME,0.00028329364293726,154692.55
2019-08-28,AME,0.000271870421997015,147249.85
2019-08-29,AME,0.00026784510757804,142009.75
2019-08-30,AME,0.00026018689003743,136591.0
2019-09-03,AME,0.000254903537345815,132556.55
2019-09-04,AME,0.00025218593926574,130474.9
2019-09-05,AME,0.00024738358231784,128449.65
2019-09-06,AME,0.00024201773895676497,126853.55
2019-09-09,AME,0.00024329632782864,127688.35
2019-09-10,AME,0.000238026881405185,125211.3
2019-09-11,AME,0.00023739588018125,126404.85
2019-09-12,AME,0.00023359928546158498,129195.75
2019-09-13,AME,0.00023012930842702,128075.3
2019-09-16,AME,0.000227493949875385,124718.65
2019-09-17,AME,0.00022669994141029997,126294.65
2019-09-18,AME,0.00022814788965957,126367.4
2019-09-19,AME,0.00022903682333549002,122709.2
2019-09-20,AME,0.00022812730813002497,122801.9
2019-09-23,AME,0.00023164243185529502,124226.75
2019-09-24,AME,0.000226523891870595,121347.75
2019-09-25,AME,0.00022824338205817496,129438.05
2019-09-26,AME,0.00022932469278639497,126282.75
2019-09-27,AME,0.000229969368379555,125809.4
2019-09-30,AME,0.000239121403331195,127587.35
2019-10-01,AME,0.000237969665214415,126610.35
2019-10-02,AME,0.00023766529768231502,128950.9
2019-10-03,AME,0.000243423087555885,132377.05
2019-10-04,AME,0.00024550642405857996,128421.25
2019-10-07,AME,0.00024322447119911502,124562.25
2019-10-08,AME,0.00024763272584424004,123860.05
2019-10-09,AME,0.00025164649617910996,123222.1
2019-10-10,AME,0.00025293763969378997,120343.5
2019-10-11,AME,0.00025245642934926,116680.0
2019-10-14,AME,0.00026032855473905996,120973.35
2019-10-15,AME,0.000261704675896445,117875.9
2019-10-16,AME,0.00026191884093222,116843.55
2019-10-17,AME,0.00026216306548979,117745.7
2019-10-18,AME,0.000262746231266345,117265.85
2019-10-21,AME,0.00025854835758475,119126.85
2019-10-22,AME,0.00025814278224117,121962.45
2019-10-23,AME,0.00025542438996017003,117160.4
2019-10-24,AME,0.00025167761450832005,118019.95
2019-10-25,AME,0.000250391049955885,115995.25
2019-10-28,AME,0.00024109820684649,113093.95
2019-10-29,AME,0.00024209764205513997,115867.25
2019-10-30,AME,0.000239026940596105,115096.8
2019-10-31,AME,0.00023575717233041498,115119.3
2019-11-01,AME,0.00024244978276218504,119576.8
2019-11-04,AME,0.00024667921551984,121416.85
2019-11-05,AME,0.000245107664191935,126329.25
2019-11-06,AME,0.000240012701175085,126847.85
2019-11-07,AME,0.00023892817199226498,126460.4
2019-11-08,AME,0.00023828308297335,129979.35
2019-11-11,AME,0.00022741351649183003,125431.8
2019-11-12,AME,0.00022587447271952004,124403.35
2019-11-13,AME,0.00022621815937691,125581.35
2019-11-14,AME,0.00022529355743502503,126703.1
2019-11-15,AME,0.00022679361635478002,129001.2
2019-11-18,AME,0.00022523512335922502,128521.55
2019-11-19,AME,0.00022314992601485,126013.6
2019-11-20,AME,0.00022158945505787502,126780.65
2019-11-21,AME,0.000225511511167795,131125.6
2019-11-22,AME,0.000226040640715965,135656.55
2019-11-25,AME,0.00022396281133121502,135708.4
2019-11-26,AME,0.00022347460660985,132333.85
2019-11-27,AME,0.00022046091300719,127719.6
2019-11-29,AME,0.00021771915578500003,120768.4
2019-12-02,AME,0.000205660819907265,113707.05
2019-12-03,AME,0.00020339505263928002,115096.6
2019-12-04,AME,0.000204399017600955,111693.25
2019-12-05,AME,0.000203347988989815,109184.9
2019-12-06,AME,0.000199705309447815,107587.15
2019-12-09,AME,0.00019681430992297004,106558.05
2019-12-10,AME,0.00019439060361464,106230.05
2019-12-11,AME,0.000192246656503715,108272.15
2019-12-12,AME,0.000189225525631235,106858.3
2019-12-13,AME,0.00019134928021695,106382.4
2019-12-16,AME,0.00019338023498486002,104520.35
2019-12-17,AME,0.00019330545819096998,101215.95
2019-12-18,AME,0.00019281256830820502,101723.3
2019-12-19,AME,0.000191525533627855,97102.7
2019-12-20,AME,0.000186702472443915,91005.05
2019-12-23,AME,0.00018642115909525,87588.2
2019-12-24,AME,0.0001862030190802,86682.35
2019-12-26,AME,0.000182569169253625,83616.5
2019-12-27,AME,0.00018291631439708002,81653.4
2019-01-31,AMG,0.000474862846845385,76975.65
2019-02-01,AMG,0.000459818180798875,77515.35
2019-02-04,AMG,0.00045165782088768,78719.9
2019-02-05,AMG,0.000453075420821585,79359.75
2019-02-06,AMG,0.00044057647558545506,79236.1
2019-02-07,AMG,0.00042969156957067996,79491.65
2019-02-08,AMG,0.00043769546409810005,81269.65
2019-02-11,AMG,0.00042900739169515496,80619.05
2019-02-12,AMG,0.00041834902226899,78932.2
2019-02-13,AMG,0.00041013526738099506,79383.85
2019-02-14,AMG,0.00040427184359871003,76420.3
2019-02-15,AMG,0.00039862524165758,74005.4
2019-02-19,AMG,0.00039703986353735004,72830.9
2019-02-20,AMG,0.00038179377673449997,70297.55
2019-02-21,AMG,0.00036937830213064495,68180.9
2019-02-22,AMG,0.00036030309950307,67086.4
2019-02-25,AMG,0.00034930253397196995,64640.25
2019-02-26,AMG,0.00034035264635262,64730.85
2019-02-27,AMG,0.00032975721687065503,64879.7
2019-02-28,AMG,0.000325387395766285,63465.5
2019-03-01,AMG,0.000313264621490075,61785.85
2019-03-04,AMG,0.00030733087000649504,60138.75
2019-03-05,AMG,0.000301926333367065,58638.55
2019-03-06,AMG,0.000290607480944905,57306.3
2019-03-07,AMG,0.00028645649545408,55082.55
2019-03-08,AMG,0.00028788308443572,54757.75
2019-03-11,AMG,0.000288845921112965,56487.55
2019-03-12,AMG,0.00028435647760781,55433.2
2019-03-13,AMG,0.00028226986720914497,54790.2
2019-03-14,AMG,0.000281311075747415,53594.9
2019-03-15,AMG,0.00027764170444595,54983.2
2019-03-18,AMG,0.00027735165991021004,55022.8
2019-03-19,AMG,0.00027483383556303504,54700.45
2019-03-20,AMG,0.00027614957860110003,54704.3
2019-03-21,AMG,0.000280221687754595,55910.85
2019-03-22,AMG,0.00028457211698207,59379.15
2019-03-25,AMG,0.000293505873232285,64753.45
2019-03-26,AMG,0.000296026484751725,64941.85
2019-03-27,AMG,0.00030003039438765997,64950.6
2019-03-28,AMG,0.00030541460761431504,66175.95
2019-03-29,AMG,0.00030927660767342995,67642.5
2019-04-01,AMG,0.000309332671160205,70125.6
2019-04-02,AMG,0.000311409259633555,70029.7
2019-04-03,AMG,0.00031076878168691003,70024.2
2019-04-04,AMG,0.000311660010137055,72148.6
2019-04-05,AMG,0.00030673802054885003,71926.7
2019-04-08,AMG,0.00030079583151537497,70980.35
2019-04-09,AMG,0.00030344647577164,72468.5
2019-04-10,AMG,0.000306298323984245,74918.35
2019-04-11,AMG,0.00031293682262336996,77604.55
2019-04-12,AMG,0.00031664467637889,77675.7
2019-04-15,AMG,0.00031561314160329497,78112.55
2019-04-16,AMG,0.000313488703192525,79035.6
2019-04-17,AMG,0.00031307738606252,81645.65
2019-04-18,AMG,0.000311163940801455,81644.75
2019-04-22,AMG,0.00030838234028105003,78918.2
2019-04-23,AMG,0.00030052248985911004,74705.5
2019-04-24,AMG,0.00029540189832532503,73277.45
2019-04-25,AMG,0.00028737635331447,74180.2
2019-04-26,AMG,0.000283750764188585,74385.3
2019-04-29,AMG,0.000280929222375845,73565.65
2019-04-30,AMG,0.000284335633070475,70396.4
2019-05-01,AMG,0.00028043026947933,69488.4
2019-05-02,AMG,0.000277057856756845,68662.15
2019-05-03,AMG,0.00027602053373552,67812.65
2019-05-06,AMG,0.00027732045944057,68772.95
2019-05-07,AMG,0.00030645118108816504,78268.8
2019-05-08,AMG,0.00031597549692616,81899.15
2019-05-09,AMG,0.000317855601506135,82508.1
2019-05-10,AMG,0.000316394597155145,83513.2
2019-05-13,AMG,0.00032169549292986,88730.95
2019-05-14,AMG,0.00033370132351913503,94055.55
2019-05-15,AMG,0.00033844781893585,95962.75
2019-05-16,AMG,0.00034791369401643497,96510.7
2019-05-17,AMG,0.00034773050547100504,97593.8
2019-05-20,AMG,0.00034982769663651,99183.25
2019-05-21,AMG,0.00035310252181373,100892.45
2019-05-22,AMG,0.00035881484811891,101600.5
2019-05-23,AMG,0.00036111423055333,101285.6
2019-05-24,AMG,0.00036019618435647997,103276.85
2019-05-28,AMG,0.000359077135026415,103613.35
2019-05-29,AMG,0.00035408278822148,106002.4
2019-05-30,AMG,0.00035398658966748003,106784.0
2019-05-31,AMG,0.00035366511605385497,107860.05
2019-06-03,AMG,0.000357162728588475,109358.45
2019-06-04,AMG,0.000357698950359705,108535.4
2019-06-05,AMG,0.000337093300250715,101959.6
2019-06-06,AMG,0.00033103171157088503,100008.55
2019-06-07,AMG,0.000330006298282255,98182.7
2019-06-10,AMG,0.00032389800382818005,95780.35
2019-06-11,AMG,0.00031928075075398504,89209.25
2019-06-12,AMG,0.00030822894619276,83036.7
2019-06-13,AMG,0.0003057154425716,80042.85
2019-06-14,AMG,0.000296718723942705,77313.5
2019-06-17,AMG,0.000295510205223115,78946.15
2019-06-18,AMG,0.00029302357762126,78588.15
2019-06-19,AMG,0.00029514539509327995,79512.85
2019-06-20,AMG,0.000291876025892765,81223.95
2019-06-21,AMG,0.00029431081435863,81985.2
2019-06-24,AMG,0.00029183694769408,80133.65
2019-06-25,AMG,0.000294682369223585,80323.5
2019-06-26,AMG,0.000297370086201085,78326.2
2019-06-27,AMG,0.00029724473653436,77310.7
2019-06-28,AMG,0.00029703200076255503,77121.25
2019-07-01,AMG,0.000294338578594605,75775.75
2019-07-02,AMG,0.000296099372783845,75113.2
2019-07-03,AMG,0.00028814352513643,75382.05
2019-07-05,AMG,0.000280611818419585,71166.3
2019-07-08,AMG,0.0002765118100149,69791.1
2019-07-09,AMG,0.00027704197797281504,67487.85
2019-07-10,AMG,0.00027562290608398995,68112.45
2019-07-11,AMG,0.00027471491796836,68017.15
2019-07-12,AMG,0.000272681706472165,68063.7
2019-07-15,AMG,0.000276748824966595,70199.1
2019-07-16,AMG,0.00028178210235748,66422.85
2019-07-17,AMG,0.00028162373038214,66127.55
2019-07-18,AMG,0.00027865543737995,63911.0
2019-07-19,AMG,0.00027704709790615995,63256.6
2019-07-22,AMG,0.00027790116344809495,62538.9
2019-07-23,AMG,0.000282633785417775,61564.55
2019-07-24,AMG,0.000285755675751205,60518.2
2019-07-25,AMG,0.00028142642518213997,60800.75
2019-07-26,AMG,0.000286777965385565,60106.3
2019-07-29,AMG,0.00028506186829531995,59403.95
2019-07-30,AMG,0.00032223006108484504,60551.15
2019-07-31,AMG,0.000323581959140935,62729.65
2019-08-01,AMG,0.00032667167110662503,61523.7
2019-08-02,AMG,0.000335037936669045,64736.85
2019-08-05,AMG,0.00034197700774769,70369.75
2019-08-06,AMG,0.00035571006071153,75790.35
2019-08-07,AMG,0.00035908029316564,80198.75
2019-08-08,AMG,0.00037108120378449,81428.8
2019-08-09,AMG,0.000376420283110145,82809.7
2019-08-12,AMG,0.00037845034293886503,82515.2
2019-08-13,AMG,0.000379982583207525,86934.0
2019-08-14,AMG,0.00038906311415848,86398.7
2019-08-15,AMG,0.000394479076933555,87179.5
2019-08-16,AMG,0.00039977614988992004,87292.65
2019-08-19,AMG,0.000396613943381445,88041.05
2019-08-20,AMG,0.000399085642685045,89077.25
2019-08-21,AMG,0.00039597533939446,89812.4
2019-08-22,AMG,0.000398099746681895,88698.1
2019-08-23,AMG,0.00039502961543570996,88315.0
2019-08-26,AMG,0.00040166518309581005,88277.95
2019-08-27,AMG,0.00036755361175508497,85938.45
2019-08-28,AMG,0.0003665692184441,83377.05
2019-08-29,AMG,0.00036333948000961995,80864.25
2019-08-30,AMG,0.000361873507797815,78114.3
2019-09-03,AMG,0.00035610415360963,72738.9
2019-09-04,AMG,0.00035100261153272,69559.5
2019-09-05,AMG,0.000351547602774035,65776.35
2019-09-06,AMG,0.00034926286023198003,66657.75
2019-09-09,AMG,0.00034857323392712,64910.85
2019-09-10,AMG,0.00035030161729891497,63502.9
2019-09-11,AMG,0.000357334001251685,59719.65
2019-09-12,AMG,0.00035994948858183496,59158.9
2019-09-13,AMG,0.00036278588990337497,57913.0
2019-09-16,AMG,0.000364916314737795,56085.15
2019-09-17,AMG,0.00037378207103117,55387.25
2019-09-18,AMG,0.000377164231095415,54210.15
2019-09-19,AMG,0.00037995134772357997,52022.15
2019-09-20,AMG,0.00038371850434644,53012.35
2019-09-23,AMG,0.00038969614287169996,53423.9
2019-09-24,AMG,0.00038934902849855,52270.7
2019-09-25,AMG,0.000390796348106615,52422.15
2019-09-26,AMG,0.000394515622214045,52003.5
2019-09-27,AMG,0.00039799658113679506,51390.45
2019-09-30,AMG,0.00039775986421158497,51964.1
2019-10-01,AMG,0.00040214061233135505,52258.75
2019-10-02,AMG,0.000402335435899,51897.65
2019-10-03,AMG,0.00040581569813546005,51993.4
2019-10-04,AMG,0.00040599645821316505,52123.75
2019-10-07,AMG,0.000408206694588315,53648.45
2019-10-08,AMG,0.00040837053160350505,55011.3
2019-10-09,AMG,0.00040555410854348,55884.05
2019-10-10,AMG,0.00040081198303769004,57784.2
2019-10-11,AMG,0.000397426414979245,59469.25
2019-10-14,AMG,0.00040109807309312,61178.5
2019-10-15,AMG,0.00039291912538077996,60554.5
2019-10-16,AMG,0.00038809155949916,61254.6
2019-10-17,AMG,0.00038984655428755,63962.1
2019-10-18,AMG,0.00038777584712425,64802.3
2019-10-21,AMG,0.000381923611707955,67179.4
2019-10-22,AMG,0.00037838316154071,69292.35
2019-10-23,AMG,0.00037621252879218,69962.7
2019-10-24,AMG,0.000373096619918335,71329.35
2019-10-25,AMG,0.000372000314337365,73441.35
2019-10-28,AMG,0.00037151092159534,76378.9
2019-10-29,AMG,0.00039063614720395506,80395.85
2019-10-30,AMG,0.000389251868598505,84996.2
2019-10-31,AMG,0.00038559455756972006,86559.35
2019-11-01,AMG,0.000382476198009835,85305.0
2019-11-04,AMG,0.00038010562345155,84241.05
2019-11-05,AMG,0.00037874568331002997,83279.7
2019-11-06,AMG,0.00037694392288999004,82751.9
2019-11-07,AMG,0.00038222174277005003,80848.35
2019-11-08,AMG,0.00037952508262944,80907.95
2019-11-11,AMG,0.000370715589282065,80927.7
2019-11-12,AMG,0.00037070304443557003,81239.75
2019-11-13,AMG,0.00037211412822961995,83443.0
2019-11-14,AMG,0.00037141116520802,81442.85
2019-11-15,AMG,0.000371936496033545,82643.1
2019-11-18,AMG,0.00037241993854121,79938.95
2019-11-19,AMG,0.00037167264681954,78733.4
2019-11-20,AMG,0.00037270120842008503,77561.9
2019-11-21,AMG,0.000372946525686375,76397.3
2019-11-22,AMG,0.000374337164113405,76356.9
2019-11-25,AMG,0.00037051747214787,74774.3
2019-11-26,AMG,0.000349426097568615,72915.25
2019-11-27,AMG,0.00034558778927613003,70251.8
2019-11-29,AMG,0.00034198522794196505,68326.7
2019-12-02,AMG,0.00033587597626503,66127.5
2019-12-03,AMG,0.00033738265770956,67032.3
2019-12-04,AMG,0.000338995208291405,68902.9
2019-12-05,AMG,0.00033631699745394997,69088.95
2019-12-06,AMG,0.00032426983938964,68556.55
2019-12-09,AMG,0.00032156067780104503,65918.15
2019-12-10,AMG,0.000318739994504275,64192.85
2019-12-11,AMG,0.000318753947593515,63804.65
2019-12-12,AMG,0.000312272620508285,61524.75
2019-12-13,AMG,0.00031035132961564494,62068.05
2019-12-16,AMG,0.00031033722574449,60535.8
2019-12-17,AMG,0.000310995248515755,66341.3
2019-12-18,AMG,0.000306702175481365,68467.3
2019-12-19,AMG,0.00030292731174001497,71648.15
2019-12-20,AMG,0.00029639514385220003,73264.65
2019-12-23,AMG,0.000294809512910055,80749.8
2019-12-24,AMG,0.00030816977855257,84458.85
2019-12-26,AMG,0.000308264773828365,80900.6
2019-12-27,AMG,0.00031012924187066003,78713.9
2019-01-31,AMGN,0.0002680119217946717,539341.05
2019-02-01,AMGN,0.0002613459871686767,537655.95
2019-02-04,AMGN,0.0002487662037421917,516248.15
2019-02-05,AMGN,0.00024007010127281668,518344.9
2019-02-06,AMGN,0.0002346068734500267,519664.8
2019-02-07,AMGN,0.00022886374596300173,509142.3
2019-02-08,AMGN,0.00023698838519773,552433.65
2019-02-11,AMGN,0.00023425055938556998,552170.75
2019-02-12,AMGN,0.00022997326187211998,555517.75
2019-02-13,AMGN,0.00022901243645782004,557730.0
2019-02-14,AMGN,0.000225179746154445,555093.45
2019-02-15,AMGN,0.000223430900577,547713.1
2019-02-19,AMGN,0.00022518341136094504,558038.15
2019-02-20,AMGN,0.0002213625224914,547190.35
2019-02-21,AMGN,0.00021966074588207997,539464.6
2019-02-22,AMGN,0.00021975219641162002,535026.4
2019-02-25,AMGN,0.00021958773712016,534893.7
2019-02-26,AMGN,0.000215932332388345,540480.45
2019-02-27,AMGN,0.000209788675086195,519112.55
2019-02-28,AMGN,0.000209211339884755,499965.5
2019-03-01,AMGN,0.00019611059731322998,471066.15
2019-03-04,AMGN,0.00019365934445008,464543.4
2019-03-05,AMGN,0.000193372213310635,474294.6
2019-03-06,AMGN,0.00019631544053349002,458769.6
2019-03-07,AMGN,0.00020104811636110503,467616.4
2019-03-08,AMGN,0.00020509227877678,485718.6
2019-03-11,AMGN,0.00020489338117483501,458773.5
2019-03-12,AMGN,0.00020516658720814502,466977.8
2019-03-13,AMGN,0.0002059777379731,468407.45
2019-03-14,AMGN,0.00020749985735371996,476039.45
2019-03-15,AMGN,0.00020959388097943998,471150.0
2019-03-18,AMGN,0.000209510264748255,479910.5
2019-03-19,AMGN,0.000205758344667425,479320.6
2019-03-20,AMGN,0.000207101135392635,487320.8
2019-03-21,AMGN,0.00020797414522318,490108.0
2019-03-22,AMGN,0.00020817318386531,492560.75
2019-03-25,AMGN,0.00021097486964005,498317.85
2019-03-26,AMGN,0.000212474178356455,492179.25
2019-03-27,AMGN,0.000212327411591565,495301.75
2019-03-28,AMGN,0.00021326706586129998,506675.3
2019-03-29,AMGN,0.00021413568462130502,503257.75
2019-04-01,AMGN,0.00021751927195173002,503877.85
2019-04-02,AMGN,0.00021556317592591503,497437.7
2019-04-03,AMGN,0.00021217463745991502,507645.3
2019-04-04,AMGN,0.00020765841650565502,492886.2
2019-04-05,AMGN,0.00020476695880320997,477426.25
2019-04-08,AMGN,0.000204013331137655,484301.6
2019-04-09,AMGN,0.00020437253266198502,469823.6
2019-04-10,AMGN,0.00020278606179618,462455.6
2019-04-11,AMGN,0.0002010511011879,454779.6
2019-04-12,AMGN,0.000200856442050375,456744.55
2019-04-15,AMGN,0.00020046790967361998,435800.5
2019-04-16,AMGN,0.000201330155117435,427760.1
2019-04-17,AMGN,0.000201935964590575,430593.45
2019-04-18,AMGN,0.000206537566607295,436826.75
2019-04-22,AMGN,0.00021201546879799502,457896.65
2019-04-23,AMGN,0.00021160388911115003,463442.3
2019-04-24,AMGN,0.00021178940395505502,473437.05
2019-04-25,AMGN,0.000212669681411005,472732.8
2019-04-26,AMGN,0.00021297911779144,475604.35
2019-04-29,AMGN,0.00021593807167994498,474954.0
2019-04-30,AMGN,0.00021309663767360497,478878.9
2019-05-01,AMGN,0.00021581528043014496,494196.2
2019-05-02,AMGN,0.000231727049114965,511218.3
2019-05-03,AMGN,0.00023704875252541499,515264.45
2019-05-06,AMGN,0.00023965929163226,514679.35
2019-05-07,AMGN,0.00024046370939155998,513387.2
2019-05-08,AMGN,0.00024632450209722,525982.1
2019-05-09,AMGN,0.00025662987379125,536468.15
2019-05-10,AMGN,0.0002649987177743,547227.8
2019-05-13,AMGN,0.00027143390486928504,543540.65
2019-05-14,AMGN,0.00027822268002721,547465.4
2019-05-15,AMGN,0.000281251262384055,555797.4
2019-05-16,AMGN,0.00028701169049590497,557856.55
2019-05-17,AMGN,0.000284776569044115,559196.3
2019-05-20,AMGN,0.000281880505354685,541006.15
2019-05-21,AMGN,0.000283567683746695,531086.2
2019-05-22,AMGN,0.000282053679169065,518869.65
2019-05-23,AMGN,0.00028287444375443,515715.5
2019-05-24,AMGN,0.00028493828978069,509699.3
2019-05-28,AMGN,0.00028194453480999,513883.45
2019-05-29,AMGN,0.00028447608265244,508292.4
2019-05-30,AMGN,0.0002865768082383,503654.7
2019-05-31,AMGN,0.000273158870506035,485800.6
2019-06-03,AMGN,0.00026928096067445003,475293.35
2019-06-04,AMGN,0.00027788252172345504,494346.8
2019-06-05,AMGN,0.000280595429136155,504987.25
2019-06-06,AMGN,0.00027652468463614503,495384.25
2019-06-07,AMGN,0.00026937496940728997,483407.9
2019-06-10,AMGN,0.00026549649181129497,469274.95
2019-06-11,AMGN,0.000260004451126215,471563.5
2019-06-12,AMGN,0.00025412029479088,474262.0
2019-06-13,AMGN,0.00025289056636046495,470679.05
2019-06-14,AMGN,0.00024781703520331997,453717.95
2019-06-17,AMGN,0.000243792812074555,442127.55
2019-06-18,AMGN,0.000240437183858675,436778.25
2019-06-19,AMGN,0.00023836366290972,439620.6
2019-06-20,AMGN,0.00023784090457893998,436565.8
2019-06-21,AMGN,0.00024021599549866002,435221.65
2019-06-24,AMGN,0.00023855978669962003,439807.25
2019-06-25,AMGN,0.00023911925080973,441268.25
2019-06-26,AMGN,0.00024042600408699498,432677.2
2019-06-27,AMGN,0.00024011265974432502,418043.3
2019-06-28,AMGN,0.00023857519448187997,416693.9
2019-07-01,AMGN,0.000238939999530165,417651.8
2019-07-02,AMGN,0.00022977166408472,400052.45
2019-07-03,AMGN,0.00022718147124892,384107.95
2019-07-05,AMGN,0.00022468567013038998,382021.1
2019-07-08,AMGN,0.00022391653263863497,377922.8
2019-07-09,AMGN,0.00022453995672430498,382539.7
2019-07-10,AMGN,0.000224103772080455,378589.75
2019-07-11,AMGN,0.000223459416139595,373055.7
2019-07-12,AMGN,0.00022907585888601003,375346.8
2019-07-15,AMGN,0.00023069173317719,393533.25
2019-07-16,AMGN,0.00023155671897406,401021.8
2019-07-17,AMGN,0.000230012829530005,402986.35
2019-07-18,AMGN,0.00022703005458639,395735.35
2019-07-19,AMGN,0.00022587749889026502,391088.2
2019-07-22,AMGN,0.00022376504992957,388461.5
2019-07-23,AMGN,0.00022556634580336998,387841.55
2019-07-24,AMGN,0.00022298916912927,383648.6
2019-07-25,AMGN,0.00021882082123038997,388796.45
2019-07-26,AMGN,0.00021586849871111,388799.65
2019-07-29,AMGN,0.00021742924475012001,398907.2
2019-07-30,AMGN,0.00021600003936362498,399877.45
2019-07-31,AMGN,0.000213235136124765,393807.15
2019-08-01,AMGN,0.00022138186601166997,423853.9
2019-08-02,AMGN,0.00023180580929633502,437152.6
2019-08-05,AMGN,0.00023461682282276,443162.45
2019-08-06,AMGN,0.00023609850491085002,447890.15
2019-08-07,AMGN,0.00024080612955756,459024.75
2019-08-08,AMGN,0.00025057017781537504,468014.75
2019-08-09,AMGN,0.00024413179908215998,465553.85
2019-08-12,AMGN,0.000274670938283125,476047.85
2019-08-13,AMGN,0.00029391958313216,509211.0
2019-08-14,AMGN,0.000308799716465055,532017.05
2019-08-15,AMGN,0.00031745686642761003,544454.4
2019-08-16,AMGN,0.00032300133218879503,546555.7
2019-08-19,AMGN,0.00032690455073679,544454.15
2019-08-20,AMGN,0.00032652230096909,538890.15
2019-08-21,AMGN,0.00032869387674305,541456.65
2019-08-22,AMGN,0.00032962330164371,537551.85
2019-08-23,AMGN,0.000333903480858815,538135.95
2019-08-26,AMGN,0.000342553136878875,534774.5
2019-08-27,AMGN,0.00035164532042494,537857.55
2019-08-28,AMGN,0.00035690149838005496,538908.75
2019-08-29,AMGN,0.00035292385987777,515251.95
2019-08-30,AMGN,0.000345450364039585,502671.0
2019-09-03,AMGN,0.00034634062706558,498743.7
2019-09-04,AMGN,0.00034559661817213,494191.0
2019-09-05,AMGN,0.00034249357407801996,480871.55
2019-09-06,AMGN,0.00033466011444541996,469748.65
2019-09-09,AMGN,0.00033631297936148,464138.35
2019-09-10,AMGN,0.000312030635522415,453674.8
2019-09-11,AMGN,0.000298102632038705,435187.95
2019-09-12,AMGN,0.00028531285099384497,413667.3
2019-09-13,AMGN,0.00028131457821503,401583.1
2019-09-16,AMGN,0.00027703850342227496,400238.7
2019-09-17,AMGN,0.00027217935893434004,395313.15
2019-09-18,AMGN,0.00026733790708318,392746.0
2019-09-19,AMGN,0.00026720810287097,383956.4
2019-09-20,AMGN,0.000266853853361885,380684.4
2019-09-23,AMGN,0.000266374799885415,387549.1
2019-09-24,AMGN,0.000256747118624465,375376.55
2019-09-25,AMGN,0.000250595567918575,375072.35
2019-09-26,AMGN,0.00024777195236861,372607.3
2019-09-27,AMGN,0.00024129032189049997,364390.5
2019-09-30,AMGN,0.000242000242539045,362502.55
2019-10-01,AMGN,0.00024064700702966998,364662.65
2019-10-02,AMGN,0.00023883391132295502,361634.75
2019-10-03,AMGN,0.00024099512277338,369190.15
2019-10-04,AMGN,0.00024257851574588499,374698.3
2019-10-07,AMGN,0.00024079946216894998,378731.75
2019-10-08,AMGN,0.000233503814995655,367785.3
2019-10-09,AMGN,0.000231738869852275,347369.4
2019-10-10,AMGN,0.00023296737072192502,340937.7
2019-10-11,AMGN,0.00022991691324355,334104.8
2019-10-14,AMGN,0.000232124748597685,337195.75
2019-10-15,AMGN,0.000230696495558155,340284.05
2019-10-16,AMGN,0.000231309723577985,335972.4
2019-10-17,AMGN,0.00023027109460916503,337962.45
2019-10-18,AMGN,0.00023196453330501,338314.5
2019-10-21,AMGN,0.00023041721864850497,333326.4
2019-10-22,AMGN,0.00023005249919714,331805.65
2019-10-23,AMGN,0.00022986435632456497,331485.5
2019-10-24,AMGN,0.00022863507374327004,328884.0
2019-10-25,AMGN,0.00022779220970070503,327679.85
2019-10-28,AMGN,0.00022287340289400001,323218.6
2019-10-29,AMGN,0.000218787587247495,320931.25
2019-10-30,AMGN,0.00022180259459535,330961.9
2019-10-31,AMGN,0.00022894141784517,328991.95
2019-11-01,AMGN,0.000228223270660505,331962.55
2019-11-04,AMGN,0.00022952110935143999,336626.15
2019-11-05,AMGN,0.00022802345407129998,340894.8
2019-11-06,AMGN,0.00023050686550998498,343059.35
2019-11-07,AMGN,0.000227931581064155,350101.7
2019-11-08,AMGN,0.00022703939245743003,356941.7
2019-11-11,AMGN,0.00022292598956293004,352242.7
2019-11-12,AMGN,0.0002227400236662,349037.25
2019-11-13,AMGN,0.00022375372165402003,359376.8
2019-11-14,AMGN,0.00022532948615538,363142.95
2019-11-15,AMGN,0.00022556065740460002,371599.1
2019-11-18,AMGN,0.00022198519427887002,369277.25
2019-11-19,AMGN,0.00022144831182586,372897.15
2019-11-20,AMGN,0.00021922814595097003,372374.3
2019-11-21,AMGN,0.00022137201713098498,386055.85
2019-11-22,AMGN,0.00022516116473410497,395937.7
2019-11-25,AMGN,0.000226535481428,398790.95
2019-11-26,AMGN,0.00022975105440815996,402656.65
2019-11-27,AMGN,0.00022496127008083002,394164.4
2019-11-29,AMGN,0.0002124080217097,387681.5
2019-12-02,AMGN,0.00020681064574827,374548.55
2019-12-03,AMGN,0.00020635152099294997,362090.35
2019-12-04,AMGN,0.00020795157172320998,351157.15
2019-12-05,AMGN,0.00020129650701429497,341396.05
2019-12-06,AMGN,0.00020262514606070003,334557.7
2019-12-09,AMGN,0.0002017959013713,326361.05
2019-12-10,AMGN,0.00020124122556041502,325011.1
2019-12-11,AMGN,0.00020099158538575498,325113.65
2019-12-12,AMGN,0.00019961523090278002,314302.4
2019-12-13,AMGN,0.000199886229220025,307144.0
2019-12-16,AMGN,0.00019981933336201497,301524.65
2019-12-17,AMGN,0.00020133716235193,306532.05
2019-12-18,AMGN,0.00020286879607671503,304723.05
2019-12-19,AMGN,0.00020416137479796497,300519.2
2019-12-20,AMGN,0.00020117576436884502,287756.15
2019-12-23,AMGN,0.00020258495823403502,279812.95
2019-12-24,AMGN,0.00020220193562406,274142.05
2019-12-26,AMGN,0.00019705674203394498,260797.55
2019-12-27,AMGN,0.00019286255389403,249916.35
2019-01-31,AMP,0.00039935261144792003,145535.2
2019-02-01,AMP,0.00040948774037046,143432.8
2019-02-04,AMP,0.00040301800451852997,144305.75
2019-02-05,AMP,0.00039594885900681996,140595.6
2019-02-06,AMP,0.0003926557410609649,138254.0
2019-02-07,AMP,0.00038706347142408997,136668.05
2019-02-08,AMP,0.00039641271972186496,142495.6
2019-02-11,AMP,0.00039248325790384,142884.05
2019-02-12,AMP,0.00038616837087992,142435.8
2019-02-13,AMP,0.000379009744517245,140303.6
2019-02-14,AMP,0.000368863794925635,140006.05
2019-02-15,AMP,0.00036697893739901,137876.3
2019-02-19,AMP,0.00035988408097454,136104.7
2019-02-20,AMP,0.00035199030870542,136751.45
2019-02-21,AMP,0.000346332424649495,136058.5
2019-02-22,AMP,0.00034059769698262,138623.75
2019-02-25,AMP,0.00033400272924366504,140180.7
2019-02-26,AMP,0.0003291503478779,144837.35
2019-02-27,AMP,0.000322162077347535,144129.5
2019-02-28,AMP,0.000321571868500195,145132.2
2019-03-01,AMP,0.000307318161019065,142268.35
2019-03-04,AMP,0.000283737830808905,140719.25
2019-03-05,AMP,0.00027614047378303003,138934.1
2019-03-06,AMP,0.0002730860978091,140682.65
2019-03-07,AMP,0.00027042106881407,141151.25
2019-03-08,AMP,0.00026950190039106,143352.55
2019-03-11,AMP,0.000263721005919885,145357.5
2019-03-12,AMP,0.000258690006028955,148918.1
2019-03-13,AMP,0.00025631155365179,151291.1
2019-03-14,AMP,0.000256270187402225,155048.35
2019-03-15,AMP,0.00025385984630749,160803.8
2019-03-18,AMP,0.00025179982562391004,165072.05
2019-03-19,AMP,0.00025055499294854,170939.55
2019-03-20,AMP,0.00024785321324497,169171.0
2019-03-21,AMP,0.00025079725779835496,171677.45
2019-03-22,AMP,0.00025049071729129496,170172.8
2019-03-25,AMP,0.000256639918618595,170292.2
2019-03-26,AMP,0.00026031478031327503,167185.05
2019-03-27,AMP,0.00025820293367976503,168295.9
2019-03-28,AMP,0.000258223905944615,167874.1
2019-03-29,AMP,0.000261156600389865,168681.2
2019-04-01,AMP,0.000261707154420315,168361.85
2019-04-02,AMP,0.00026092569180871997,169255.9
2019-04-03,AMP,0.00026520053779808996,175449.4
2019-04-04,AMP,0.00026548547812500496,176453.8
2019-04-05,AMP,0.00026117985660164,174944.4
2019-04-08,AMP,0.000257036657382815,171398.45
2019-04-09,AMP,0.00025555902932116,164427.35
2019-04-10,AMP,0.00025553618311585505,160533.2
2019-04-11,AMP,0.000253091856388615,155615.0
2019-04-12,AMP,0.000255226032874945,149767.1
2019-04-15,AMP,0.00025647674512101,145473.95
2019-04-16,AMP,0.000256855911162715,139989.95
2019-04-17,AMP,0.00025725852692957995,140524.15
2019-04-18,AMP,0.00025435226907410003,136668.15
2019-04-22,AMP,0.00025397481152342,136021.85
2019-04-23,AMP,0.000247059828902425,133214.5
2019-04-24,AMP,0.00023977534154087497,129837.4
2019-04-25,AMP,0.00023802474704402,128782.6
2019-04-26,AMP,0.00024302208948005002,129816.5
2019-04-29,AMP,0.000241225636019905,126538.2
2019-04-30,AMP,0.00023993974211851,124689.8
2019-05-01,AMP,0.00023779222162096498,126447.8
2019-05-02,AMP,0.000232618875208245,119798.0
2019-05-03,AMP,0.00023414765492614002,120115.05
2019-05-06,AMP,0.00023545609319995499,120366.25
2019-05-07,AMP,0.00023833977734504,123593.5
2019-05-08,AMP,0.000242251065767075,126724.5
2019-05-09,AMP,0.00024535885323824497,128344.0
2019-05-10,AMP,0.00025078878670258496,131485.9
2019-05-13,AMP,0.00025339931531744497,133856.45
2019-05-14,AMP,0.000257453723083305,141856.35
2019-05-15,AMP,0.00025818511993622504,146085.2
2019-05-16,AMP,0.0002657388959288,148299.0
2019-05-17,AMP,0.00026548453487712,148488.55
2019-05-20,AMP,0.000266312998435535,150537.35
2019-05-21,AMP,0.00026798477829558,155100.95
2019-05-22,AMP,0.00026882255974477,158818.45
2019-05-23,AMP,0.00026710294673329497,159758.95
2019-05-24,AMP,0.000260615782949245,159887.9
2019-05-28,AMP,0.000257331453143445,160215.25
2019-05-29,AMP,0.00025618188451679,160874.1
2019-05-30,AMP,0.00025789971609621,159375.65
2019-05-31,AMP,0.000255938057487605,157860.85
2019-06-03,AMP,0.000256914951830035,160353.75
2019-06-04,AMP,0.00026034637799742996,164100.8
2019-06-05,AMP,0.00026190797221129,164842.9
2019-06-06,AMP,0.000260640336839325,165561.25
2019-06-07,AMP,0.000257401591434415,164976.7
2019-06-10,AMP,0.00025269344232065,160363.9
2019-06-11,AMP,0.00024942415886749,159017.55
2019-06-12,AMP,0.00024117970488371,153437.0
2019-06-13,AMP,0.00023908770656276999,152895.35
2019-06-14,AMP,0.00022943859681148998,148078.85
2019-06-17,AMP,0.00022695868154730498,146294.3
2019-06-18,AMP,0.000228687779234145,153584.65
2019-06-19,AMP,0.00023398772314843502,152890.05
2019-06-20,AMP,0.00023645056750537502,151796.35
2019-06-21,AMP,0.00024153390209621,153549.35
2019-06-24,AMP,0.000242499786294435,151020.75
2019-06-25,AMP,0.00024638014547497997,151804.4
2019-06-26,AMP,0.00025051426712224,156683.5
2019-06-27,AMP,0.000249308164595745,157451.7
2019-06-28,AMP,0.00025550246157832,161307.2
2019-07-01,AMP,0.00025233663826452503,159979.05
2019-07-02,AMP,0.00025136453737818,157948.75
2019-07-03,AMP,0.00024788321682144,156203.4
2019-07-05,AMP,0.000244023613988705,151206.65
2019-07-08,AMP,0.00024465040525139994,151588.3
2019-07-09,AMP,0.0002445228546704,154135.05
2019-07-10,AMP,0.00024172007319355,153025.35
2019-07-11,AMP,0.00024209532318862,148284.35
2019-07-12,AMP,0.00024001447618520502,143666.6
2019-07-15,AMP,0.00023985053447370502,142425.55
2019-07-16,AMP,0.00024047741729348003,141065.35
2019-07-17,AMP,0.00023750338150260999,129882.45
2019-07-18,AMP,0.00022927564016206998,126139.2
2019-07-19,AMP,0.00022655383017463,122493.5
2019-07-22,AMP,0.000223856577190335,116314.5
2019-07-23,AMP,0.00022131736198608,114476.5
2019-07-24,AMP,0.00021636919990364502,111140.75
2019-07-25,AMP,0.00021181765713378502,105255.6
2019-07-26,AMP,0.00022702526532013,106976.45
2019-07-29,AMP,0.00022212492172503498,101884.0
2019-07-30,AMP,0.00021891039434782,97690.1
2019-07-31,AMP,0.000213952267600545,94402.45
2019-08-01,AMP,0.000215433687704215,92138.65
2019-08-02,AMP,0.00022623759838996,96206.35
2019-08-05,AMP,0.00023087636496835502,102021.6
2019-08-06,AMP,0.00024115417888823497,108163.7
2019-08-07,AMP,0.00024959552093962,114194.95
2019-08-08,AMP,0.000260591366696525,124782.7
2019-08-09,AMP,0.00026575455476907496,131566.95
2019-08-12,AMP,0.00027349858269559,138901.85
2019-08-13,AMP,0.000279450265009135,146281.7
2019-08-14,AMP,0.000289030949578275,157808.6
2019-08-15,AMP,0.00029858378014191,163017.05
2019-08-16,AMP,0.00030836631622529,168661.05
2019-08-19,AMP,0.00031306536377338,173480.15
2019-08-20,AMP,0.000316359865335235,174329.05
2019-08-21,AMP,0.000324021413523375,175677.45
2019-08-22,AMP,0.00032721862324081995,173963.3
2019-08-23,AMP,0.000313264641394525,168124.4
2019-08-26,AMP,0.00032200335560726,170411.2
2019-08-27,AMP,0.000326083006794455,170217.1
2019-08-28,AMP,0.00033076372649414,173778.75
2019-08-29,AMP,0.00033422062061180997,175040.3
2019-08-30,AMP,0.00033026001640430004,171757.85
2019-09-03,AMP,0.00032542290035660504,164884.6
2019-09-04,AMP,0.00032324108867569005,158003.7
2019-09-05,AMP,0.00031933158266256496,150939.2
2019-09-06,AMP,0.000312864852681735,143252.2
2019-09-09,AMP,0.00031100150113582,138912.1
2019-09-10,AMP,0.000307106989202845,137591.1
2019-09-11,AMP,0.000308557545315905,140258.2
2019-09-12,AMP,0.000305175645140265,131851.9
2019-09-13,AMP,0.00030148079413745,127849.75
2019-09-16,AMP,0.00029410323633765505,122993.15
2019-09-17,AMP,0.00029572005547637005,120110.5
2019-09-18,AMP,0.000296226984255605,119217.5
2019-09-19,AMP,0.0002942937897891,117710.9
2019-09-20,AMP,0.00029366981309057,118470.15
2019-09-23,AMP,0.00029506977821585495,116938.7
2019-09-24,AMP,0.00028837256213501,114990.1
2019-09-25,AMP,0.00029103758018689,116857.8
2019-09-26,AMP,0.000291084494565665,112139.0
2019-09-27,AMP,0.00028808304985322497,109392.45
2019-09-30,AMP,0.000287450097206005,109680.85
2019-10-01,AMP,0.00028780422638708,110952.65
2019-10-02,AMP,0.00028836723918339497,115166.4
2019-10-03,AMP,0.000293193975805725,120210.5
2019-10-04,AMP,0.00029752403398551,121176.35
2019-10-07,AMP,0.000299698963419265,121447.5
2019-10-08,AMP,0.00030271028178679,117970.9
2019-10-09,AMP,0.00030544649672725,115241.35
2019-10-10,AMP,0.00030228880484508495,114123.9
2019-10-11,AMP,0.00030209072636857,112631.7
2019-10-14,AMP,0.000307209851143435,113985.75
2019-10-15,AMP,0.00030060307661023496,113170.1
2019-10-16,AMP,0.00029810855911616,112589.5
2019-10-17,AMP,0.000295911292805375,114097.4
2019-10-18,AMP,0.00029480411991519,113222.85
2019-10-21,AMP,0.000291666360481485,115464.25
2019-10-22,AMP,0.00028889336812292497,116045.6
2019-10-23,AMP,0.00028515546897099,115875.9
2019-10-24,AMP,0.000282036101308495,118376.6
2019-10-25,AMP,0.000291145528330535,123268.0
2019-10-28,AMP,0.000289793966710205,122764.3
2019-10-29,AMP,0.00028952913153016,119395.2
2019-10-30,AMP,0.000281232675655725,113396.4
2019-10-31,AMP,0.000276553450035945,108809.1
2019-11-01,AMP,0.000270405284810845,106133.95
2019-11-04,AMP,0.000267132340571445,103786.0
2019-11-05,AMP,0.00026258397345337,102432.85
2019-11-06,AMP,0.000254243872523445,95179.35
2019-11-07,AMP,0.00025359689260102004,92836.25
2019-11-08,AMP,0.00025148772868245503,92726.5
2019-11-11,AMP,0.00024573291992455,91248.35
2019-11-12,AMP,0.00024736614479909004,91809.2
2019-11-13,AMP,0.00024774268454786996,94846.75
2019-11-14,AMP,0.00025049307985929996,95987.95
2019-11-15,AMP,0.00025250521302947,98389.5
2019-11-18,AMP,0.000251038388303215,98754.9
2019-11-19,AMP,0.00025790994669204,100912.75
2019-11-20,AMP,0.00025741240898308,99918.5
2019-11-21,AMP,0.00025980022439355997,101295.55
2019-11-22,AMP,0.00025153838134089505,100381.15
2019-11-25,AMP,0.00024926525163266504,102684.95
2019-11-26,AMP,0.000248838510800935,106602.95
2019-11-27,AMP,0.00024935628192981,109645.85
2019-11-29,AMP,0.000247521001631955,112035.4
2019-12-02,AMP,0.000243308257383635,112956.5
2019-12-03,AMP,0.000246197784256335,118708.6
2019-12-04,AMP,0.00024847301731133,121104.25
2019-12-05,AMP,0.0002459938516647,121370.3
2019-12-06,AMP,0.00024191499508452002,122145.0
2019-12-09,AMP,0.000239131642558165,121805.1
2019-12-10,AMP,0.00023294905881973498,123405.1
2019-12-11,AMP,0.00022894467666462496,124263.45
2019-12-12,AMP,0.00022527993713879,123787.3
2019-12-13,AMP,0.000223907248028635,123682.05
2019-12-16,AMP,0.00022327733288605997,122405.1
2019-12-17,AMP,0.00022212709480364502,119967.55
2019-12-18,AMP,0.00021491900660395997,117986.8
2019-12-19,AMP,0.00020889499328262,118446.8
2019-12-20,AMP,0.000204225451172855,116023.3
2019-12-23,AMP,0.00019862365072069,114382.6
2019-12-24,AMP,0.00019485942621439,111946.35
2019-12-26,AMP,0.00019031215035598,106190.2
2019-12-27,AMP,0.00018555505938179,101284.45
2019-01-31,AMT,0.000325086544773245,145788.35
2019-02-01,AMT,0.000312799370466655,153058.75
2019-02-04,AMT,0.00030267255102387,162817.1
2019-02-05,AMT,0.00029425967174106,171088.45
2019-02-06,AMT,0.00028471431481969504,173802.95
2019-02-07,AMT,0.00027579775277169,172732.2
2019-02-08,AMT,0.0002796862441769,178572.3
2019-02-11,AMT,0.00027185598755897003,178092.8
2019-02-12,AMT,0.00026601284611939,174663.8
2019-02-13,AMT,0.00026119565894446993,177156.95
2019-02-14,AMT,0.00025711863305669504,177102.3
2019-02-15,AMT,0.000255283144037895,180656.1
2019-02-19,AMT,0.00024851229955283,182274.3
2019-02-20,AMT,0.000241351320822825,187587.25
2019-02-21,AMT,0.00023659478099548504,188417.4
2019-02-22,AMT,0.00023260025637540503,191134.4
2019-02-25,AMT,0.00022980158498521003,192717.8
2019-02-26,AMT,0.000224843419927305,195445.75
2019-02-27,AMT,0.00021793900086848,202719.55
2019-02-28,AMT,0.00022879470096626,202489.85
2019-03-01,AMT,0.000229686609294625,206856.35
2019-03-04,AMT,0.00022774923914789497,199683.35
2019-03-05,AMT,0.00022202456050591498,190238.9
2019-03-06,AMT,0.00021716305937659,183032.15
2019-03-07,AMT,0.00021378241801023497,179723.7
2019-03-08,AMT,0.00021257225470536,179310.7
2019-03-11,AMT,0.000211004728003935,178048.7
2019-03-12,AMT,0.000212441366083925,181548.2
2019-03-13,AMT,0.00021432165423864499,185013.4
2019-03-14,AMT,0.00021201208843534504,183651.4
2019-03-15,AMT,0.00021166554530879499,181857.0
2019-03-18,AMT,0.00020997265025926503,176890.95
2019-03-19,AMT,0.000209457400666115,177692.65
2019-03-20,AMT,0.00020890467490543998,174911.95
2019-03-21,AMT,0.00021001977823504998,173734.15
2019-03-22,AMT,0.00020925307767729497,170503.95
2019-03-25,AMT,0.00021075754862157498,171906.75
2019-03-26,AMT,0.00021267255876636,172117.0
2019-03-27,AMT,0.00021359588752648998,167671.5
2019-03-28,AMT,0.00020583313626823,170546.6
2019-03-29,AMT,0.0002020546024006,162429.05
2019-04-01,AMT,0.00019956188385565998,169864.65
2019-04-02,AMT,0.00020203541725246501,177430.4
2019-04-03,AMT,0.000205114471929095,180028.4
2019-04-04,AMT,0.00020678173004303997,188797.05
2019-04-05,AMT,0.00020578138780235,190522.9
2019-04-08,AMT,0.00020424352658880503,197654.1
2019-04-09,AMT,0.000203939100114985,194755.35
2019-04-10,AMT,0.0002005832240269,192532.8
2019-04-11,AMT,0.00020051041575645502,192428.2
2019-04-12,AMT,0.00019898437092134,195671.35
2019-04-15,AMT,0.00020000836950516003,195962.4
2019-04-16,AMT,0.00020208734089333,196692.25
2019-04-17,AMT,0.00020290417674549498,199636.9
2019-04-18,AMT,0.00020423613000978002,205024.35
2019-04-22,AMT,0.0002068056055136,204025.95
2019-04-23,AMT,0.000206823616970395,198727.6
2019-04-24,AMT,0.000206568843435345,196552.55
2019-04-25,AMT,0.00020620172535113502,193732.75
2019-04-26,AMT,0.000205259346135215,186493.9
2019-04-29,AMT,0.00020398465667188998,185121.95
2019-04-30,AMT,0.00020520325350911,171986.05
2019-05-01,AMT,0.00020291612193149502,164840.95
2019-05-02,AMT,0.00020390660404247,159968.9
2019-05-03,AMT,0.00020315185576346497,154165.5
2019-05-06,AMT,0.00021047305597103502,149040.4
2019-05-07,AMT,0.00021532676130834498,142687.05
2019-05-08,AMT,0.0002188390412369,145429.45
2019-05-09,AMT,0.00022392415928821998,149615.6
2019-05-10,AMT,0.000229196633595385,149815.4
2019-05-13,AMT,0.00023178077679758,149491.95
2019-05-14,AMT,0.00023521823945402498,153497.9
2019-05-15,AMT,0.0002347906825038,154695.5
2019-05-16,AMT,0.00023787915040280496,150211.2
2019-05-17,AMT,0.000234938186478305,144481.85
2019-05-20,AMT,0.00023192782587869997,147275.85
2019-05-21,AMT,0.00023790011764034,150753.05
2019-05-22,AMT,0.000236424348735285,154148.4
2019-05-23,AMT,0.00023604871485931003,153911.9
2019-05-24,AMT,0.00023643844437761002,157882.9
2019-05-28,AMT,0.00023578926773776,159892.55
2019-05-29,AMT,0.00023587147767686997,160992.2
2019-05-30,AMT,0.00023617610308571498,161292.85
2019-05-31,AMT,0.00023795684362719498,161675.25
2019-06-03,AMT,0.00023857403900085,166131.05
2019-06-04,AMT,0.000233097697556865,171556.1
2019-06-05,AMT,0.000231097155708265,174960.9
2019-06-06,AMT,0.00022979976578064998,173967.45
2019-06-07,AMT,0.00022731423831432503,168726.15
2019-06-10,AMT,0.00022712729995712997,168484.5
2019-06-11,AMT,0.00022749498389007996,173895.55
2019-06-12,AMT,0.000225641208981745,173815.95
2019-06-13,AMT,0.00022693428077458997,172622.6
2019-06-14,AMT,0.000227012682288395,176069.1
2019-06-17,AMT,0.00022772909312819,177399.5
2019-06-18,AMT,0.00023251678212044,175653.7
2019-06-19,AMT,0.00022962079444352,174972.45
2019-06-20,AMT,0.00023220777511208496,170585.6
2019-06-21,AMT,0.00023605675419181502,169605.25
2019-06-24,AMT,0.00023774912803237497,166969.7
2019-06-25,AMT,0.00023988165502267,162463.6
2019-06-26,AMT,0.00023950713528473502,163046.15
2019-06-27,AMT,0.00024225789546150498,167691.8
2019-06-28,AMT,0.00023856000452589002,170655.55
2019-07-01,AMT,0.00023639119333036503,167385.7
2019-07-02,AMT,0.00024057572692198501,170054.65
2019-07-03,AMT,0.000240740356580295,174893.9
2019-07-05,AMT,0.00023881317225368003,172680.4
2019-07-08,AMT,0.000239514607858135,172389.25
2019-07-09,AMT,0.00023750625912723498,172184.5
2019-07-10,AMT,0.00023794157648569501,169658.35
2019-07-11,AMT,0.000236398488369735,170997.5
2019-07-12,AMT,0.0002352041280569,171089.0
2019-07-15,AMT,0.00023263847958985502,168717.85
2019-07-16,AMT,0.00023305188142581497,166236.25
2019-07-17,AMT,0.00022971559364877501,164599.25
2019-07-18,AMT,0.000224356254835535,163837.65
2019-07-19,AMT,0.00022546941064939004,164510.45
2019-07-22,AMT,0.00022084357561262,173069.6
2019-07-23,AMT,0.00021847174107505002,172938.9
2019-07-24,AMT,0.000217363988700475,175775.55
2019-07-25,AMT,0.00021747734653794498,177491.9
2019-07-26,AMT,0.00021291377191355,169470.9
2019-07-29,AMT,0.00020962599264957,164569.3
2019-07-30,AMT,0.00021002332262242497,160259.8
2019-07-31,AMT,0.000206201415137335,159477.0
2019-08-01,AMT,0.000213347540736105,154704.0
2019-08-02,AMT,0.00021781223001800498,154516.3
2019-08-05,AMT,0.00021773871059368004,156803.45
2019-08-06,AMT,0.000221986222109995,165468.6
2019-08-07,AMT,0.00022491055090859,165831.7
2019-08-08,AMT,0.00023179028929564498,164776.9
2019-08-09,AMT,0.000234257492315905,162411.1
2019-08-12,AMT,0.000238095798812675,161669.25
2019-08-13,AMT,0.00023781844999544002,162532.35
2019-08-14,AMT,0.000240718910062555,167017.65
2019-08-15,AMT,0.00024729875410271,166897.4
2019-08-16,AMT,0.00025003935297513,168936.35
2019-08-19,AMT,0.000253253400835325,163008.2
2019-08-20,AMT,0.000253063848555545,164315.35
2019-08-21,AMT,0.000257365723806235,164676.2
2019-08-22,AMT,0.00025910476159235,161487.2
2019-08-23,AMT,0.000259815005314015,161144.95
2019-08-26,AMT,0.00026571740508443,161078.55
2019-08-27,AMT,0.00026625634711376,160160.9
2019-08-28,AMT,0.00026541540315073005,153623.05
2019-08-29,AMT,0.000258453616573225,149798.5
2019-08-30,AMT,0.0002526841040683,146860.6
2019-09-03,AMT,0.00025100340777915,142037.45
2019-09-04,AMT,0.00024820848379241003,136475.5
2019-09-05,AMT,0.00024633717240915,131985.25
2019-09-06,AMT,0.000242592909875025,132332.85
2019-09-09,AMT,0.00024235987856791003,138485.4
2019-09-10,AMT,0.000242639877173875,145535.9
2019-09-11,AMT,0.00025744564670586,153438.05
2019-09-12,AMT,0.00026205558199015,156403.0
2019-09-13,AMT,0.00026447827960837005,160642.7
2019-09-16,AMT,0.00026659351975937007,159200.45
2019-09-17,AMT,0.00026747365038293995,159079.35
2019-09-18,AMT,0.000272777899171895,160289.55
2019-09-19,AMT,0.00027185376457866,157254.05
2019-09-20,AMT,0.00027534279207142503,164140.15
2019-09-23,AMT,0.000278790456267965,166111.65
2019-09-24,AMT,0.00027379775380099503,165891.35
2019-09-25,AMT,0.00027320961248659,167058.85
2019-09-26,AMT,0.00027423962603888,168905.5
2019-09-27,AMT,0.00027150041516039997,169296.3
2019-09-30,AMT,0.000275094174161945,173605.15
2019-10-01,AMT,0.00027668942663175,176717.95
2019-10-02,AMT,0.000278251389554105,174547.85
2019-10-03,AMT,0.000277392615463835,174989.4
2019-10-04,AMT,0.000279525248802915,173040.1
2019-10-07,AMT,0.00027836160925733,166316.65
2019-10-08,AMT,0.000274951479154345,155516.9
2019-10-09,AMT,0.000262555484410295,151727.6
2019-10-10,AMT,0.00025538089788569,143701.7
2019-10-11,AMT,0.000250144153261675,140955.0
2019-10-14,AMT,0.00024449862506408497,140129.05
2019-10-15,AMT,0.00023975556783931,136345.65
2019-10-16,AMT,0.000233898985614265,133404.75
2019-10-17,AMT,0.00023379076743059,135060.55
2019-10-18,AMT,0.00022838709770298,129843.05
2019-10-21,AMT,0.00022761897649762,129837.1
2019-10-22,AMT,0.00022872854925834498,130441.85
2019-10-23,AMT,0.00022866498233198502,132728.6
2019-10-24,AMT,0.00022677622397099,130486.1
2019-10-25,AMT,0.00022965567963979501,130215.45
2019-10-28,AMT,0.00023407328987335997,130206.8
2019-10-29,AMT,0.00023759384368725501,138429.05
2019-10-30,AMT,0.00023766084064877997,141652.85
2019-10-31,AMT,0.00023765897756618002,146590.0
2019-11-01,AMT,0.000244234570244525,145839.25
2019-11-04,AMT,0.00024686007043366,148449.55
2019-11-05,AMT,0.00025011264406074,151515.9
2019-11-06,AMT,0.00025808396824411,154776.4
2019-11-07,AMT,0.000261120030178975,155951.7
2019-11-08,AMT,0.000263121602323305,153351.55
2019-11-11,AMT,0.000263079803959255,152240.15
2019-11-12,AMT,0.000268095238587645,152885.55
2019-11-13,AMT,0.00027279485395462503,153043.55
2019-11-14,AMT,0.00027322257225032996,153725.7
2019-11-15,AMT,0.00027476124541995,152969.25
2019-11-18,AMT,0.000272334593363665,153713.35
2019-11-19,AMT,0.000273803688514975,153153.75
2019-11-20,AMT,0.00027287603968704,151632.8
2019-11-21,AMT,0.000275671956227375,151908.65
2019-11-22,AMT,0.000275727750568255,156814.55
2019-11-25,AMT,0.00027232861614356,155144.15
2019-11-26,AMT,0.000270031769018215,146185.7
2019-11-27,AMT,0.00026927308275066,141901.5
2019-11-29,AMT,0.000271786861224515,135079.95
2019-12-02,AMT,0.000258317669833195,129955.8
2019-12-03,AMT,0.000257705677762735,126284.1
2019-12-04,AMT,0.0002592973391759,127868.0
2019-12-05,AMT,0.00025036440819316004,121720.15
2019-12-06,AMT,0.00024784722238424,119024.85
2019-12-09,AMT,0.00024611552752183,119131.6
2019-12-10,AMT,0.00024257782388242502,116991.2
2019-12-11,AMT,0.00024136847385982,118139.6
2019-12-12,AMT,0.00023732816667676498,119561.55
2019-12-13,AMT,0.00023706224759930005,122857.35
2019-12-16,AMT,0.00023837035379585,125396.55
2019-12-17,AMT,0.000238599993625825,126523.75
2019-12-18,AMT,0.00023779712390711,131422.4
2019-12-19,AMT,0.0002399657074075,133014.4
2019-12-20,AMT,0.00024206082125481,136900.6
2019-12-23,AMT,0.000246820379879915,135232.65
2019-12-24,AMT,0.00024245534426347,135358.45
2019-12-26,AMT,0.00023853127480771,132074.75
2019-12-27,AMT,0.0002341582039844,129014.1
2019-01-31,AMZN,0.000328595156182955,623088.35
2019-02-01,AMZN,0.00031690110384351497,631923.65
2019-02-04,AMZN,0.00030994693940196,637391.5
2019-02-05,AMZN,0.00030214678072571497,615943.4
2019-02-06,AMZN,0.00029306903069264,598704.2
2019-02-07,AMZN,0.00028231650845249496,581873.45
2019-02-08,AMZN,0.000288960447499485,605564.25
2019-02-11,AMZN,0.00028387789733206497,602473.4
2019-02-12,AMZN,0.00028166367339265,595680.95
2019-02-13,AMZN,0.00027392223361489,590323.1
2019-02-14,AMZN,0.0002695488727184,573725.5
2019-02-15,AMZN,0.000267661349666855,562309.95
2019-02-19,AMZN,0.00026420759239137003,561445.55
2019-02-20,AMZN,0.00026085908987177,550824.4
2019-02-21,AMZN,0.00025389566664841,537087.85
2019-02-22,AMZN,0.00024792854227501,531995.3
2019-02-25,AMZN,0.00024212276625906003,526935.65
2019-02-26,AMZN,0.00023995689287780998,515538.9
2019-02-27,AMZN,0.00023436118398134498,502428.4
2019-02-28,AMZN,0.00023001622967397002,494863.3
2019-03-01,AMZN,0.000225724732516535,478749.85
2019-03-04,AMZN,0.00021901717867205502,460380.5
2019-03-05,AMZN,0.00021272778220275999,447650.1
2019-03-06,AMZN,0.00021019220990539,443605.8
2019-03-07,AMZN,0.00021084304508140996,445947.7
2019-03-08,AMZN,0.00021290857196940501,452271.25
2019-03-11,AMZN,0.00021124678573482,446969.2
2019-03-12,AMZN,0.00020942637671027002,440977.7
2019-03-13,AMZN,0.00020854755946754503,442589.6
2019-03-14,AMZN,0.00020784943759911503,436573.65
2019-03-15,AMZN,0.000206369327968715,436010.1
2019-03-18,AMZN,0.00020225327873287,448640.5
2019-03-19,AMZN,0.00020178826768046002,458377.45
2019-03-20,AMZN,0.00020359877688642998,473062.1
2019-03-21,AMZN,0.00020527838058674998,485302.4
2019-03-22,AMZN,0.00020592751710457,490237.45
2019-03-25,AMZN,0.00021225348664526497,502378.05
2019-03-26,AMZN,0.00021838436954825998,508296.95
2019-03-27,AMZN,0.00022053483803134,520380.35
2019-03-28,AMZN,0.00022562969246311997,521600.45
2019-03-29,AMZN,0.00022780847182281,522241.55
2019-04-01,AMZN,0.00022931868796965,514207.55
2019-04-02,AMZN,0.000224968792860615,507680.95
2019-04-03,AMZN,0.000223169297276695,510696.65
2019-04-04,AMZN,0.00021991511750231503,511330.65
2019-04-05,AMZN,0.00021579333359949502,507101.2
2019-04-08,AMZN,0.00021011295479303498,508050.65
2019-04-09,AMZN,0.000207382242219955,509478.2
2019-04-10,AMZN,0.000204667359275235,511264.25
2019-04-11,AMZN,0.00020390144647483495,509489.35
2019-04-12,AMZN,0.00020207212136040504,510835.25
2019-04-15,AMZN,0.00019873330105190003,498419.3
2019-04-16,AMZN,0.00019668755392766003,488953.65
2019-04-17,AMZN,0.000190864111786965,473355.35
2019-04-18,AMZN,0.0001863710556992,460250.1
2019-04-22,AMZN,0.000181617172413135,450540.85
2019-04-23,AMZN,0.000173886456745045,442786.0
2019-04-24,AMZN,0.00016565473681249502,447186.75
2019-04-25,AMZN,0.00016188650984136,438740.05
2019-04-26,AMZN,0.000156178357295105,440513.7
2019-04-29,AMZN,0.00015871303975645,461010.25
2019-04-30,AMZN,0.00015775399962495,466532.65
2019-05-01,AMZN,0.00015777932011106,463228.4
2019-05-02,AMZN,0.00015767603503553002,463298.95
2019-05-03,AMZN,0.0001601206605701,459566.55
2019-05-06,AMZN,0.00015986216027179002,469829.3
2019-05-07,AMZN,0.00016369157167901501,475469.35
2019-05-08,AMZN,0.00016984579582244498,479376.65
2019-05-09,AMZN,0.00017399709403308002,476849.9
2019-05-10,AMZN,0.000179866433446745,485760.4
2019-05-13,AMZN,0.00018829097935220502,495875.55
2019-05-14,AMZN,0.00020448779578610002,501191.5
2019-05-15,AMZN,0.00020931605926350502,504980.2
2019-05-16,AMZN,0.00021571007600852996,512901.2
2019-05-17,AMZN,0.00021625783471882002,519328.55
2019-05-20,AMZN,0.00022123836310482503,526075.4
2019-05-21,AMZN,0.00022794650084541503,524529.05
2019-05-22,AMZN,0.00023119011004479501,518663.55
2019-05-23,AMZN,0.00023343561303031996,515194.25
2019-05-24,AMZN,0.00023748294390701,515618.9
2019-05-28,AMZN,0.00023244123395124998,499441.4
2019-05-29,AMZN,0.000234055245527915,495315.6
2019-05-30,AMZN,0.00023643288146478502,497059.9
2019-05-31,AMZN,0.00023734346163377498,495999.15
2019-06-03,AMZN,0.00023721520790849002,497490.85
2019-06-04,AMZN,0.00025166920951861,502985.45
2019-06-05,AMZN,0.000256125766923235,503948.2
2019-06-06,AMZN,0.000256708226458465,493692.3
2019-06-07,AMZN,0.000256375215349465,491546.8
2019-06-10,AMZN,0.00025345751127081996,486608.65
2019-06-11,AMZN,0.000251415969411345,490685.2
2019-06-12,AMZN,0.00024217755629680002,484553.5
2019-06-13,AMZN,0.000240871349088015,471593.1
2019-06-14,AMZN,0.00023787972395840004,459106.25
2019-06-17,AMZN,0.00023802737558539498,448878.65
2019-06-18,AMZN,0.00023425925698823498,442356.35
2019-06-19,AMZN,0.000231330713631195,447453.75
2019-06-20,AMZN,0.00023183467807757997,439695.3
2019-06-21,AMZN,0.00023048522126415004,442557.6
2019-06-24,AMZN,0.00022566239945741003,434822.3
2019-06-25,AMZN,0.00022357475951939,425700.3
2019-06-26,AMZN,0.00022434335824236,423512.75
2019-06-27,AMZN,0.00022078583478971498,412919.7
2019-06-28,AMZN,0.00021927112026754502,403758.45
2019-07-01,AMZN,0.000215929978192865,396405.6
2019-07-02,AMZN,0.00020102544316415502,375333.45
2019-07-03,AMZN,0.000191898494785,366702.35
2019-07-05,AMZN,0.00018277888684443998,357612.3
2019-07-08,AMZN,0.00017733942366945,355669.2
2019-07-09,AMZN,0.000172749441715465,350126.25
2019-07-10,AMZN,0.00016692460649855002,343531.9
2019-07-11,AMZN,0.00016282051907983499,351592.85
2019-07-12,AMZN,0.00016031445492644498,358148.85
2019-07-15,AMZN,0.00015841870115725,356286.4
2019-07-16,AMZN,0.00015650671829058,357410.3
2019-07-17,AMZN,0.000156519873907695,354127.6
2019-07-18,AMZN,0.00015333269019979,342485.65
2019-07-19,AMZN,0.00015143770882820997,344117.4
2019-07-22,AMZN,0.00015138814096471502,342357.05
2019-07-23,AMZN,0.00015166659692914,341183.9
2019-07-24,AMZN,0.00015245562820327498,340652.35
2019-07-25,AMZN,0.000149050017537025,334574.75
2019-07-26,AMZN,0.000150695956407565,337830.25
2019-07-29,AMZN,0.00015445427690619,353447.15
2019-07-30,AMZN,0.00015714458815749,363290.85
2019-07-31,AMZN,0.00015689785959457,363124.85
2019-08-01,AMZN,0.00016410182153614,369853.5
2019-08-02,AMZN,0.000176064546896935,387309.05
2019-08-05,AMZN,0.000184679606374975,397622.8
2019-08-06,AMZN,0.000197760519806735,407857.65
2019-08-07,AMZN,0.00020592602230633502,404236.6
2019-08-08,AMZN,0.00021691155459908,399936.0
2019-08-09,AMZN,0.00021872009150485997,399959.4
2019-08-12,AMZN,0.00022375734800726002,402460.35
2019-08-13,AMZN,0.00022934243364290002,404481.15
2019-08-14,AMZN,0.00023703354256304497,414070.1
2019-08-15,AMZN,0.000246166420093795,426364.2
2019-08-16,AMZN,0.00025302201030101004,430253.45
2019-08-19,AMZN,0.000253870923024775,430366.7
2019-08-20,AMZN,0.00025273829837185,430390.45
2019-08-21,AMZN,0.000253670969163715,428774.9
2019-08-22,AMZN,0.000253836547632525,429670.65
2019-08-23,AMZN,0.00025446956432204,429033.2
2019-08-26,AMZN,0.00026002109849176497,433052.3
2019-08-27,AMZN,0.000261319085043435,423587.0
2019-08-28,AMZN,0.000263790274981265,419689.3
2019-08-29,AMZN,0.000260630412907495,408050.15
2019-08-30,AMZN,0.00025240277202944497,399120.25
2019-09-03,AMZN,0.000246960657585255,390549.75
2019-09-04,AMZN,0.000240152525192015,385986.55
2019-09-05,AMZN,0.000232715839858775,377210.55
2019-09-06,AMZN,0.00022096020525926501,375368.75
2019-09-09,AMZN,0.00021839691350467502,371062.35
2019-09-10,AMZN,0.00021451349716986,373519.5
2019-09-11,AMZN,0.000211266420168195,372900.9
2019-09-12,AMZN,0.00020399382571689495,362942.05
2019-09-13,AMZN,0.00019700224743632,355051.8
2019-09-16,AMZN,0.000187670717980785,346654.4
2019-09-17,AMZN,0.000187294621246275,355157.95
2019-09-18,AMZN,0.000187559671402335,353548.2
2019-09-19,AMZN,0.00018649795512813,351475.4
2019-09-20,AMZN,0.00018587506783323502,351208.3
2019-09-23,AMZN,0.00018673657349910499,360809.3
2019-09-24,AMZN,0.00017866040660179,345235.35
2019-09-25,AMZN,0.00018044997355293,354765.5
2019-09-26,AMZN,0.00018254119015052,358818.1
2019-09-27,AMZN,0.00018318038219923002,362470.2
2019-09-30,AMZN,0.00018765853621928,366447.7
2019-10-01,AMZN,0.000186928340282735,364491.05
2019-10-02,AMZN,0.00018524625416066001,356357.25
2019-10-03,AMZN,0.00018851211156585998,360907.5
2019-10-04,AMZN,0.00019468874261933502,357209.05
2019-10-07,AMZN,0.00019605434425935998,355584.9
2019-10-08,AMZN,0.000196992812697025,350121.65
2019-10-09,AMZN,0.000200533647817815,348324.6
2019-10-10,AMZN,0.000201163675732925,347148.3
2019-10-11,AMZN,0.000201136774630055,344198.1
2019-10-14,AMZN,0.00020433729653334,349414.75
2019-10-15,AMZN,0.00020142136377410998,334668.65
2019-10-16,AMZN,0.00020059946162265499,338610.55
2019-10-17,AMZN,0.00020072137996307002,342801.55
2019-10-18,AMZN,0.00020181478249776502,343844.3
2019-10-21,AMZN,0.00019943571396493503,335574.6
2019-10-22,AMZN,0.00019740441948004001,332167.85
2019-10-23,AMZN,0.00019287409958102,319466.05
2019-10-24,AMZN,0.00018962058736595,312917.7
2019-10-25,AMZN,0.00018669288687164,310260.15
2019-10-28,AMZN,0.00018914960582795502,327976.5
2019-10-29,AMZN,0.00018920015773875998,332060.35
2019-10-30,AMZN,0.00018616703552016,328013.1
2019-10-31,AMZN,0.000183887221337715,322995.8
2019-11-01,AMZN,0.000178871041043745,319894.05
2019-11-04,AMZN,0.000175975331102005,321246.95
2019-11-05,AMZN,0.00017321733298221,323329.3
2019-11-06,AMZN,0.000167302679558075,318343.8
2019-11-07,AMZN,0.000165157970372105,317781.4
2019-11-08,AMZN,0.00016240325320068498,316712.55
2019-11-11,AMZN,0.00015875987030190998,312954.6
2019-11-12,AMZN,0.00015807261166609,313084.2
2019-11-13,AMZN,0.000158276780753335,307449.05
2019-11-14,AMZN,0.000157737524071755,309634.55
2019-11-15,AMZN,0.00015661009210545,309079.2
2019-11-18,AMZN,0.00015498283179928002,313804.9
2019-11-19,AMZN,0.00015569466980080998,316064.6
2019-11-20,AMZN,0.0001540334281976,313350.2
2019-11-21,AMZN,0.00015328090667359,314354.35
2019-11-22,AMZN,0.000152218015541285,315913.7
2019-11-25,AMZN,0.0001426244302106,288989.8
2019-11-26,AMZN,0.00014025828169055002,287960.05
2019-11-27,AMZN,0.00013804884954051,290354.7
2019-11-29,AMZN,0.00013516333665436,292436.65
2019-12-02,AMZN,0.000131804717572445,285729.25
2019-12-03,AMZN,0.00013622691080839,291781.3
2019-12-04,AMZN,0.00013953634409982998,297756.6
2019-12-05,AMZN,0.00014004808182489502,303862.2
2019-12-06,AMZN,0.000140599532687505,308648.5
2019-12-09,AMZN,0.000139722257774155,310910.95
2019-12-10,AMZN,0.000140716113478965,308192.2
2019-12-11,AMZN,0.000142284004018075,310758.1
2019-12-12,AMZN,0.00014157148005047,310094.8
2019-12-13,AMZN,0.00014365394474673997,309796.65
2019-12-16,AMZN,0.000145091707535135,310908.1
2019-12-17,AMZN,0.00014370799223489998,305642.45
2019-12-18,AMZN,0.00014230043154443,309943.15
2019-12-19,AMZN,0.00014131324847737,311441.1
2019-12-20,AMZN,0.00013788811572472997,307848.9
2019-12-23,AMZN,0.00013760937294694,306400.75
2019-12-24,AMZN,0.00013632038067001737,303634.05
2019-12-26,AMZN,0.00013308050958791705,289404.7
2019-12-27,AMZN,0.00013536062273245705,300721.4
2019-01-31,ANET,0.00061644197694707,57708.45
2019-02-01,ANET,0.00059130401879557,58365.95
2019-02-04,ANET,0.000582801859811665,58480.45
2019-02-05,ANET,0.000576655980575935,56540.05
2019-02-06,ANET,0.000569016576982455,55907.25
2019-02-07,ANET,0.00056449777143876,53251.9
2019-02-08,ANET,0.00058270403735211,55011.6
2019-02-11,ANET,0.00056846046352681,56206.55
2019-02-12,ANET,0.000550386940898195,57322.85
2019-02-13,ANET,0.000537046100927695,60262.4
2019-02-14,ANET,0.0005183778834709899,60680.75
2019-02-15,ANET,0.000510120548709305,63707.75
2019-02-19,ANET,0.00052248763075194,74669.4
2019-02-20,ANET,0.00050631993709761,77789.25
2019-02-21,ANET,0.00049481728505211,80078.6
2019-02-22,ANET,0.000479981274201655,81210.05
2019-02-25,ANET,0.000459513135835605,82479.2
2019-02-26,ANET,0.00045140299789343997,82214.55
2019-02-27,ANET,0.00043108093400561506,80283.5
2019-02-28,ANET,0.00041821827467540003,78847.55
2019-03-01,ANET,0.00040356708985527493,78516.2
2019-03-04,ANET,0.000391798829926675,79825.45
2019-03-05,ANET,0.000375059295284705,79550.5
2019-03-06,ANET,0.000375136973722555,83121.85
2019-03-07,ANET,0.000367563321488955,83725.8
2019-03-08,ANET,0.000356816578415875,85262.1
2019-03-11,ANET,0.00034869257040316,85498.65
2019-03-12,ANET,0.00034722323654153,84298.95
2019-03-13,ANET,0.00034498363382594,85109.7
2019-03-14,ANET,0.000346938619353095,85863.65
2019-03-15,ANET,0.000348640321441375,84336.05
2019-03-18,ANET,0.00034263396586116,81832.1
2019-03-19,ANET,0.00032925364874428003,71603.65
2019-03-20,ANET,0.00032631306255597,69481.35
2019-03-21,ANET,0.00032534504091434005,67383.3
2019-03-22,ANET,0.00032741731770121005,70565.3
2019-03-25,ANET,0.000334854683844715,72065.55
2019-03-26,ANET,0.00034151201194555504,72623.2
2019-03-27,ANET,0.00034691991200975,74951.55
2019-03-28,ANET,0.00035432227811957003,75722.5
2019-03-29,ANET,0.00035840066437614994,76352.7
2019-04-01,ANET,0.000359973325563735,75348.3
2019-04-02,ANET,0.00035885372852137996,75574.4
2019-04-03,ANET,0.00034991651162271503,73159.9
2019-04-04,ANET,0.00034564801389729,72133.6
2019-04-05,ANET,0.00034910239191961,72857.4
2019-04-08,ANET,0.000344564249547895,74696.75
2019-04-09,ANET,0.000347259487585225,75494.7
2019-04-10,ANET,0.000346550371881475,73890.25
2019-04-11,ANET,0.00034217613098362496,71602.05
2019-04-12,ANET,0.00033962589488173504,71475.65
2019-04-15,ANET,0.00033953974712904,69931.35
2019-04-16,ANET,0.000326774504374775,68868.35
2019-04-17,ANET,0.00032537954034258,66741.55
2019-04-18,ANET,0.00032344953346956503,66043.4
2019-04-22,ANET,0.00032092769781346,62001.55
2019-04-23,ANET,0.00031252996717992,59609.9
2019-04-24,ANET,0.000309815294445255,59406.6
2019-04-25,ANET,0.00030714472541062,57541.75
2019-04-26,ANET,0.00030424010220257496,57397.1
2019-04-29,ANET,0.00030503306495988,57151.95
2019-04-30,ANET,0.00030519342404414,57493.35
2019-05-01,ANET,0.00030441638537726,59475.55
2019-05-02,ANET,0.000304580116148685,59725.1
2019-05-03,ANET,0.0003078710992495,62192.95
2019-05-06,ANET,0.00034067952381859,79751.8
2019-05-07,ANET,0.00035353131883382504,85129.0
2019-05-08,ANET,0.00035947005229725,88781.8
2019-05-09,ANET,0.00036470738836623,92552.95
2019-05-10,ANET,0.00037437656511906,96265.55
2019-05-13,ANET,0.00038225151340822003,100212.6
2019-05-14,ANET,0.00039785942372177997,106543.5
2019-05-15,ANET,0.000411324260784125,108960.35
2019-05-16,ANET,0.00041626480506493004,109650.0
2019-05-17,ANET,0.0004188804895408949,111655.0
2019-05-20,ANET,0.00042122817260450507,116494.75
2019-05-21,ANET,0.00042647715639661997,118661.5
2019-05-22,ANET,0.00042139044344152493,120608.5
2019-05-23,ANET,0.00042293864212473,121381.2
2019-05-24,ANET,0.00042426499881481996,125645.5
2019-05-28,ANET,0.0004236945367829,128674.2
2019-05-29,ANET,0.00042333567753804005,128641.0
2019-05-30,ANET,0.000426420536640675,127106.35
2019-05-31,ANET,0.00042659249661298,126104.7
2019-06-03,ANET,0.00042383275472217507,125855.55
2019-06-04,ANET,0.00039168444785299,111541.85
2019-06-05,ANET,0.00037907842084285495,106872.7
2019-06-06,ANET,0.000374989110507335,107950.6
2019-06-07,ANET,0.00037214228406395997,106755.5
2019-06-10,ANET,0.00038248933236451,107702.1
2019-06-11,ANET,0.000382521837815265,107253.1
2019-06-12,ANET,0.000375416280650095,104287.3
2019-06-13,ANET,0.000369102615302095,102686.5
2019-06-14,ANET,0.000365146915511715,104377.1
2019-06-17,ANET,0.000364614380318335,104057.35
2019-06-18,ANET,0.0003573283691046,101821.5
2019-06-19,ANET,0.000358739227075195,101305.65
2019-06-20,ANET,0.00035949523875937,99626.3
2019-06-21,ANET,0.000358757083458935,99961.15
2019-06-24,ANET,0.00035238299745331996,97678.65
2019-06-25,ANET,0.00034886256620984,95223.6
2019-06-26,ANET,0.00034797700791617,94199.25
2019-06-27,ANET,0.00035838286523361,94732.65
2019-06-28,ANET,0.00036095215737837,98079.25
2019-07-01,ANET,0.00036139279953227,95629.55
2019-07-02,ANET,0.00035927699280950004,92540.15
2019-07-03,ANET,0.00035317274058436,91064.35
2019-07-05,ANET,0.00034476508203622506,87101.25
2019-07-08,ANET,0.00034282711174941,86210.0
2019-07-09,ANET,0.000322928137866695,81545.85
2019-07-10,ANET,0.00031069077999237003,79046.45
2019-07-11,ANET,0.00030353198035647,76930.45
2019-07-12,ANET,0.00029759706627464504,76440.25
2019-07-15,ANET,0.000292300644766775,73507.15
2019-07-16,ANET,0.00028771257121989997,72754.75
2019-07-17,ANET,0.000292807419003285,70965.55
2019-07-18,ANET,0.000287846603510865,70162.35
2019-07-19,ANET,0.00028331956177681504,70544.95
2019-07-22,ANET,0.000285498970962275,70518.35
2019-07-23,ANET,0.00028603994807166,68698.0
2019-07-24,ANET,0.000292432292911125,70073.15
2019-07-25,ANET,0.000294182330147965,73038.25
2019-07-26,ANET,0.000292805256829915,73852.2
2019-07-29,ANET,0.0002870294623206,72170.65
2019-07-30,ANET,0.00028754801101217,73349.35
2019-07-31,ANET,0.00028401179032665,73353.95
2019-08-01,ANET,0.00029001269272323,74202.65
2019-08-02,ANET,0.000301617841560085,75529.05
2019-08-05,ANET,0.000338488929001385,84941.75
2019-08-06,ANET,0.00035116460296996004,89707.8
2019-08-07,ANET,0.0003646476805829,90765.9
2019-08-08,ANET,0.00037435553318250004,90961.5
2019-08-09,ANET,0.000378175054946945,93732.05
2019-08-12,ANET,0.0003896249926979,98670.8
2019-08-13,ANET,0.000398890833128495,98523.55
2019-08-14,ANET,0.00040550701456948504,100676.95
2019-08-15,ANET,0.0004129019499776451,104596.95
2019-08-16,ANET,0.00042223046626729994,107482.85
2019-08-19,ANET,0.00041917509045444004,106388.8
2019-08-20,ANET,0.00042122640875577003,106259.65
2019-08-21,ANET,0.000418522380946455,103481.5
2019-08-22,ANET,0.000419749787774025,101044.7
2019-08-23,ANET,0.00040885397751295506,98108.7
2019-08-26,ANET,0.00042285430334035,97011.3
2019-08-27,ANET,0.000428275573096025,94896.0
2019-08-28,ANET,0.00043358690914722,92892.85
2019-08-29,ANET,0.00043384173924592497,92042.15
2019-08-30,ANET,0.00042655413918755004,89520.85
2019-09-03,ANET,0.00039282464244832,78653.2
2019-09-04,ANET,0.000386760182553275,73615.55
2019-09-05,ANET,0.00037916664895652,74974.55
2019-09-06,ANET,0.0003736369416116,76123.05
2019-09-09,ANET,0.00037134741685962,73839.35
2019-09-10,ANET,0.00036819148950423,71182.3
2019-09-11,ANET,0.000368912288848655,71538.3
2019-09-12,ANET,0.000366239304242215,71513.4
2019-09-13,ANET,0.0003603968193767,68782.15
2019-09-16,ANET,0.00035814887623498,65891.9
2019-09-17,ANET,0.00035702998821421003,64324.8
2019-09-18,ANET,0.00035494706361361995,63081.45
2019-09-19,ANET,0.00035266359417917496,61951.2
2019-09-20,ANET,0.000354696648314415,61474.9
2019-09-23,ANET,0.000355064297810145,61077.9
2019-09-24,ANET,0.000343074039159205,60567.55
2019-09-25,ANET,0.00033864113071578,61897.55
2019-09-26,ANET,0.00033806375338319,61568.85
2019-09-27,ANET,0.00033577828550184,60817.2
2019-09-30,ANET,0.000340263276099095,60534.85
2019-10-01,ANET,0.00034119517795076,62591.8
2019-10-02,ANET,0.00033708835075601,65598.65
2019-10-03,ANET,0.00034696160239241,63162.1
2019-10-04,ANET,0.00035326441606141,63708.25
2019-10-07,ANET,0.00035611034442526503,62715.05
2019-10-08,ANET,0.000353640117626955,59985.15
2019-10-09,ANET,0.000353899390088185,59665.65
2019-10-10,ANET,0.00035271375400218496,56628.1
2019-10-11,ANET,0.00035664058221176,57034.75
2019-10-14,ANET,0.000360764190565525,56177.9
2019-10-15,ANET,0.00036145505347518,56221.75
2019-10-16,ANET,0.00036323643953656504,57149.15
2019-10-17,ANET,0.00036651403104609497,58395.1
2019-10-18,ANET,0.00036512687409501,58790.45
2019-10-21,ANET,0.000362572497180115,57983.9
2019-10-22,ANET,0.00036303193166272997,56759.45
2019-10-23,ANET,0.00036821070214993,55275.3
2019-10-24,ANET,0.00036198552334979503,55088.9
2019-10-25,ANET,0.000369545574273715,55450.65
2019-10-28,ANET,0.00036847433789463,55768.3
2019-10-29,ANET,0.000366589560607575,54388.7
2019-10-30,ANET,0.00036648260045332,50868.95
2019-10-31,ANET,0.000357697006592245,49791.25
2019-11-01,ANET,0.00035043057020454503,49341.8
2019-11-04,ANET,0.00039162377808079995,72032.25
2019-11-05,ANET,0.00040353404682448,77985.95
2019-11-06,ANET,0.000410914895827285,80269.55
2019-11-07,ANET,0.00041182762552961495,82396.35
2019-11-08,ANET,0.000410587537748865,82679.4
2019-11-11,ANET,0.00040550052550728503,83658.1
2019-11-12,ANET,0.00040632714438851997,84391.1
2019-11-13,ANET,0.00040919440108933003,85973.6
2019-11-14,ANET,0.000410065182622935,86505.45
2019-11-15,ANET,0.00041248951337362,87935.8
2019-11-18,ANET,0.0004120279831038,89771.4
2019-11-19,ANET,0.00041441408374233,91793.75
2019-11-20,ANET,0.000406721957958855,92291.45
2019-11-21,ANET,0.00041010028147034003,93619.5
2019-11-22,ANET,0.00040286633098899,94476.25
2019-11-25,ANET,0.00039845118258246496,94574.1
2019-11-26,ANET,0.00039301207901915004,94327.45
2019-11-27,ANET,0.00039267805077559503,94460.7
2019-11-29,ANET,0.00038595399096386996,94434.9
2019-12-02,ANET,0.000381848123040335,91139.15
2019-12-03,ANET,0.00033935900372988,69143.75
2019-12-04,ANET,0.000328224390557825,63586.1
2019-12-05,ANET,0.000314339766133255,60168.0
2019-12-06,ANET,0.00030726222802147,58458.45
2019-12-09,ANET,0.00030294538326005997,56867.6
2019-12-10,ANET,0.00029574736278418503,56477.5
2019-12-11,ANET,0.000294306030380205,57558.6
2019-12-12,ANET,0.00028934927499562,57128.25
2019-12-13,ANET,0.00028753096303747,59382.7
2019-12-16,ANET,0.00028327864738348496,59001.3
2019-12-17,ANET,0.000283525897780125,59548.2
2019-12-18,ANET,0.00027892547871558504,58937.0
2019-12-19,ANET,0.00027283733978336,60075.95
2019-12-20,ANET,0.00026973302772897,61964.85
2019-12-23,ANET,0.00026902617034520496,62496.3
2019-12-24,ANET,0.00026981524637914,63441.65
2019-12-26,ANET,0.00026672106224829,61880.55
2019-12-27,ANET,0.00026077590906527996,60847.5
2019-01-31,ANSS,0.0003224739928451996,78872.6
2019-02-01,ANSS,0.00031313898250909955,76208.2
2019-02-04,ANSS,0.0003053332392612596,73517.45
2019-02-05,ANSS,0.0003003163459178596,71113.25
2019-02-06,ANSS,0.0002879209688466546,68793.85
2019-02-07,ANSS,0.0002822308109696396,69618.4
2019-02-08,ANSS,0.000295274957308865,73204.8
2019-02-11,ANSS,0.00028586417159896,72610.15
2019-02-12,ANSS,0.000285123250035995,69964.3
2019-02-13,ANSS,0.00028140540105785997,70067.55
2019-02-14,ANSS,0.000276604459835655,69030.45
2019-02-15,ANSS,0.00027491409722154496,68238.35
2019-02-19,ANSS,0.000271552329477285,67465.65
2019-02-20,ANSS,0.00026639783101469,66039.15
2019-02-21,ANSS,0.00026220755131637,63604.1
2019-02-22,ANSS,0.00025636624009380503,64071.05
2019-02-25,ANSS,0.00024987629821186,63930.05
2019-02-26,ANSS,0.00024798253118657,64994.85
2019-02-27,ANSS,0.000241862297256495,66072.6
2019-02-28,ANSS,0.00024133070973022,68771.9
2019-03-01,ANSS,0.00025732546411492497,73389.4
2019-03-04,ANSS,0.00025788012398963,77712.65
2019-03-05,ANSS,0.000254168001575745,81611.9
2019-03-06,ANSS,0.00025470858699749,83950.25
2019-03-07,ANSS,0.00025399742142038996,86906.55
2019-03-08,ANSS,0.000255090343091415,87821.5
2019-03-11,ANSS,0.00025273622163651,89922.8
2019-03-12,ANSS,0.00025137777820627004,92599.55
2019-03-13,ANSS,0.00025147930408491,92408.15
2019-03-14,ANSS,0.00025358037863141,91925.05
2019-03-15,ANSS,0.00025437887951046,93290.7
2019-03-18,ANSS,0.00025410391586821004,94247.6
2019-03-19,ANSS,0.00025304107726155996,94474.05
2019-03-20,ANSS,0.00025307423437482,94889.7
2019-03-21,ANSS,0.000254719792513925,96782.6
2019-03-22,ANSS,0.00025356173562241,98574.9
2019-03-25,ANSS,0.000256354543405655,100453.4
2019-03-26,ANSS,0.00026220205244293,100715.5
2019-03-27,ANSS,0.00026230774023215,101357.5
2019-03-28,ANSS,0.000264735945421335,100295.3
2019-03-29,ANSS,0.00024595487501591004,96394.0
2019-04-01,ANSS,0.00024436051614056,90753.0
2019-04-02,ANSS,0.00024144978838304003,86376.0
2019-04-03,ANSS,0.00024132817125608,84837.25
2019-04-04,ANSS,0.00024341284777096498,84047.35
2019-04-05,ANSS,0.000243382391404165,83085.45
2019-04-08,ANSS,0.00023964996905790001,80889.05
2019-04-09,ANSS,0.00024179735943917501,77550.35
2019-04-10,ANSS,0.00024107929016491,76166.55
2019-04-11,ANSS,0.00023971195099689997,73920.95
2019-04-12,ANSS,0.00023883241348690497,70756.6
2019-04-15,ANSS,0.00023627534061457,68409.3
2019-04-16,ANSS,0.000234703747740885,66883.05
2019-04-17,ANSS,0.00023294440908873002,66213.25
2019-04-18,ANSS,0.00023178487351909003,65263.75
2019-04-22,ANSS,0.00023364893678523,62787.15
2019-04-23,ANSS,0.00023095370048902496,60420.4
2019-04-24,ANSS,0.00022617303415231501,60414.75
2019-04-25,ANSS,0.00022485268424908499,59873.6
2019-04-26,ANSS,0.00022350248055060998,59847.7
2019-04-29,ANSS,0.00022150400373088997,59093.75
2019-04-30,ANSS,0.00021891219496158,58648.9
2019-05-01,ANSS,0.00021698164227427,59497.65
2019-05-02,ANSS,0.000215530810274635,63209.05
2019-05-03,ANSS,0.00023269281965939003,67286.55
2019-05-06,ANSS,0.00023663560758993,68684.55
2019-05-07,ANSS,0.0002400600224636,69213.55
2019-05-08,ANSS,0.000248186706090935,71845.65
2019-05-09,ANSS,0.000251600907688375,73206.55
2019-05-10,ANSS,0.000258051032151755,75567.8
2019-05-13,ANSS,0.00026482611707391503,76941.3
2019-05-14,ANSS,0.000274765765800365,79608.55
2019-05-15,ANSS,0.00028064561848660004,82795.1
2019-05-16,ANSS,0.000284534162744195,83768.85
2019-05-17,ANSS,0.00028422211681682996,83700.6
2019-05-20,ANSS,0.000287006794685665,83200.85
2019-05-21,ANSS,0.000289871859254405,84863.4
2019-05-22,ANSS,0.00029213889205744,84238.7
2019-05-23,ANSS,0.00029412155812408503,83805.55
2019-05-24,ANSS,0.00029685403984307,83625.95
2019-05-28,ANSS,0.00029696837331446505,82925.15
2019-05-29,ANSS,0.00029944549775981,84382.2
2019-05-30,ANSS,0.00030192870099780996,82923.45
2019-05-31,ANSS,0.00030124951183844,76972.95
2019-06-03,ANSS,0.00028235675187645996,71932.35
2019-06-04,ANSS,0.00028353515765772,70836.95
2019-06-05,ANSS,0.00028239404634699996,71235.95
2019-06-06,ANSS,0.00027747855990983004,69545.5
2019-06-07,ANSS,0.00027738626502994506,68754.85
2019-06-10,ANSS,0.000272988924238505,67273.5
2019-06-11,ANSS,0.0002722154576617,67568.15
2019-06-12,ANSS,0.000266432577716075,67562.4
2019-06-13,ANSS,0.000264087133979955,65534.3
2019-06-14,ANSS,0.000263283796333585,65040.5
2019-06-17,ANSS,0.000262866784356345,64028.0
2019-06-18,ANSS,0.00025775355598497003,65009.3
2019-06-19,ANSS,0.00025599245388507,64049.0
2019-06-20,ANSS,0.00025651423565638997,64061.85
2019-06-21,ANSS,0.00025680663641821,65095.3
2019-06-24,ANSS,0.00025143221880141503,65053.7
2019-06-25,ANSS,0.00025271590453821,65995.15
2019-06-26,ANSS,0.00025194912217392,66367.8
2019-06-27,ANSS,0.00025223708380280003,68819.6
2019-06-28,ANSS,0.00025318825258266003,70301.9
2019-07-01,ANSS,0.00025425117466304004,70878.1
2019-07-02,ANSS,0.00025430454680362496,70552.6
2019-07-03,ANSS,0.00025118257886894,69843.45
2019-07-05,ANSS,0.00024671302094081,68990.25
2019-07-08,ANSS,0.00024254465018255499,67676.3
2019-07-09,ANSS,0.00023910796702536,66800.85
2019-07-10,ANSS,0.00023187262012555994,67591.55
2019-07-11,ANSS,0.000230583749673035,67216.95
2019-07-12,ANSS,0.00022883714437503996,67425.3
2019-07-15,ANSS,0.000225466701201855,66939.2
2019-07-16,ANSS,0.000226845573146615,68540.5
2019-07-17,ANSS,0.00022556384026796,68954.15
2019-07-18,ANSS,0.000223284333769665,69556.8
2019-07-19,ANSS,0.00022373619826585503,71489.15
2019-07-22,ANSS,0.00022020741377756,73092.85
2019-07-23,ANSS,0.00022195893877109996,73353.4
2019-07-24,ANSS,0.00022308451167865002,72995.6
2019-07-25,ANSS,0.00022258295600804,70795.75
2019-07-26,ANSS,0.00022079675260450998,68329.0
2019-07-29,ANSS,0.00021645928589458498,67309.3
2019-07-30,ANSS,0.00021652289808461001,65863.7
2019-07-31,ANSS,0.000212099040122855,65013.4
2019-08-01,ANSS,0.00021847572020207502,65112.65
2019-08-02,ANSS,0.00022571004055852,67124.4
2019-08-05,ANSS,0.000229804900038555,71139.05
2019-08-06,ANSS,0.00024022172706284498,77683.3
2019-08-07,ANSS,0.000266741811442245,81538.8
2019-08-08,ANSS,0.00027754034907131,83993.4
2019-08-09,ANSS,0.00028607853427956004,86534.0
2019-08-12,ANSS,0.000298092516834795,88060.5
2019-08-13,ANSS,0.000302056646069765,88842.35
2019-08-14,ANSS,0.00031143174,89395.1
2019-08-15,ANSS,0.000322330279507775,90850.0
2019-08-16,ANSS,0.00032511394628229,89959.75
2019-08-19,ANSS,0.000328964421748065,88244.15
2019-08-20,ANSS,0.000328866032277335,87740.3
2019-08-21,ANSS,0.00032814815092619,89259.1
2019-08-22,ANSS,0.000333845873170875,90186.6
2019-08-23,ANSS,0.00033669880736904,90439.8
2019-08-26,ANSS,0.000348037455785335,93389.35
2019-08-27,ANSS,0.000350421234968605,94150.25
2019-08-28,ANSS,0.000353172496301235,95200.45
2019-08-29,ANSS,0.000353934905804085,97354.15
2019-08-30,ANSS,0.000351039640282815,97352.5
2019-09-03,ANSS,0.00035152977844711997,95689.95
2019-09-04,ANSS,0.00034843564809209005,91174.25
2019-09-05,ANSS,0.000325082535596055,87010.85
2019-09-06,ANSS,0.00031715459730203004,85633.2
2019-09-09,ANSS,0.000309352116162365,82898.65
2019-09-10,ANSS,0.000306420667974535,84228.35
2019-09-11,ANSS,0.00030748826069979505,85172.35
2019-09-12,ANSS,0.00030403805544726003,85957.65
2019-09-13,ANSS,0.000301065446909385,86848.0
2019-09-16,ANSS,0.00029960909515535,87876.2
2019-09-17,ANSS,0.00030555518510634,87090.7
2019-09-18,ANSS,0.00031000396236188,87848.8
2019-09-19,ANSS,0.000312840750197465,85638.75
2019-09-20,ANSS,0.00031129987826969,85757.35
2019-09-23,ANSS,0.0003105057277406,86138.1
2019-09-24,ANSS,0.00030505372391182,83127.95
2019-09-25,ANSS,0.000307396931640405,83567.7
2019-09-26,ANSS,0.00030756165014868004,82440.35
2019-09-27,ANSS,0.00030381849012006505,79908.35
2019-09-30,ANSS,0.000303374041327565,82002.0
2019-10-01,ANSS,0.00030297546174084503,81264.5
2019-10-02,ANSS,0.00029915368844671,82984.35
2019-10-03,ANSS,0.000300908122882045,82233.5
2019-10-04,ANSS,0.00030485598413504996,80742.55
2019-10-07,ANSS,0.00030848335571875,81401.1
2019-10-08,ANSS,0.00030446733490562,79506.35
2019-10-09,ANSS,0.00030756822360689497,76800.7
2019-10-10,ANSS,0.00030563397721908,74521.25
2019-10-11,ANSS,0.000299788522542245,70683.45
2019-10-14,ANSS,0.00030060195308393,68497.1
2019-10-15,ANSS,0.00029171321848167,68011.35
2019-10-16,ANSS,0.00028982451154227495,66880.6
2019-10-17,ANSS,0.00028755154197283,68100.05
2019-10-18,ANSS,0.0002850961666086,67056.9
2019-10-21,ANSS,0.000284044447167225,67211.45
2019-10-22,ANSS,0.00028164071799411,67332.15
2019-10-23,ANSS,0.000277171127614885,69845.15
2019-10-24,ANSS,0.00027161243296089,69365.2
2019-10-25,ANSS,0.00027093970839495,68725.25
2019-10-28,ANSS,0.00026743785118452497,65175.0
2019-10-29,ANSS,0.00026465922203621,65261.8
2019-10-30,ANSS,0.00026314305191772497,62320.95
2019-10-31,ANSS,0.000261562641940445,62243.25
2019-11-01,ANSS,0.00025584973240878504,61807.55
2019-11-04,ANSS,0.000258092115002625,64943.15
2019-11-05,ANSS,0.00025830566625908004,65243.45
2019-11-06,ANSS,0.00025063507332499,67328.4
2019-11-07,ANSS,0.00025147202060032,69551.95
2019-11-08,ANSS,0.00027343832287005,74368.7
2019-11-11,ANSS,0.000274245286947535,77873.65
2019-11-12,ANSS,0.000276957003882935,79218.8
2019-11-13,ANSS,0.000275212923827435,81506.1
2019-11-14,ANSS,0.00027286205001970004,81734.6
2019-11-15,ANSS,0.00027177666134981,82728.1
2019-11-18,ANSS,0.00027129418390414,83875.6
2019-11-19,ANSS,0.00027148028352354996,86643.6
2019-11-20,ANSS,0.00027122745465169,85709.55
2019-11-21,ANSS,0.000273991432400745,87516.75
2019-11-22,ANSS,0.0002732772093811,90711.8
2019-11-25,ANSS,0.00027615567253383005,92405.8
2019-11-26,ANSS,0.000275100580045875,93676.3
2019-11-27,ANSS,0.000274413058630065,94796.65
2019-11-29,ANSS,0.00027217396175341,95089.95
2019-12-02,ANSS,0.00026877451833038,94871.05
2019-12-03,ANSS,0.00026780828292766,94224.05
2019-12-04,ANSS,0.00027340800528554,94955.25
2019-12-05,ANSS,0.00027309806498368,94093.45
2019-12-06,ANSS,0.000272008768742235,92760.35
2019-12-09,ANSS,0.00024676202908172003,88523.95
2019-12-10,ANSS,0.00023840628912568502,86234.9
2019-12-11,ANSS,0.00023581004813580001,88297.4
2019-12-12,ANSS,0.00023432888882431,87041.2
2019-12-13,ANSS,0.00023625610517857,88085.25
2019-12-16,ANSS,0.00023515444019124002,87993.65
2019-12-17,ANSS,0.00023388546075466497,88623.2
2019-12-18,ANSS,0.00022967419828412498,88435.65
2019-12-19,ANSS,0.00022542464159351503,89783.45
2019-12-20,ANSS,0.00021971141653360504,90743.5
2019-12-23,ANSS,0.00022521087444141497,94331.75
2019-12-24,ANSS,0.00022281021021008002,96646.2
2019-12-26,ANSS,0.00021895551204431,93341.75
2019-12-27,ANSS,0.00021604560581635503,91704.35
2019-01-31,ANTM,0.00047121667520596,143143.8
2019-02-01,ANTM,0.00045054919205468006,153426.95
2019-02-04,ANTM,0.000432975726265085,164139.2
2019-02-05,ANTM,0.00041527152348503997,163674.0
2019-02-06,ANTM,0.0004117474918063,169730.85
2019-02-07,ANTM,0.0003982805981892,167821.9
2019-02-08,ANTM,0.000409483043930745,173900.0
2019-02-11,ANTM,0.0003912222259150651,173796.3
2019-02-12,ANTM,0.00037812609507343,172301.25
2019-02-13,ANTM,0.00036987784511006,174921.65
2019-02-14,ANTM,0.000356762747378855,173375.5
2019-02-15,ANTM,0.000354206363600585,172435.7
2019-02-19,ANTM,0.000343839755536645,173007.1
2019-02-20,ANTM,0.000334388529834095,171705.95
2019-02-21,ANTM,0.0003219624202905,172607.7
2019-02-22,ANTM,0.00030484490880497005,175375.55
2019-02-25,ANTM,0.00029401152464561504,168272.9
2019-02-26,ANTM,0.00028540237068604504,166834.7
2019-02-27,ANTM,0.00028061982186841,165596.85
2019-02-28,ANTM,0.0002812400531293,168696.35
2019-03-01,ANTM,0.000263679308484815,162758.45
2019-03-04,ANTM,0.000259453408885465,157058.75
2019-03-05,ANTM,0.000261643564409595,153792.9
2019-03-06,ANTM,0.00026574971258951004,161079.05
2019-03-07,ANTM,0.00026111093465774497,156068.85
2019-03-08,ANTM,0.00026496093399009003,157181.05
2019-03-11,ANTM,0.00026070665553303495,160079.0
2019-03-12,ANTM,0.00026214821627334003,158626.5
2019-03-13,ANTM,0.00026073228806546,158991.0
2019-03-14,ANTM,0.000261034830975255,157618.95
2019-03-15,ANTM,0.000259418208751055,157953.45
2019-03-18,ANTM,0.00025588658165228,157926.85
2019-03-19,ANTM,0.000253722608500175,157677.1
2019-03-20,ANTM,0.00025743676629097,162277.85
2019-03-21,ANTM,0.00026262595974362,161371.9
2019-03-22,ANTM,0.00026566959042650495,159543.15
2019-03-25,ANTM,0.000268323899179565,158277.05
2019-03-26,ANTM,0.00027330514606107496,160565.85
2019-03-27,ANTM,0.000279331563541995,167557.25
2019-03-28,ANTM,0.000282329834413405,169592.5
2019-03-29,ANTM,0.000283234793373875,166380.0
2019-04-01,ANTM,0.0002829570085768,164754.5
2019-04-02,ANTM,0.00027785293422675995,159698.25
2019-04-03,ANTM,0.00027868815819682996,151502.75
2019-04-04,ANTM,0.000276669600762685,150100.35
2019-04-05,ANTM,0.000265640649683025,144060.6
2019-04-08,ANTM,0.000261951061046355,139578.55
2019-04-09,ANTM,0.000261332535712715,138797.4
2019-04-10,ANTM,0.00026283575933868503,141035.5
2019-04-11,ANTM,0.00026240459351669,141286.25
2019-04-12,ANTM,0.000268019613471345,147114.1
2019-04-15,ANTM,0.000293761520683055,174470.8
2019-04-16,ANTM,0.000305801993157205,188537.25
2019-04-17,ANTM,0.000329261821094715,203940.2
2019-04-18,ANTM,0.000357087445520705,230027.15
2019-04-22,ANTM,0.000375295575747035,240088.7
2019-04-23,ANTM,0.00039021917291037495,245048.8
2019-04-24,ANTM,0.000397632935915575,256192.5
2019-04-25,ANTM,0.000408854781767365,257159.45
2019-04-26,ANTM,0.000407102999990415,258152.65
2019-04-29,ANTM,0.00040964906476264,270977.9
2019-04-30,ANTM,0.00041282439812471506,269189.5
2019-05-01,ANTM,0.00041661069819440494,271302.25
2019-05-02,ANTM,0.00042325607151638006,274298.9
2019-05-03,ANTM,0.000428896031356575,279380.7
2019-05-06,ANTM,0.000436578848221775,280967.35
2019-05-07,ANTM,0.000446808759950495,284390.5
2019-05-08,ANTM,0.00045680203418306,290098.55
2019-05-09,ANTM,0.00046818184154444494,286930.65
2019-05-10,ANTM,0.00047728782684255,287403.9
2019-05-13,ANTM,0.00047942718129513503,285517.3
2019-05-14,ANTM,0.000460140418838285,263812.25
2019-05-15,ANTM,0.00045314460275702506,253956.3
2019-05-16,ANTM,0.00043714529378013005,240753.75
2019-05-17,ANTM,0.00041118691348182,220316.15
2019-05-20,ANTM,0.000397575576696755,211175.95
2019-05-21,ANTM,0.0003837773653223,207457.35
2019-05-22,ANTM,0.000375880089136055,200972.15
2019-05-23,ANTM,0.000362160695950915,195363.35
2019-05-24,ANTM,0.00036355788736249,190196.9
2019-05-28,ANTM,0.00035982229809083,175082.2
2019-05-29,ANTM,0.000356271607535485,171517.1
2019-05-30,ANTM,0.000355885579373905,168391.15
2019-05-31,ANTM,0.0003467843339719,167094.25
2019-06-03,ANTM,0.000346543565080625,164999.7
2019-06-04,ANTM,0.00035050929033184,170340.55
2019-06-05,ANTM,0.00034484001346948503,171777.25
2019-06-06,ANTM,0.00033893929992995003,167803.6
2019-06-07,ANTM,0.000331646713650835,171447.6
2019-06-10,ANTM,0.00032557669253224997,170757.75
2019-06-11,ANTM,0.000319476086530165,167052.3
2019-06-12,ANTM,0.00031450915801271,167473.8
2019-06-13,ANTM,0.00031315641800881,164164.45
2019-06-14,ANTM,0.00030371616305575,157286.45
2019-06-17,ANTM,0.000301911642154195,153117.4
2019-06-18,ANTM,0.000295995484218615,152150.0
2019-06-19,ANTM,0.00029574430304554,151493.45
2019-06-20,ANTM,0.000295100068109325,144766.55
2019-06-21,ANTM,0.000297162257265155,140920.55
2019-06-24,ANTM,0.00028959212283096,139311.75
2019-06-25,ANTM,0.00028566061239502003,137596.7
2019-06-26,ANTM,0.00028793337091634504,139509.45
2019-06-27,ANTM,0.00028277227582436,137295.6
2019-06-28,ANTM,0.000280027865132275,135363.55
2019-07-01,ANTM,0.000281692160265345,133636.9
2019-07-02,ANTM,0.00027462821071177,128073.25
2019-07-03,ANTM,0.00027126836309580496,125816.45
2019-07-05,ANTM,0.00026926726396193,123223.75
2019-07-08,ANTM,0.000266817793824805,120193.25
2019-07-09,ANTM,0.00026347900067395997,119659.95
2019-07-10,ANTM,0.00026554557415676505,119211.55
2019-07-11,ANTM,0.00026527341084743,113617.6
2019-07-12,ANTM,0.00027640503389032,116100.9
2019-07-15,ANTM,0.00028320795850425,121668.55
2019-07-16,ANTM,0.000283592051767265,122999.7
2019-07-17,ANTM,0.00028294597557391,122889.65
2019-07-18,ANTM,0.00028173373752077,122415.5
2019-07-19,ANTM,0.00028995476008658995,124688.5
2019-07-22,ANTM,0.00028520247527243,123651.85
2019-07-23,ANTM,0.00028448142286591,120684.2
2019-07-24,ANTM,0.000284328773533355,120503.65
2019-07-25,ANTM,0.000300648703275535,126582.2
2019-07-26,ANTM,0.00030372315814579,128172.55
2019-07-29,ANTM,0.000304214746249615,127707.25
2019-07-30,ANTM,0.00029794307691436,126708.4
2019-07-31,ANTM,0.000297524916127915,125260.75
2019-08-01,ANTM,0.00030210744619139,125831.85
2019-08-02,ANTM,0.00030832062681163,129481.4
2019-08-05,ANTM,0.00030897383609589503,128617.45
2019-08-06,ANTM,0.00031789188137485,130784.65
2019-08-07,ANTM,0.00032078000025835497,131216.55
2019-08-08,ANTM,0.00032985055343931,131023.7
2019-08-09,ANTM,0.00032175433098434003,126237.8
2019-08-12,ANTM,0.00031933410306387,119282.7
2019-08-13,ANTM,0.00031801268600268,117634.7
2019-08-14,ANTM,0.000324951173014105,117735.9
2019-08-15,ANTM,0.00032958014196665,119194.8
2019-08-16,ANTM,0.00032564666495280004,119917.25
2019-08-19,ANTM,0.0003291657096324,119821.6
2019-08-20,ANTM,0.00033063025271888,120534.8
2019-08-21,ANTM,0.000333060238939615,121008.95
2019-08-22,ANTM,0.000314631697711315,111867.65
2019-08-23,ANTM,0.00031265896217918496,110049.05
2019-08-26,ANTM,0.00032104248694012,112028.85
2019-08-27,ANTM,0.00032349916878233,110084.3
2019-08-28,ANTM,0.00032409118726471,111755.8
2019-08-29,ANTM,0.00032296381603417,108978.75
2019-08-30,ANTM,0.00031823906366016503,108058.1
2019-09-03,ANTM,0.000315572450706285,109639.85
2019-09-04,ANTM,0.00031067521474667005,107982.3
2019-09-05,ANTM,0.000309968833105305,107127.5
2019-09-06,ANTM,0.00030566802706763995,116118.55
2019-09-09,ANTM,0.00030858866846983,121637.3
2019-09-10,ANTM,0.00030899771893376,124821.85
2019-09-11,ANTM,0.000310189547593085,127410.8
2019-09-12,ANTM,0.000306896066223625,127539.15
2019-09-13,ANTM,0.00030423441249954,128783.25
2019-09-16,ANTM,0.00030558816220623496,128281.55
2019-09-17,ANTM,0.00030606085498029997,135799.9
2019-09-18,ANTM,0.00030846774264764497,138491.2
2019-09-19,ANTM,0.000311153849615675,137982.25
2019-09-20,ANTM,0.00031217700492965495,142088.55
2019-09-23,ANTM,0.000313433042172635,145205.7
2019-09-24,ANTM,0.00030591726850969,143787.65
2019-09-25,ANTM,0.00030715210636125,151554.95
2019-09-26,ANTM,0.00030621328377784996,157248.55
2019-09-27,ANTM,0.000308919964362585,159747.55
2019-09-30,ANTM,0.000308141594420485,159791.75
2019-10-01,ANTM,0.00031237591350920994,159532.85
2019-10-02,ANTM,0.00031283695866163996,161889.3
2019-10-03,ANTM,0.000310887210983245,164642.0
2019-10-04,ANTM,0.00030879095732279,159608.65
2019-10-07,ANTM,0.00030289191376487,154811.25
2019-10-08,ANTM,0.000300278028067495,154528.2
2019-10-09,ANTM,0.00029992651037332,157201.95
2019-10-10,ANTM,0.00029775568875322494,158418.5
2019-10-11,ANTM,0.00029631911184587,155791.8
2019-10-14,ANTM,0.000293986748018585,157198.6
2019-10-15,ANTM,0.000291719034804535,152317.65
2019-10-16,ANTM,0.00030097117534072504,161097.7
2019-10-17,ANTM,0.00030276685263053496,163847.65
2019-10-18,ANTM,0.00030158581348982503,162380.5
2019-10-21,ANTM,0.00030169551427797496,161036.3
2019-10-22,ANTM,0.00030129027851767,166046.75
2019-10-23,ANTM,0.00030480399546183,167634.7
2019-10-24,ANTM,0.00034690912278518,168345.45
2019-10-25,ANTM,0.00034201234625442,169998.1
2019-10-28,ANTM,0.00034071704603238996,171944.7
2019-10-29,ANTM,0.00033860693195016003,174016.9
2019-10-30,ANTM,0.000340225003161045,175448.2
2019-10-31,ANTM,0.00034082332350019,173494.45
2019-11-01,ANTM,0.00034211379809348497,174592.5
2019-11-04,ANTM,0.00034660551057382,177987.2
2019-11-05,ANTM,0.00034814020006021,179908.45
2019-11-06,ANTM,0.00034826270398228,176321.95
2019-11-07,ANTM,0.00035253635336575503,180587.0
2019-11-08,ANTM,0.000352609360040095,185350.9
2019-11-11,ANTM,0.00035153183132283,182612.0
2019-11-12,ANTM,0.000351864279722925,180863.5
2019-11-13,ANTM,0.000340695325670855,169378.05
2019-11-14,ANTM,0.000336911287520255,166735.95
2019-11-15,ANTM,0.000337503112230305,167812.5
2019-11-18,ANTM,0.00034479546127999,169765.55
2019-11-19,ANTM,0.00035982630406378505,171577.45
2019-11-20,ANTM,0.00035526919360154,167291.6
2019-11-21,ANTM,0.000317182802210105,162902.05
2019-11-22,ANTM,0.00032327567917353505,160978.1
2019-11-25,ANTM,0.000324559733038585,158851.25
2019-11-26,ANTM,0.000322515169269135,159757.75
2019-11-27,ANTM,0.00031821906934989004,161239.4
2019-11-29,ANTM,0.00031582211392581,161567.75
2019-12-02,ANTM,0.000308852690188315,154169.8
2019-12-03,ANTM,0.00030547979341067,154507.9
2019-12-04,ANTM,0.000307309954031425,151752.6
2019-12-05,ANTM,0.000308329928699535,149534.85
2019-12-06,ANTM,0.00030481143506653504,142780.8
2019-12-09,ANTM,0.00030444658960924,139234.7
2019-12-10,ANTM,0.00029967166002082,138104.2
2019-12-11,ANTM,0.00029795006851398496,138715.45
2019-12-12,ANTM,0.00029628779095313497,140307.25
2019-12-13,ANTM,0.00029242782639341,140053.15
2019-12-16,ANTM,0.00029009089145401,136235.05
2019-12-17,ANTM,0.000280860519138515,137416.75
2019-12-18,ANTM,0.0002638383628529,130736.0
2019-12-19,ANTM,0.00026237732382782496,126516.8
2019-12-20,ANTM,0.00025610254565354,124640.25
2019-12-23,ANTM,0.00025281993609824,127284.55
2019-12-24,ANTM,0.00025030482287941497,128040.05
2019-12-26,ANTM,0.00024668644532180003,122725.55
2019-12-27,ANTM,0.00023996237521076497,114574.15
2019-01-31,AON,0.00026276397623002,120563.15
2019-02-01,AON,0.00025908852495203,126460.2
2019-02-04,AON,0.000274273320536775,133052.9
2019-02-05,AON,0.00026887336584634,137150.8
2019-02-06,AON,0.0002664279381703,137826.9
2019-02-07,AON,0.00026248029175252003,136184.7
2019-02-08,AON,0.000269322474763195,143835.35
2019-02-11,AON,0.00026427780637689,144303.35
2019-02-12,AON,0.00026217475831843,144820.7
2019-02-13,AON,0.000259810025917575,146149.5
2019-02-14,AON,0.00025168115074009,145901.8
2019-02-15,AON,0.00025384317931735503,148569.3
2019-02-19,AON,0.00025145675350551,150096.9
2019-02-20,AON,0.000248244186787915,152003.7
2019-02-21,AON,0.00024422843001944,153511.3
2019-02-22,AON,0.0002394715719667,151905.4
2019-02-25,AON,0.00023705115009197003,150089.75
2019-02-26,AON,0.000232286659813215,153174.55
2019-02-27,AON,0.00022988901760604002,154870.95
2019-02-28,AON,0.000227883850931615,153346.5
2019-03-01,AON,0.00021964783334861497,146931.45
2019-03-04,AON,0.00021375651797936497,139889.15
2019-03-05,AON,0.000189101139679355,132060.5
2019-03-06,AON,0.000206183763018635,147296.05
2019-03-07,AON,0.00021408455429561501,151629.05
2019-03-08,AON,0.00021545374847181,151792.8
2019-03-11,AON,0.00021280969774247,148966.6
2019-03-12,AON,0.00021192153032275002,149195.15
2019-03-13,AON,0.00021007164011111,149806.7
2019-03-14,AON,0.00021339430025957003,150656.05
2019-03-15,AON,0.00021338052064911501,150893.95
2019-03-18,AON,0.000210807588094305,148787.95
2019-03-19,AON,0.00021008713710238998,145950.55
2019-03-20,AON,0.000207622412506615,144507.1
2019-03-21,AON,0.00020872879063264498,142125.5
2019-03-22,AON,0.00021087211581391,141350.2
2019-03-25,AON,0.00021541333304454002,142101.25
2019-03-26,AON,0.00021791772322971,140954.8
2019-03-27,AON,0.00021835291724104497,139401.65
2019-03-28,AON,0.000218993632245655,142938.7
2019-03-29,AON,0.00021881583399013002,142611.85
2019-04-01,AON,0.00021839655989185002,144791.55
2019-04-02,AON,0.00021881174525404,147560.05
2019-04-03,AON,0.00019484676459516998,127525.35
2019-04-04,AON,0.0001837551170326,120809.05
2019-04-05,AON,0.00018098546111923,117657.9
2019-04-08,AON,0.00017850015907256502,116591.85
2019-04-09,AON,0.00017745789582311,114324.35
2019-04-10,AON,0.00017593331872030001,112633.5
2019-04-11,AON,0.00017174619555142002,109569.55
2019-04-12,AON,0.000173391425627615,108827.05
2019-04-15,AON,0.000172992051829205,104908.35
2019-04-16,AON,0.000171643020790455,104853.35
2019-04-17,AON,0.00017139303711196,105847.75
2019-04-18,AON,0.00017227683358499,109069.75
2019-04-22,AON,0.00016944696094813,108311.75
2019-04-23,AON,0.000163809012628745,105552.65
2019-04-24,AON,0.000163998229057215,104567.65
2019-04-25,AON,0.00016320689420662,105311.45
2019-04-26,AON,0.000164067978113735,103166.0
2019-04-29,AON,0.00017752064064884002,103040.35
2019-04-30,AON,0.00017916394147307998,102277.85
2019-05-01,AON,0.00018078845725474,102493.0
2019-05-02,AON,0.00018345970584677002,103914.55
2019-05-03,AON,0.00018644905995234,104518.4
2019-05-06,AON,0.00018511076551904499,107143.85
2019-05-07,AON,0.00018649685957610498,110681.95
2019-05-08,AON,0.00019043820774935,115540.65
2019-05-09,AON,0.000193008255771525,117774.35
2019-05-10,AON,0.0001958255049633,121310.15
2019-05-13,AON,0.00019655564745670002,124669.9
2019-05-14,AON,0.00020000635044066002,130591.4
2019-05-15,AON,0.00020195166802458,133999.5
2019-05-16,AON,0.00020560100978876,137209.35
2019-05-17,AON,0.00020383297401481,139570.65
2019-05-20,AON,0.000206553473603805,145102.95
2019-05-21,AON,0.00020882424787874,149911.85
2019-05-22,AON,0.00020631702666623497,153907.65
2019-05-23,AON,0.00020621658963460997,155555.15
2019-05-24,AON,0.00020738819418517,160801.45
2019-05-28,AON,0.00019595008489827,164887.75
2019-05-29,AON,0.00019565581606949002,168090.3
2019-05-30,AON,0.000194917017282785,168446.15
2019-05-31,AON,0.000193358738470735,172336.35
2019-06-03,AON,0.00019230720963429998,175412.2
2019-06-04,AON,0.00019692907959449997,175908.4
2019-06-05,AON,0.00019611934545274,177242.0
2019-06-06,AON,0.000194489233085975,175921.4
2019-06-07,AON,0.00019543166886468503,175581.35
2019-06-10,AON,0.000195091461893305,176160.6
2019-06-11,AON,0.000192499269055185,177659.9
2019-06-12,AON,0.000189525667473425,176935.75
2019-06-13,AON,0.00018980647306847,176790.6
2019-06-14,AON,0.000187006472830815,175063.95
2019-06-17,AON,0.00018762429097622999,172893.75
2019-06-18,AON,0.00018521912869121,168220.25
2019-06-19,AON,0.000185081116330985,166891.6
2019-06-20,AON,0.00018716691380344999,164560.85
2019-06-21,AON,0.00018872988902840997,165496.6
2019-06-24,AON,0.00018606291006925002,161261.45
2019-06-25,AON,0.00018558537343202,159549.55
2019-06-26,AON,0.00018542724858363002,157012.6
2019-06-27,AON,0.00018396314387776,157232.1
2019-06-28,AON,0.000183785856651285,149831.95
2019-07-01,AON,0.000183414098861595,145200.6
2019-07-02,AON,0.000181115152991875,142208.55
2019-07-03,AON,0.000180699611523095,137702.15
2019-07-05,AON,0.000178405521243615,132672.7
2019-07-08,AON,0.00017734493383371,128834.25
2019-07-09,AON,0.00017452502417345499,125570.8
2019-07-10,AON,0.00017478367717466,120430.95
2019-07-11,AON,0.00017401185288828,116263.4
2019-07-12,AON,0.00017215820240978002,112810.9
2019-07-15,AON,0.00017055754180341,108369.5
2019-07-16,AON,0.00016823203783389,105447.7
2019-07-17,AON,0.000168230531495195,103450.65
2019-07-18,AON,0.000166527136468195,100030.0
2019-07-19,AON,0.00016649808518700502,97732.55
2019-07-22,AON,0.000165641307558145,93467.45
2019-07-23,AON,0.00016628101604089501,90547.05
2019-07-24,AON,0.00016452466186413,87362.8
2019-07-25,AON,0.00016401471940815,85528.5
2019-07-26,AON,0.000163227184658105,81742.05
2019-07-29,AON,0.00017018452646728002,87440.6
2019-07-30,AON,0.00017293689961560998,90266.6
2019-07-31,AON,0.00017325586467229498,91336.1
2019-08-01,AON,0.000178963478067395,92874.1
2019-08-02,AON,0.000185817451678045,94386.95
2019-08-05,AON,0.0001899248083059,95501.4
2019-08-06,AON,0.000197787552096275,97441.85
2019-08-07,AON,0.00020384826740503,97027.25
2019-08-08,AON,0.00021027572504477002,96868.6
2019-08-09,AON,0.000214396347960465,96149.75
2019-08-12,AON,0.000220976099009815,96778.65
2019-08-13,AON,0.000225643356420465,95665.05
2019-08-14,AON,0.00023356141948280501,100051.5
2019-08-15,AON,0.00024200137899272,103532.9
2019-08-16,AON,0.00024632920775635497,104656.45
2019-08-19,AON,0.000247968203727165,104153.25
2019-08-20,AON,0.00024850710711904,104429.05
2019-08-21,AON,0.00025087695414953003,104361.45
2019-08-22,AON,0.00025499412518189505,102364.95
2019-08-23,AON,0.00025602667156425,99958.3
2019-08-26,AON,0.00025624777915966,93890.55
2019-08-27,AON,0.00025780690757913496,89404.75
2019-08-28,AON,0.000258362192522355,86981.15
2019-08-29,AON,0.000254371263117495,84171.9
2019-08-30,AON,0.00024964685118945,83028.75
2019-09-03,AON,0.00024705741000723,82853.25
2019-09-04,AON,0.00024421508167414503,79842.65
2019-09-05,AON,0.00023958054372623998,77468.95
2019-09-06,AON,0.00023461180308045497,76947.5
2019-09-09,AON,0.00023100626296943,76605.25
2019-09-10,AON,0.00022770169310482998,77187.75
2019-09-11,AON,0.00023286114190459,80183.3
2019-09-12,AON,0.00023243650459913503,75586.6
2019-09-13,AON,0.00022992794678563998,72363.8
2019-09-16,AON,0.000229152584601955,70706.45
2019-09-17,AON,0.00022925888671554,69970.45
2019-09-18,AON,0.00023194605685790997,68864.6
2019-09-19,AON,0.00023256273663437,66839.4
2019-09-20,AON,0.00022992737210690496,66471.0
2019-09-23,AON,0.000233510468536255,68351.05
2019-09-24,AON,0.00022773120600297,67260.75
2019-09-25,AON,0.0002272539797849,69431.65
2019-09-26,AON,0.00022823518911681005,69770.9
2019-09-27,AON,0.00022918433078883996,69474.95
2019-09-30,AON,0.00023089932629745502,68676.4
2019-10-01,AON,0.00022976435206427002,67619.85
2019-10-02,AON,0.000229170262568085,67572.05
2019-10-03,AON,0.00023395193618855502,69295.6
2019-10-04,AON,0.00023769500926977,70283.15
2019-10-07,AON,0.000239989002221785,69986.3
2019-10-08,AON,0.00023975133436830498,67738.3
2019-10-09,AON,0.00023726782007354002,66888.3
2019-10-10,AON,0.000237779795982925,65879.95
2019-10-11,AON,0.00023626204269069,66360.75
2019-10-14,AON,0.00024073799149743,64878.45
2019-10-15,AON,0.00023858380505984998,63903.45
2019-10-16,AON,0.00023518658511093498,64622.05
2019-10-17,AON,0.00023584130917997,65755.8
2019-10-18,AON,0.000234621468795215,66734.15
2019-10-21,AON,0.00023079457880448499,65818.05
2019-10-22,AON,0.00022902390388156,65927.0
2019-10-23,AON,0.00022626243568620998,65397.2
2019-10-24,AON,0.00022407807308325503,66102.9
2019-10-25,AON,0.00022241556210922001,69145.8
2019-10-28,AON,0.00023262505386227998,71050.9
2019-10-29,AON,0.000232430113538405,72586.8
2019-10-30,AON,0.00023913618569984,77463.6
2019-10-31,AON,0.000237417805486825,78864.6
2019-11-01,AON,0.00023365430684608502,78834.85
2019-11-04,AON,0.00023385118369213,80975.3
2019-11-05,AON,0.0002336230386797,82670.05
2019-11-06,AON,0.000229453220608,80407.75
2019-11-07,AON,0.00022579981647966496,82990.35
2019-11-08,AON,0.000224034784477285,83025.1
2019-11-11,AON,0.000216390746978655,84820.4
2019-11-12,AON,0.00021930632004468504,86110.35
2019-11-13,AON,0.000220723255032495,85692.85
2019-11-14,AON,0.000217736943750185,86371.7
2019-11-15,AON,0.00022093877098398,87243.05
2019-11-18,AON,0.00022118759377524004,87254.3
2019-11-19,AON,0.00022297857708551,91326.65
2019-11-20,AON,0.00022351972108166003,92210.7
2019-11-21,AON,0.00022387007675042002,91016.3
2019-11-22,AON,0.00022293579627019502,90232.25
2019-11-25,AON,0.00020970611741442003,88153.7
2019-11-26,AON,0.00020890376925503004,88052.75
2019-11-27,AON,0.000200764120286315,84328.45
2019-11-29,AON,0.00019851344787382498,82679.05
2019-12-02,AON,0.00019620665677257996,80753.1
2019-12-03,AON,0.000197599809585975,78201.7
2019-12-04,AON,0.00020060074624073001,78006.65
2019-12-05,AON,0.00019945604242529,76715.4
2019-12-06,AON,0.000199117691002935,76224.5
2019-12-09,AON,0.00019836904962641498,75590.05
2019-12-10,AON,0.00019689370288954,74811.05
2019-12-11,AON,0.000193820919403805,74052.3
2019-12-12,AON,0.00019338084516395498,74004.25
2019-12-13,AON,0.000197037225717715,74983.6
2019-12-16,AON,0.00019875214459700498,75763.3
2019-12-17,AON,0.000200311719723425,74454.95
2019-12-18,AON,0.000198287221781535,72200.55
2019-12-19,AON,0.000197736429160695,76657.95
2019-12-20,AON,0.00019577748641844,77485.85
2019-12-23,AON,0.00019745832168666,77181.6
2019-12-24,AON,0.000196467468522825,77149.5
2019-12-26,AON,0.000195759012503745,73979.05
2019-12-27,AON,0.000192623071009015,71911.2
2019-01-31,AOS,0.00037626387391060995,246149.0
2019-02-01,AOS,0.00036854590791637,243599.45
2019-02-04,AOS,0.000358782029176275,240585.95
2019-02-05,AOS,0.00034823566817646,239043.35
2019-02-06,AOS,0.00034142218728847496,241035.0
2019-02-07,AOS,0.00033706669035074,238003.5
2019-02-08,AOS,0.00034415327448021496,246415.4
2019-02-11,AOS,0.000339109131297855,246323.7
2019-02-12,AOS,0.00033771675125854995,245687.8
2019-02-13,AOS,0.000334278802544485,246356.15
2019-02-14,AOS,0.00032916434268375497,248474.3
2019-02-15,AOS,0.000323292094253145,243816.95
2019-02-19,AOS,0.00031935389819178,248757.3
2019-02-20,AOS,0.00031379013662314996,249268.0
2019-02-21,AOS,0.00030651180294343,246961.45
2019-02-22,AOS,0.000304146143531615,245267.5
2019-02-25,AOS,0.00030016191802441003,241883.5
2019-02-26,AOS,0.000298583470622575,235208.3
2019-02-27,AOS,0.000297904242169045,227570.35
2019-02-28,AOS,0.000259036811042355,217515.45
2019-03-01,AOS,0.000245177505728165,205326.1
2019-03-04,AOS,0.000240532246368905,207752.1
2019-03-05,AOS,0.00023623430737522,207902.05
2019-03-06,AOS,0.00023518228064506,207761.3
2019-03-07,AOS,0.00023578114440158497,201618.75
2019-03-08,AOS,0.00023861667449154002,202079.75
2019-03-11,AOS,0.00023677007034374501,199687.15
2019-03-12,AOS,0.00023524070276571498,200921.8
2019-03-13,AOS,0.00023374952667353004,201066.0
2019-03-14,AOS,0.00023207339141082,198641.0
2019-03-15,AOS,0.00022863309321498998,194735.35
2019-03-18,AOS,0.00022928329884403,193200.6
2019-03-19,AOS,0.000227567323716745,187318.7
2019-03-20,AOS,0.00022465799147321002,182344.2
2019-03-21,AOS,0.00022642812717603,181106.35
2019-03-22,AOS,0.00022869850547886503,176806.95
2019-03-25,AOS,0.00023240774313459497,172790.0
2019-03-26,AOS,0.00023072720989971996,170521.0
2019-03-27,AOS,0.00022766254490587498,169001.95
2019-03-28,AOS,0.00022982734741803,164624.25
2019-03-29,AOS,0.000229870709127555,162639.0
2019-04-01,AOS,0.00022975515107200996,157684.8
2019-04-02,AOS,0.000230734796249845,156253.75
2019-04-03,AOS,0.0002297934034514,153574.7
2019-04-04,AOS,0.00022856564278842502,152093.4
2019-04-05,AOS,0.00022269480294119,146967.6
2019-04-08,AOS,0.00021882207193675,146551.4
2019-04-09,AOS,0.00022073286642956,144511.6
2019-04-10,AOS,0.00022542672991736497,144075.6
2019-04-11,AOS,0.00022329202021148498,143893.5
2019-04-12,AOS,0.00022367260737367,142426.6
2019-04-15,AOS,0.000222966878368435,141572.15
2019-04-16,AOS,0.00022030052616369003,138421.65
2019-04-17,AOS,0.00022031185477221498,135994.6
2019-04-18,AOS,0.00021715804235655501,133673.6
2019-04-22,AOS,0.00021409291729798996,133970.95
2019-04-23,AOS,0.00021012065383328003,132882.45
2019-04-24,AOS,0.000206322884686045,129398.2
2019-04-25,AOS,0.00020657603587637997,128414.25
2019-04-26,AOS,0.0002041873624298,128591.2
2019-04-29,AOS,0.00020301304902080498,127565.4
2019-04-30,AOS,0.00020321988933686498,128238.4
2019-05-01,AOS,0.000219857823440515,142612.2
2019-05-02,AOS,0.00022484156600035497,147604.0
2019-05-03,AOS,0.000225696985043965,149584.15
2019-05-06,AOS,0.00022807630717218498,149669.45
2019-05-07,AOS,0.00023106673437036998,156259.75
2019-05-08,AOS,0.00023445381004762498,154074.1
2019-05-09,AOS,0.00023389367907317,160091.8
2019-05-10,AOS,0.00024076267477954002,160429.2
2019-05-13,AOS,0.00024722240352494,164657.75
2019-05-14,AOS,0.000253969503425075,172421.55
2019-05-15,AOS,0.00025818132837402503,177187.35
2019-05-16,AOS,0.00026223269585542,185005.25
2019-05-17,AOS,0.00029798168720496503,226023.1
2019-05-20,AOS,0.00031333354588622,247836.9
2019-05-21,AOS,0.000322114868080985,260148.25
2019-05-22,AOS,0.000327503330978605,271695.65
2019-05-23,AOS,0.00033103875548718,272487.7
2019-05-24,AOS,0.00033405513289109997,277540.0
2019-05-28,AOS,0.000335249731392995,280314.2
2019-05-29,AOS,0.000336891797484785,279341.2
2019-05-30,AOS,0.000329648393001325,281090.55
2019-05-31,AOS,0.00032915583417232,280049.5
2019-06-03,AOS,0.00033098895827263995,283726.45
2019-06-04,AOS,0.00033899580139413,287697.45
2019-06-05,AOS,0.00034593436855974,294687.35
2019-06-06,AOS,0.00034821485039316497,301431.65
2019-06-07,AOS,0.000354125473348495,306727.7
2019-06-10,AOS,0.000353002291106445,313948.5
2019-06-11,AOS,0.00035254133779154994,319246.1
2019-06-12,AOS,0.000350813669585935,321176.45
2019-06-13,AOS,0.000349732884046105,328302.3
2019-06-14,AOS,0.00034890441236718996,331940.25
2019-06-17,AOS,0.000314765013373375,294424.4
2019-06-18,AOS,0.00030006147190514,275795.3
2019-06-19,AOS,0.00029724151982062,272558.55
2019-06-20,AOS,0.00029842147165524,264994.95
2019-06-21,AOS,0.00029915097923694997,264854.85
2019-06-24,AOS,0.00029999695601558003,261917.05
2019-06-25,AOS,0.000304555937359195,260436.4
2019-06-26,AOS,0.000304257583203885,258244.85
2019-06-27,AOS,0.00029455320193984,242368.7
2019-06-28,AOS,0.000290507326566005,240695.05
2019-07-01,AOS,0.000288258631313065,235322.75
2019-07-02,AOS,0.000285244000508785,231461.6
2019-07-03,AOS,0.00027669305465613997,220634.9
2019-07-05,AOS,0.00026827245927520994,211970.1
2019-07-08,AOS,0.00025944315291729,200034.0
2019-07-09,AOS,0.000258810773186855,197211.5
2019-07-10,AOS,0.000255509420680245,194344.3
2019-07-11,AOS,0.00025298896421327503,192355.9
2019-07-12,AOS,0.00025074185141685994,186674.3
2019-07-15,AOS,0.000250657072864725,181975.3
2019-07-16,AOS,0.000252833862849575,184930.2
2019-07-17,AOS,0.000253450273234735,187671.7
2019-07-18,AOS,0.000251219657487735,191201.4
2019-07-19,AOS,0.00024722568472020497,195207.6
2019-07-22,AOS,0.00024450719587964,198198.65
2019-07-23,AOS,0.00024033229629324997,199045.7
2019-07-24,AOS,0.00023705687395580996,205285.55
2019-07-25,AOS,0.000237111741288655,208939.4
2019-07-26,AOS,0.00023806569107477998,213857.45
2019-07-29,AOS,0.00024226838131552998,217265.0
2019-07-30,AOS,0.00024502713713179,242620.1
2019-07-31,AOS,0.00026920586377393005,271560.85
2019-08-01,AOS,0.00028328841181677,289203.1
2019-08-02,AOS,0.000293196347180405,302353.7
2019-08-05,AOS,0.00030074333193272,305761.8
2019-08-06,AOS,0.00030815430601625,315511.7
2019-08-07,AOS,0.00031490359200635,319980.4
2019-08-08,AOS,0.00032273181654368,328325.6
2019-08-09,AOS,0.00032956419759393,331021.4
2019-08-12,AOS,0.00033205255871014,331128.3
2019-08-13,AOS,0.0003305022954956,330001.7
2019-08-14,AOS,0.00033473471913653,327815.5
2019-08-15,AOS,0.00033975224716982,322680.4
2019-08-16,AOS,0.00034334313916574,329863.85
2019-08-19,AOS,0.00034639982495291994,332609.6
2019-08-20,AOS,0.000350348856829605,335390.1
2019-08-21,AOS,0.0003510397043132,328648.85
2019-08-22,AOS,0.00035147873954946,324821.35
2019-08-23,AOS,0.00035274665325429997,317711.1
2019-08-26,AOS,0.00035664220604200497,313372.8
2019-08-27,AOS,0.000359739584764965,287263.6
2019-08-28,AOS,0.00033130841313224,260915.8
2019-08-29,AOS,0.00031856077169041005,239897.0
2019-08-30,AOS,0.00031390524849541,227748.1
2019-09-03,AOS,0.00030621667122845,223065.3
2019-09-04,AOS,0.000301712580520735,207656.15
2019-09-05,AOS,0.000296908592928785,195723.15
2019-09-06,AOS,0.00029071816424422004,180238.7
2019-09-09,AOS,0.00028575530407148,172616.4
2019-09-10,AOS,0.000282731488958015,168196.75
2019-09-11,AOS,0.00028783557717584993,169446.25
2019-09-12,AOS,0.00028654559598406,170024.95
2019-09-13,AOS,0.00028613005486320496,166599.0
2019-09-16,AOS,0.00028632187213511,159503.6
2019-09-17,AOS,0.00029089816134807503,154019.15
2019-09-18,AOS,0.00029186896035042996,150448.3
2019-09-19,AOS,0.00029358860830356497,146429.9
2019-09-20,AOS,0.00029354368550808997,144937.8
2019-09-23,AOS,0.00029546559542971,146480.8
2019-09-24,AOS,0.00029164112923788,142598.7
2019-09-25,AOS,0.000288793356986635,141227.15
2019-09-26,AOS,0.00029198829964582494,136969.2
2019-09-27,AOS,0.00029210957369483,138079.15
2019-09-30,AOS,0.00029127535711848996,136226.6
2019-10-01,AOS,0.0002929382557999,137126.55
2019-10-02,AOS,0.00029507846211959503,135387.4
2019-10-03,AOS,0.00030005407589511,142139.8
2019-10-04,AOS,0.00030254213773543,144957.75
2019-10-07,AOS,0.00030518643603642,148762.0
2019-10-08,AOS,0.000308755548641025,149517.1
2019-10-09,AOS,0.00030843731783424,146110.35
2019-10-10,AOS,0.00030883162478929997,143132.75
2019-10-11,AOS,0.00030755330282266496,140631.95
2019-10-14,AOS,0.000311557533517425,135633.15
2019-10-15,AOS,0.00030774938133733997,132350.1
2019-10-16,AOS,0.00030606563021806003,128594.7
2019-10-17,AOS,0.00030629474518649,133270.65
2019-10-18,AOS,0.000308303534171765,133482.4
2019-10-21,AOS,0.000305273410364075,133599.75
2019-10-22,AOS,0.00030486533761891,135959.0
2019-10-23,AOS,0.00030254814327776495,138696.1
2019-10-24,AOS,0.000300761225226945,139996.8
2019-10-25,AOS,0.00030002369975614,137499.8
2019-10-28,AOS,0.000300919524841555,138941.3
2019-10-29,AOS,0.00030169127868016497,145167.05
2019-10-30,AOS,0.00032503535895994,157911.75
2019-10-31,AOS,0.000330739766757645,156625.85
2019-11-01,AOS,0.00032864736990009997,154047.4
2019-11-04,AOS,0.000327335126345195,153427.2
2019-11-05,AOS,0.0003245675110226,151822.75
2019-11-06,AOS,0.00033032635393528997,151086.15
2019-11-07,AOS,0.00033099317249081495,148873.25
2019-11-08,AOS,0.000327807228736125,147222.15
2019-11-11,AOS,0.00031899614823064997,144323.4
2019-11-12,AOS,0.000315407811285165,144837.55
2019-11-13,AOS,0.00031306038268552,145005.35
2019-11-14,AOS,0.00030843070327313,139804.9
2019-11-15,AOS,0.00030560254553288496,139967.95
2019-11-18,AOS,0.00030396564403728,138679.45
2019-11-19,AOS,0.00030493856397695497,138667.2
2019-11-20,AOS,0.000308165593202385,139401.75
2019-11-21,AOS,0.00030772983773087997,138026.7
2019-11-22,AOS,0.00030802086776049497,138896.6
2019-11-25,AOS,0.00030755071841823,139345.25
2019-11-26,AOS,0.00030436530494648003,132754.9
2019-11-27,AOS,0.000275479445295555,119734.45
2019-11-29,AOS,0.00026636514440537,114378.5
2019-12-02,AOS,0.00026137026170554,110299.2
2019-12-03,AOS,0.00026207820899435,108676.65
2019-12-04,AOS,0.000262726478385825,109406.7
2019-12-05,AOS,0.000255766061493015,109653.4
2019-12-06,AOS,0.00026016842716017997,113879.1
2019-12-09,AOS,0.00026282051420229,116840.35
2019-12-10,AOS,0.000264592047904495,121072.7
2019-12-11,AOS,0.000265309178238655,125047.0
2019-12-12,AOS,0.00026642746435011995,127080.9
2019-12-13,AOS,0.00027021507419781,133560.35
2019-12-16,AOS,0.00027865563505645495,136515.35
2019-12-17,AOS,0.00027909827264824,134438.15
2019-12-18,AOS,0.0002750150468469,133739.1
2019-12-19,AOS,0.00027176511485011,131979.65
2019-12-20,AOS,0.000269110342496455,131954.9
2019-12-23,AOS,0.000269991853549745,131759.2
2019-12-24,AOS,0.00026459971726829,129387.5
2019-12-26,AOS,0.00026414508968813,126219.65
2019-12-27,AOS,0.00026275342722427,126192.15
2019-01-31,APA,0.00047504680441613,447903.0
2019-02-01,APA,0.00045735391082802007,445594.1
2019-02-04,APA,0.000436818084003715,452158.7
2019-02-05,APA,0.00042594985645075,437800.65
2019-02-06,APA,0.000415137094120675,434918.75
2019-02-07,APA,0.00040489419345242,443195.9
2019-02-08,APA,0.000412260894901935,466047.3
2019-02-11,APA,0.00041108095891891495,466517.85
2019-02-12,APA,0.00041094777958284,455213.6
2019-02-13,APA,0.00040980788218223003,456492.25
2019-02-14,APA,0.000405972355015995,454300.9
2019-02-15,APA,0.00040197524779305,447020.15
2019-02-19,APA,0.00039823877771717503,445260.65
2019-02-20,APA,0.00039519108925035004,441410.7
2019-02-21,APA,0.000389031634049805,442759.05
2019-02-22,APA,0.00038372112613103504,443357.15
2019-02-25,APA,0.000378140005671405,441484.75
2019-02-26,APA,0.00037279013551023006,440614.0
2019-02-27,APA,0.00037035963089247,436430.65
2019-02-28,APA,0.00036771116916983,430483.5
2019-03-01,APA,0.000387245096928625,430910.25
2019-03-04,APA,0.00039279967443080004,431289.7
2019-03-05,APA,0.00039629997847960997,424394.4
2019-03-06,APA,0.00039577073972687506,424940.9
2019-03-07,APA,0.000399816343987635,423201.45
2019-03-08,APA,0.000403615182848025,418154.95
2019-03-11,APA,0.000404781808318355,416127.8
2019-03-12,APA,0.000399396601976935,412646.9
2019-03-13,APA,0.00040070731400667004,412250.7
2019-03-14,APA,0.00040096509230483,404715.7
2019-03-15,APA,0.000400197896657355,394879.3
2019-03-18,APA,0.000398806964491855,394888.95
2019-03-19,APA,0.0003953554843809,388412.5
2019-03-20,APA,0.00039412371509487,385156.6
2019-03-21,APA,0.000395586199764005,385144.0
2019-03-22,APA,0.00039561782846883495,382361.5
2019-03-25,APA,0.000400162518850615,386140.4
2019-03-26,APA,0.00040487696894816,386702.35
2019-03-27,APA,0.00040636467644786,385676.8
2019-03-28,APA,0.00040546511830972,373569.3
2019-03-29,APA,0.00038080487726856996,369141.25
2019-04-01,APA,0.000374149300712,361664.25
2019-04-02,APA,0.00037150877499484,356547.5
2019-04-03,APA,0.000371270735691475,357291.65
2019-04-04,APA,0.00037067232033252,364821.6
2019-04-05,APA,0.00037236622510471,365448.2
2019-04-08,APA,0.000369276953197685,369415.35
2019-04-09,APA,0.000369646249947255,365963.95
2019-04-10,APA,0.000364927667289585,362967.55
2019-04-11,APA,0.00036428297575017,362824.1
2019-04-12,APA,0.000366591348194635,365141.45
2019-04-15,APA,0.00037602425804442,374199.1
2019-04-16,APA,0.00038087563863509,374309.4
2019-04-17,APA,0.00038348922440059504,376339.6
2019-04-18,APA,0.00038123615800873497,372176.55
2019-04-22,APA,0.00037985442434505,369164.85
2019-04-23,APA,0.000374799732933125,363020.05
2019-04-24,APA,0.00037202822906096003,363012.05
2019-04-25,APA,0.000371002247433635,362133.35
2019-04-26,APA,0.000373330621619015,371063.9
2019-04-29,APA,0.00038061624059556,381081.75
2019-04-30,APA,0.000379300898186865,380725.1
2019-05-01,APA,0.00037875962802419997,375813.9
2019-05-02,APA,0.00038314034441234003,387459.2
2019-05-03,APA,0.000406040728072235,389143.5
2019-05-06,APA,0.000405426074105005,387165.1
2019-05-07,APA,0.00040612905414629495,380754.15
2019-05-08,APA,0.00041249634783854994,385196.1
2019-05-09,APA,0.0004220368394823149,395342.0
2019-05-10,APA,0.000429034428687245,399785.95
2019-05-13,APA,0.00043179550352904497,409878.85
2019-05-14,APA,0.00042802412429837,401589.7
2019-05-15,APA,0.00042747270962348994,402526.8
2019-05-16,APA,0.000429564278489775,401592.85
2019-05-17,APA,0.00043109100497240496,401097.8
2019-05-20,APA,0.00043116088409188,398303.8
2019-05-21,APA,0.00043153990909206496,398291.0
2019-05-22,APA,0.00042915992065940996,396449.2
2019-05-23,APA,0.00043184668514623505,401379.3
2019-05-24,APA,0.0004359048087016,408560.6
2019-05-28,APA,0.00043421083167909,409951.55
2019-05-29,APA,0.00044057746651896495,411732.9
2019-05-30,APA,0.00044813647968325505,427360.05
2019-05-31,APA,0.000447911452830865,417775.0
2019-06-03,APA,0.00042810952510712996,413935.75
2019-06-04,APA,0.00043338408155100996,418163.85
2019-06-05,APA,0.000436493829101085,432721.85
2019-06-06,APA,0.000444448521561225,437670.25
2019-06-07,APA,0.00044196686893190003,435560.15
2019-06-10,APA,0.00044259976132585995,434052.2
2019-06-11,APA,0.000443041426896795,424604.9
2019-06-12,APA,0.00044158591011737,425884.35
2019-06-13,APA,0.00044447038801124,428668.5
2019-06-14,APA,0.00044438822050030496,434310.6
2019-06-17,APA,0.000446024798029175,432929.6
2019-06-18,APA,0.00044981394774211496,431338.8
2019-06-19,APA,0.00045802180640885503,436039.3
2019-06-20,APA,0.000464927715896435,434818.45
2019-06-21,APA,0.00046901773136954995,432859.15
2019-06-24,APA,0.00046502070552709,419461.1
2019-06-25,APA,0.000463655544146945,406298.15
2019-06-26,APA,0.000462437403563665,406161.1
2019-06-27,APA,0.00046234655551177496,393769.0
2019-06-28,APA,0.00045929019468094997,389357.6
2019-07-01,APA,0.00045424362871966,379262.1
2019-07-02,APA,0.000445156562979385,376273.5
2019-07-03,APA,0.00044281391366132,370601.4
2019-07-05,APA,0.000430501310843735,358820.4
2019-07-08,APA,0.00043257512556948497,367979.2
2019-07-09,APA,0.000430211669532975,381471.4
2019-07-10,APA,0.00042945951760605,388618.5
2019-07-11,APA,0.00043070887223687997,393718.45
2019-07-12,APA,0.00042804479456122,395608.35
2019-07-15,APA,0.00042517256524256003,396232.25
2019-07-16,APA,0.00042253881373346497,402088.65
2019-07-17,APA,0.0004231323922082051,425991.65
2019-07-18,APA,0.00041682660954184996,434485.0
2019-07-19,APA,0.00041662609554733504,458762.15
2019-07-22,APA,0.0004143396152724001,474411.15
2019-07-23,APA,0.00041331706995721495,482408.75
2019-07-24,APA,0.0004143784287285499,484205.5
2019-07-25,APA,0.00041429999858292,491278.2
2019-07-26,APA,0.0004098177322883,493209.75
2019-07-29,APA,0.00041334662365955996,503895.05
2019-07-30,APA,0.000416745817636325,517676.0
2019-07-31,APA,0.00042097744032077003,518842.05
2019-08-01,APA,0.0004295569932900549,519601.4
2019-08-02,APA,0.00045142027908545,539290.7
2019-08-05,APA,0.000457469535750455,529535.8
2019-08-06,APA,0.000466446046226025,529210.7
2019-08-07,APA,0.00047485803686718496,529210.1
2019-08-08,APA,0.0004905931821113151,533172.0
2019-08-09,APA,0.00050189803128477,543316.25
2019-08-12,APA,0.000512056359792695,538233.0
2019-08-13,APA,0.000521676768216495,543053.0
2019-08-14,APA,0.0005349264597521899,530647.2
2019-08-15,APA,0.000549333653418535,531431.25
2019-08-16,APA,0.000563227645741725,522346.7
2019-08-19,APA,0.00057216486834337,518176.95
2019-08-20,APA,0.0005789084625017001,520747.85
2019-08-21,APA,0.0005856741117755151,520667.65
2019-08-22,APA,0.00059237750437521,515665.7
2019-08-23,APA,0.0005975810370404549,516547.8
2019-08-26,APA,0.0006125102366366601,526176.8
2019-08-27,APA,0.0006193681303829399,519647.1
2019-08-28,APA,0.000622642019958905,517766.2
2019-08-29,APA,0.000619976804599695,513340.15
2019-08-30,APA,0.000603018159182705,501672.3
2019-09-03,APA,0.0005964930850861649,496342.7
2019-09-04,APA,0.00059257141579218,489372.75
2019-09-05,APA,0.000586047409779515,487522.85
2019-09-06,APA,0.00057471185601062,481854.55
2019-09-09,APA,0.000570709246772615,469872.45
2019-09-10,APA,0.000568678155990635,481959.65
2019-09-11,APA,0.000574941784031345,482215.3
2019-09-12,APA,0.0005790207085041951,488911.85
2019-09-13,APA,0.0005807055938889551,476668.15
2019-09-16,APA,0.0005724403347880001,468217.75
2019-09-17,APA,0.00058677869259282,503820.2
2019-09-18,APA,0.0006159451223673449,521288.85
2019-09-19,APA,0.0006179386177460449,528204.25
2019-09-20,APA,0.000618150959758395,530224.1
2019-09-23,APA,0.000615776853916305,528816.7
2019-09-24,APA,0.00060152568671909,518573.55
2019-09-25,APA,0.0005987806670576351,516852.95
2019-09-26,APA,0.0005986659393672249,513154.5
2019-09-27,APA,0.000593604544526465,510237.7
2019-09-30,APA,0.00059543879335515,509667.5
2019-10-01,APA,0.000593217356161435,513253.25
2019-10-02,APA,0.000589018151273235,509249.9
2019-10-03,APA,0.0005933827437473399,508004.75
2019-10-04,APA,0.00059808522734864,517803.2
2019-10-07,APA,0.0006033910056741,532195.3
2019-10-08,APA,0.000607646291867305,531086.6
2019-10-09,APA,0.00060545638324806,537196.0
2019-10-10,APA,0.000595022944546805,529295.95
2019-10-11,APA,0.000586063795689395,530519.3
2019-10-14,APA,0.0005844246757025999,538279.1
2019-10-15,APA,0.000570174095982525,509162.8
2019-10-16,APA,0.000539802492818165,487888.55
2019-10-17,APA,0.000537838843596865,491797.0
2019-10-18,APA,0.0005350550854446401,490911.65
2019-10-21,APA,0.000544836910101155,510590.6
2019-10-22,APA,0.00054631650060355,509118.2
2019-10-23,APA,0.0005461717174590349,513456.2
2019-10-24,APA,0.0005460600466713901,509753.0
2019-10-25,APA,0.00055005183618077,504680.6
2019-10-28,APA,0.000584790933864055,532910.9
2019-10-29,APA,0.0005847315941284349,539204.95
2019-10-30,APA,0.0005878984975018851,542335.5
2019-10-31,APA,0.000590279571254555,541029.4
2019-11-01,APA,0.0006148564723672501,538025.8
2019-11-04,APA,0.000618777061412845,546264.15
2019-11-05,APA,0.00061848311059841,549327.3
2019-11-06,APA,0.00062018717593464,546746.7
2019-11-07,APA,0.000625662370496105,546830.05
2019-11-08,APA,0.0006287521753591499,548141.95
2019-11-11,APA,0.0006306243971815,542248.35
2019-11-12,APA,0.0006257241975735899,527336.7
2019-11-13,APA,0.000627632394004845,521647.3
2019-11-14,APA,0.00062363575129156,508692.05
2019-11-15,APA,0.000623693728371175,505158.65
2019-11-18,APA,0.00061649407382865,486345.0
2019-11-19,APA,0.0006194258574179249,482543.35
2019-11-20,APA,0.00061917522737374,475467.35
2019-11-21,APA,0.0006212097463354201,474485.9
2019-11-22,APA,0.0006249905787511299,481096.5
2019-11-25,APA,0.00058975369730983,451405.75
2019-11-26,APA,0.0005914809747854901,441461.35
2019-11-27,APA,0.0005881865419402751,440177.7
2019-11-29,APA,0.00058174853739981,435415.4
2019-12-02,APA,0.0005516922461873701,421346.45
2019-12-03,APA,0.0005660383539068451,457335.75
2019-12-04,APA,0.000566229157730595,485688.3
2019-12-05,APA,0.0005649534349071201,500563.0
2019-12-06,APA,0.000557842181946505,505779.15
2019-12-09,APA,0.00056150665893847,526304.05
2019-12-10,APA,0.000566769269125755,529007.4
2019-12-11,APA,0.000567367747104845,535357.6
2019-12-12,APA,0.0005639041618860951,536281.85
2019-12-13,APA,0.0005675842115589001,544230.85
2019-12-16,APA,0.0005735193408385649,550206.95
2019-12-17,APA,0.0005738499698446749,550721.95
2019-12-18,APA,0.00056714556779099,548803.05
2019-12-19,APA,0.0005643264809787249,548269.3
2019-12-20,APA,0.00055418262524314,550585.75
2019-12-23,APA,0.000547141373845615,556644.7
2019-12-24,APA,0.000560476150805955,607835.85
2019-12-26,APA,0.00056034646595044,610365.1
2019-12-27,APA,0.000557386099800295,608226.6
2019-01-31,APC,0.000384840572744425,404465.75
2019-02-01,APC,0.00037860910286610996,391640.75
2019-02-04,APC,0.000369739147178965,395530.6
2019-02-05,APC,0.000358802186285805,383035.35
2019-02-06,APC,0.000354487351240385,387598.9
2019-02-07,APC,0.000360518234606075,420580.7
2019-02-08,APC,0.000378069122729855,466105.95
2019-02-11,APC,0.000377917910275675,479428.65
2019-02-12,APC,0.000380129919588425,495667.5
2019-02-13,APC,0.00038247422316843506,500742.7
2019-02-14,APC,0.00038120592776429,516619.6
2019-02-15,APC,0.000383344540657055,511691.55
2019-02-19,APC,0.00038082302872363,513537.4
2019-02-20,APC,0.00038203644261517497,516645.9
2019-02-21,APC,0.00038030789430737504,515394.35
2019-02-22,APC,0.000380892851091105,523331.8
2019-02-25,APC,0.00038186944947964,524162.5
2019-02-26,APC,0.00038068830018736,528837.35
2019-02-27,APC,0.00038002028296971505,531101.75
2019-02-28,APC,0.00038242213970627497,532973.4
2019-03-01,APC,0.00037712150752751503,536856.95
2019-03-04,APC,0.00037694970680934,546513.0
2019-03-05,APC,0.00037627953424928504,546092.8
2019-03-06,APC,0.00037696701963831,549245.0
2019-03-07,APC,0.00037971664297593,538608.95
2019-03-08,APC,0.000368766190724955,503555.55
2019-03-11,APC,0.00036281531018005,479297.35
2019-03-12,APC,0.00035868481138421997,467585.95
2019-03-13,APC,0.00035759326686744,457210.3
2019-03-14,APC,0.000355101241680985,449571.75
2019-03-15,APC,0.00035277923963114,440705.75
2019-03-18,APC,0.00035139187611285,442348.55
2019-03-19,APC,0.000349717500285445,436791.05
2019-03-20,APC,0.000347922158360425,432147.4
2019-03-21,APC,0.00035006138819392,431269.35
2019-03-22,APC,0.00034812183069213,420175.6
2019-03-25,APC,0.000350209897115015,427220.65
2019-03-26,APC,0.000357495955678265,424173.8
2019-03-27,APC,0.00036187562592744995,422383.9
2019-03-28,APC,0.00036288375275386503,423151.45
2019-03-29,APC,0.000362325360150455,423666.25
2019-04-01,APC,0.00036002920551439006,420857.7
2019-04-02,APC,0.00035838899695471503,417012.1
2019-04-03,APC,0.000360360203104,413569.7
2019-04-04,APC,0.00035836832838644,419658.9
2019-04-05,APC,0.000358863157030095,424009.3
2019-04-08,APC,0.000358940348561405,432612.5
2019-04-09,APC,0.00036225248506451,440780.65
2019-04-10,APC,0.00036193183031921997,437490.05
2019-04-11,APC,0.000360178546979415,436032.2
2019-04-12,APC,0.00036258594869545,429802.7
2019-04-15,APC,0.00036683303503705,605942.3
2019-04-16,APC,0.000370772268196455,676153.95
2019-04-17,APC,0.000368384254734025,718431.3
2019-04-18,APC,0.00036328540140341997,747429.45
2019-04-22,APC,0.000359590495024905,767129.35
2019-04-23,APC,0.00035284919434148997,769897.6
2019-04-24,APC,0.000342942829927865,786243.9
2019-04-25,APC,0.00033818498683471003,849484.8
2019-04-26,APC,0.00033176037981772004,882138.15
2019-04-29,APC,0.0003294950780984,916640.65
2019-04-30,APC,0.000325987146161245,936274.75
2019-05-01,APC,0.00032655486681639,965783.85
2019-05-02,APC,0.000322451714870475,987715.0
2019-05-03,APC,0.00031867943491404,1000175.85
2019-05-06,APC,0.00031251116632561503,1013485.05
2019-05-07,APC,0.00030472350879466,1031843.25
2019-05-08,APC,0.000293238293938925,1047516.0
2019-05-09,APC,0.000284941740607485,1067225.15
2019-05-10,APC,0.00027967408707680003,1127062.2
2019-05-13,APC,0.00027029924623201004,1159744.65
2019-05-14,APC,0.00025727775804857496,1002557.65
2019-05-15,APC,0.000244578182641345,943250.9
2019-05-16,APC,0.000237034184541085,915830.8
2019-05-17,APC,0.00022722726342260996,895135.05
2019-05-20,APC,0.00021932394365302,903147.55
2019-05-21,APC,0.00021047674451659147,908457.25
2019-05-22,APC,0.00020184241380362937,917737.45
2019-05-23,APC,0.00019001639790306804,878803.2
2019-05-24,APC,0.00018298798554010803,866422.55
2019-05-28,APC,0.00017513494003794302,845499.2
2019-05-29,APC,0.00016877681577633804,827682.15
2019-05-30,APC,0.00015933972062462303,828415.9
2019-05-31,APC,0.00015980310170069802,861556.85
2019-06-03,APC,0.00015563999048865803,855692.95
2019-06-04,APC,0.00015467713657589803,844076.05
2019-06-05,APC,0.00015015196892803802,833343.5
2019-06-06,APC,0.00015050111680183303,826370.55
2019-06-07,APC,0.000147390377792428,821613.4
2019-06-10,APC,0.00014296389778010302,767853.7
2019-06-11,APC,0.00014006712721568304,740455.6
2019-06-12,APC,0.00013710919699212382,734746.2
2019-06-13,APC,0.0001395374437725038,732355.4
2019-06-14,APC,0.00013882165620682381,719547.65
2019-06-17,APC,0.0001386872787802988,712721.85
2019-06-18,APC,0.00013936655308946882,703456.25
2019-06-19,APC,0.00014002054701939235,696119.75
2019-06-20,APC,0.00014291222433409945,683101.35
2019-06-21,APC,0.00014527715219034577,664735.45
2019-06-24,APC,0.0001468511397038458,648639.6
2019-06-25,APC,0.0001441408459870108,629886.15
2019-06-26,APC,0.00014255723810313576,625015.1
2019-06-27,APC,0.0001408658487395158,597851.6
2019-06-28,APC,0.0001324634276540858,551497.4
2019-07-01,APC,0.00012874339629824578,539106.9
2019-07-02,APC,0.00012466665352474577,537864.4
2019-07-03,APC,0.00012431196069272578,550727.2
2019-07-05,APC,0.00012083584550203459,524965.4
2019-07-08,APC,0.00011976820788185262,507262.25
2019-07-09,APC,0.0001190127692634726,507843.75
2019-07-10,APC,0.00011921536757049261,519723.4
2019-07-11,APC,0.00012072333073941183,518498.3
2019-07-12,APC,0.00011880039692307184,518859.2
2019-07-15,APC,0.00011924462895397683,521606.7
2019-07-16,APC,0.00011794898955963912,524520.6
2019-07-17,APC,0.00011839713220676413,507402.1
2019-07-18,APC,0.00011666458529914575,494645.9
2019-07-19,APC,0.0001140787535850242,492089.25
2019-07-22,APC,0.00011372133466428919,482668.3
2019-07-23,APC,0.00011045987587188674,477291.0
2019-07-24,APC,0.00011005460779804749,476281.65
2019-07-25,APC,0.00010910760237325652,474496.5
2019-07-26,APC,0.00010748179195018033,474950.0
2019-07-29,APC,0.00010488947556111903,478672.65
2019-07-30,APC,0.00010363486321423618,494784.0
2019-07-31,APC,0.00010341769866193118,505219.65
2019-08-01,APC,0.00010278048645199619,481540.55
2019-08-02,APC,0.00010682641414849737,513331.4
2019-08-05,APC,0.00010772343299414932,527606.95
2019-08-06,APC,0.00010911297033327435,539192.95
2019-08-07,APC,0.00011103182437664433,549286.85
2019-08-08,APC,0.00011366780660001936,555025.15
2019-08-09,APC,0.00011338956690805935,628512.1
2019-01-31,APD,0.000300823120697165,158451.65
2019-02-01,APD,0.00029466067959269497,161260.5
2019-02-04,APD,0.00028716395320060997,160084.75
2019-02-05,APD,0.00028096813893319496,159190.55
2019-02-06,APD,0.0002751280961277,157778.45
2019-02-07,APD,0.000268684368070575,151221.6
2019-02-08,APD,0.000276002012985615,157289.45
2019-02-11,APD,0.000274496182410785,149240.3
2019-02-12,APD,0.000276173452895665,148411.7
2019-02-13,APD,0.00027463029413793,150163.05
2019-02-14,APD,0.000270226798745435,150721.4
2019-02-15,APD,0.000271310239443025,148624.35
2019-02-19,APD,0.000269167333284225,146574.65
2019-02-20,APD,0.000264578239760455,146125.85
2019-02-21,APD,0.000262888864998455,149158.45
2019-02-22,APD,0.000263155475057895,148670.25
2019-02-25,APD,0.00026376681628126,150480.1
2019-02-26,APD,0.00025242813066772,148203.05
2019-02-27,APD,0.000250804971438285,143191.75
2019-02-28,APD,0.000246144808878275,136851.25
2019-03-01,APD,0.00024558610405057003,135757.75
2019-03-04,APD,0.00024328471001813502,136875.8
2019-03-05,APD,0.000237560859870545,137522.2
2019-03-06,APD,0.00023261523820507002,137568.1
2019-03-07,APD,0.00023274376666622003,135529.95
2019-03-08,APD,0.00023101676011029498,134965.0
2019-03-11,APD,0.00022529360271439998,134041.85
2019-03-12,APD,0.00022321330623773,134191.3
2019-03-13,APD,0.00022094618802389002,130068.2
2019-03-14,APD,0.00021946671998226503,127037.4
2019-03-15,APD,0.00021758381802648496,127147.85
2019-03-18,APD,0.00021105626672498497,125941.55
2019-03-19,APD,0.000205899838371515,122242.7
2019-03-20,APD,0.00020543026397890998,120042.35
2019-03-21,APD,0.000204592579827245,116800.55
2019-03-22,APD,0.000201077816132535,114141.7
2019-03-25,APD,0.000197676695960915,114956.6
2019-03-26,APD,0.00019201426776902,113870.25
2019-03-27,APD,0.00018721802992511502,117991.8
2019-03-28,APD,0.000187852222012845,119628.6
2019-03-29,APD,0.00018395273402221001,119309.8
2019-04-01,APD,0.00018216382266728,116381.35
2019-04-02,APD,0.00018103952904823998,117039.3
2019-04-03,APD,0.00018019675171717997,122105.15
2019-04-04,APD,0.00017846822769548,125205.2
2019-04-05,APD,0.000176472786323875,125972.75
2019-04-08,APD,0.000172377860550495,128654.35
2019-04-09,APD,0.00017345184677799503,130786.25
2019-04-10,APD,0.00017319234147098998,131470.75
2019-04-11,APD,0.000171854591163335,130283.85
2019-04-12,APD,0.00017148549894597,128930.25
2019-04-15,APD,0.000171539287152475,129284.9
2019-04-16,APD,0.00017109938490677501,131124.6
2019-04-17,APD,0.000170180221696865,133977.0
2019-04-18,APD,0.000165849727871955,135842.45
2019-04-22,APD,0.00016505883371489,136488.45
2019-04-23,APD,0.00015937589287532498,132027.25
2019-04-24,APD,0.000157611849288125,131230.5
2019-04-25,APD,0.000165935183538895,135091.7
2019-04-26,APD,0.000167390562764615,139751.45
2019-04-29,APD,0.00016719356056829,141130.35
2019-04-30,APD,0.000167892594035895,142859.1
2019-05-01,APD,0.000165444093333045,142585.1
2019-05-02,APD,0.000166889157707815,141327.85
2019-05-03,APD,0.00016927814203025,145443.95
2019-05-06,APD,0.00017115644097646,149595.65
2019-05-07,APD,0.00018027708273647,155958.8
2019-05-08,APD,0.00018332959746699502,162453.15
2019-05-09,APD,0.00019024832002532,163373.7
2019-05-10,APD,0.00019681463793213002,169234.9
2019-05-13,APD,0.00020220975369504,173515.8
2019-05-14,APD,0.000208521681764255,177593.75
2019-05-15,APD,0.00020899906124496997,179785.7
2019-05-16,APD,0.00021157390323045498,177984.7
2019-05-17,APD,0.00021234686822898,177978.6
2019-05-20,APD,0.00021555432791482498,178252.4
2019-05-21,APD,0.00022197325269213497,180273.35
2019-05-22,APD,0.000225472655778875,182064.6
2019-05-23,APD,0.00022007069774016,175955.05
2019-05-24,APD,0.000223073623600325,174600.95
2019-05-28,APD,0.00022539415247898502,173225.05
2019-05-29,APD,0.00022540624359539504,171649.2
2019-05-30,APD,0.00022969978450993503,174293.95
2019-05-31,APD,0.00022882420436626502,171489.55
2019-06-03,APD,0.0002258163031064,168290.0
2019-06-04,APD,0.00022802125235673503,167831.2
2019-06-05,APD,0.00022443724665107502,165800.6
2019-06-06,APD,0.00022322148089077,158626.9
2019-06-07,APD,0.000220917058846905,164552.25
2019-06-10,APD,0.00021841606004570496,163657.8
2019-06-11,APD,0.000213019394746275,161201.25
2019-06-12,APD,0.000207883386409625,161912.8
2019-06-13,APD,0.000205565193580545,160472.7
2019-06-14,APD,0.00020381142729236997,160853.75
2019-06-17,APD,0.00020297465820578003,158198.85
2019-06-18,APD,0.00019913773527632,157650.95
2019-06-19,APD,0.00019687978822216504,157695.35
2019-06-20,APD,0.00019742110868426,156613.95
2019-06-21,APD,0.00019831685544360002,156322.4
2019-06-24,APD,0.000192228659699575,151332.5
2019-06-25,APD,0.000190794315287575,151307.35
2019-06-26,APD,0.00018998162350072,148769.65
2019-06-27,APD,0.000187133314323985,143340.55
2019-06-28,APD,0.0001866970404191,141554.95
2019-07-01,APD,0.00018667019005453,138049.7
2019-07-02,APD,0.00018369828273229002,131665.65
2019-07-03,APD,0.000179783286746575,124325.9
2019-07-05,APD,0.00017648338251790002,120333.5
2019-07-08,APD,0.00017015061259505,112085.7
2019-07-09,APD,0.000166295690487855,108163.1
2019-07-10,APD,0.00016936761371005,108978.75
2019-07-11,APD,0.000167171198224165,103102.75
2019-07-12,APD,0.00016786551155352998,100580.25
2019-07-15,APD,0.000166066605818115,97647.5
2019-07-16,APD,0.00016565858879033,97396.55
2019-07-17,APD,0.000165420296101625,96411.25
2019-07-18,APD,0.000163578993052355,93177.2
2019-07-19,APD,0.00016132808812556002,92862.05
2019-07-22,APD,0.000159135282000955,92471.35
2019-07-23,APD,0.00016044294360963502,92375.5
2019-07-24,APD,0.00015954514371620498,91273.55
2019-07-25,APD,0.00015936952092672,93372.5
2019-07-26,APD,0.000170883601268415,96835.4
2019-07-29,APD,0.000174984604839125,99576.15
2019-07-30,APD,0.000174852987785635,99864.85
2019-07-31,APD,0.0001740601578613,102386.7
2019-08-01,APD,0.00017945421342200498,111346.75
2019-08-02,APD,0.00018656425015833,122532.65
2019-08-05,APD,0.00019380931905964,126121.5
2019-08-06,APD,0.00020302294947559498,128270.05
2019-08-07,APD,0.000207394184100025,125486.6
2019-08-08,APD,0.000218020855644085,127520.0
2019-08-09,APD,0.000220948506999365,127499.5
2019-08-12,APD,0.00022509588914593,129620.45
2019-08-13,APD,0.00023075568197184499,130318.9
2019-08-14,APD,0.00024132260569925,132006.2
2019-08-15,APD,0.00024937759133742,131876.05
2019-08-16,APD,0.00025697419830457,130454.9
2019-08-19,APD,0.00025868104758485503,127309.95
2019-08-20,APD,0.00026260145541379,126624.7
2019-08-21,APD,0.000265209966478145,125535.6
2019-08-22,APD,0.00026782146646019996,121576.75
2019-08-23,APD,0.00025864046906039505,117362.15
2019-08-26,APD,0.000263425070003015,115274.25
2019-08-27,APD,0.00026803634052949504,112902.4
2019-08-28,APD,0.0002713522576135,109071.6
2019-08-29,APD,0.00026942192028203997,97142.1
2019-08-30,APD,0.00026818765351939997,87379.3
2019-09-03,APD,0.000264018701621175,85152.4
2019-09-04,APD,0.00025853267463731,82785.55
2019-09-05,APD,0.00025351728097665,81800.5
2019-09-06,APD,0.000246937427536895,80485.2
2019-09-09,APD,0.000245540501897585,80601.35
2019-09-10,APD,0.00024851650247324,81753.6
2019-09-11,APD,0.000254898428853805,84388.95
2019-09-12,APD,0.00025594602482767497,85469.9
2019-09-13,APD,0.00025853244978853,88467.95
2019-09-16,APD,0.000254302469212675,88040.0
2019-09-17,APD,0.00025823511555453496,90201.8
2019-09-18,APD,0.000263413943334015,90990.15
2019-09-19,APD,0.00026619667772361996,89739.55
2019-09-20,APD,0.000265460540920555,90188.85
2019-09-23,APD,0.00026573954045916,90270.85
2019-09-24,APD,0.00026204932189469,88678.15
2019-09-25,APD,0.000259600057969705,90689.9
2019-09-26,APD,0.00025905276319714,91061.15
2019-09-27,APD,0.000260268606410915,91710.95
2019-09-30,APD,0.00025655073280881496,90142.7
2019-10-01,APD,0.00025816383287790006,89509.95
2019-10-02,APD,0.000259027897299485,87540.1
2019-10-03,APD,0.000265391013801075,89646.35
2019-10-04,APD,0.0002706387611313,88357.95
2019-10-07,APD,0.00027369844129584997,87577.95
2019-10-08,APD,0.00027221884130794,83886.95
2019-10-09,APD,0.00026809715996994004,81058.9
2019-10-10,APD,0.000261459903309725,76298.05
2019-10-11,APD,0.000257570816117095,73194.1
2019-10-14,APD,0.00026078799046616005,72093.55
2019-10-15,APD,0.00025704876273887,70124.75
2019-10-16,APD,0.00024926753704381,70181.8
2019-10-17,APD,0.00024616343619033004,70372.15
2019-10-18,APD,0.00024727727034395,69636.4
2019-10-21,APD,0.000246810234838755,67643.25
2019-10-22,APD,0.00024318199630589,68138.85
2019-10-23,APD,0.000248777631387255,68220.35
2019-10-24,APD,0.00025082253154066504,69224.2
2019-10-25,APD,0.00025103219116124,69161.65
2019-10-28,APD,0.000250162839108165,68567.0
2019-10-29,APD,0.00024863557413885997,68066.75
2019-10-30,APD,0.00025198795349775,70503.6
2019-10-31,APD,0.000248326368540795,67335.35
2019-11-01,APD,0.000243396817408815,67111.15
2019-11-04,APD,0.00024249548191282002,66955.6
2019-11-05,APD,0.000241284794766925,67017.55
2019-11-06,APD,0.00023808833447699,67405.85
2019-11-07,APD,0.000240296297394995,70087.5
2019-11-08,APD,0.00025536228828377,73405.0
2019-11-11,APD,0.00025640661953886003,77882.3
2019-11-12,APD,0.00025666409009873,80141.8
2019-11-13,APD,0.00025915497450497,82083.65
2019-11-14,APD,0.00026121403463664,84995.65
2019-11-15,APD,0.000259477941274775,87605.5
2019-11-18,APD,0.000257521986490305,91520.5
2019-11-19,APD,0.00025827687433708005,93712.85
2019-11-20,APD,0.00025221827065052,92287.5
2019-11-21,APD,0.000250211500230825,92538.2
2019-11-22,APD,0.00024922892731232,94370.65
2019-11-25,APD,0.00025091331964781,98712.9
2019-11-26,APD,0.00025024545013414,102915.35
2019-11-27,APD,0.00024674724535807995,104390.1
2019-11-29,APD,0.000243163415595125,105898.3
2019-12-02,APD,0.000241467114180405,104607.75
2019-12-03,APD,0.00024394909893301497,106713.0
2019-12-04,APD,0.000245800105723595,109636.8
2019-12-05,APD,0.000243531928456645,109709.75
2019-12-06,APD,0.000238844954036485,106414.05
2019-12-09,APD,0.00021720807569862002,101429.2
2019-12-10,APD,0.00020896885849026,96210.25
2019-12-11,APD,0.000206836615229885,94841.2
2019-12-12,APD,0.00020199478918561,92225.4
2019-12-13,APD,0.00019966209412001002,91775.45
2019-12-16,APD,0.000201009794015225,89719.75
2019-12-17,APD,0.00019904696915392503,87537.5
2019-12-18,APD,0.00019725730045545001,86983.8
2019-12-19,APD,0.00019578475138646,86881.5
2019-12-20,APD,0.00019442405620334,85710.65
2019-12-23,APD,0.00019285542217113,84845.35
2019-12-24,APD,0.00018982839911863,80296.9
2019-12-26,APD,0.00018593671259321002,73611.45
2019-12-27,APD,0.00018001696843327,68726.45
2019-01-31,APH,0.000281322241414125,174105.55
2019-02-01,APH,0.00027454002378171497,172011.15
2019-02-04,APH,0.000265522864233985,161925.6
2019-02-05,APH,0.00025619988869462996,150291.45
2019-02-06,APH,0.00025161971571964497,149714.6
2019-02-07,APH,0.00024984969552399496,144480.35
2019-02-08,APH,0.00026003738791723,148969.25
2019-02-11,APH,0.00025399821772275,148531.05
2019-02-12,APH,0.0002483508924779,147591.75
2019-02-13,APH,0.000248779817624405,150451.5
2019-02-14,APH,0.00024687707285304,149461.35
2019-02-15,APH,0.000247371216688795,149860.0
2019-02-19,APH,0.000240664609303145,150190.05
2019-02-20,APH,0.00023596267807242003,150094.05
2019-02-21,APH,0.00023075524820739,147258.4
2019-02-22,APH,0.000213867301577665,137506.5
2019-02-25,APH,0.00020618830308231998,130943.25
2019-02-26,APH,0.00019829203722071003,123224.15
2019-02-27,APH,0.00019354712013497502,124963.95
2019-02-28,APH,0.00019027216378787,123161.4
2019-03-01,APH,0.00018453646044929,118493.2
2019-03-04,APH,0.000179309953680695,119254.95
2019-03-05,APH,0.00017503135005857,118770.85
2019-03-06,APH,0.000177189565373335,118895.25
2019-03-07,APH,0.00017416229413826998,117246.75
2019-03-08,APH,0.00017408734435863,115586.2
2019-03-11,APH,0.000168307001695935,115197.75
2019-03-12,APH,0.00016748666469019,113300.0
2019-03-13,APH,0.000166404471557855,113583.35
2019-03-14,APH,0.000163752019206725,109737.55
2019-03-15,APH,0.00016397174737812998,108869.8
2019-03-18,APH,0.00016138723329472,109052.2
2019-03-19,APH,0.000161237851126835,107337.45
2019-03-20,APH,0.00016038492101237,108064.95
2019-03-21,APH,0.000163293129499565,110228.75
2019-03-22,APH,0.000163336948054235,106723.4
2019-03-25,APH,0.0001659049642023,107332.7
2019-03-26,APH,0.000168889792216455,105976.8
2019-03-27,APH,0.00017003039901667,102130.75
2019-03-28,APH,0.000173733392862235,105270.85
2019-03-29,APH,0.000174275583778735,107986.05
2019-04-01,APH,0.000177194863886575,107721.15
2019-04-02,APH,0.00017595299412207,110647.25
2019-04-03,APH,0.000175841618930565,119037.05
2019-04-04,APH,0.000177103875412035,125035.4
2019-04-05,APH,0.00017438703647851,131348.55
2019-04-08,APH,0.00017297136149302,134064.95
2019-04-09,APH,0.000174380355481285,135309.6
2019-04-10,APH,0.00017471797013764498,136004.45
2019-04-11,APH,0.00017538044639837,137383.6
2019-04-12,APH,0.000175971511936985,139150.7
2019-04-15,APH,0.00017509616465483498,135223.45
2019-04-16,APH,0.00017309406090485,135069.85
2019-04-17,APH,0.000173930867558895,134723.05
2019-04-18,APH,0.00017168771895321,131817.65
2019-04-22,APH,0.00017104899890178,133283.6
2019-04-23,APH,0.000168622193260725,129701.05
2019-04-24,APH,0.00016568696760087997,132914.6
2019-04-25,APH,0.00018830306342889,145981.65
2019-04-26,APH,0.0001936787171915,148622.25
2019-04-29,APH,0.00019534201481476998,153150.45
2019-04-30,APH,0.00019615038068098502,155210.75
2019-05-01,APH,0.00019974728398258502,154502.5
2019-05-02,APH,0.000199619305639985,150758.95
2019-05-03,APH,0.00020039331440263502,146183.5
2019-05-06,APH,0.000202383086614935,142518.85
2019-05-07,APH,0.00020847063237003499,145252.85
2019-05-08,APH,0.000212841238924845,150822.5
2019-05-09,APH,0.00021885500006665502,159963.35
2019-05-10,APH,0.00022664366306122496,166960.75
2019-05-13,APH,0.000230765142807755,171795.55
2019-05-14,APH,0.00023930335400148498,180813.05
2019-05-15,APH,0.00024337681017424004,184872.0
2019-05-16,APH,0.000249046256118055,185021.45
2019-05-17,APH,0.00024930888193549496,187093.65
2019-05-20,APH,0.00025398887968118,190885.5
2019-05-21,APH,0.00025722016771421503,196635.15
2019-05-22,APH,0.0002588729735713,194707.25
2019-05-23,APH,0.00023765317742387,182579.35
2019-05-24,APH,0.000233292604060525,178926.85
2019-05-28,APH,0.00023459680553314,176045.85
2019-05-29,APH,0.00023487036879462999,176027.7
2019-05-30,APH,0.00023529317991934502,178139.35
2019-05-31,APH,0.00023431414032366003,175739.9
2019-06-03,APH,0.000234947405519705,177916.0
2019-06-04,APH,0.000237754121773935,181693.55
2019-06-05,APH,0.00023382193892937001,184754.85
2019-06-06,APH,0.000232601989318065,180222.8
2019-06-07,APH,0.00022897205079894,175389.95
2019-06-10,APH,0.000225588899477685,169043.35
2019-06-11,APH,0.00022294554565259,165326.15
2019-06-12,APH,0.00022428904779955502,165134.45
2019-06-13,APH,0.00022704242289359498,162907.2
2019-06-14,APH,0.000223180975435185,168546.65
2019-06-17,APH,0.00022869529228615,171658.5
2019-06-18,APH,0.00022648660923927998,170491.25
2019-06-19,APH,0.00022539456207667,172165.8
2019-06-20,APH,0.00022453881171375498,171362.25
2019-06-21,APH,0.00022425293944687,172966.45
2019-06-24,APH,0.00021932147158272501,172948.7
2019-06-25,APH,0.00021727296736101504,168621.7
2019-06-26,APH,0.00021425194238480498,164638.15
2019-06-27,APH,0.000210652517464725,161324.75
2019-06-28,APH,0.00020991828702986498,158830.25
2019-07-01,APH,0.00020714261674081004,157565.2
2019-07-02,APH,0.00020468097944724501,153469.7
2019-07-03,APH,0.00020312081597619497,147615.35
2019-07-05,APH,0.00019731483478492,144745.0
2019-07-08,APH,0.00019512089906667502,139787.9
2019-07-09,APH,0.00019147292011145,140154.05
2019-07-10,APH,0.00018897106064481,141359.7
2019-07-11,APH,0.00018100594463535,136050.15
2019-07-12,APH,0.00017506715848576498,133083.25
2019-07-15,APH,0.000172988548841245,127067.75
2019-07-16,APH,0.00016612118131903,121037.95
2019-07-17,APH,0.000165644258699085,121104.65
2019-07-18,APH,0.00016286447406015,116544.75
2019-07-19,APH,0.000164124612112805,122899.45
2019-07-22,APH,0.000164194221039345,124690.75
2019-07-23,APH,0.000165603830094405,126119.55
2019-07-24,APH,0.00016509482146293,140601.1
2019-07-25,APH,0.00018275088623281,160594.95
2019-07-26,APH,0.00018813265443343,171219.1
2019-07-29,APH,0.0001908452236545,178120.2
2019-07-30,APH,0.000190105692901815,181353.95
2019-07-31,APH,0.000188198652156,181743.65
2019-08-01,APH,0.000191862102623815,181633.6
2019-08-02,APH,0.000200036258627665,187504.1
2019-08-05,APH,0.00020484634867497497,191443.7
2019-08-06,APH,0.00021311569369273498,196799.4
2019-08-07,APH,0.00021839719932135998,197436.15
2019-08-08,APH,0.000225354029087035,198697.15
2019-08-09,APH,0.00022929701560895003,202492.55
2019-08-12,APH,0.00023315547160095498,206144.15
2019-08-13,APH,0.000235840627310445,207393.4
2019-08-14,APH,0.00024198023970660503,209908.8
2019-08-15,APH,0.00024809034299561,212266.6
2019-08-16,APH,0.00025319617070174996,206977.7
2019-08-19,APH,0.00025443576042294,204024.8
2019-08-20,APH,0.00025644927155006505,201352.95
2019-08-21,APH,0.000256977423487125,188802.8
2019-08-22,APH,0.000241602645659445,172020.85
2019-08-23,APH,0.00023803190262622,158774.0
2019-08-26,APH,0.00024352334351503499,153364.8
2019-08-27,APH,0.00024974690732632,150445.45
2019-08-28,APH,0.00025312973223092503,147910.55
2019-08-29,APH,0.00025263712498967,146221.7
2019-08-30,APH,0.00024939983413072,141453.6
2019-09-03,APH,0.000247052699060755,138816.35
2019-09-04,APH,0.00024434948482612997,132795.85
2019-09-05,APH,0.0002413326920966,130021.35
2019-09-06,APH,0.00023846591853761502,130073.7
2019-09-09,APH,0.00023830713303625998,128458.4
2019-09-10,APH,0.00023858976528875003,124780.8
2019-09-11,APH,0.00024211568386704496,124663.75
2019-09-12,APH,0.000240388779631385,121326.2
2019-09-13,APH,0.00023961332635264498,122011.2
2019-09-16,APH,0.00023519690308482498,128015.0
2019-09-17,APH,0.000235338700975025,134793.85
2019-09-18,APH,0.00023873232864963,137575.0
2019-09-19,APH,0.00023973464247724498,134745.9
2019-09-20,APH,0.000241318519157885,131810.4
2019-09-23,APH,0.00024384975070673498,133858.4
2019-09-24,APH,0.00023858536681576503,133087.6
2019-09-25,APH,0.000239285475156215,135943.7
2019-09-26,APH,0.00023869583261848499,139235.15
2019-09-27,APH,0.00023873239351001504,142726.6
2019-09-30,APH,0.00024094606062448,146681.4
2019-10-01,APH,0.00024053500043537496,145789.9
2019-10-02,APH,0.00023931950914054504,146496.35
2019-10-03,APH,0.00024316446794973002,147596.25
2019-10-04,APH,0.00024549595533273,142996.5
2019-10-07,APH,0.000245588639726265,141355.9
2019-10-08,APH,0.00024473972384222997,139394.85
2019-10-09,APH,0.00024650192347319,138713.35
2019-10-10,APH,0.00024493682295066,137135.25
2019-10-11,APH,0.00024203254279156,133830.0
2019-10-14,APH,0.000244832790861895,127379.6
2019-10-15,APH,0.00024197687248437503,121626.1
2019-10-16,APH,0.00023748627522429498,121205.25
2019-10-17,APH,0.000236214583585315,122802.15
2019-10-18,APH,0.00023510995483839498,122516.55
2019-10-21,APH,0.00023346520981113497,121863.8
2019-10-22,APH,0.00023254095119468998,124229.4
2019-10-23,APH,0.00022790779983856502,123464.7
2019-10-24,APH,0.00023943166632826502,126138.9
2019-10-25,APH,0.00024010234945684498,124176.0
2019-10-28,APH,0.00023718112441237002,126001.35
2019-10-29,APH,0.00023789058554818504,127990.15
2019-10-30,APH,0.00023695997356277496,127044.55
2019-10-31,APH,0.000236425657940555,124169.55
2019-11-01,APH,0.00023148263772460498,125812.35
2019-11-04,APH,0.00023200560535596503,128416.8
2019-11-05,APH,0.00022996128405498498,129428.35
2019-11-06,APH,0.00022298837011785,130815.7
2019-11-07,APH,0.000221048471130745,131418.4
2019-11-08,APH,0.0002187739476037,131336.05
2019-11-11,APH,0.000214470158806605,129649.8
2019-11-12,APH,0.00021421559598122,126910.25
2019-11-13,APH,0.00021379309640146997,122374.75
2019-11-14,APH,0.00021393935816403498,121914.4
2019-11-15,APH,0.00021108853704385503,120542.2
2019-11-18,APH,0.00021028562639801505,120862.4
2019-11-19,APH,0.00020900749229097,117547.35
2019-11-20,APH,0.00020714783205496,110877.5
2019-11-21,APH,0.00019436932655232,104876.3
2019-11-22,APH,0.000190343236678,103130.1
2019-11-25,APH,0.00018730777125423,96042.0
2019-11-26,APH,0.0001844237657578,95731.8
2019-11-27,APH,0.000182942391577145,93907.05
2019-11-29,APH,0.00017603440877649,93804.55
2019-12-02,APH,0.00017281174708160002,90697.75
2019-12-03,APH,0.00017298630543089,88188.6
2019-12-04,APH,0.000176461017142315,87296.2
2019-12-05,APH,0.00017731545118251498,84575.65
2019-12-06,APH,0.000175186537266535,81937.8
2019-12-09,APH,0.00017328403454673,79764.15
2019-12-10,APH,0.00017080438536001,78569.1
2019-12-11,APH,0.000172801282928175,79837.35
2019-12-12,APH,0.00017155695824427,81289.3
2019-12-13,APH,0.00017535527735153,84200.9
2019-12-16,APH,0.000179465599488825,86030.9
2019-12-17,APH,0.000180977845239605,84588.95
2019-12-18,APH,0.000179967104301485,84955.15
2019-12-19,APH,0.000180309036427245,85998.25
2019-12-20,APH,0.000176863367569605,84921.2
2019-12-23,APH,0.000177094598091885,83294.65
2019-12-24,APH,0.00017576517775273,83873.95
2019-12-26,APH,0.000173794887269165,78099.3
2019-12-27,APH,0.00016897778700316747,76297.4
2019-01-31,APTV,0.000407734341902125,234192.05
2019-02-01,APTV,0.00040429541739170496,244794.8
2019-02-04,APTV,0.00039731852060663,254551.6
2019-02-05,APTV,0.00038511806929724497,255259.55
2019-02-06,APTV,0.000379097022341565,254563.2
2019-02-07,APTV,0.00036823852563271,248393.7
2019-02-08,APTV,0.00036588605003530495,260799.2
2019-02-11,APTV,0.00036086384563097,265104.65
2019-02-12,APTV,0.00035774917922080506,264191.15
2019-02-13,APTV,0.000357312404766515,269195.05
2019-02-14,APTV,0.000355164901178915,262250.05
2019-02-15,APTV,0.00035591601698822003,262680.8
2019-02-19,APTV,0.000356155095342415,262778.7
2019-02-20,APTV,0.00034747227087709,258899.15
2019-02-21,APTV,0.00034126143228772004,255146.1
2019-02-22,APTV,0.00033929895930381496,253313.8
2019-02-25,APTV,0.00033253694217363,253638.8
2019-02-26,APTV,0.000325629349037615,249268.0
2019-02-27,APTV,0.00032027226510297,243192.35
2019-02-28,APTV,0.00031836519924677,236388.9
2019-03-01,APTV,0.000310740506122055,232020.65
2019-03-04,APTV,0.000301083183733565,215551.75
2019-03-05,APTV,0.00029841404563477503,201266.75
2019-03-06,APTV,0.000297546352815205,193471.05
2019-03-07,APTV,0.00029787403674561496,190817.4
2019-03-08,APTV,0.00030382874949351,186531.95
2019-03-11,APTV,0.00030264456645537,180899.45
2019-03-12,APTV,0.000304408337082185,176323.05
2019-03-13,APTV,0.00030342996487992,174842.45
2019-03-14,APTV,0.00030273266153218,166821.1
2019-03-15,APTV,0.000300027973911325,157688.15
2019-03-18,APTV,0.00029332601126270496,154280.15
2019-03-19,APTV,0.000291782033302615,151842.85
2019-03-20,APTV,0.00029425125872664,152664.25
2019-03-21,APTV,0.000301393229375075,153793.3
2019-03-22,APTV,0.000300301005425435,152979.6
2019-03-25,APTV,0.00030340357782975,157141.1
2019-03-26,APTV,0.00030416844303078,158531.05
2019-03-27,APTV,0.000306161106848995,159916.95
2019-03-28,APTV,0.00030745878156262997,167391.7
2019-03-29,APTV,0.00030783708933811995,167423.4
2019-04-01,APTV,0.00030150233141867,168993.3
2019-04-02,APTV,0.000300481882750005,168428.3
2019-04-03,APTV,0.000298578078452625,169613.95
2019-04-04,APTV,0.000299016725964335,171527.85
2019-04-05,APTV,0.0002938748918871,170148.1
2019-04-08,APTV,0.00028983783263486,170387.15
2019-04-09,APTV,0.00028764427940822,168749.5
2019-04-10,APTV,0.00028838992334037996,167502.05
2019-04-11,APTV,0.00028877250972766,165514.65
2019-04-12,APTV,0.00029093713380120504,164658.5
2019-04-15,APTV,0.000294754946908425,165245.9
2019-04-16,APTV,0.000293774801796055,164668.8
2019-04-17,APTV,0.00029281860171983496,162847.45
2019-04-18,APTV,0.00028636695687415503,160527.55
2019-04-22,APTV,0.000287620410568595,159205.7
2019-04-23,APTV,0.000283063996594585,153263.15
2019-04-24,APTV,0.000282843632757375,152706.0
2019-04-25,APTV,0.000280085770286125,153254.45
2019-04-26,APTV,0.00028358748097360504,150359.35
2019-04-29,APTV,0.00028403208135044,149112.45
2019-04-30,APTV,0.00028660162638712,148238.95
2019-05-01,APTV,0.000284947068290675,147708.2
2019-05-02,APTV,0.000287727862741665,150615.15
2019-05-03,APTV,0.00031351765879447,153712.9
2019-05-06,APTV,0.000313505748012115,157060.05
2019-05-07,APTV,0.00031899576349582497,157892.95
2019-05-08,APTV,0.00032605116268172,162015.2
2019-05-09,APTV,0.000328899514378505,168139.25
2019-05-10,APTV,0.000335111238098895,170961.55
2019-05-13,APTV,0.00034249182645551,172201.3
2019-05-14,APTV,0.000345748120012795,178244.55
2019-05-15,APTV,0.00034919533799317496,177278.5
2019-05-16,APTV,0.00035675036494806,177526.9
2019-05-17,APTV,0.000359838387958005,182738.75
2019-05-20,APTV,0.00035864113301285,185358.2
2019-05-21,APTV,0.000364032596054815,186345.1
2019-05-22,APTV,0.000363218880704345,184108.45
2019-05-23,APTV,0.00036631478777754,189160.0
2019-05-24,APTV,0.00036375708060644495,196969.1
2019-05-28,APTV,0.000361897481777075,201461.9
2019-05-29,APTV,0.00036551666536402503,206599.15
2019-05-30,APTV,0.00036836515988900996,206242.1
2019-05-31,APTV,0.00037422898634005997,201603.95
2019-06-03,APTV,0.000355615685554865,211078.45
2019-06-04,APTV,0.000363945066667505,215135.3
2019-06-05,APTV,0.000368487661261885,224682.55
2019-06-06,APTV,0.00036591553052714497,232713.9
2019-06-07,APTV,0.00036779702328694497,230513.05
2019-06-10,APTV,0.000365057096352625,231235.2
2019-06-11,APTV,0.00036617881289993,233643.3
2019-06-12,APTV,0.000369452129286485,226811.5
2019-06-13,APTV,0.00036916127896515004,228045.05
2019-06-14,APTV,0.000364675438772105,227317.95
2019-06-17,APTV,0.000365189657528075,225855.55
2019-06-18,APTV,0.00036688989727197494,225242.2
2019-06-19,APTV,0.000366159081712205,226368.25
2019-06-20,APTV,0.00037229777094449504,225829.4
2019-06-21,APTV,0.000373813410196915,221905.4
2019-06-24,APTV,0.00037132808023631003,207571.7
2019-06-25,APTV,0.000372685993932775,200221.05
2019-06-26,APTV,0.00037077625992664495,194928.8
2019-06-27,APTV,0.000374130498130085,194527.9
2019-06-28,APTV,0.00037382379898223,198237.55
2019-07-01,APTV,0.000366717416244715,187510.4
2019-07-02,APTV,0.00036162866007233497,180783.5
2019-07-03,APTV,0.000351532747445375,169994.35
2019-07-05,APTV,0.000341529892380595,151720.8
2019-07-08,APTV,0.00033417418494844,148293.35
2019-07-09,APTV,0.00032911433773103,147414.7
2019-07-10,APTV,0.00032384959487428,146342.65
2019-07-11,APTV,0.00031692296240918503,146355.95
2019-07-12,APTV,0.00031171406300365496,144700.2
2019-07-15,APTV,0.000308866141631085,142149.35
2019-07-16,APTV,0.0003044194816973,138848.3
2019-07-17,APTV,0.000305003262524995,136496.4
2019-07-18,APTV,0.000302404830355695,137852.45
2019-07-19,APTV,0.00029591819712521995,138866.15
2019-07-22,APTV,0.000297390423368195,137986.85
2019-07-23,APTV,0.00029664479636439,144128.85
2019-07-24,APTV,0.000306357855947635,148668.25
2019-07-25,APTV,0.00030458070180423,150049.6
2019-07-26,APTV,0.00030189849686439,154598.0
2019-07-29,APTV,0.000298099850326115,153182.1
2019-07-30,APTV,0.0002958524797438,146568.85
2019-07-31,APTV,0.00029705519877819004,147966.35
2019-08-01,APTV,0.00031826848879258,155464.55
2019-08-02,APTV,0.00033446164051959004,168368.65
2019-08-05,APTV,0.000343433452300335,170522.45
2019-08-06,APTV,0.00035519184567287,170880.45
2019-08-07,APTV,0.00035800917009681,170360.55
2019-08-08,APTV,0.00036743002246243997,173370.15
2019-08-09,APTV,0.000375876320478875,174015.65
2019-08-12,APTV,0.00038702916512731004,173608.7
2019-08-13,APTV,0.000395481254479085,175490.55
2019-08-14,APTV,0.000401290516445865,176279.0
2019-08-15,APTV,0.00040915948416238995,172487.4
2019-08-16,APTV,0.0004211859596286899,173422.1
2019-08-19,APTV,0.00042418863212159995,171348.85
2019-08-20,APTV,0.0004236517033779,166648.9
2019-08-21,APTV,0.00041886048877553996,161771.0
2019-08-22,APTV,0.00042506204144077494,158529.05
2019-08-23,APTV,0.000426474634442945,149256.1
2019-08-26,APTV,0.0004363341157558751,148319.1
2019-08-27,APTV,0.000444866263005665,147450.05
2019-08-28,APTV,0.00044706366414962504,144222.35
2019-08-29,APTV,0.00043361982393645,133260.65
2019-08-30,APTV,0.000422491196744075,124367.15
2019-09-03,APTV,0.00041864462967025,122686.95
2019-09-04,APTV,0.000416107608379355,121969.9
2019-09-05,APTV,0.00041326602123150003,118640.6
2019-09-06,APTV,0.000409347919195395,116176.85
2019-09-09,APTV,0.000405057478844985,113932.15
2019-09-10,APTV,0.00040059624324101,115976.85
2019-09-11,APTV,0.000398939508009745,114352.35
2019-09-12,APTV,0.000394781378398375,114549.05
2019-09-13,APTV,0.000394598519799275,116762.8
2019-09-16,APTV,0.000390382269157825,113965.05
2019-09-17,APTV,0.00038903758203261997,114278.4
2019-09-18,APTV,0.000395856562050195,114039.9
2019-09-19,APTV,0.00039227714314509,112904.85
2019-09-20,APTV,0.00039172922368855,112212.15
2019-09-23,APTV,0.000394311839430575,113043.35
2019-09-24,APTV,0.000387615429318215,111084.1
2019-09-25,APTV,0.000387886594765255,114493.3
2019-09-26,APTV,0.000389923829469045,112997.45
2019-09-27,APTV,0.00038834315810857997,111758.25
2019-09-30,APTV,0.000395575396233545,108830.85
2019-10-01,APTV,0.00039822544743621003,105656.0
2019-10-02,APTV,0.000397231734312775,103666.0
2019-10-03,APTV,0.00040324646399512494,110214.6
2019-10-04,APTV,0.00040698662775203495,108100.9
2019-10-07,APTV,0.000410094956663305,112156.35
2019-10-08,APTV,0.00041030056782997493,110189.75
2019-10-09,APTV,0.00041689049064739993,112060.1
2019-10-10,APTV,0.000419668660247935,110161.1
2019-10-11,APTV,0.00041777721887699995,107418.3
2019-10-14,APTV,0.00042177795236643,106947.0
2019-10-15,APTV,0.00041607377347092504,107110.05
2019-10-16,APTV,0.00041114202403534997,107801.2
2019-10-17,APTV,0.000417751078353095,110183.05
2019-10-18,APTV,0.00041797335519927497,111383.25
2019-10-21,APTV,0.00040998469655508006,112315.75
2019-10-22,APTV,0.00041057117296581,110504.5
2019-10-23,APTV,0.000409683054985455,107154.1
2019-10-24,APTV,0.00040274391300323996,107497.3
2019-10-25,APTV,0.00040238949321661,107405.55
2019-10-28,APTV,0.000406915919960455,106621.0
2019-10-29,APTV,0.00040765152587237,105472.65
2019-10-30,APTV,0.00040406473401194003,106933.25
2019-10-31,APTV,0.000413203276897205,105209.5
2019-11-01,APTV,0.000410051401751095,107183.45
2019-11-04,APTV,0.00041003394163556495,103610.55
2019-11-05,APTV,0.00041523212963026,107458.4
2019-11-06,APTV,0.00040689078087446505,109908.4
2019-11-07,APTV,0.00040647731851377496,110412.3
2019-11-08,APTV,0.00040399695749066,113349.2
2019-11-11,APTV,0.00040061049643310006,110924.2
2019-11-12,APTV,0.00040317211796304003,109100.9
2019-11-13,APTV,0.00040275578264866,111312.2
2019-11-14,APTV,0.00039824796201521,112195.1
2019-11-15,APTV,0.00039995084368048,114743.65
2019-11-18,APTV,0.000404274564981275,112512.2
2019-11-19,APTV,0.00039930392190290996,112774.0
2019-11-20,APTV,0.00039911575921617497,114592.3
2019-11-21,APTV,0.00040344502617792,117490.9
2019-11-22,APTV,0.000402732836714525,119557.55
2019-11-25,APTV,0.000395119075547065,123059.05
2019-11-26,APTV,0.000389554691926355,125575.7
2019-11-27,APTV,0.00039093728355772,125843.75
2019-11-29,APTV,0.00037098036215227,119318.2
2019-12-02,APTV,0.000362040056804455,113601.4
2019-12-03,APTV,0.00035799705927618,115008.35
2019-12-04,APTV,0.00035064132596086,114304.35
2019-12-05,APTV,0.000347213128599795,111303.6
2019-12-06,APTV,0.00033712513569515,108387.4
2019-12-09,APTV,0.000331706456276235,104848.0
2019-12-10,APTV,0.000319023336510945,106083.45
2019-12-11,APTV,0.00031134295810548,107038.5
2019-12-12,APTV,0.000306625399106825,102778.4
2019-12-13,APTV,0.00030106294537609495,101537.95
2019-12-16,APTV,0.00029797087400811994,100912.1
2019-12-17,APTV,0.000293511583548925,103125.55
2019-12-18,APTV,0.00028818648754076997,103652.4
2019-12-19,APTV,0.00027904649409522,105130.1
2019-12-20,APTV,0.00027425921848247,101837.75
2019-12-23,APTV,0.000267913569140665,103615.95
2019-12-24,APTV,0.000258968014036205,102379.95
2019-12-26,APTV,0.00025406211304365,97711.8
2019-12-27,APTV,0.0002447494446478,91670.15
2019-01-31,ARE,0.00035346672320453996,71321.85
2019-02-01,ARE,0.000347510274846885,72684.55
2019-02-04,ARE,0.00033944509665731,74213.45
2019-02-05,ARE,0.00032891574562613,78202.25
2019-02-06,ARE,0.00032665403276333003,80724.6
2019-02-07,ARE,0.00031881973015018497,81064.45
2019-02-08,ARE,0.00032491017339825,87062.45
2019-02-11,ARE,0.00031126602314532,87050.2
2019-02-12,ARE,0.000302186937939975,88560.2
2019-02-13,ARE,0.00030294985531654,93292.85
2019-02-14,ARE,0.000301018244210105,95354.7
2019-02-15,ARE,0.00029963698206347995,95936.25
2019-02-19,ARE,0.0002966210247988,94116.9
2019-02-20,ARE,0.00029102118511617,92960.4
2019-02-21,ARE,0.00028450454625413,91947.8
2019-02-22,ARE,0.00028430987996921496,94031.5
2019-02-25,ARE,0.00028126932856357,96063.15
2019-02-26,ARE,0.00027245124968172,96695.05
2019-02-27,ARE,0.00026880836347074004,98157.7
2019-02-28,ARE,0.00026702232131477004,99839.75
2019-03-01,ARE,0.000259097218733935,102579.85
2019-03-04,ARE,0.00025153427190627504,102168.25
2019-03-05,ARE,0.000243897199959155,101657.45
2019-03-06,ARE,0.000241350700891255,99716.15
2019-03-07,ARE,0.00022859399900629498,99300.75
2019-03-08,ARE,0.000227004462818565,101322.8
2019-03-11,ARE,0.000225889339823905,100530.6
2019-03-12,ARE,0.00022640796977745498,106277.4
2019-03-13,ARE,0.00022728734792138,108328.2
2019-03-14,ARE,0.00022173890628178,108220.8
2019-03-15,ARE,0.00021608326393438002,112049.75
2019-03-18,ARE,0.000212998086684515,114168.1
2019-03-19,ARE,0.00021301727574503498,116425.45
2019-03-20,ARE,0.000212209831203095,116303.5
2019-03-21,ARE,0.00021275818786885997,117616.15
2019-03-22,ARE,0.000207808412718165,116511.55
2019-03-25,ARE,0.00021123677252879498,115780.95
2019-03-26,ARE,0.00021259523010398003,115442.65
2019-03-27,ARE,0.000211301526371265,113633.15
2019-03-28,ARE,0.00021077871620193495,111567.6
2019-03-29,ARE,0.0002088979925704,108207.15
2019-04-01,ARE,0.00020750451466158997,106852.65
2019-04-02,ARE,0.00020844425274597003,106255.5
2019-04-03,ARE,0.00021338228274710497,106765.15
2019-04-04,ARE,0.00021560482645624498,106057.9
2019-04-05,ARE,0.00021096744633199502,103203.6
2019-04-08,ARE,0.00020853549723749,101296.5
2019-04-09,ARE,0.000206649188024785,95803.6
2019-04-10,ARE,0.0002031382896822,91912.05
2019-04-11,ARE,0.000201444517362805,88664.2
2019-04-12,ARE,0.00020268283903854498,83937.75
2019-04-15,ARE,0.00020766115510277,81709.6
2019-04-16,ARE,0.00020394021297265996,79390.15
2019-04-17,ARE,0.0002056192503843,82140.85
2019-04-18,ARE,0.0002076006501109,84248.75
2019-04-22,ARE,0.000209805864212405,84381.3
2019-04-23,ARE,0.00020742931432626502,84653.0
2019-04-24,ARE,0.000208125638847075,84519.5
2019-04-25,ARE,0.00020777416866503,84635.45
2019-04-26,ARE,0.000207234013700255,83589.1
2019-04-29,ARE,0.00020687961839042,82985.35
2019-04-30,ARE,0.000206984068864355,82711.5
2019-05-01,ARE,0.00020965733306941501,82628.2
2019-05-02,ARE,0.000206308395980585,80291.45
2019-05-03,ARE,0.00020685466052824004,78828.05
2019-05-06,ARE,0.0002088075646592,78967.3
2019-05-07,ARE,0.00021126591518525,78622.5
2019-05-08,ARE,0.00021399458296304997,78728.45
2019-05-09,ARE,0.00021912055350462,80010.3
2019-05-10,ARE,0.00022313387399044496,81112.45
2019-05-13,ARE,0.00022398717179390997,82835.2
2019-05-14,ARE,0.00022290193202288998,84121.2
2019-05-15,ARE,0.00022662725070407,87403.55
2019-05-16,ARE,0.00022999024482721,86408.3
2019-05-17,ARE,0.00022794859029667,83063.75
2019-05-20,ARE,0.00022742770187759,82521.45
2019-05-21,ARE,0.00022773586032576003,80949.9
2019-05-22,ARE,0.00022496656588860998,81460.95
2019-05-23,ARE,0.00022294877540151,81223.5
2019-05-24,ARE,0.00022112304466241,84256.1
2019-05-28,ARE,0.00022314541897432502,87984.7
2019-05-29,ARE,0.000221232897719525,89153.9
2019-05-30,ARE,0.00021743265612496002,87266.4
2019-05-31,ARE,0.00021448698084277,86603.25
2019-06-03,ARE,0.00021384638593383498,85762.2
2019-06-04,ARE,0.00021463333201749,86829.9
2019-06-05,ARE,0.000215213419716085,88184.5
2019-06-06,ARE,0.000213729536267855,89741.15
2019-06-07,ARE,0.00021189847825648002,88848.35
2019-06-10,ARE,0.00020915095232952003,86970.55
2019-06-11,ARE,0.00020910355776009,84382.6
2019-06-12,ARE,0.00020575273673511,81400.3
2019-06-13,ARE,0.000205117920356765,78036.9
2019-06-14,ARE,0.000200440053210625,74631.45
2019-06-17,ARE,0.000198732195263135,73203.85
2019-06-18,ARE,0.00019839725736358,79755.0
2019-06-19,ARE,0.00019992444140621,85023.65
2019-06-20,ARE,0.000201850169337825,87292.7
2019-06-21,ARE,0.00020672293143577503,91547.75
2019-06-24,ARE,0.00021046634442925001,101737.7
2019-06-25,ARE,0.00021104515744367998,103052.15
2019-06-26,ARE,0.00021228701795484003,106574.15
2019-06-27,ARE,0.00021984133796995503,115265.35
2019-06-28,ARE,0.00022568945664993003,119514.3
2019-07-01,ARE,0.00022619729482415001,124193.75
2019-07-02,ARE,0.00022607018262225001,128031.4
2019-07-03,ARE,0.00022332642771101,128980.7
2019-07-05,ARE,0.00022303697766486004,127206.9
2019-07-08,ARE,0.00022308744166690502,126698.5
2019-07-09,ARE,0.00022461342520990502,127566.35
2019-07-10,ARE,0.000225085879431215,130447.3
2019-07-11,ARE,0.00022774501614276498,135517.55
2019-07-12,ARE,0.00022926599751062,137756.5
2019-07-15,ARE,0.00022977776612598998,139650.0
2019-07-16,ARE,0.00023169479416951,139909.8
2019-07-17,ARE,0.00023408952412881998,133543.3
2019-07-18,ARE,0.00023153657885180502,128882.1
2019-07-19,ARE,0.00022920380872173,126306.2
2019-07-22,ARE,0.00022676998679475,122504.2
2019-07-23,ARE,0.00022575069165855,110626.75
2019-07-24,ARE,0.00022521426288138997,107185.0
2019-07-25,ARE,0.00022631634801101996,101302.05
2019-07-26,ARE,0.00021778857174164002,92381.45
2019-07-29,ARE,0.00021209430777261004,92156.9
2019-07-30,ARE,0.000210680114626735,89450.95
2019-07-31,ARE,0.000219466686590555,86361.5
2019-08-01,ARE,0.000227215832461185,87124.3
2019-08-02,ARE,0.00023050785459756998,89590.2
2019-08-05,ARE,0.00023142441994094,90719.0
2019-08-06,ARE,0.00023562372727512501,90466.95
2019-08-07,ARE,0.00024224009406649001,87554.95
2019-08-08,ARE,0.00024879673876569003,83030.8
2019-08-09,ARE,0.000249929089563945,80626.1
2019-08-12,ARE,0.00025184260271662,80889.0
2019-08-13,ARE,0.000253081330892045,82695.5
2019-08-14,ARE,0.00025381110695940504,83151.05
2019-08-15,ARE,0.00025869123153636996,85169.85
2019-08-16,ARE,0.00026353254513479,85764.45
2019-08-19,ARE,0.00026385920475375,85145.8
2019-08-20,ARE,0.0002623647251744,83657.5
2019-08-21,ARE,0.000263294549574755,82049.45
2019-08-22,ARE,0.000263833077097755,82041.05
2019-08-23,ARE,0.00026328900865026995,80769.0
2019-08-26,ARE,0.000267342548022995,75890.8
2019-08-27,ARE,0.00026741043640105,73821.1
2019-08-28,ARE,0.000257691835448125,70979.6
2019-08-29,ARE,0.000248838019293915,66898.65
2019-08-30,ARE,0.00024511811943096,64009.7
2019-09-03,ARE,0.00024266011427492,64677.0
2019-09-04,ARE,0.00023985698654105996,64867.55
2019-09-05,ARE,0.00023368568681946499,66475.35
2019-09-06,ARE,0.00022701624998548497,66822.4
2019-09-09,ARE,0.000225271741747905,67186.45
2019-09-10,ARE,0.00022317774721580499,66039.1
2019-09-11,ARE,0.000225134571404545,64281.3
2019-09-12,ARE,0.00022406184437223,61704.55
2019-09-13,ARE,0.00022062573773507502,59466.6
2019-09-16,ARE,0.00021679410561606,57720.3
2019-09-17,ARE,0.00021693062644811,56790.4
2019-09-18,ARE,0.00021870056601137,56696.15
2019-09-19,ARE,0.00021964378266092,55568.3
2019-09-20,ARE,0.00022142553421681502,54960.45
2019-09-23,ARE,0.00022123048813342002,56109.4
2019-09-24,ARE,0.00021830374938263002,55616.95
2019-09-25,ARE,0.00021789048910446002,54853.15
2019-09-26,ARE,0.000218215449696345,54115.75
2019-09-27,ARE,0.00021801238483129,55615.05
2019-09-30,ARE,0.00022201332741942,55902.65
2019-10-01,ARE,0.00022190904645835998,53602.6
2019-10-02,ARE,0.00022394786031407,51676.2
2019-10-03,ARE,0.000223349871422755,50132.15
2019-10-04,ARE,0.00022436109741468002,48773.45
2019-10-07,ARE,0.00022310290789974503,49895.6
2019-10-08,ARE,0.00022489067623527502,48392.85
2019-10-09,ARE,0.00022216118545919497,47995.7
2019-10-10,ARE,0.00021969179563458,47028.6
2019-10-11,ARE,0.00021718314967298,46148.0
2019-10-14,ARE,0.00021826783236674998,45762.55
2019-10-15,ARE,0.000216034264621325,45246.7
2019-10-16,ARE,0.00021659152912034503,46681.75
2019-10-17,ARE,0.000214607785107895,48459.25
2019-10-18,ARE,0.00021166688011529,48259.75
2019-10-21,ARE,0.00021137350640283503,47244.65
2019-10-22,ARE,0.00020972146242139496,47660.95
2019-10-23,ARE,0.00021033020088435497,47929.5
2019-10-24,ARE,0.000208165151425435,48145.9
2019-10-25,ARE,0.000207656495827165,46257.15
2019-10-28,ARE,0.00020373171205717997,45169.1
2019-10-29,ARE,0.000204329794963175,47988.25
2019-10-30,ARE,0.000206180736979805,49355.55
2019-10-31,ARE,0.000208947967893575,51226.8
2019-11-01,ARE,0.000208960278773585,54434.85
2019-11-04,ARE,0.000208986985909595,53089.9
2019-11-05,ARE,0.000209703884250745,53943.2
2019-11-06,ARE,0.00021043652401161504,54083.7
2019-11-07,ARE,0.00021141697339981499,54832.65
2019-11-08,ARE,0.0002138363969161,55041.55
2019-11-11,ARE,0.00021253169877739,56834.6
2019-11-12,ARE,0.00021569274861078002,57410.85
2019-11-13,ARE,0.00021483089064130997,57612.6
2019-11-14,ARE,0.00021524953827985497,57332.85
2019-11-15,ARE,0.000216623338241445,56974.15
2019-11-18,ARE,0.00021624524217510002,57580.05
2019-11-19,ARE,0.00021709633048262,57235.3
2019-11-20,ARE,0.00021482031129399,56570.75
2019-11-21,ARE,0.00021729405686592498,57083.25
2019-11-22,ARE,0.000218411245329505,58294.5
2019-11-25,ARE,0.000219198882127655,60448.3
2019-11-26,ARE,0.00021929564837145,58444.55
2019-11-27,ARE,0.00021650210301485,59776.4
2019-11-29,ARE,0.00021322474723275503,58050.55
2019-12-02,ARE,0.00021174225388481002,54059.35
2019-12-03,ARE,0.000212147330409965,56832.45
2019-12-04,ARE,0.000211669397511095,57314.95
2019-12-05,ARE,0.00020836019608083,57763.05
2019-12-06,ARE,0.000206932182440355,59405.55
2019-12-09,ARE,0.00020454760290093,60370.35
2019-12-10,ARE,0.00020236183189605502,59435.8
2019-12-11,ARE,0.00020329258964352,60639.05
2019-12-12,ARE,0.00020346265889139501,59936.4
2019-12-13,ARE,0.00020545411623082,61339.55
2019-12-16,ARE,0.00020601903280507,63313.3
2019-12-17,ARE,0.000207405788870795,65782.8
2019-12-18,ARE,0.000207947850949415,66791.85
2019-12-19,ARE,0.00021012102308122,68490.7
2019-12-20,ARE,0.000207952950234375,68929.55
2019-12-23,ARE,0.00020952505448653,69001.05
2019-12-24,ARE,0.00020398596849477503,67375.5
2019-12-26,ARE,0.000201042523070655,65369.0
2019-12-27,ARE,0.000195132156233525,61973.95
