stock,date,ADV,sigma,lambda_hat,half_life_seconds,beta,target_participation,target_abs_volume,raw_abs_volume,actual_abs_volume,net_traded,scale_factor,normalize_abs_volume,strategy,model_type,alpha_key,c,apply_terminal_condition,use_dynamic_target,gamma_method,gamma_clip_multiple,mean_local_volume,mean_gamma_prime,max_abs_gamma_prime
AAL,2019-02-01,1236722.3333333333,0.000528342622418,262.8660263951744,1800.0,0.0003850817669777474,0.2,247344.46666666667,155566452.11787158,247344.46666666667,86.49793398633918,0.0015899601957834427,True,non_rolling_ow_day_only,ow,intraday_only,,,,,,,,
AAL,2019-02-04,1236722.3333333333,0.000528342622418,262.8660263951744,1800.0,0.0003850817669777474,0.2,247344.46666666667,148622849.74731612,247344.46666666665,-5.9517299407383035,0.0016642425245323577,True,non_rolling_ow_day_only,ow,intraday_only,,,,,,,,
AAL,2019-02-05,1236722.3333333333,0.000528342622418,262.8660263951744,1800.0,0.0003850817669777474,0.2,247344.46666666667,147091038.18931407,247344.4666666667,-1.6916960927800204,0.0016815740082568528,True,non_rolling_ow_day_only,ow,intraday_only,,,,,,,,
AAL,2019-02-06,1236722.3333333333,0.000528342622418,262.8660263951744,1800.0,0.0003850817669777474,0.2,247344.46666666667,152259376.80690968,247344.4666666667,-62.322555373766775,0.0016244941484315988,True,non_rolling_ow_day_only,ow,intraday_only,,,,,,,,
AAL,2019-02-07,1236722.3333333333,0.000528342622418,262.8660263951744,1800.0,0.0003850817669777474,0.2,247344.46666666667,151514363.9837864,247344.46666666665,57.82054044208694,0.0016324819651629535,True,non_rolling_ow_day_only,ow,intraday_only,,,,,,,,
AAL,2019-02-08,1236722.3333333333,0.000528342622418,262.8660263951744,1800.0,0.0003850817669777474,0.2,247344.46666666667,158160320.3355291,247344.46666666667,-31.176892119688873,0.001563884456872229,True,non_rolling_ow_day_only,ow,intraday_only,,,,,,,,
AAL,2019-02-11,1236722.3333333333,0.000528342622418,262.8660263951744,1800.0,0.0003850817669777474,0.2,247344.46666666667,149264781.790905,247344.46666666673,-185.08400053809513,0.0016570852393912646,True,non_rolling_ow_day_only,ow,intraday_only,,,,,,,,
AAL,2019-02-12,1236722.3333333333,0.000528342622418,262.8660263951744,1800.0,0.0003850817669777474,0.2,247344.46666666667,144542014.93985823,247344.46666666667,-146.38300884167714,0.001711228854596935,True,non_rolling_ow_day_only,ow,intraday_only,,,,,,,,
AAL,2019-02-13,1236722.3333333333,0.000528342622418,262.8660263951744,1800.0,0.0003850817669777474,0.2,247344.46666666667,157205286.3113613,247344.4666666667,70.58940763093011,0.0015733851734271544,True,non_rolling_ow_day_only,ow,intraday_only,,,,,,,,
AAL,2019-02-14,1236722.3333333333,0.000528342622418,262.8660263951744,1800.0,0.0003850817669777474,0.2,247344.46666666667,156244199.82989007,247344.46666666667,86.16011883827662,0.0015830633517017686,True,non_rolling_ow_day_only,ow,intraday_only,,,,,,,,
AAL,2019-02-15,1236722.3333333333,0.000528342622418,262.8660263951744,1800.0,0.0003850817669777474,0.2,247344.46666666667,153395955.32275635,247344.46666666673,109.13366971803747,0.0016124575523926675,True,non_rolling_ow_day_only,ow,intraday_only,,,,,,,,
AAL,2019-02-19,1236722.3333333333,0.000528342622418,262.8660263951744,1800.0,0.0003850817669777474,0.2,247344.46666666667,154194683.3225243,247344.46666666667,84.91414746848844,0.0016041050270799793,True,non_rolling_ow_day_only,ow,intraday_only,,,,,,,,
AAL,2019-02-20,1236722.3333333333,0.000528342622418,262.8660263951744,1800.0,0.0003850817669777474,0.2,247344.46666666667,156554840.89287162,247344.46666666662,-180.6950055845574,0.0015799221873689692,True,non_rolling_ow_day_only,ow,intraday_only,,,,,,,,
AAL,2019-02-21,1236722.3333333333,0.000528342622418,262.8660263951744,1800.0,0.0003850817669777474,0.2,247344.46666666667,155079760.89711988,247344.46666666667,39.53137939716018,0.001594950013050093,True,non_rolling_ow_day_only,ow,intraday_only,,,,,,,,
AAL,2019-02-22,1236722.3333333333,0.000528342622418,262.8660263951744,1800.0,0.0003850817669777474,0.2,247344.46666666667,150848166.6631137,247344.46666666667,101.89877310281656,0.0016396915662823816,True,non_rolling_ow_day_only,ow,intraday_only,,,,,,,,
AAL,2019-02-25,1236722.3333333333,0.000528342622418,262.8660263951744,1800.0,0.0003850817669777474,0.2,247344.46666666667,149076230.86898315,247344.46666666665,-43.491692794894234,0.0016591811130779617,True,non_rolling_ow_day_only,ow,intraday_only,,,,,,,,
AAL,2019-02-26,1236722.3333333333,0.000528342622418,262.8660263951744,1800.0,0.0003850817669777474,0.2,247344.46666666667,149005205.42293572,247344.46666666665,206.70963523140944,0.0016599719853048437,True,non_rolling_ow_day_only,ow,intraday_only,,,,,,,,
AAL,2019-02-27,1236722.3333333333,0.000528342622418,262.8660263951744,1800.0,0.0003850817669777474,0.2,247344.46666666667,152026070.59896022,247344.46666666662,-79.49125248797402,0.0016269871719512717,True,non_rolling_ow_day_only,ow,intraday_only,,,,,,,,
AAL,2019-02-28,1236722.3333333333,0.000528342622418,262.8660263951744,1800.0,0.0003850817669777474,0.2,247344.46666666667,157579726.22006747,247344.46666666667,181.58346172902034,0.001569646505929567,True,non_rolling_ow_day_only,ow,intraday_only,,,,,,,,
AAPL,2019-02-01,2968462.8095238097,0.0002876491912289,407.3922060358001,1800.0,0.0003850817669777474,0.2,593692.5619047619,240494945.70252764,593692.5619047619,-352.70269085943346,0.0024686280211439894,True,non_rolling_ow_day_only,ow,intraday_only,,,,,,,,
AAPL,2019-02-04,2968462.8095238097,0.0002876491912289,407.3922060358001,1800.0,0.0003850817669777474,0.2,593692.5619047619,226659986.6970937,593692.5619047619,-11.21344870340505,0.00261930908298414,True,non_rolling_ow_day_only,ow,intraday_only,,,,,,,,
AAPL,2019-02-05,2968462.8095238097,0.0002876491912289,407.3922060358001,1800.0,0.0003850817669777474,0.2,593692.5619047619,225783720.45492804,593692.5619047619,-56.38353221663567,0.002629474617162567,True,non_rolling_ow_day_only,ow,intraday_only,,,,,,,,
AAPL,2019-02-06,2968462.8095238097,0.0002876491912289,407.3922060358001,1800.0,0.0003850817669777474,0.2,593692.5619047619,228660980.5432073,593692.5619047619,31.894601095576093,0.0025963877199091214,True,non_rolling_ow_day_only,ow,intraday_only,,,,,,,,
AAPL,2019-02-07,2968462.8095238097,0.0002876491912289,407.3922060358001,1800.0,0.0003850817669777474,0.2,593692.5619047619,229610309.7735951,593692.5619047619,-61.22197905151336,0.0025856528937666886,True,non_rolling_ow_day_only,ow,intraday_only,,,,,,,,
AAPL,2019-02-08,2968462.8095238097,0.0002876491912289,407.3922060358001,1800.0,0.0003850817669777474,0.2,593692.5619047619,234438527.4749382,593692.561904762,207.89335275349896,0.0025324018551866586,True,non_rolling_ow_day_only,ow,intraday_only,,,,,,,,
AAPL,2019-02-11,2968462.8095238097,0.0002876491912289,407.3922060358001,1800.0,0.0003850817669777474,0.2,593692.5619047619,226610489.12346283,593692.561904762,-316.8705265611248,0.0026198812076227594,True,non_rolling_ow_day_only,ow,intraday_only,,,,,,,,
AAPL,2019-02-12,2968462.8095238097,0.0002876491912289,407.3922060358001,1800.0,0.0003850817669777474,0.2,593692.5619047619,231334126.0290457,593692.5619047618,369.8005749941034,0.002566385565743203,True,non_rolling_ow_day_only,ow,intraday_only,,,,,,,,
AAPL,2019-02-13,2968462.8095238097,0.0002876491912289,407.3922060358001,1800.0,0.0003850817669777474,0.2,593692.5619047619,230339038.09430015,593692.5619047619,-343.7806369979752,0.0025774726108811217,True,non_rolling_ow_day_only,ow,intraday_only,,,,,,,,
AAPL,2019-02-14,2968462.8095238097,0.0002876491912289,407.3922060358001,1800.0,0.0003850817669777474,0.2,593692.5619047619,230716773.75130236,593692.5619047619,397.35226187042156,0.002573252703961281,True,non_rolling_ow_day_only,ow,intraday_only,,,,,,,,
AAPL,2019-02-15,2968462.8095238097,0.0002876491912289,407.3922060358001,1800.0,0.0003850817669777474,0.2,593692.5619047619,237177720.3121754,593692.5619047618,11.296416283103156,0.002503154854188406,True,non_rolling_ow_day_only,ow,intraday_only,,,,,,,,
AAPL,2019-02-19,2968462.8095238097,0.0002876491912289,407.3922060358001,1800.0,0.0003850817669777474,0.2,593692.5619047619,229701794.44983733,593692.5619047619,94.82351282502282,0.0025846230906760004,True,non_rolling_ow_day_only,ow,intraday_only,,,,,,,,
AAPL,2019-02-20,2968462.8095238097,0.0002876491912289,407.3922060358001,1800.0,0.0003850817669777474,0.2,593692.5619047619,234045885.6283244,593692.5619047619,-116.48512773971473,0.002536650282532943,True,non_rolling_ow_day_only,ow,intraday_only,,,,,,,,
AAPL,2019-02-21,2968462.8095238097,0.0002876491912289,407.3922060358001,1800.0,0.0003850817669777474,0.2,593692.5619047619,235002978.04227278,593692.5619047618,-27.14327070855728,0.0025263193124215105,True,non_rolling_ow_day_only,ow,intraday_only,,,,,,,,
AAPL,2019-02-22,2968462.8095238097,0.0002876491912289,407.3922060358001,1800.0,0.0003850817669777474,0.2,593692.5619047619,225196854.823968,593692.5619047619,420.0898966684403,0.0026363270586920048,True,non_rolling_ow_day_only,ow,intraday_only,,,,,,,,
AAPL,2019-02-25,2968462.8095238097,0.0002876491912289,407.3922060358001,1800.0,0.0003850817669777474,0.2,593692.5619047619,227983933.7613902,593692.5619047619,-54.398712986100065,0.00260409824547604,True,non_rolling_ow_day_only,ow,intraday_only,,,,,,,,
AAPL,2019-02-26,2968462.8095238097,0.0002876491912289,407.3922060358001,1800.0,0.0003850817669777474,0.2,593692.5619047619,220855426.08366263,593692.5619047619,-10.86488493020812,0.002688150218595328,True,non_rolling_ow_day_only,ow,intraday_only,,,,,,,,
AAPL,2019-02-27,2968462.8095238097,0.0002876491912289,407.3922060358001,1800.0,0.0003850817669777474,0.2,593692.5619047619,224010380.40324304,593692.5619047619,-105.7624218543852,0.0026502904054537596,True,non_rolling_ow_day_only,ow,intraday_only,,,,,,,,
AAPL,2019-02-28,2968462.8095238097,0.0002876491912289,407.3922060358001,1800.0,0.0003850817669777474,0.2,593692.5619047619,228513571.74939093,593692.5619047619,-182.71263473382902,0.0025980625892796424,True,non_rolling_ow_day_only,ow,intraday_only,,,,,,,,
ABBV,2019-02-01,476343.1904761905,0.000342149361792,382.8220888827348,1800.0,0.0003850817669777474,0.2,95268.6380952381,49443498.74144709,95268.6380952381,-42.52155515091394,0.0019268182980622503,True,non_rolling_ow_day_only,ow,intraday_only,,,,,,,,
ABBV,2019-02-04,476343.1904761905,0.000342149361792,382.8220888827348,1800.0,0.0003850817669777474,0.2,95268.6380952381,50345131.16166319,95268.63809523809,-6.2676157454481825,0.0018923108530459697,True,non_rolling_ow_day_only,ow,intraday_only,,,,,,,,
ABBV,2019-02-05,476343.1904761905,0.000342149361792,382.8220888827348,1800.0,0.0003850817669777474,0.2,95268.6380952381,49223990.88825649,95268.6380952381,61.32427562440422,0.0019354106884894337,True,non_rolling_ow_day_only,ow,intraday_only,,,,,,,,
ABBV,2019-02-06,476343.1904761905,0.000342149361792,382.8220888827348,1800.0,0.0003850817669777474,0.2,95268.6380952381,50269172.648839764,95268.6380952381,42.98418764185465,0.00189517020223799,True,non_rolling_ow_day_only,ow,intraday_only,,,,,,,,
ABBV,2019-02-07,476343.1904761905,0.000342149361792,382.8220888827348,1800.0,0.0003850817669777474,0.2,95268.6380952381,49838060.10126594,95268.6380952381,13.251354770930938,0.0019115639312939105,True,non_rolling_ow_day_only,ow,intraday_only,,,,,,,,
ABBV,2019-02-08,476343.1904761905,0.000342149361792,382.8220888827348,1800.0,0.0003850817669777474,0.2,95268.6380952381,49727662.729091406,95268.6380952381,-42.94208611597561,0.0019158076786002765,True,non_rolling_ow_day_only,ow,intraday_only,,,,,,,,
ABBV,2019-02-11,476343.1904761905,0.000342149361792,382.8220888827348,1800.0,0.0003850817669777474,0.2,95268.6380952381,48952745.09526403,95268.6380952381,-19.36446230445634,0.001946134745045277,True,non_rolling_ow_day_only,ow,intraday_only,,,,,,,,
ABBV,2019-02-12,476343.1904761905,0.000342149361792,382.8220888827348,1800.0,0.0003850817669777474,0.2,95268.6380952381,49525014.1777196,95268.6380952381,-47.98455966851818,0.0019236468616317473,True,non_rolling_ow_day_only,ow,intraday_only,,,,,,,,
ABBV,2019-02-13,476343.1904761905,0.000342149361792,382.8220888827348,1800.0,0.0003850817669777474,0.2,95268.6380952381,48485937.21890119,95268.63809523807,-22.498807052554774,0.00196487153924911,True,non_rolling_ow_day_only,ow,intraday_only,,,,,,,,
ABBV,2019-02-14,476343.1904761905,0.000342149361792,382.8220888827348,1800.0,0.0003850817669777474,0.2,95268.6380952381,48072112.146578275,95268.6380952381,6.536524040223114,0.0019817859844550065,True,non_rolling_ow_day_only,ow,intraday_only,,,,,,,,
ABBV,2019-02-15,476343.1904761905,0.000342149361792,382.8220888827348,1800.0,0.0003850817669777474,0.2,95268.6380952381,48537549.048246846,95268.63809523812,-60.91549408984906,0.0019627822163113358,True,non_rolling_ow_day_only,ow,intraday_only,,,,,,,,
ABBV,2019-02-19,476343.1904761905,0.000342149361792,382.8220888827348,1800.0,0.0003850817669777474,0.2,95268.6380952381,48669359.98672239,95268.6380952381,25.20793887769362,0.0019574664248970725,True,non_rolling_ow_day_only,ow,intraday_only,,,,,,,,
ABBV,2019-02-20,476343.1904761905,0.000342149361792,382.8220888827348,1800.0,0.0003850817669777474,0.2,95268.6380952381,49052649.18705031,95268.63809523809,-5.7666875725733036,0.0019421711094940945,True,non_rolling_ow_day_only,ow,intraday_only,,,,,,,,
ABBV,2019-02-21,476343.1904761905,0.000342149361792,382.8220888827348,1800.0,0.0003850817669777474,0.2,95268.6380952381,49697248.136421,95268.6380952381,-10.684412947585919,0.0019169801481506933,True,non_rolling_ow_day_only,ow,intraday_only,,,,,,,,
ABBV,2019-02-22,476343.1904761905,0.000342149361792,382.8220888827348,1800.0,0.0003850817669777474,0.2,95268.6380952381,48848605.24165913,95268.63809523812,-26.92841736148567,0.00195028369026985,True,non_rolling_ow_day_only,ow,intraday_only,,,,,,,,
ABBV,2019-02-25,476343.1904761905,0.000342149361792,382.8220888827348,1800.0,0.0003850817669777474,0.2,95268.6380952381,47452625.8469525,95268.63809523807,-4.2756905630646,0.002007657877616828,True,non_rolling_ow_day_only,ow,intraday_only,,,,,,,,
ABBV,2019-02-26,476343.1904761905,0.000342149361792,382.8220888827348,1800.0,0.0003850817669777474,0.2,95268.6380952381,49142399.164768554,95268.6380952381,10.867697784542457,0.001938624074413091,True,non_rolling_ow_day_only,ow,intraday_only,,,,,,,,
ABBV,2019-02-27,476343.1904761905,0.000342149361792,382.8220888827348,1800.0,0.0003850817669777474,0.2,95268.6380952381,50001090.28721203,95268.6380952381,64.96359356022714,0.0019053312147395997,True,non_rolling_ow_day_only,ow,intraday_only,,,,,,,,
ABBV,2019-02-28,476343.1904761905,0.000342149361792,382.8220888827348,1800.0,0.0003850817669777474,0.2,95268.6380952381,46604294.75559205,95268.63809523812,44.865277601468435,0.0020442029773190982,True,non_rolling_ow_day_only,ow,intraday_only,,,,,,,,
ABT,2019-02-01,500060.1428571429,0.0002830669728843,440.8674480814128,1800.0,0.0003850817669777474,0.2,100012.02857142859,37616780.53912299,100012.0285714286,125.28900978464526,0.0026587078197032833,True,non_rolling_ow_day_only,ow,intraday_only,,,,,,,,
ABT,2019-02-04,500060.1428571429,0.0002830669728843,440.8674480814128,1800.0,0.0003850817669777474,0.2,100012.02857142859,37654061.34079738,100012.02857142857,-36.18332427498984,0.00265607546729807,True,non_rolling_ow_day_only,ow,intraday_only,,,,,,,,
ABT,2019-02-05,500060.1428571429,0.0002830669728843,440.8674480814128,1800.0,0.0003850817669777474,0.2,100012.02857142859,38071620.17543441,100012.02857142857,1.6658654821434595,0.00262694437774311,True,non_rolling_ow_day_only,ow,intraday_only,,,,,,,,
ABT,2019-02-06,500060.1428571429,0.0002830669728843,440.8674480814128,1800.0,0.0003850817669777474,0.2,100012.02857142859,37910397.69913165,100012.02857142861,52.33913869979407,0.002638116048403243,True,non_rolling_ow_day_only,ow,intraday_only,,,,,,,,
ABT,2019-02-07,500060.1428571429,0.0002830669728843,440.8674480814128,1800.0,0.0003850817669777474,0.2,100012.02857142859,38948531.2516979,100012.02857142859,-43.243238403677594,0.002567799743849615,True,non_rolling_ow_day_only,ow,intraday_only,,,,,,,,
ABT,2019-02-08,500060.1428571429,0.0002830669728843,440.8674480814128,1800.0,0.0003850817669777474,0.2,100012.02857142859,40360046.04523361,100012.02857142859,-13.534478893451642,0.0024779958986999146,True,non_rolling_ow_day_only,ow,intraday_only,,,,,,,,
ABT,2019-02-11,500060.1428571429,0.0002830669728843,440.8674480814128,1800.0,0.0003850817669777474,0.2,100012.02857142859,37142970.91631016,100012.02857142859,79.1062709869095,0.002692623290602515,True,non_rolling_ow_day_only,ow,intraday_only,,,,,,,,
ABT,2019-02-12,500060.1428571429,0.0002830669728843,440.8674480814128,1800.0,0.0003850817669777474,0.2,100012.02857142859,36230381.99592269,100012.02857142861,-22.48474289522326,0.002760446428157555,True,non_rolling_ow_day_only,ow,intraday_only,,,,,,,,
ABT,2019-02-13,500060.1428571429,0.0002830669728843,440.8674480814128,1800.0,0.0003850817669777474,0.2,100012.02857142859,37471927.225507975,100012.02857142859,37.103986017565674,0.002668985450616166,True,non_rolling_ow_day_only,ow,intraday_only,,,,,,,,
ABT,2019-02-14,500060.1428571429,0.0002830669728843,440.8674480814128,1800.0,0.0003850817669777474,0.2,100012.02857142859,38770518.726796865,100012.02857142856,-64.04781221297972,0.0025795896432591102,True,non_rolling_ow_day_only,ow,intraday_only,,,,,,,,
ABT,2019-02-15,500060.1428571429,0.0002830669728843,440.8674480814128,1800.0,0.0003850817669777474,0.2,100012.02857142859,36344529.495994836,100012.02857142859,-72.6618676444366,0.002751776676114349,True,non_rolling_ow_day_only,ow,intraday_only,,,,,,,,
ABT,2019-02-19,500060.1428571429,0.0002830669728843,440.8674480814128,1800.0,0.0003850817669777474,0.2,100012.02857142859,37551897.8903782,100012.02857142859,-24.170795715720963,0.0026633015690281352,True,non_rolling_ow_day_only,ow,intraday_only,,,,,,,,
ABT,2019-02-20,500060.1428571429,0.0002830669728843,440.8674480814128,1800.0,0.0003850817669777474,0.2,100012.02857142859,38914525.55032793,100012.02857142859,-20.235691666722275,0.0025700436317046605,True,non_rolling_ow_day_only,ow,intraday_only,,,,,,,,
ABT,2019-02-21,500060.1428571429,0.0002830669728843,440.8674480814128,1800.0,0.0003850817669777474,0.2,100012.02857142859,36904456.93615703,100012.02857142859,-38.66648967712153,0.0027100257495847905,True,non_rolling_ow_day_only,ow,intraday_only,,,,,,,,
ABT,2019-02-22,500060.1428571429,0.0002830669728843,440.8674480814128,1800.0,0.0003850817669777474,0.2,100012.02857142859,37480386.42000835,100012.02857142861,-28.348644095810442,0.002668383069765755,True,non_rolling_ow_day_only,ow,intraday_only,,,,,,,,
ABT,2019-02-25,500060.1428571429,0.0002830669728843,440.8674480814128,1800.0,0.0003850817669777474,0.2,100012.02857142859,36029198.16137802,100012.0285714286,-16.715147025185694,0.0027758605152261705,True,non_rolling_ow_day_only,ow,intraday_only,,,,,,,,
ABT,2019-02-26,500060.1428571429,0.0002830669728843,440.8674480814128,1800.0,0.0003850817669777474,0.2,100012.02857142859,36776030.73471202,100012.0285714286,-64.85893050362628,0.002719489476525524,True,non_rolling_ow_day_only,ow,intraday_only,,,,,,,,
ABT,2019-02-27,500060.1428571429,0.0002830669728843,440.8674480814128,1800.0,0.0003850817669777474,0.2,100012.02857142859,36209688.25518377,100012.02857142857,13.343712499947394,0.0027620240159651438,True,non_rolling_ow_day_only,ow,intraday_only,,,,,,,,
ABT,2019-02-28,500060.1428571429,0.0002830669728843,440.8674480814128,1800.0,0.0003850817669777474,0.2,100012.02857142859,35618000.63901344,100012.02857142859,60.31902189161087,0.002807906866672423,True,non_rolling_ow_day_only,ow,intraday_only,,,,,,,,
ADBE,2019-02-01,414365.9523809524,0.0003273652057233,339.1893382018602,1800.0,0.0003850817669777474,0.2,82873.19047619049,41854953.89237232,82873.19047619049,36.77246009406504,0.0019800091212451047,True,non_rolling_ow_day_only,ow,intraday_only,,,,,,,,
ADBE,2019-02-04,414365.9523809524,0.0003273652057233,339.1893382018602,1800.0,0.0003850817669777474,0.2,82873.19047619049,40905311.82424374,82873.19047619047,-23.730300104219957,0.0020259762554131967,True,non_rolling_ow_day_only,ow,intraday_only,,,,,,,,
ADBE,2019-02-05,414365.9523809524,0.0003273652057233,339.1893382018602,1800.0,0.0003850817669777474,0.2,82873.19047619049,39638581.55936448,82873.19047619049,57.773656495049615,0.002090720384433433,True,non_rolling_ow_day_only,ow,intraday_only,,,,,,,,
ADBE,2019-02-06,414365.9523809524,0.0003273652057233,339.1893382018602,1800.0,0.0003850817669777474,0.2,82873.19047619049,41310986.45791978,82873.19047619049,0.022808302781328393,0.0020060811319673236,True,non_rolling_ow_day_only,ow,intraday_only,,,,,,,,
ADBE,2019-02-07,414365.9523809524,0.0003273652057233,339.1893382018602,1800.0,0.0003850817669777474,0.2,82873.19047619049,39988549.904320225,82873.19047619049,-8.943336247887025,0.002072422997945148,True,non_rolling_ow_day_only,ow,intraday_only,,,,,,,,
ADBE,2019-02-08,414365.9523809524,0.0003273652057233,339.1893382018602,1800.0,0.0003850817669777474,0.2,82873.19047619049,39914916.24042819,82873.19047619047,5.3882731467131855,0.0020762461325736573,True,non_rolling_ow_day_only,ow,intraday_only,,,,,,,,
ADBE,2019-02-11,414365.9523809524,0.0003273652057233,339.1893382018602,1800.0,0.0003850817669777474,0.2,82873.19047619049,40670484.794210985,82873.19047619049,10.901426408373183,0.0020376740256606582,True,non_rolling_ow_day_only,ow,intraday_only,,,,,,,,
ADBE,2019-02-12,414365.9523809524,0.0003273652057233,339.1893382018602,1800.0,0.0003850817669777474,0.2,82873.19047619049,39366798.101795085,82873.19047619049,6.580814388594135,0.0021051544568571746,True,non_rolling_ow_day_only,ow,intraday_only,,,,,,,,
ADBE,2019-02-13,414365.9523809524,0.0003273652057233,339.1893382018602,1800.0,0.0003850817669777474,0.2,82873.19047619049,40148557.72275365,82873.19047619049,-58.94150595318514,0.002064163575899097,True,non_rolling_ow_day_only,ow,intraday_only,,,,,,,,
ADBE,2019-02-14,414365.9523809524,0.0003273652057233,339.1893382018602,1800.0,0.0003850817669777474,0.2,82873.19047619049,39217519.95397689,82873.19047619047,9.253404540742913,0.002113167547908308,True,non_rolling_ow_day_only,ow,intraday_only,,,,,,,,
ADBE,2019-02-15,414365.9523809524,0.0003273652057233,339.1893382018602,1800.0,0.0003850817669777474,0.2,82873.19047619049,38065184.19355011,82873.1904761905,-5.379883212931894,0.0021771388273022674,True,non_rolling_ow_day_only,ow,intraday_only,,,,,,,,
ADBE,2019-02-19,414365.9523809524,0.0003273652057233,339.1893382018602,1800.0,0.0003850817669777474,0.2,82873.19047619049,39688494.95285244,82873.19047619049,14.791137316036732,0.002088091034307017,True,non_rolling_ow_day_only,ow,intraday_only,,,,,,,,
ADBE,2019-02-20,414365.9523809524,0.0003273652057233,339.1893382018602,1800.0,0.0003850817669777474,0.2,82873.19047619049,38979739.04661696,82873.19047619047,-16.013954888657224,0.0021260581138596163,True,non_rolling_ow_day_only,ow,intraday_only,,,,,,,,
ADBE,2019-02-21,414365.9523809524,0.0003273652057233,339.1893382018602,1800.0,0.0003850817669777474,0.2,82873.19047619049,38234420.118869886,82873.1904761905,-26.29382530490298,0.0021675022196894775,True,non_rolling_ow_day_only,ow,intraday_only,,,,,,,,
ADBE,2019-02-22,414365.9523809524,0.0003273652057233,339.1893382018602,1800.0,0.0003850817669777474,0.2,82873.19047619049,39437294.06399,82873.19047619049,23.90639025243472,0.002101391397232337,True,non_rolling_ow_day_only,ow,intraday_only,,,,,,,,
ADBE,2019-02-25,414365.9523809524,0.0003273652057233,339.1893382018602,1800.0,0.0003850817669777474,0.2,82873.19047619049,38574561.20807287,82873.1904761905,-38.85628338827273,0.002148389712825737,True,non_rolling_ow_day_only,ow,intraday_only,,,,,,,,
ADBE,2019-02-26,414365.9523809524,0.0003273652057233,339.1893382018602,1800.0,0.0003850817669777474,0.2,82873.19047619049,39340270.56592616,82873.1904761905,8.396577864311645,0.002106573983453219,True,non_rolling_ow_day_only,ow,intraday_only,,,,,,,,
ADBE,2019-02-27,414365.9523809524,0.0003273652057233,339.1893382018602,1800.0,0.0003850817669777474,0.2,82873.19047619049,40702935.10355505,82873.1904761905,55.68613736405907,0.0020360494953336234,True,non_rolling_ow_day_only,ow,intraday_only,,,,,,,,
ADBE,2019-02-28,414365.9523809524,0.0003273652057233,339.1893382018602,1800.0,0.0003850817669777474,0.2,82873.19047619049,39937433.79829921,82873.19047619049,72.48234436824293,0.002075075501714378,True,non_rolling_ow_day_only,ow,intraday_only,,,,,,,,
ADI,2019-02-01,446626.0,0.0003180139031073,338.4056168302951,1800.0,0.0003850817669777474,0.2,89325.20000000001,41398479.14232185,89325.20000000001,28.803625664490283,0.002157692790909376,True,non_rolling_ow_day_only,ow,intraday_only,,,,,,,,
ADI,2019-02-04,446626.0,0.0003180139031073,338.4056168302951,1800.0,0.0003850817669777474,0.2,89325.20000000001,41813494.81174386,89325.20000000003,48.47411856718982,0.002136276826468757,True,non_rolling_ow_day_only,ow,intraday_only,,,,,,,,
ADI,2019-02-05,446626.0,0.0003180139031073,338.4056168302951,1800.0,0.0003850817669777474,0.2,89325.20000000001,42295829.281076744,89325.20000000001,-26.30276342985257,0.002111915087570214,True,non_rolling_ow_day_only,ow,intraday_only,,,,,,,,
ADI,2019-02-06,446626.0,0.0003180139031073,338.4056168302951,1800.0,0.0003850817669777474,0.2,89325.20000000001,40813693.06648533,89325.20000000003,-30.173540922924182,0.0021886086087453457,True,non_rolling_ow_day_only,ow,intraday_only,,,,,,,,
ADI,2019-02-07,446626.0,0.0003180139031073,338.4056168302951,1800.0,0.0003850817669777474,0.2,89325.20000000001,40941624.51476191,89325.20000000001,3.8645167544622083,0.0021817698017281392,True,non_rolling_ow_day_only,ow,intraday_only,,,,,,,,
ADI,2019-02-08,446626.0,0.0003180139031073,338.4056168302951,1800.0,0.0003850817669777474,0.2,89325.20000000001,40486330.83639854,89325.2,23.130976067247502,0.0022063051443450073,True,non_rolling_ow_day_only,ow,intraday_only,,,,,,,,
ADI,2019-02-11,446626.0,0.0003180139031073,338.4056168302951,1800.0,0.0003850817669777474,0.2,89325.20000000001,40988509.285791576,89325.2,42.49856813941805,0.002179274180897427,True,non_rolling_ow_day_only,ow,intraday_only,,,,,,,,
ADI,2019-02-12,446626.0,0.0003180139031073,338.4056168302951,1800.0,0.0003850817669777474,0.2,89325.20000000001,40261406.373345554,89325.19999999998,66.94620278399827,0.00221863089360774,True,non_rolling_ow_day_only,ow,intraday_only,,,,,,,,
ADI,2019-02-13,446626.0,0.0003180139031073,338.4056168302951,1800.0,0.0003850817669777474,0.2,89325.20000000001,40078789.29166949,89325.20000000003,-5.32337284717498,0.002228739978893688,True,non_rolling_ow_day_only,ow,intraday_only,,,,,,,,
ADI,2019-02-14,446626.0,0.0003180139031073,338.4056168302951,1800.0,0.0003850817669777474,0.2,89325.20000000001,38286823.12575008,89325.20000000001,-50.254816774944715,0.002333053325072659,True,non_rolling_ow_day_only,ow,intraday_only,,,,,,,,
ADI,2019-02-15,446626.0,0.0003180139031073,338.4056168302951,1800.0,0.0003850817669777474,0.2,89325.20000000001,38768772.913126975,89325.20000000004,144.54302550808978,0.002304050226200345,True,non_rolling_ow_day_only,ow,intraday_only,,,,,,,,
ADI,2019-02-19,446626.0,0.0003180139031073,338.4056168302951,1800.0,0.0003850817669777474,0.2,89325.20000000001,39175147.073402986,89325.20000000001,46.01532111862211,0.002280149703908711,True,non_rolling_ow_day_only,ow,intraday_only,,,,,,,,
ADI,2019-02-20,446626.0,0.0003180139031073,338.4056168302951,1800.0,0.0003850817669777474,0.2,89325.20000000001,39094788.494035706,89325.20000000001,30.03284415463748,0.0022848365073934967,True,non_rolling_ow_day_only,ow,intraday_only,,,,,,,,
ADI,2019-02-21,446626.0,0.0003180139031073,338.4056168302951,1800.0,0.0003850817669777474,0.2,89325.20000000001,38459842.61824737,89325.20000000001,7.004752798941141,0.002322557606037094,True,non_rolling_ow_day_only,ow,intraday_only,,,,,,,,
ADI,2019-02-22,446626.0,0.0003180139031073,338.4056168302951,1800.0,0.0003850817669777474,0.2,89325.20000000001,39731371.42472424,89325.20000000001,-37.034045419036026,0.0022482284602039753,True,non_rolling_ow_day_only,ow,intraday_only,,,,,,,,
ADI,2019-02-25,446626.0,0.0003180139031073,338.4056168302951,1800.0,0.0003850817669777474,0.2,89325.20000000001,36928035.979356624,89325.20000000001,1.631228650460777,0.0024188992896869536,True,non_rolling_ow_day_only,ow,intraday_only,,,,,,,,
ADI,2019-02-26,446626.0,0.0003180139031073,338.4056168302951,1800.0,0.0003850817669777474,0.2,89325.20000000001,38490791.07204236,89325.20000000001,-15.467336612065054,0.00232069015762269,True,non_rolling_ow_day_only,ow,intraday_only,,,,,,,,
ADI,2019-02-27,446626.0,0.0003180139031073,338.4056168302951,1800.0,0.0003850817669777474,0.2,89325.20000000001,38925481.24115436,89325.20000000001,-1.5533030389479023,0.002294774454979892,True,non_rolling_ow_day_only,ow,intraday_only,,,,,,,,
ADI,2019-02-28,446626.0,0.0003180139031073,338.4056168302951,1800.0,0.0003850817669777474,0.2,89325.20000000001,39357583.44025174,89325.20000000004,82.4512476289304,0.0022695804008293218,True,non_rolling_ow_day_only,ow,intraday_only,,,,,,,,
ADM,2019-02-01,264055.4761904762,0.0002399653754965,348.7162946314052,1800.0,0.0003850817669777474,0.2,52811.095238095244,25453798.955587447,52811.09523809524,-26.606546236213312,0.0020747824452546997,True,non_rolling_ow_day_only,ow,intraday_only,,,,,,,,
ADM,2019-02-04,264055.4761904762,0.0002399653754965,348.7162946314052,1800.0,0.0003850817669777474,0.2,52811.095238095244,26014309.532309305,52811.095238095244,-37.60416943495436,0.0020300786831380173,True,non_rolling_ow_day_only,ow,intraday_only,,,,,,,,
ADM,2019-02-05,264055.4761904762,0.0002399653754965,348.7162946314052,1800.0,0.0003850817669777474,0.2,52811.095238095244,27776411.557168506,52811.095238095244,-13.317450186088116,0.0019012929416530701,True,non_rolling_ow_day_only,ow,intraday_only,,,,,,,,
ADM,2019-02-06,264055.4761904762,0.0002399653754965,348.7162946314052,1800.0,0.0003850817669777474,0.2,52811.095238095244,26835066.706208512,52811.09523809524,48.558862706861945,0.0019679882228828952,True,non_rolling_ow_day_only,ow,intraday_only,,,,,,,,
ADM,2019-02-07,264055.4761904762,0.0002399653754965,348.7162946314052,1800.0,0.0003850817669777474,0.2,52811.095238095244,27697621.820772596,52811.095238095244,-50.70889537958192,0.001906701433784763,True,non_rolling_ow_day_only,ow,intraday_only,,,,,,,,
ADM,2019-02-08,264055.4761904762,0.0002399653754965,348.7162946314052,1800.0,0.0003850817669777474,0.2,52811.095238095244,27079063.346888456,52811.09523809524,-12.885794947232334,0.001950255611192089,True,non_rolling_ow_day_only,ow,intraday_only,,,,,,,,
ADM,2019-02-11,264055.4761904762,0.0002399653754965,348.7162946314052,1800.0,0.0003850817669777474,0.2,52811.095238095244,27732498.126369774,52811.09523809525,1.20985068591013,0.0019043035718401145,True,non_rolling_ow_day_only,ow,intraday_only,,,,,,,,
ADM,2019-02-12,264055.4761904762,0.0002399653754965,348.7162946314052,1800.0,0.0003850817669777474,0.2,52811.095238095244,26557660.81087414,52811.09523809525,42.70845198148597,0.001988544684495388,True,non_rolling_ow_day_only,ow,intraday_only,,,,,,,,
ADM,2019-02-13,264055.4761904762,0.0002399653754965,348.7162946314052,1800.0,0.0003850817669777474,0.2,52811.095238095244,26041410.283654027,52811.09523809525,27.584319875107603,0.002027966022686733,True,non_rolling_ow_day_only,ow,intraday_only,,,,,,,,
ADM,2019-02-14,264055.4761904762,0.0002399653754965,348.7162946314052,1800.0,0.0003850817669777474,0.2,52811.095238095244,26400348.49599591,52811.09523809525,-5.586332846289032,0.00200039386775917,True,non_rolling_ow_day_only,ow,intraday_only,,,,,,,,
ADM,2019-02-15,264055.4761904762,0.0002399653754965,348.7162946314052,1800.0,0.0003850817669777474,0.2,52811.095238095244,26712841.180485208,52811.095238095244,7.313511477076503,0.0019769928208413804,True,non_rolling_ow_day_only,ow,intraday_only,,,,,,,,
ADM,2019-02-19,264055.4761904762,0.0002399653754965,348.7162946314052,1800.0,0.0003850817669777474,0.2,52811.095238095244,27030194.97250828,52811.095238095244,3.064279165800656,0.001953781513296817,True,non_rolling_ow_day_only,ow,intraday_only,,,,,,,,
ADM,2019-02-20,264055.4761904762,0.0002399653754965,348.7162946314052,1800.0,0.0003850817669777474,0.2,52811.095238095244,26735660.64946352,52811.09523809525,10.095180936292085,0.001975305414386869,True,non_rolling_ow_day_only,ow,intraday_only,,,,,,,,
ADM,2019-02-21,264055.4761904762,0.0002399653754965,348.7162946314052,1800.0,0.0003850817669777474,0.2,52811.095238095244,27370465.666553006,52811.095238095244,-18.327663723233997,0.0019294920255094874,True,non_rolling_ow_day_only,ow,intraday_only,,,,,,,,
ADM,2019-02-22,264055.4761904762,0.0002399653754965,348.7162946314052,1800.0,0.0003850817669777474,0.2,52811.095238095244,27546945.984167986,52811.09523809524,10.09592225719162,0.0019171306782409666,True,non_rolling_ow_day_only,ow,intraday_only,,,,,,,,
ADM,2019-02-25,264055.4761904762,0.0002399653754965,348.7162946314052,1800.0,0.0003850817669777474,0.2,52811.095238095244,26796084.581610397,52811.095238095244,12.826547874324383,0.0019708511919811753,True,non_rolling_ow_day_only,ow,intraday_only,,,,,,,,
ADM,2019-02-26,264055.4761904762,0.0002399653754965,348.7162946314052,1800.0,0.0003850817669777474,0.2,52811.095238095244,26451928.045238525,52811.09523809524,-0.1853157212227714,0.0019964932290673417,True,non_rolling_ow_day_only,ow,intraday_only,,,,,,,,
ADM,2019-02-27,264055.4761904762,0.0002399653754965,348.7162946314052,1800.0,0.0003850817669777474,0.2,52811.095238095244,27090138.63671919,52811.09523809525,25.238511453299655,0.001949458286142276,True,non_rolling_ow_day_only,ow,intraday_only,,,,,,,,
ADM,2019-02-28,264055.4761904762,0.0002399653754965,348.7162946314052,1800.0,0.0003850817669777474,0.2,52811.095238095244,25730539.54604707,52811.09523809525,11.048396102678105,0.0020524674635596014,True,non_rolling_ow_day_only,ow,intraday_only,,,,,,,,
ADP,2019-02-01,303932.2380952381,0.000249105653446,254.7665143168179,1800.0,0.0003850817669777474,0.2,60786.44761904763,40718465.83022031,60786.447619047634,6.67638123371411,0.0014928471979396955,True,non_rolling_ow_day_only,ow,intraday_only,,,,,,,,
ADP,2019-02-04,303932.2380952381,0.000249105653446,254.7665143168179,1800.0,0.0003850817669777474,0.2,60786.44761904763,40586393.83984631,60786.44761904763,14.048884421716522,0.001497705064877422,True,non_rolling_ow_day_only,ow,intraday_only,,,,,,,,
ADP,2019-02-05,303932.2380952381,0.000249105653446,254.7665143168179,1800.0,0.0003850817669777474,0.2,60786.44761904763,39376904.16458048,60786.44761904762,-32.37416833324337,0.001543708143356913,True,non_rolling_ow_day_only,ow,intraday_only,,,,,,,,
ADP,2019-02-06,303932.2380952381,0.000249105653446,254.7665143168179,1800.0,0.0003850817669777474,0.2,60786.44761904763,38653355.004350565,60786.44761904763,-15.942599463877755,0.0015726046965963475,True,non_rolling_ow_day_only,ow,intraday_only,,,,,,,,
ADP,2019-02-07,303932.2380952381,0.000249105653446,254.7665143168179,1800.0,0.0003850817669777474,0.2,60786.44761904763,37766097.08085256,60786.44761904763,-30.61115623869004,0.0016095506901047077,True,non_rolling_ow_day_only,ow,intraday_only,,,,,,,,
ADP,2019-02-08,303932.2380952381,0.000249105653446,254.7665143168179,1800.0,0.0003850817669777474,0.2,60786.44761904763,38828349.706679024,60786.44761904763,9.45859739829357,0.0015655171563624683,True,non_rolling_ow_day_only,ow,intraday_only,,,,,,,,
ADP,2019-02-11,303932.2380952381,0.000249105653446,254.7665143168179,1800.0,0.0003850817669777474,0.2,60786.44761904763,39669581.30776089,60786.44761904762,11.862087985378086,0.0015323188603242322,True,non_rolling_ow_day_only,ow,intraday_only,,,,,,,,
ADP,2019-02-12,303932.2380952381,0.000249105653446,254.7665143168179,1800.0,0.0003850817669777474,0.2,60786.44761904763,39063847.478843704,60786.44761904763,-10.80297865333334,0.0015560793813760537,True,non_rolling_ow_day_only,ow,intraday_only,,,,,,,,
ADP,2019-02-13,303932.2380952381,0.000249105653446,254.7665143168179,1800.0,0.0003850817669777474,0.2,60786.44761904763,37596884.677028455,60786.44761904763,-39.74072679510868,0.001616794799389001,True,non_rolling_ow_day_only,ow,intraday_only,,,,,,,,
ADP,2019-02-14,303932.2380952381,0.000249105653446,254.7665143168179,1800.0,0.0003850817669777474,0.2,60786.44761904763,37383578.044850454,60786.44761904763,-1.9954846636305952,0.0016260200547448906,True,non_rolling_ow_day_only,ow,intraday_only,,,,,,,,
ADP,2019-02-15,303932.2380952381,0.000249105653446,254.7665143168179,1800.0,0.0003850817669777474,0.2,60786.44761904763,37600361.4337684,60786.44761904763,-19.980289479040636,0.0016166453007671385,True,non_rolling_ow_day_only,ow,intraday_only,,,,,,,,
ADP,2019-02-19,303932.2380952381,0.000249105653446,254.7665143168179,1800.0,0.0003850817669777474,0.2,60786.44761904763,36691884.81783764,60786.44761904762,5.788154213584569,0.0016566728016516746,True,non_rolling_ow_day_only,ow,intraday_only,,,,,,,,
ADP,2019-02-20,303932.2380952381,0.000249105653446,254.7665143168179,1800.0,0.0003850817669777474,0.2,60786.44761904763,37646639.14336473,60786.44761904761,0.21220700231108225,0.001614658014691899,True,non_rolling_ow_day_only,ow,intraday_only,,,,,,,,
ADP,2019-02-21,303932.2380952381,0.000249105653446,254.7665143168179,1800.0,0.0003850817669777474,0.2,60786.44761904763,36689479.231287785,60786.44761904762,-25.49777156290488,0.001656781423248183,True,non_rolling_ow_day_only,ow,intraday_only,,,,,,,,
ADP,2019-02-22,303932.2380952381,0.000249105653446,254.7665143168179,1800.0,0.0003850817669777474,0.2,60786.44761904763,37375278.4252518,60786.44761904762,10.668014396009369,0.0016263811315979009,True,non_rolling_ow_day_only,ow,intraday_only,,,,,,,,
ADP,2019-02-25,303932.2380952381,0.000249105653446,254.7665143168179,1800.0,0.0003850817669777474,0.2,60786.44761904763,36790241.9356568,60786.447619047634,16.337958132478594,0.001652243758694446,True,non_rolling_ow_day_only,ow,intraday_only,,,,,,,,
ADP,2019-02-26,303932.2380952381,0.000249105653446,254.7665143168179,1800.0,0.0003850817669777474,0.2,60786.44761904763,37659868.18952274,60786.44761904764,-13.301042383602255,0.001614090822441032,True,non_rolling_ow_day_only,ow,intraday_only,,,,,,,,
ADP,2019-02-27,303932.2380952381,0.000249105653446,254.7665143168179,1800.0,0.0003850817669777474,0.2,60786.44761904763,37421655.20961172,60786.44761904763,-14.923891806674831,0.0016243655519394204,True,non_rolling_ow_day_only,ow,intraday_only,,,,,,,,
ADP,2019-02-28,303932.2380952381,0.000249105653446,254.7665143168179,1800.0,0.0003850817669777474,0.2,60786.44761904763,36425275.197399095,60786.44761904761,-21.4017177337397,0.001668798582567415,True,non_rolling_ow_day_only,ow,intraday_only,,,,,,,,
AEP,2019-02-01,280283.90476190473,0.0002608355109743,270.2363453816733,1800.0,0.0003850817669777474,0.2,56056.78095238095,36296469.95599407,56056.78095238094,16.528121237585744,0.0015444141267826961,True,non_rolling_ow_day_only,ow,intraday_only,,,,,,,,
AEP,2019-02-04,280283.90476190473,0.0002608355109743,270.2363453816733,1800.0,0.0003850817669777474,0.2,56056.78095238095,35143954.17207262,56056.780952380956,4.502080627298097,0.0015950618612212636,True,non_rolling_ow_day_only,ow,intraday_only,,,,,,,,
AEP,2019-02-05,280283.90476190473,0.0002608355109743,270.2363453816733,1800.0,0.0003850817669777474,0.2,56056.78095238095,34789879.6367666,56056.78095238094,-16.87906629406386,0.0016112956278566451,True,non_rolling_ow_day_only,ow,intraday_only,,,,,,,,
AEP,2019-02-06,280283.90476190473,0.0002608355109743,270.2363453816733,1800.0,0.0003850817669777474,0.2,56056.78095238095,34147792.81231907,56056.780952380956,-9.11297454051962,0.001641593096821123,True,non_rolling_ow_day_only,ow,intraday_only,,,,,,,,
AEP,2019-02-07,280283.90476190473,0.0002608355109743,270.2363453816733,1800.0,0.0003850817669777474,0.2,56056.78095238095,33602290.069608144,56056.780952380956,12.155709881885173,0.0016682428738118045,True,non_rolling_ow_day_only,ow,intraday_only,,,,,,,,
AEP,2019-02-08,280283.90476190473,0.0002608355109743,270.2363453816733,1800.0,0.0003850817669777474,0.2,56056.78095238095,34367412.94578785,56056.78095238094,13.745606284142134,0.001631102726318287,True,non_rolling_ow_day_only,ow,intraday_only,,,,,,,,
AEP,2019-02-11,280283.90476190473,0.0002608355109743,270.2363453816733,1800.0,0.0003850817669777474,0.2,56056.78095238095,34951317.40860631,56056.780952380956,-20.704691881662797,0.0016038531623010493,True,non_rolling_ow_day_only,ow,intraday_only,,,,,,,,
AEP,2019-02-12,280283.90476190473,0.0002608355109743,270.2363453816733,1800.0,0.0003850817669777474,0.2,56056.78095238095,34232635.773891374,56056.780952380956,-20.31125020523197,0.001637524534267223,True,non_rolling_ow_day_only,ow,intraday_only,,,,,,,,
AEP,2019-02-13,280283.90476190473,0.0002608355109743,270.2363453816733,1800.0,0.0003850817669777474,0.2,56056.78095238095,34359842.60259201,56056.780952380956,0.04082672052129155,0.001631462099542685,True,non_rolling_ow_day_only,ow,intraday_only,,,,,,,,
AEP,2019-02-14,280283.90476190473,0.0002608355109743,270.2363453816733,1800.0,0.0003850817669777474,0.2,56056.78095238095,33898224.71571335,56056.78095238094,16.997830210973703,0.0016536789587802841,True,non_rolling_ow_day_only,ow,intraday_only,,,,,,,,
AEP,2019-02-15,280283.90476190473,0.0002608355109743,270.2363453816733,1800.0,0.0003850817669777474,0.2,56056.78095238095,33671124.458271414,56056.78095238095,-31.982340201529663,0.0016648324596896683,True,non_rolling_ow_day_only,ow,intraday_only,,,,,,,,
AEP,2019-02-19,280283.90476190473,0.0002608355109743,270.2363453816733,1800.0,0.0003850817669777474,0.2,56056.78095238095,33417148.118034355,56056.78095238094,5.582326122757149,0.001677485486025918,True,non_rolling_ow_day_only,ow,intraday_only,,,,,,,,
AEP,2019-02-20,280283.90476190473,0.0002608355109743,270.2363453816733,1800.0,0.0003850817669777474,0.2,56056.78095238095,34479624.770355284,56056.780952380956,-8.878940524038594,0.0016257944025126736,True,non_rolling_ow_day_only,ow,intraday_only,,,,,,,,
AEP,2019-02-21,280283.90476190473,0.0002608355109743,270.2363453816733,1800.0,0.0003850817669777474,0.2,56056.78095238095,33740594.71834618,56056.780952380956,13.350638068640436,0.0016614046498089887,True,non_rolling_ow_day_only,ow,intraday_only,,,,,,,,
AEP,2019-02-22,280283.90476190473,0.0002608355109743,270.2363453816733,1800.0,0.0003850817669777474,0.2,56056.78095238095,32686457.25364306,56056.78095238094,-2.9867147816987654,0.0017149849100312991,True,non_rolling_ow_day_only,ow,intraday_only,,,,,,,,
AEP,2019-02-25,280283.90476190473,0.0002608355109743,270.2363453816733,1800.0,0.0003850817669777474,0.2,56056.78095238095,33805042.95282657,56056.780952380956,24.29396224423001,0.0016582372349180474,True,non_rolling_ow_day_only,ow,intraday_only,,,,,,,,
AEP,2019-02-26,280283.90476190473,0.0002608355109743,270.2363453816733,1800.0,0.0003850817669777474,0.2,56056.78095238095,33034434.11143587,56056.780952380956,-38.630927335156755,0.0016969196676196489,True,non_rolling_ow_day_only,ow,intraday_only,,,,,,,,
AEP,2019-02-27,280283.90476190473,0.0002608355109743,270.2363453816733,1800.0,0.0003850817669777474,0.2,56056.78095238095,33868394.5715573,56056.78095238094,6.2440108329002015,0.0016551354636531095,True,non_rolling_ow_day_only,ow,intraday_only,,,,,,,,
AEP,2019-02-28,280283.90476190473,0.0002608355109743,270.2363453816733,1800.0,0.0003850817669777474,0.2,56056.78095238095,34577156.41472921,56056.78095238094,1.7290183099424894,0.0016212085308583049,True,non_rolling_ow_day_only,ow,intraday_only,,,,,,,,
AES,2019-02-01,367966.8095238095,0.000300475148608,228.2627459822449,1800.0,0.0003850817669777474,0.2,73593.36190476191,52703940.7793586,73593.3619047619,45.80484789400333,0.0013963540641648681,True,non_rolling_ow_day_only,ow,intraday_only,,,,,,,,
AES,2019-02-04,367966.8095238095,0.000300475148608,228.2627459822449,1800.0,0.0003850817669777474,0.2,73593.36190476191,51037042.59375389,73593.3619047619,54.69064565336503,0.0014419597642158159,True,non_rolling_ow_day_only,ow,intraday_only,,,,,,,,
AES,2019-02-05,367966.8095238095,0.000300475148608,228.2627459822449,1800.0,0.0003850817669777474,0.2,73593.36190476191,50316331.42241405,73593.3619047619,-50.91026016614005,0.001462613823868304,True,non_rolling_ow_day_only,ow,intraday_only,,,,,,,,
AES,2019-02-06,367966.8095238095,0.000300475148608,228.2627459822449,1800.0,0.0003850817669777474,0.2,73593.36190476191,50976146.0234466,73593.36190476191,12.723415883244115,0.0014436823425394395,True,non_rolling_ow_day_only,ow,intraday_only,,,,,,,,
AES,2019-02-07,367966.8095238095,0.000300475148608,228.2627459822449,1800.0,0.0003850817669777474,0.2,73593.36190476191,52054436.63080171,73593.36190476191,-22.633428820752123,0.0014137769356092728,True,non_rolling_ow_day_only,ow,intraday_only,,,,,,,,
AES,2019-02-08,367966.8095238095,0.000300475148608,228.2627459822449,1800.0,0.0003850817669777474,0.2,73593.36190476191,52206017.459408075,73593.3619047619,13.853724911896002,0.0014096720164870498,True,non_rolling_ow_day_only,ow,intraday_only,,,,,,,,
AES,2019-02-11,367966.8095238095,0.000300475148608,228.2627459822449,1800.0,0.0003850817669777474,0.2,73593.36190476191,51046626.290816166,73593.36190476193,2.526187413098537,0.0014416890449428614,True,non_rolling_ow_day_only,ow,intraday_only,,,,,,,,
AES,2019-02-12,367966.8095238095,0.000300475148608,228.2627459822449,1800.0,0.0003850817669777474,0.2,73593.36190476191,49755106.76450761,73593.3619047619,47.44726557640943,0.0014791117272259402,True,non_rolling_ow_day_only,ow,intraday_only,,,,,,,,
AES,2019-02-13,367966.8095238095,0.000300475148608,228.2627459822449,1800.0,0.0003850817669777474,0.2,73593.36190476191,51562985.34858871,73593.36190476191,20.495793188188205,0.0014272517661116412,True,non_rolling_ow_day_only,ow,intraday_only,,,,,,,,
AES,2019-02-14,367966.8095238095,0.000300475148608,228.2627459822449,1800.0,0.0003850817669777474,0.2,73593.36190476191,49463559.14924143,73593.36190476193,52.30328432571569,0.0014878298927644097,True,non_rolling_ow_day_only,ow,intraday_only,,,,,,,,
AES,2019-02-15,367966.8095238095,0.000300475148608,228.2627459822449,1800.0,0.0003850817669777474,0.2,73593.36190476191,48849454.864330955,73593.36190476193,21.124081147257648,0.0015065339441177376,True,non_rolling_ow_day_only,ow,intraday_only,,,,,,,,
AES,2019-02-19,367966.8095238095,0.000300475148608,228.2627459822449,1800.0,0.0003850817669777474,0.2,73593.36190476191,49237773.21118389,73593.36190476193,-30.468751800467416,0.0014946525219391093,True,non_rolling_ow_day_only,ow,intraday_only,,,,,,,,
AES,2019-02-20,367966.8095238095,0.000300475148608,228.2627459822449,1800.0,0.0003850817669777474,0.2,73593.36190476191,49410417.55067806,73593.36190476193,12.803731813207499,0.0014894300747262557,True,non_rolling_ow_day_only,ow,intraday_only,,,,,,,,
AES,2019-02-21,367966.8095238095,0.000300475148608,228.2627459822449,1800.0,0.0003850817669777474,0.2,73593.36190476191,49221738.81466542,73593.3619047619,-17.42136299513335,0.0014951394176029203,True,non_rolling_ow_day_only,ow,intraday_only,,,,,,,,
AES,2019-02-22,367966.8095238095,0.000300475148608,228.2627459822449,1800.0,0.0003850817669777474,0.2,73593.36190476191,49331481.146817625,73593.36190476191,54.13883800758848,0.0014918133450268283,True,non_rolling_ow_day_only,ow,intraday_only,,,,,,,,
AES,2019-02-25,367966.8095238095,0.000300475148608,228.2627459822449,1800.0,0.0003850817669777474,0.2,73593.36190476191,51374538.7592903,73593.36190476193,8.828558292663764,0.0014324870584157543,True,non_rolling_ow_day_only,ow,intraday_only,,,,,,,,
AES,2019-02-26,367966.8095238095,0.000300475148608,228.2627459822449,1800.0,0.0003850817669777474,0.2,73593.36190476191,51921121.02775051,73593.3619047619,-1.1421377062485902,0.0014174070291245859,True,non_rolling_ow_day_only,ow,intraday_only,,,,,,,,
AES,2019-02-27,367966.8095238095,0.000300475148608,228.2627459822449,1800.0,0.0003850817669777474,0.2,73593.36190476191,50820874.07007934,73593.36190476191,48.02121478764249,0.0014480931949985845,True,non_rolling_ow_day_only,ow,intraday_only,,,,,,,,
AES,2019-02-28,367966.8095238095,0.000300475148608,228.2627459822449,1800.0,0.0003850817669777474,0.2,73593.36190476191,50709367.65582164,73593.36190476191,24.518655495727856,0.001451277452408009,True,non_rolling_ow_day_only,ow,intraday_only,,,,,,,,
AFL,2019-02-01,304800.04761904763,0.000232499900595,418.2289418670884,1800.0,0.0003850817669777474,0.2,60960.00952380953,25245616.591876667,60960.009523809524,4.058360615227404,0.0024146769916257365,True,non_rolling_ow_day_only,ow,intraday_only,,,,,,,,
AFL,2019-02-04,304800.04761904763,0.000232499900595,418.2289418670884,1800.0,0.0003850817669777474,0.2,60960.00952380953,25181769.84162186,60960.00952380953,12.273334131409428,0.0024207992491080336,True,non_rolling_ow_day_only,ow,intraday_only,,,,,,,,
AFL,2019-02-05,304800.04761904763,0.000232499900595,418.2289418670884,1800.0,0.0003850817669777474,0.2,60960.00952380953,25085240.770533256,60960.00952380954,-18.020630843052572,0.0024301145873559683,True,non_rolling_ow_day_only,ow,intraday_only,,,,,,,,
AFL,2019-02-06,304800.04761904763,0.000232499900595,418.2289418670884,1800.0,0.0003850817669777474,0.2,60960.00952380953,24162109.186089866,60960.009523809524,-12.597970466569897,0.002522958945939381,True,non_rolling_ow_day_only,ow,intraday_only,,,,,,,,
AFL,2019-02-07,304800.04761904763,0.000232499900595,418.2289418670884,1800.0,0.0003850817669777474,0.2,60960.00952380953,24201562.51513494,60960.009523809524,-10.61190274169546,0.002518846024329501,True,non_rolling_ow_day_only,ow,intraday_only,,,,,,,,
AFL,2019-02-08,304800.04761904763,0.000232499900595,418.2289418670884,1800.0,0.0003850817669777474,0.2,60960.00952380953,24740884.250073843,60960.00952380953,4.727416786649918,0.002463938188612947,True,non_rolling_ow_day_only,ow,intraday_only,,,,,,,,
AFL,2019-02-11,304800.04761904763,0.000232499900595,418.2289418670884,1800.0,0.0003850817669777474,0.2,60960.00952380953,25063784.355952315,60960.00952380954,-7.095167703277774,0.0024321949414367805,True,non_rolling_ow_day_only,ow,intraday_only,,,,,,,,
AFL,2019-02-12,304800.04761904763,0.000232499900595,418.2289418670884,1800.0,0.0003850817669777474,0.2,60960.00952380953,23959065.503288146,60960.00952380953,-0.9287517795954301,0.002544340033439258,True,non_rolling_ow_day_only,ow,intraday_only,,,,,,,,
AFL,2019-02-13,304800.04761904763,0.000232499900595,418.2289418670884,1800.0,0.0003850817669777474,0.2,60960.00952380953,23819383.486001767,60960.00952380954,-34.807722860335716,0.002559260593777948,True,non_rolling_ow_day_only,ow,intraday_only,,,,,,,,
AFL,2019-02-14,304800.04761904763,0.000232499900595,418.2289418670884,1800.0,0.0003850817669777474,0.2,60960.00952380953,24815638.635630783,60960.00952380954,28.539937035300504,0.002456515845466977,True,non_rolling_ow_day_only,ow,intraday_only,,,,,,,,
AFL,2019-02-15,304800.04761904763,0.000232499900595,418.2289418670884,1800.0,0.0003850817669777474,0.2,60960.00952380953,24346657.333980955,60960.009523809524,-3.533633727276019,0.0025038348668392696,True,non_rolling_ow_day_only,ow,intraday_only,,,,,,,,
AFL,2019-02-19,304800.04761904763,0.000232499900595,418.2289418670884,1800.0,0.0003850817669777474,0.2,60960.00952380953,23460985.342075557,60960.00952380954,-1.5670318932598093,0.002598356745676927,True,non_rolling_ow_day_only,ow,intraday_only,,,,,,,,
AFL,2019-02-20,304800.04761904763,0.000232499900595,418.2289418670884,1800.0,0.0003850817669777474,0.2,60960.00952380953,24234553.14224355,60960.00952380954,-18.38816292154894,0.0025154171057336057,True,non_rolling_ow_day_only,ow,intraday_only,,,,,,,,
AFL,2019-02-21,304800.04761904763,0.000232499900595,418.2289418670884,1800.0,0.0003850817669777474,0.2,60960.00952380953,23491931.10611119,60960.00952380954,-4.856596119948705,0.002594933947680078,True,non_rolling_ow_day_only,ow,intraday_only,,,,,,,,
AFL,2019-02-22,304800.04761904763,0.000232499900595,418.2289418670884,1800.0,0.0003850817669777474,0.2,60960.00952380953,24434364.1710354,60960.00952380953,16.436985100420465,0.0024948473836725322,True,non_rolling_ow_day_only,ow,intraday_only,,,,,,,,
AFL,2019-02-25,304800.04761904763,0.000232499900595,418.2289418670884,1800.0,0.0003850817669777474,0.2,60960.00952380953,23670137.39292705,60960.009523809524,16.36248897962824,0.0025753973672339218,True,non_rolling_ow_day_only,ow,intraday_only,,,,,,,,
AFL,2019-02-26,304800.04761904763,0.000232499900595,418.2289418670884,1800.0,0.0003850817669777474,0.2,60960.00952380953,22884877.782174926,60960.009523809524,-7.386586112474642,0.002663768192430173,True,non_rolling_ow_day_only,ow,intraday_only,,,,,,,,
AFL,2019-02-27,304800.04761904763,0.000232499900595,418.2289418670884,1800.0,0.0003850817669777474,0.2,60960.00952380953,24175703.917405896,60960.00952380954,35.60852502269577,0.002521540209628389,True,non_rolling_ow_day_only,ow,intraday_only,,,,,,,,
AFL,2019-02-28,304800.04761904763,0.000232499900595,418.2289418670884,1800.0,0.0003850817669777474,0.2,60960.00952380953,24192272.76147321,60960.00952380953,1.878395334884388,0.002519813252969347,True,non_rolling_ow_day_only,ow,intraday_only,,,,,,,,
AIG,2019-02-01,352603.8571428572,0.0003143205869681,347.05100939471447,1800.0,0.0003850817669777474,0.2,70520.77142857145,35636369.50243126,70520.77142857146,25.19251857753541,0.001978898872506085,True,non_rolling_ow_day_only,ow,intraday_only,,,,,,,,
AIG,2019-02-04,352603.8571428572,0.0003143205869681,347.05100939471447,1800.0,0.0003850817669777474,0.2,70520.77142857145,34802376.23753865,70520.77142857145,6.577778104552483,0.002026320586480704,True,non_rolling_ow_day_only,ow,intraday_only,,,,,,,,
AIG,2019-02-05,352603.8571428572,0.0003143205869681,347.05100939471447,1800.0,0.0003850817669777474,0.2,70520.77142857145,34189138.76306598,70520.77142857145,11.967488312207777,0.0020626659219843816,True,non_rolling_ow_day_only,ow,intraday_only,,,,,,,,
AIG,2019-02-06,352603.8571428572,0.0003143205869681,347.05100939471447,1800.0,0.0003850817669777474,0.2,70520.77142857145,34235941.50095825,70520.77142857143,2.693994377489549,0.0020598461247691288,True,non_rolling_ow_day_only,ow,intraday_only,,,,,,,,
AIG,2019-02-07,352603.8571428572,0.0003143205869681,347.05100939471447,1800.0,0.0003850817669777474,0.2,70520.77142857145,34540852.13344039,70520.77142857145,24.01545008050826,0.00204166275794619,True,non_rolling_ow_day_only,ow,intraday_only,,,,,,,,
AIG,2019-02-08,352603.8571428572,0.0003143205869681,347.05100939471447,1800.0,0.0003850817669777474,0.2,70520.77142857145,34256525.628827214,70520.77142857145,-30.095990251931298,0.002058608400416051,True,non_rolling_ow_day_only,ow,intraday_only,,,,,,,,
AIG,2019-02-11,352603.8571428572,0.0003143205869681,347.05100939471447,1800.0,0.0003850817669777474,0.2,70520.77142857145,34700095.23606926,70520.77142857145,-0.6007950346347215,0.0020322933106900563,True,non_rolling_ow_day_only,ow,intraday_only,,,,,,,,
AIG,2019-02-12,352603.8571428572,0.0003143205869681,347.05100939471447,1800.0,0.0003850817669777474,0.2,70520.77142857145,34035008.69564812,70520.77142857143,69.19635060484303,0.0020720068579735246,True,non_rolling_ow_day_only,ow,intraday_only,,,,,,,,
AIG,2019-02-13,352603.8571428572,0.0003143205869681,347.05100939471447,1800.0,0.0003850817669777474,0.2,70520.77142857145,33229762.815519877,70520.77142857145,-35.61035766675502,0.0021222171166275943,True,non_rolling_ow_day_only,ow,intraday_only,,,,,,,,
AIG,2019-02-14,352603.8571428572,0.0003143205869681,347.05100939471447,1800.0,0.0003850817669777474,0.2,70520.77142857145,37694855.352319516,70520.77142857145,-19.798930464551326,0.0018708327905609544,True,non_rolling_ow_day_only,ow,intraday_only,,,,,,,,
AIG,2019-02-15,352603.8571428572,0.0003143205869681,347.05100939471447,1800.0,0.0003850817669777474,0.2,70520.77142857145,35868460.31272889,70520.77142857146,7.170224491945028,0.001966094190096731,True,non_rolling_ow_day_only,ow,intraday_only,,,,,,,,
AIG,2019-02-19,352603.8571428572,0.0003143205869681,347.05100939471447,1800.0,0.0003850817669777474,0.2,70520.77142857145,35304493.74414681,70520.77142857146,33.641972182370864,0.0019975012795719017,True,non_rolling_ow_day_only,ow,intraday_only,,,,,,,,
AIG,2019-02-20,352603.8571428572,0.0003143205869681,347.05100939471447,1800.0,0.0003850817669777474,0.2,70520.77142857145,33874802.14289393,70520.77142857145,24.739335186246457,0.0020818061499250674,True,non_rolling_ow_day_only,ow,intraday_only,,,,,,,,
AIG,2019-02-21,352603.8571428572,0.0003143205869681,347.05100939471447,1800.0,0.0003850817669777474,0.2,70520.77142857145,34499239.276129134,70520.77142857143,-27.334678643204136,0.002044125404161201,True,non_rolling_ow_day_only,ow,intraday_only,,,,,,,,
AIG,2019-02-22,352603.8571428572,0.0003143205869681,347.05100939471447,1800.0,0.0003850817669777474,0.2,70520.77142857145,35055761.20368561,70520.77142857146,-1.5734512614399705,0.0020116742300594287,True,non_rolling_ow_day_only,ow,intraday_only,,,,,,,,
AIG,2019-02-25,352603.8571428572,0.0003143205869681,347.05100939471447,1800.0,0.0003850817669777474,0.2,70520.77142857145,33012103.972156942,70520.77142857143,9.167553717822209,0.002136209539629769,True,non_rolling_ow_day_only,ow,intraday_only,,,,,,,,
AIG,2019-02-26,352603.8571428572,0.0003143205869681,347.05100939471447,1800.0,0.0003850817669777474,0.2,70520.77142857145,33630179.0412255,70520.77142857145,22.030128812051636,0.0020969490332514635,True,non_rolling_ow_day_only,ow,intraday_only,,,,,,,,
AIG,2019-02-27,352603.8571428572,0.0003143205869681,347.05100939471447,1800.0,0.0003850817669777474,0.2,70520.77142857145,34917087.339452416,70520.77142857145,61.05502997136312,0.0020196636318199094,True,non_rolling_ow_day_only,ow,intraday_only,,,,,,,,
AIG,2019-02-28,352603.8571428572,0.0003143205869681,347.05100939471447,1800.0,0.0003850817669777474,0.2,70520.77142857145,34462694.04804078,70520.77142857145,54.473873441403114,0.002046293053301809,True,non_rolling_ow_day_only,ow,intraday_only,,,,,,,,
ALGN,2019-02-01,257176.61904761905,0.0005531453789446,260.86256052042444,1800.0,0.0003850817669777474,0.2,51435.32380952381,29817083.05002737,51435.32380952381,5.67724908799018,0.0017250286932234506,True,non_rolling_ow_day_only,ow,intraday_only,,,,,,,,
ALGN,2019-02-04,257176.61904761905,0.0005531453789446,260.86256052042444,1800.0,0.0003850817669777474,0.2,51435.32380952381,29732154.70248533,51435.323809523805,13.605275935383645,0.0017299561476190053,True,non_rolling_ow_day_only,ow,intraday_only,,,,,,,,
ALGN,2019-02-05,257176.61904761905,0.0005531453789446,260.86256052042444,1800.0,0.0003850817669777474,0.2,51435.32380952381,30204003.663181175,51435.32380952381,0.8089465536812703,0.001702930657243421,True,non_rolling_ow_day_only,ow,intraday_only,,,,,,,,
ALGN,2019-02-06,257176.61904761905,0.0005531453789446,260.86256052042444,1800.0,0.0003850817669777474,0.2,51435.32380952381,31954386.350960962,51435.323809523805,14.940603569282946,0.0016096483044487255,True,non_rolling_ow_day_only,ow,intraday_only,,,,,,,,
ALGN,2019-02-07,257176.61904761905,0.0005531453789446,260.86256052042444,1800.0,0.0003850817669777474,0.2,51435.32380952381,30064694.115964405,51435.32380952382,-17.576240059875378,0.0017108214575917327,True,non_rolling_ow_day_only,ow,intraday_only,,,,,,,,
ALGN,2019-02-08,257176.61904761905,0.0005531453789446,260.86256052042444,1800.0,0.0003850817669777474,0.2,51435.32380952381,31540174.401366115,51435.32380952382,18.954723851710614,0.0016307875522494249,True,non_rolling_ow_day_only,ow,intraday_only,,,,,,,,
ALGN,2019-02-11,257176.61904761905,0.0005531453789446,260.86256052042444,1800.0,0.0003850817669777474,0.2,51435.32380952381,30005166.52619071,51435.32380952382,-23.81437780060179,0.0017142155756618544,True,non_rolling_ow_day_only,ow,intraday_only,,,,,,,,
ALGN,2019-02-12,257176.61904761905,0.0005531453789446,260.86256052042444,1800.0,0.0003850817669777474,0.2,51435.32380952381,29029231.180124965,51435.32380952381,-34.27048307722205,0.0017718458849416347,True,non_rolling_ow_day_only,ow,intraday_only,,,,,,,,
ALGN,2019-02-13,257176.61904761905,0.0005531453789446,260.86256052042444,1800.0,0.0003850817669777474,0.2,51435.32380952381,30090276.002206944,51435.323809523805,-35.43023069164646,0.0017093669664496043,True,non_rolling_ow_day_only,ow,intraday_only,,,,,,,,
ALGN,2019-02-14,257176.61904761905,0.0005531453789446,260.86256052042444,1800.0,0.0003850817669777474,0.2,51435.32380952381,30351386.782909185,51435.323809523805,6.057125190755954,0.0016946614063277977,True,non_rolling_ow_day_only,ow,intraday_only,,,,,,,,
ALGN,2019-02-15,257176.61904761905,0.0005531453789446,260.86256052042444,1800.0,0.0003850817669777474,0.2,51435.32380952381,29741672.96306339,51435.32380952381,36.10656435437521,0.0017294025078347839,True,non_rolling_ow_day_only,ow,intraday_only,,,,,,,,
ALGN,2019-02-19,257176.61904761905,0.0005531453789446,260.86256052042444,1800.0,0.0003850817669777474,0.2,51435.32380952381,29621558.757904895,51435.32380952381,11.820176867484072,0.0017364151640331092,True,non_rolling_ow_day_only,ow,intraday_only,,,,,,,,
ALGN,2019-02-20,257176.61904761905,0.0005531453789446,260.86256052042444,1800.0,0.0003850817669777474,0.2,51435.32380952381,29504616.975202188,51435.32380952381,13.14387423041816,0.0017432974592672657,True,non_rolling_ow_day_only,ow,intraday_only,,,,,,,,
ALGN,2019-02-21,257176.61904761905,0.0005531453789446,260.86256052042444,1800.0,0.0003850817669777474,0.2,51435.32380952381,30191464.40445857,51435.32380952381,37.095654512234674,0.001703637926285153,True,non_rolling_ow_day_only,ow,intraday_only,,,,,,,,
ALGN,2019-02-22,257176.61904761905,0.0005531453789446,260.86256052042444,1800.0,0.0003850817669777474,0.2,51435.32380952381,29827559.61982146,51435.32380952381,2.916859313473239,0.0017244227977451846,True,non_rolling_ow_day_only,ow,intraday_only,,,,,,,,
ALGN,2019-02-25,257176.61904761905,0.0005531453789446,260.86256052042444,1800.0,0.0003850817669777474,0.2,51435.32380952381,28998972.81544915,51435.32380952382,1.9813378450706622,0.001773694680044727,True,non_rolling_ow_day_only,ow,intraday_only,,,,,,,,
ALGN,2019-02-26,257176.61904761905,0.0005531453789446,260.86256052042444,1800.0,0.0003850817669777474,0.2,51435.32380952381,28827727.147123903,51435.323809523805,-53.99036737431994,0.0017842309782877014,True,non_rolling_ow_day_only,ow,intraday_only,,,,,,,,
ALGN,2019-02-27,257176.61904761905,0.0005531453789446,260.86256052042444,1800.0,0.0003850817669777474,0.2,51435.32380952381,28780605.727113158,51435.323809523805,-35.20085165137358,0.0017871522335983524,True,non_rolling_ow_day_only,ow,intraday_only,,,,,,,,
ALGN,2019-02-28,257176.61904761905,0.0005531453789446,260.86256052042444,1800.0,0.0003850817669777474,0.2,51435.32380952381,29054474.75067392,51435.323809523805,1.8127735857227307,0.0017703064416379017,True,non_rolling_ow_day_only,ow,intraday_only,,,,,,,,
ALXN,2019-02-01,276546.71428571426,0.0004325249279626,183.9575960876114,1800.0,0.0003850817669777474,0.2,55309.34285714285,46262126.26616791,55309.342857142845,12.87882046351761,0.0011955642189665479,True,non_rolling_ow_day_only,ow,intraday_only,,,,,,,,
ALXN,2019-02-04,276546.71428571426,0.0004325249279626,183.9575960876114,1800.0,0.0003850817669777474,0.2,55309.34285714285,48777986.217268296,55309.34285714285,4.563143351102209,0.0011338996778338163,True,non_rolling_ow_day_only,ow,intraday_only,,,,,,,,
ALXN,2019-02-05,276546.71428571426,0.0004325249279626,183.9575960876114,1800.0,0.0003850817669777474,0.2,55309.34285714285,46973360.13185345,55309.34285714285,8.104060754658526,0.001177461921009918,True,non_rolling_ow_day_only,ow,intraday_only,,,,,,,,
ALXN,2019-02-06,276546.71428571426,0.0004325249279626,183.9575960876114,1800.0,0.0003850817669777474,0.2,55309.34285714285,50553272.38447127,55309.34285714285,3.629754977912963,0.0010940803680620393,True,non_rolling_ow_day_only,ow,intraday_only,,,,,,,,
ALXN,2019-02-07,276546.71428571426,0.0004325249279626,183.9575960876114,1800.0,0.0003850817669777474,0.2,55309.34285714285,49749086.74099548,55309.34285714285,0.014730143275649255,0.0011117659937175384,True,non_rolling_ow_day_only,ow,intraday_only,,,,,,,,
ALXN,2019-02-08,276546.71428571426,0.0004325249279626,183.9575960876114,1800.0,0.0003850817669777474,0.2,55309.34285714285,50316667.61005367,55309.34285714285,-42.72039932442139,0.0010992250775783013,True,non_rolling_ow_day_only,ow,intraday_only,,,,,,,,
ALXN,2019-02-11,276546.71428571426,0.0004325249279626,183.9575960876114,1800.0,0.0003850817669777474,0.2,55309.34285714285,50378578.68431963,55309.34285714285,-39.53889372486416,0.001097874221575805,True,non_rolling_ow_day_only,ow,intraday_only,,,,,,,,
ALXN,2019-02-12,276546.71428571426,0.0004325249279626,183.9575960876114,1800.0,0.0003850817669777474,0.2,55309.34285714285,48609440.02883619,55309.34285714286,15.418454397619008,0.001137831310632917,True,non_rolling_ow_day_only,ow,intraday_only,,,,,,,,
ALXN,2019-02-13,276546.71428571426,0.0004325249279626,183.9575960876114,1800.0,0.0003850817669777474,0.2,55309.34285714285,46830691.50810616,55309.34285714285,21.296315961377317,0.001181049031649876,True,non_rolling_ow_day_only,ow,intraday_only,,,,,,,,
ALXN,2019-02-14,276546.71428571426,0.0004325249279626,183.9575960876114,1800.0,0.0003850817669777474,0.2,55309.34285714285,48219477.78151964,55309.342857142845,30.289894514948394,0.0011470332198068815,True,non_rolling_ow_day_only,ow,intraday_only,,,,,,,,
ALXN,2019-02-15,276546.71428571426,0.0004325249279626,183.9575960876114,1800.0,0.0003850817669777474,0.2,55309.34285714285,47367450.67062524,55309.34285714285,10.781666338919589,0.0011676656031531533,True,non_rolling_ow_day_only,ow,intraday_only,,,,,,,,
ALXN,2019-02-19,276546.71428571426,0.0004325249279626,183.9575960876114,1800.0,0.0003850817669777474,0.2,55309.34285714285,47386265.57725264,55309.342857142845,27.726564417490888,0.0011672019768465066,True,non_rolling_ow_day_only,ow,intraday_only,,,,,,,,
ALXN,2019-02-20,276546.71428571426,0.0004325249279626,183.9575960876114,1800.0,0.0003850817669777474,0.2,55309.34285714285,47931996.42350612,55309.34285714285,3.7687593755161224,0.0011539127719290834,True,non_rolling_ow_day_only,ow,intraday_only,,,,,,,,
ALXN,2019-02-21,276546.71428571426,0.0004325249279626,183.9575960876114,1800.0,0.0003850817669777474,0.2,55309.34285714285,46728225.55225996,55309.34285714285,-6.229703194631767,0.0011836388436210986,True,non_rolling_ow_day_only,ow,intraday_only,,,,,,,,
ALXN,2019-02-22,276546.71428571426,0.0004325249279626,183.9575960876114,1800.0,0.0003850817669777474,0.2,55309.34285714285,46284962.60177952,55309.34285714286,-3.265862956351306,0.001194974344756549,True,non_rolling_ow_day_only,ow,intraday_only,,,,,,,,
ALXN,2019-02-25,276546.71428571426,0.0004325249279626,183.9575960876114,1800.0,0.0003850817669777474,0.2,55309.34285714285,44989509.78198025,55309.34285714285,-5.391262515821534,0.0012293830967523907,True,non_rolling_ow_day_only,ow,intraday_only,,,,,,,,
ALXN,2019-02-26,276546.71428571426,0.0004325249279626,183.9575960876114,1800.0,0.0003850817669777474,0.2,55309.34285714285,43756400.942571715,55309.34285714285,23.9544105156135,0.0012640286144588045,True,non_rolling_ow_day_only,ow,intraday_only,,,,,,,,
ALXN,2019-02-27,276546.71428571426,0.0004325249279626,183.9575960876114,1800.0,0.0003850817669777474,0.2,55309.34285714285,43075577.63593846,55309.34285714285,-2.146607592260036,0.001284006991725112,True,non_rolling_ow_day_only,ow,intraday_only,,,,,,,,
ALXN,2019-02-28,276546.71428571426,0.0004325249279626,183.9575960876114,1800.0,0.0003850817669777474,0.2,55309.34285714285,42750791.16968625,55309.34285714285,2.815662528940809,0.00129376185431538,True,non_rolling_ow_day_only,ow,intraday_only,,,,,,,,
AMAT,2019-02-01,1332595.2857142857,0.0004453378386483,312.4001396895912,1800.0,0.0003850817669777474,0.2,266519.0571428572,135138001.9563216,266519.0571428572,-85.41959906212941,0.001972199183683356,True,non_rolling_ow_day_only,ow,intraday_only,,,,,,,,
AMAT,2019-02-04,1332595.2857142857,0.0004453378386483,312.4001396895912,1800.0,0.0003850817669777474,0.2,266519.0571428572,135292524.40407497,266519.0571428572,141.24662727286142,0.0019699466642136934,True,non_rolling_ow_day_only,ow,intraday_only,,,,,,,,
AMAT,2019-02-05,1332595.2857142857,0.0004453378386483,312.4001396895912,1800.0,0.0003850817669777474,0.2,266519.0571428572,133499243.19361272,266519.05714285723,-96.39746162184048,0.001996408749346444,True,non_rolling_ow_day_only,ow,intraday_only,,,,,,,,
AMAT,2019-02-06,1332595.2857142857,0.0004453378386483,312.4001396895912,1800.0,0.0003850817669777474,0.2,266519.0571428572,127549468.6140122,266519.0571428572,175.6663379937366,0.002089534829418946,True,non_rolling_ow_day_only,ow,intraday_only,,,,,,,,
AMAT,2019-02-07,1332595.2857142857,0.0004453378386483,312.4001396895912,1800.0,0.0003850817669777474,0.2,266519.0571428572,131320160.44846532,266519.0571428571,-119.37933407863105,0.0020295364872589283,True,non_rolling_ow_day_only,ow,intraday_only,,,,,,,,
AMAT,2019-02-08,1332595.2857142857,0.0004453378386483,312.4001396895912,1800.0,0.0003850817669777474,0.2,266519.0571428572,131888158.8715421,266519.0571428572,95.93144650446747,0.0020207959488042016,True,non_rolling_ow_day_only,ow,intraday_only,,,,,,,,
AMAT,2019-02-11,1332595.2857142857,0.0004453378386483,312.4001396895912,1800.0,0.0003850817669777474,0.2,266519.0571428572,129328461.67567009,266519.0571428572,-48.84475964201873,0.002060791984143704,True,non_rolling_ow_day_only,ow,intraday_only,,,,,,,,
AMAT,2019-02-12,1332595.2857142857,0.0004453378386483,312.4001396895912,1800.0,0.0003850817669777474,0.2,266519.0571428572,127915820.0644502,266519.0571428572,-39.57680764418443,0.0020835503928174947,True,non_rolling_ow_day_only,ow,intraday_only,,,,,,,,
AMAT,2019-02-13,1332595.2857142857,0.0004453378386483,312.4001396895912,1800.0,0.0003850817669777474,0.2,266519.0571428572,125591908.50503519,266519.0571428572,85.82409137393557,0.002122103727185354,True,non_rolling_ow_day_only,ow,intraday_only,,,,,,,,
AMAT,2019-02-14,1332595.2857142857,0.0004453378386483,312.4001396895912,1800.0,0.0003850817669777474,0.2,266519.0571428572,127846173.2466711,266519.0571428571,-175.1897716338464,0.002084685449509901,True,non_rolling_ow_day_only,ow,intraday_only,,,,,,,,
AMAT,2019-02-15,1332595.2857142857,0.0004453378386483,312.4001396895912,1800.0,0.0003850817669777474,0.2,266519.0571428572,133734746.2182859,266519.0571428572,-157.41016031361352,0.001992893131212413,True,non_rolling_ow_day_only,ow,intraday_only,,,,,,,,
AMAT,2019-02-19,1332595.2857142857,0.0004453378386483,312.4001396895912,1800.0,0.0003850817669777474,0.2,266519.0571428572,133947164.43361229,266519.0571428571,14.143247703551069,0.001989732729840287,True,non_rolling_ow_day_only,ow,intraday_only,,,,,,,,
AMAT,2019-02-20,1332595.2857142857,0.0004453378386483,312.4001396895912,1800.0,0.0003850817669777474,0.2,266519.0571428572,129952801.30441168,266519.0571428572,-193.3068778065112,0.0020508912040960313,True,non_rolling_ow_day_only,ow,intraday_only,,,,,,,,
AMAT,2019-02-21,1332595.2857142857,0.0004453378386483,312.4001396895912,1800.0,0.0003850817669777474,0.2,266519.0571428572,135150663.51828048,266519.0571428572,6.709239188790207,0.0019720144186107366,True,non_rolling_ow_day_only,ow,intraday_only,,,,,,,,
AMAT,2019-02-22,1332595.2857142857,0.0004453378386483,312.4001396895912,1800.0,0.0003850817669777474,0.2,266519.0571428572,135660246.2914431,266519.0571428571,-129.3912747091839,0.001964606909015085,True,non_rolling_ow_day_only,ow,intraday_only,,,,,,,,
AMAT,2019-02-25,1332595.2857142857,0.0004453378386483,312.4001396895912,1800.0,0.0003850817669777474,0.2,266519.0571428572,133594827.36981484,266519.0571428572,-90.2054764318734,0.001994980362563618,True,non_rolling_ow_day_only,ow,intraday_only,,,,,,,,
AMAT,2019-02-26,1332595.2857142857,0.0004453378386483,312.4001396895912,1800.0,0.0003850817669777474,0.2,266519.0571428572,134291357.573907,266519.0571428572,8.991280314792718,0.0019846329797967746,True,non_rolling_ow_day_only,ow,intraday_only,,,,,,,,
AMAT,2019-02-27,1332595.2857142857,0.0004453378386483,312.4001396895912,1800.0,0.0003850817669777474,0.2,266519.0571428572,133010617.76110551,266519.0571428571,-248.90633020769187,0.002003742720912253,True,non_rolling_ow_day_only,ow,intraday_only,,,,,,,,
AMAT,2019-02-28,1332595.2857142857,0.0004453378386483,312.4001396895912,1800.0,0.0003850817669777474,0.2,266519.0571428572,131796799.00332591,266519.0571428571,153.9727369154066,0.002022196738906622,True,non_rolling_ow_day_only,ow,intraday_only,,,,,,,,
AMD,2019-02-01,9240929.23809524,0.0007047122925485,400.90456018190935,1800.0,0.0003850817669777474,0.2,1848185.8476190483,665850023.0373237,1848185.8476190483,-226.78979854763054,0.002775678882142878,True,non_rolling_ow_day_only,ow,intraday_only,,,,,,,,
AMD,2019-02-04,9240929.23809524,0.0007047122925485,400.90456018190935,1800.0,0.0003850817669777474,0.2,1848185.8476190483,664317991.8325272,1848185.8476190483,603.2722171877689,0.002782080073611752,True,non_rolling_ow_day_only,ow,intraday_only,,,,,,,,
AMD,2019-02-05,9240929.23809524,0.0007047122925485,400.90456018190935,1800.0,0.0003850817669777474,0.2,1848185.8476190483,699511973.3986275,1848185.8476190483,653.0557577155555,0.0026421075233916424,True,non_rolling_ow_day_only,ow,intraday_only,,,,,,,,
AMD,2019-02-06,9240929.23809524,0.0007047122925485,400.90456018190935,1800.0,0.0003850817669777474,0.2,1848185.8476190483,686220045.2719576,1848185.8476190483,745.9958309704247,0.002693284552605264,True,non_rolling_ow_day_only,ow,intraday_only,,,,,,,,
AMD,2019-02-07,9240929.23809524,0.0007047122925485,400.90456018190935,1800.0,0.0003850817669777474,0.2,1848185.8476190483,725955652.8499606,1848185.8476190483,108.87212121105154,0.0025458660461743503,True,non_rolling_ow_day_only,ow,intraday_only,,,,,,,,
AMD,2019-02-08,9240929.23809524,0.0007047122925485,400.90456018190935,1800.0,0.0003850817669777474,0.2,1848185.8476190483,706914271.2040882,1848185.8476190486,-526.088397414864,0.0026144412737219612,True,non_rolling_ow_day_only,ow,intraday_only,,,,,,,,
AMD,2019-02-11,9240929.23809524,0.0007047122925485,400.90456018190935,1800.0,0.0003850817669777474,0.2,1848185.8476190483,693572598.4102396,1848185.8476190483,-1481.3785007583124,0.002664733081807637,True,non_rolling_ow_day_only,ow,intraday_only,,,,,,,,
AMD,2019-02-12,9240929.23809524,0.0007047122925485,400.90456018190935,1800.0,0.0003850817669777474,0.2,1848185.8476190483,701044317.4798602,1848185.8476190483,-594.3645892809836,0.0026363323994451227,True,non_rolling_ow_day_only,ow,intraday_only,,,,,,,,
AMD,2019-02-13,9240929.23809524,0.0007047122925485,400.90456018190935,1800.0,0.0003850817669777474,0.2,1848185.8476190483,701399613.1205659,1848185.8476190483,-181.9009518272976,0.0026349969590036795,True,non_rolling_ow_day_only,ow,intraday_only,,,,,,,,
AMD,2019-02-14,9240929.23809524,0.0007047122925485,400.90456018190935,1800.0,0.0003850817669777474,0.2,1848185.8476190483,685018509.3559399,1848185.8476190483,1542.9596536443596,0.0026980086265942335,True,non_rolling_ow_day_only,ow,intraday_only,,,,,,,,
AMD,2019-02-15,9240929.23809524,0.0007047122925485,400.90456018190935,1800.0,0.0003850817669777474,0.2,1848185.8476190483,676609398.5856117,1848185.8476190486,722.6109571863858,0.0027315403118586693,True,non_rolling_ow_day_only,ow,intraday_only,,,,,,,,
AMD,2019-02-19,9240929.23809524,0.0007047122925485,400.90456018190935,1800.0,0.0003850817669777474,0.2,1848185.8476190483,670654502.1173098,1848185.8476190483,-18.28115454543763,0.002755794290180977,True,non_rolling_ow_day_only,ow,intraday_only,,,,,,,,
AMD,2019-02-20,9240929.23809524,0.0007047122925485,400.90456018190935,1800.0,0.0003850817669777474,0.2,1848185.8476190483,658976808.2353344,1848185.8476190483,1026.3543819455288,0.002804629578039752,True,non_rolling_ow_day_only,ow,intraday_only,,,,,,,,
AMD,2019-02-21,9240929.23809524,0.0007047122925485,400.90456018190935,1800.0,0.0003850817669777474,0.2,1848185.8476190483,664199182.6694193,1848185.8476190483,-903.745601661166,0.0027825777204229336,True,non_rolling_ow_day_only,ow,intraday_only,,,,,,,,
AMD,2019-02-22,9240929.23809524,0.0007047122925485,400.90456018190935,1800.0,0.0003850817669777474,0.2,1848185.8476190483,706709237.6454791,1848185.8476190483,1889.875209489699,0.0026151997867985863,True,non_rolling_ow_day_only,ow,intraday_only,,,,,,,,
AMD,2019-02-25,9240929.23809524,0.0007047122925485,400.90456018190935,1800.0,0.0003850817669777474,0.2,1848185.8476190483,638224573.2341487,1848185.8476190483,-1179.6671394195182,0.002895823703956624,True,non_rolling_ow_day_only,ow,intraday_only,,,,,,,,
AMD,2019-02-26,9240929.23809524,0.0007047122925485,400.90456018190935,1800.0,0.0003850817669777474,0.2,1848185.8476190483,644445788.7420778,1848185.8476190483,23.304708036929696,0.002867868608819066,True,non_rolling_ow_day_only,ow,intraday_only,,,,,,,,
AMD,2019-02-27,9240929.23809524,0.0007047122925485,400.90456018190935,1800.0,0.0003850817669777474,0.2,1848185.8476190483,714536545.6608436,1848185.8476190483,-202.73626447761376,0.0025865518829547647,True,non_rolling_ow_day_only,ow,intraday_only,,,,,,,,
AMD,2019-02-28,9240929.23809524,0.0007047122925485,400.90456018190935,1800.0,0.0003850817669777474,0.2,1848185.8476190483,703658959.4959536,1848185.847619048,-158.17260861425825,0.00262653636776393,True,non_rolling_ow_day_only,ow,intraday_only,,,,,,,,
AMGN,2019-02-01,542303.8571428572,0.0002657595047032,391.00911257998285,1800.0,0.0003850817669777474,0.2,108460.77142857143,50266915.59289613,108460.77142857145,50.67398173893376,0.002157696969254653,True,non_rolling_ow_day_only,ow,intraday_only,,,,,,,,
AMGN,2019-02-04,542303.8571428572,0.0002657595047032,391.00911257998285,1800.0,0.0003850817669777474,0.2,108460.77142857143,51645818.12361656,108460.77142857143,8.227359249858452,0.002100088165298607,True,non_rolling_ow_day_only,ow,intraday_only,,,,,,,,
AMGN,2019-02-05,542303.8571428572,0.0002657595047032,391.00911257998285,1800.0,0.0003850817669777474,0.2,108460.77142857143,51308504.781893924,108460.77142857142,32.42363682927507,0.0021138946046006346,True,non_rolling_ow_day_only,ow,intraday_only,,,,,,,,
AMGN,2019-02-06,542303.8571428572,0.0002657595047032,391.00911257998285,1800.0,0.0003850817669777474,0.2,108460.77142857143,52369513.740943685,108460.77142857143,74.45839103993659,0.002071066994532247,True,non_rolling_ow_day_only,ow,intraday_only,,,,,,,,
AMGN,2019-02-07,542303.8571428572,0.0002657595047032,391.00911257998285,1800.0,0.0003850817669777474,0.2,108460.77142857143,51898059.14888495,108460.77142857143,-33.912133557103104,0.002089881070839655,True,non_rolling_ow_day_only,ow,intraday_only,,,,,,,,
AMGN,2019-02-08,542303.8571428572,0.0002657595047032,391.00911257998285,1800.0,0.0003850817669777474,0.2,108460.77142857143,53509437.63959357,108460.77142857143,29.307633178519268,0.0020269465763982798,True,non_rolling_ow_day_only,ow,intraday_only,,,,,,,,
AMGN,2019-02-11,542303.8571428572,0.0002657595047032,391.00911257998285,1800.0,0.0003850817669777474,0.2,108460.77142857143,52827054.52581093,108460.77142857142,-28.861559290445314,0.0020531292611738984,True,non_rolling_ow_day_only,ow,intraday_only,,,,,,,,
AMGN,2019-02-12,542303.8571428572,0.0002657595047032,391.00911257998285,1800.0,0.0003850817669777474,0.2,108460.77142857143,52045915.36398878,108460.77142857143,96.63792806277489,0.0020839439688982164,True,non_rolling_ow_day_only,ow,intraday_only,,,,,,,,
AMGN,2019-02-13,542303.8571428572,0.0002657595047032,391.00911257998285,1800.0,0.0003850817669777474,0.2,108460.77142857143,52445351.77551825,108460.77142857143,-32.373915416419536,0.002068072150470377,True,non_rolling_ow_day_only,ow,intraday_only,,,,,,,,
AMGN,2019-02-14,542303.8571428572,0.0002657595047032,391.00911257998285,1800.0,0.0003850817669777474,0.2,108460.77142857143,51690301.8210893,108460.77142857146,51.08591408158209,0.0020982808690879064,True,non_rolling_ow_day_only,ow,intraday_only,,,,,,,,
AMGN,2019-02-15,542303.8571428572,0.0002657595047032,391.00911257998285,1800.0,0.0003850817669777474,0.2,108460.77142857143,53001137.20547536,108460.77142857143,24.542574065733326,0.0020463857408962675,True,non_rolling_ow_day_only,ow,intraday_only,,,,,,,,
AMGN,2019-02-19,542303.8571428572,0.0002657595047032,391.00911257998285,1800.0,0.0003850817669777474,0.2,108460.77142857143,53074784.067893304,108460.77142857145,17.97450674870869,0.002043546164781911,True,non_rolling_ow_day_only,ow,intraday_only,,,,,,,,
AMGN,2019-02-20,542303.8571428572,0.0002657595047032,391.00911257998285,1800.0,0.0003850817669777474,0.2,108460.77142857143,51278568.223325305,108460.77142857143,47.377258687274505,0.002115128701648019,True,non_rolling_ow_day_only,ow,intraday_only,,,,,,,,
AMGN,2019-02-21,542303.8571428572,0.0002657595047032,391.00911257998285,1800.0,0.0003850817669777474,0.2,108460.77142857143,54117300.66613748,108460.77142857142,54.40718137715602,0.0020041792567905736,True,non_rolling_ow_day_only,ow,intraday_only,,,,,,,,
AMGN,2019-02-22,542303.8571428572,0.0002657595047032,391.00911257998285,1800.0,0.0003850817669777474,0.2,108460.77142857143,52046719.545041725,108460.77142857143,-76.31232871016448,0.002083911769592096,True,non_rolling_ow_day_only,ow,intraday_only,,,,,,,,
AMGN,2019-02-25,542303.8571428572,0.0002657595047032,391.00911257998285,1800.0,0.0003850817669777474,0.2,108460.77142857143,51380092.63404582,108460.77142857142,34.708867710669374,0.0021109493165199634,True,non_rolling_ow_day_only,ow,intraday_only,,,,,,,,
AMGN,2019-02-26,542303.8571428572,0.0002657595047032,391.00911257998285,1800.0,0.0003850817669777474,0.2,108460.77142857143,51480221.50965424,108460.77142857143,-53.98761118810063,0.002106843526464459,True,non_rolling_ow_day_only,ow,intraday_only,,,,,,,,
AMGN,2019-02-27,542303.8571428572,0.0002657595047032,391.00911257998285,1800.0,0.0003850817669777474,0.2,108460.77142857143,50559282.664002046,108460.77142857145,-38.58409500864681,0.0021452197443021666,True,non_rolling_ow_day_only,ow,intraday_only,,,,,,,,
AMGN,2019-02-28,542303.8571428572,0.0002657595047032,391.00911257998285,1800.0,0.0003850817669777474,0.2,108460.77142857143,52701738.72777803,108460.77142857143,38.25256981516437,0.0020580112544067533,True,non_rolling_ow_day_only,ow,intraday_only,,,,,,,,
AMZN,2019-02-01,636814.1428571428,0.0003267894702955,591.0955658337716,1800.0,0.0003850817669777474,0.2,127362.82857142857,37046827.18275349,127362.82857142857,76.28974802080832,0.0034378876210678613,True,non_rolling_ow_day_only,ow,intraday_only,,,,,,,,
AMZN,2019-02-04,636814.1428571428,0.0003267894702955,591.0955658337716,1800.0,0.0003850817669777474,0.2,127362.82857142857,37236608.240487725,127362.82857142859,-33.12261509180503,0.003420365994369641,True,non_rolling_ow_day_only,ow,intraday_only,,,,,,,,
AMZN,2019-02-05,636814.1428571428,0.0003267894702955,591.0955658337716,1800.0,0.0003850817669777474,0.2,127362.82857142857,37082560.02436651,127362.82857142857,-9.847584641951997,0.0034345748645115107,True,non_rolling_ow_day_only,ow,intraday_only,,,,,,,,
AMZN,2019-02-06,636814.1428571428,0.0003267894702955,591.0955658337716,1800.0,0.0003850817669777474,0.2,127362.82857142857,38383496.14703,127362.8285714286,-41.98000752985584,0.0033181664349583623,True,non_rolling_ow_day_only,ow,intraday_only,,,,,,,,
AMZN,2019-02-07,636814.1428571428,0.0003267894702955,591.0955658337716,1800.0,0.0003850817669777474,0.2,127362.82857142857,38196564.85655087,127362.82857142859,27.430713382311886,0.003334405307119792,True,non_rolling_ow_day_only,ow,intraday_only,,,,,,,,
AMZN,2019-02-08,636814.1428571428,0.0003267894702955,591.0955658337716,1800.0,0.0003850817669777474,0.2,127362.82857142857,39387988.90377324,127362.82857142857,-19.01162321484854,0.0032335448474554544,True,non_rolling_ow_day_only,ow,intraday_only,,,,,,,,
AMZN,2019-02-11,636814.1428571428,0.0003267894702955,591.0955658337716,1800.0,0.0003850817669777474,0.2,127362.82857142857,38506231.590124995,127362.82857142859,-40.88353541975212,0.0033075900526212763,True,non_rolling_ow_day_only,ow,intraday_only,,,,,,,,
AMZN,2019-02-12,636814.1428571428,0.0003267894702955,591.0955658337716,1800.0,0.0003850817669777474,0.2,127362.82857142857,38885524.234676465,127362.82857142857,-17.99733347951242,0.0032753275435554443,True,non_rolling_ow_day_only,ow,intraday_only,,,,,,,,
AMZN,2019-02-13,636814.1428571428,0.0003267894702955,591.0955658337716,1800.0,0.0003850817669777474,0.2,127362.82857142857,39017086.81028651,127362.82857142856,-14.39162693631782,0.0032642833943678875,True,non_rolling_ow_day_only,ow,intraday_only,,,,,,,,
AMZN,2019-02-14,636814.1428571428,0.0003267894702955,591.0955658337716,1800.0,0.0003850817669777474,0.2,127362.82857142857,37850366.76262735,127362.82857142857,-49.156994694078776,0.003364903420095362,True,non_rolling_ow_day_only,ow,intraday_only,,,,,,,,
AMZN,2019-02-15,636814.1428571428,0.0003267894702955,591.0955658337716,1800.0,0.0003850817669777474,0.2,127362.82857142857,39029838.816763476,127362.82857142854,42.15766973437255,0.003263216872848722,True,non_rolling_ow_day_only,ow,intraday_only,,,,,,,,
AMZN,2019-02-19,636814.1428571428,0.0003267894702955,591.0955658337716,1800.0,0.0003850817669777474,0.2,127362.82857142857,38384406.05025255,127362.82857142857,-19.534457980298058,0.0033180877777471978,True,non_rolling_ow_day_only,ow,intraday_only,,,,,,,,
AMZN,2019-02-20,636814.1428571428,0.0003267894702955,591.0955658337716,1800.0,0.0003850817669777474,0.2,127362.82857142857,37136982.8248177,127362.82857142857,33.767432453075926,0.003429541628953099,True,non_rolling_ow_day_only,ow,intraday_only,,,,,,,,
AMZN,2019-02-21,636814.1428571428,0.0003267894702955,591.0955658337716,1800.0,0.0003850817669777474,0.2,127362.82857142857,38586500.92175062,127362.82857142857,21.07950789117971,0.0033007094587225476,True,non_rolling_ow_day_only,ow,intraday_only,,,,,,,,
AMZN,2019-02-22,636814.1428571428,0.0003267894702955,591.0955658337716,1800.0,0.0003850817669777474,0.2,127362.82857142857,38024971.39017094,127362.82857142857,-7.641250777950937,0.003349452318177169,True,non_rolling_ow_day_only,ow,intraday_only,,,,,,,,
AMZN,2019-02-25,636814.1428571428,0.0003267894702955,591.0955658337716,1800.0,0.0003850817669777474,0.2,127362.82857142857,38422837.65721724,127362.82857142857,-5.177118614209363,0.003314768932676816,True,non_rolling_ow_day_only,ow,intraday_only,,,,,,,,
AMZN,2019-02-26,636814.1428571428,0.0003267894702955,591.0955658337716,1800.0,0.0003850817669777474,0.2,127362.82857142857,39666398.41375699,127362.82857142856,83.06951634015508,0.0032108493249857783,True,non_rolling_ow_day_only,ow,intraday_only,,,,,,,,
AMZN,2019-02-27,636814.1428571428,0.0003267894702955,591.0955658337716,1800.0,0.0003850817669777474,0.2,127362.82857142857,38531320.55924043,127362.82857142859,85.34657899365158,0.003305436375470524,True,non_rolling_ow_day_only,ow,intraday_only,,,,,,,,
AMZN,2019-02-28,636814.1428571428,0.0003267894702955,591.0955658337716,1800.0,0.0003850817669777474,0.2,127362.82857142857,37983635.665908396,127362.82857142857,6.9724726502817305,0.00335309736255029,True,non_rolling_ow_day_only,ow,intraday_only,,,,,,,,
APA,2019-02-01,448791.2380952381,0.0004688084821136,354.5970656059193,1800.0,0.0003850817669777474,0.2,89758.24761904763,40686891.60809776,89758.24761904763,-3.4473802632858863,0.002206072866996391,True,non_rolling_ow_day_only,ow,intraday_only,,,,,,,,
APA,2019-02-04,448791.2380952381,0.0004688084821136,354.5970656059193,1800.0,0.0003850817669777474,0.2,89758.24761904763,41366052.68015688,89758.24761904764,8.447846920642391,0.002169852857681639,True,non_rolling_ow_day_only,ow,intraday_only,,,,,,,,
APA,2019-02-05,448791.2380952381,0.0004688084821136,354.5970656059193,1800.0,0.0003850817669777474,0.2,89758.24761904763,42739321.273933694,89758.24761904763,-34.931845468971865,0.002100132733595616,True,non_rolling_ow_day_only,ow,intraday_only,,,,,,,,
APA,2019-02-06,448791.2380952381,0.0004688084821136,354.5970656059193,1800.0,0.0003850817669777474,0.2,89758.24761904763,42519193.030993566,89758.24761904762,28.024329314738374,0.0021110054359126723,True,non_rolling_ow_day_only,ow,intraday_only,,,,,,,,
APA,2019-02-07,448791.2380952381,0.0004688084821136,354.5970656059193,1800.0,0.0003850817669777474,0.2,89758.24761904763,44614512.875186965,89758.24761904764,6.611454314431128,0.0020118621012439213,True,non_rolling_ow_day_only,ow,intraday_only,,,,,,,,
APA,2019-02-08,448791.2380952381,0.0004688084821136,354.5970656059193,1800.0,0.0003850817669777474,0.2,89758.24761904763,45605573.00764066,89758.24761904764,-34.1808678359687,0.0019681420865824825,True,non_rolling_ow_day_only,ow,intraday_only,,,,,,,,
APA,2019-02-11,448791.2380952381,0.0004688084821136,354.5970656059193,1800.0,0.0003850817669777474,0.2,89758.24761904763,45431055.5919676,89758.24761904763,57.47018117536478,0.0019757024451555394,True,non_rolling_ow_day_only,ow,intraday_only,,,,,,,,
APA,2019-02-12,448791.2380952381,0.0004688084821136,354.5970656059193,1800.0,0.0003850817669777474,0.2,89758.24761904763,44580520.16401076,89758.24761904764,21.929010388347404,0.002013396149009231,True,non_rolling_ow_day_only,ow,intraday_only,,,,,,,,
APA,2019-02-13,448791.2380952381,0.0004688084821136,354.5970656059193,1800.0,0.0003850817669777474,0.2,89758.24761904763,43048945.514588386,89758.24761904762,89.18268453906921,0.0020850277874664884,True,non_rolling_ow_day_only,ow,intraday_only,,,,,,,,
APA,2019-02-14,448791.2380952381,0.0004688084821136,354.5970656059193,1800.0,0.0003850817669777474,0.2,89758.24761904763,42431250.62963708,89758.24761904763,-5.586537135994057,0.0021153806754956673,True,non_rolling_ow_day_only,ow,intraday_only,,,,,,,,
APA,2019-02-15,448791.2380952381,0.0004688084821136,354.5970656059193,1800.0,0.0003850817669777474,0.2,89758.24761904763,41957830.65344466,89758.24761904762,-28.030262828626796,0.0021392490083773823,True,non_rolling_ow_day_only,ow,intraday_only,,,,,,,,
APA,2019-02-19,448791.2380952381,0.0004688084821136,354.5970656059193,1800.0,0.0003850817669777474,0.2,89758.24761904763,40844718.41416879,89758.24761904762,-2.8965474326195135,0.0021975484494443477,True,non_rolling_ow_day_only,ow,intraday_only,,,,,,,,
APA,2019-02-20,448791.2380952381,0.0004688084821136,354.5970656059193,1800.0,0.0003850817669777474,0.2,89758.24761904763,40733137.59130658,89758.24761904764,64.94974074636792,0.002203568222994051,True,non_rolling_ow_day_only,ow,intraday_only,,,,,,,,
APA,2019-02-21,448791.2380952381,0.0004688084821136,354.5970656059193,1800.0,0.0003850817669777474,0.2,89758.24761904763,40156026.93969579,89758.24761904764,-64.96277969410104,0.002235237259747879,True,non_rolling_ow_day_only,ow,intraday_only,,,,,,,,
APA,2019-02-22,448791.2380952381,0.0004688084821136,354.5970656059193,1800.0,0.0003850817669777474,0.2,89758.24761904763,38885367.19280736,89758.24761904762,-31.307422944699113,0.0023082782573196387,True,non_rolling_ow_day_only,ow,intraday_only,,,,,,,,
APA,2019-02-25,448791.2380952381,0.0004688084821136,354.5970656059193,1800.0,0.0003850817669777474,0.2,89758.24761904763,41628191.12691359,89758.24761904764,-9.242662077450596,0.0021561889957072105,True,non_rolling_ow_day_only,ow,intraday_only,,,,,,,,
APA,2019-02-26,448791.2380952381,0.0004688084821136,354.5970656059193,1800.0,0.0003850817669777474,0.2,89758.24761904763,42125879.4173366,89758.24761904762,-8.565432691192477,0.0021307151057862136,True,non_rolling_ow_day_only,ow,intraday_only,,,,,,,,
APA,2019-02-27,448791.2380952381,0.0004688084821136,354.5970656059193,1800.0,0.0003850817669777474,0.2,89758.24761904763,40450937.033000916,89758.24761904762,32.512090732138674,0.0022189411223235826,True,non_rolling_ow_day_only,ow,intraday_only,,,,,,,,
APA,2019-02-28,448791.2380952381,0.0004688084821136,354.5970656059193,1800.0,0.0003850817669777474,0.2,89758.24761904763,40786207.12398569,89758.24761904764,34.764525613848136,0.0022007010199843343,True,non_rolling_ow_day_only,ow,intraday_only,,,,,,,,
APC,2019-02-01,398272.2380952381,0.0003848964931289,357.43270251792,1800.0,0.0003850817669777474,0.2,79654.44761904763,38427240.71622734,79654.44761904763,7.706868198505248,0.002072864096781494,True,non_rolling_ow_day_only,ow,intraday_only,,,,,,,,
APC,2019-02-04,398272.2380952381,0.0003848964931289,357.43270251792,1800.0,0.0003850817669777474,0.2,79654.44761904763,37546737.012542635,79654.44761904761,32.02581191654211,0.0021214745662835825,True,non_rolling_ow_day_only,ow,intraday_only,,,,,,,,
APC,2019-02-05,398272.2380952381,0.0003848964931289,357.43270251792,1800.0,0.0003850817669777474,0.2,79654.44761904763,39474157.30239382,79654.44761904763,-8.705656721076352,0.002017888488634491,True,non_rolling_ow_day_only,ow,intraday_only,,,,,,,,
APC,2019-02-06,398272.2380952381,0.0003848964931289,357.43270251792,1800.0,0.0003850817669777474,0.2,79654.44761904763,39845176.15998844,79654.44761904763,-14.744951282163974,0.001999098894662052,True,non_rolling_ow_day_only,ow,intraday_only,,,,,,,,
APC,2019-02-07,398272.2380952381,0.0003848964931289,357.43270251792,1800.0,0.0003850817669777474,0.2,79654.44761904763,41784167.819777906,79654.44761904763,-23.535769269404312,0.001906330837139334,True,non_rolling_ow_day_only,ow,intraday_only,,,,,,,,
APC,2019-02-08,398272.2380952381,0.0003848964931289,357.43270251792,1800.0,0.0003850817669777474,0.2,79654.44761904763,42533794.65126319,79654.44761904763,-55.73224050182223,0.0018727331589419333,True,non_rolling_ow_day_only,ow,intraday_only,,,,,,,,
APC,2019-02-11,398272.2380952381,0.0003848964931289,357.43270251792,1800.0,0.0003850817669777474,0.2,79654.44761904763,43864009.13999294,79654.44761904763,84.51012878341632,0.0018159408859511389,True,non_rolling_ow_day_only,ow,intraday_only,,,,,,,,
APC,2019-02-12,398272.2380952381,0.0003848964931289,357.43270251792,1800.0,0.0003850817669777474,0.2,79654.44761904763,41693319.902820736,79654.44761904764,4.974329825782341,0.0019104846484930228,True,non_rolling_ow_day_only,ow,intraday_only,,,,,,,,
APC,2019-02-13,398272.2380952381,0.0003848964931289,357.43270251792,1800.0,0.0003850817669777474,0.2,79654.44761904763,41218857.589835405,79654.44761904763,-22.5408225215142,0.0019324758684891466,True,non_rolling_ow_day_only,ow,intraday_only,,,,,,,,
APC,2019-02-14,398272.2380952381,0.0003848964931289,357.43270251792,1800.0,0.0003850817669777474,0.2,79654.44761904763,41408824.922710165,79654.44761904763,31.454596203740223,0.0019236104325037757,True,non_rolling_ow_day_only,ow,intraday_only,,,,,,,,
APC,2019-02-15,398272.2380952381,0.0003848964931289,357.43270251792,1800.0,0.0003850817669777474,0.2,79654.44761904763,41890979.96810982,79654.44761904763,-20.068341790864732,0.0019014701417748132,True,non_rolling_ow_day_only,ow,intraday_only,,,,,,,,
APC,2019-02-19,398272.2380952381,0.0003848964931289,357.43270251792,1800.0,0.0003850817669777474,0.2,79654.44761904763,39879510.23102476,79654.44761904763,35.934272055114796,0.00199737778015838,True,non_rolling_ow_day_only,ow,intraday_only,,,,,,,,
APC,2019-02-20,398272.2380952381,0.0003848964931289,357.43270251792,1800.0,0.0003850817669777474,0.2,79654.44761904763,40473014.03407863,79654.44761904763,73.00397896361966,0.0019680878610122262,True,non_rolling_ow_day_only,ow,intraday_only,,,,,,,,
APC,2019-02-21,398272.2380952381,0.0003848964931289,357.43270251792,1800.0,0.0003850817669777474,0.2,79654.44761904763,41934900.73839468,79654.44761904763,-21.079192784184016,0.001899478625595452,True,non_rolling_ow_day_only,ow,intraday_only,,,,,,,,
APC,2019-02-22,398272.2380952381,0.0003848964931289,357.43270251792,1800.0,0.0003850817669777474,0.2,79654.44761904763,41267552.62306088,79654.44761904763,9.281640425823461,0.0019301955787544235,True,non_rolling_ow_day_only,ow,intraday_only,,,,,,,,
APC,2019-02-25,398272.2380952381,0.0003848964931289,357.43270251792,1800.0,0.0003850817669777474,0.2,79654.44761904763,41317982.40350029,79654.44761904763,49.696576150854284,0.0019278397197898907,True,non_rolling_ow_day_only,ow,intraday_only,,,,,,,,
APC,2019-02-26,398272.2380952381,0.0003848964931289,357.43270251792,1800.0,0.0003850817669777474,0.2,79654.44761904763,42377331.84677999,79654.44761904763,32.339098859166135,0.0018796475414508693,True,non_rolling_ow_day_only,ow,intraday_only,,,,,,,,
APC,2019-02-27,398272.2380952381,0.0003848964931289,357.43270251792,1800.0,0.0003850817669777474,0.2,79654.44761904763,41305135.506585084,79654.44761904763,-29.93738740514459,0.0019284393246052586,True,non_rolling_ow_day_only,ow,intraday_only,,,,,,,,
APC,2019-02-28,398272.2380952381,0.0003848964931289,357.43270251792,1800.0,0.0003850817669777474,0.2,79654.44761904763,40333703.03257999,79654.44761904763,16.600315207958104,0.001974885557983751,True,non_rolling_ow_day_only,ow,intraday_only,,,,,,,,
AAL,2019-02-01,1236722.3333333333,0.000528342622418,0.7706080899853757,300.0,0.0023104906018664843,0.2,247344.46666666667,44217976.69037026,247344.4666666667,3127.2011886506707,0.005593753608371979,True,non_rolling_afs_day_only,afs,intraday_only,0.5,True,,,,,,
AAL,2019-02-04,1236722.3333333333,0.000528342622418,0.7706080899853757,300.0,0.0023104906018664843,0.2,247344.46666666667,30831269.770278856,247344.46666666667,-18.162103176844482,0.008022519620813838,True,non_rolling_afs_day_only,afs,intraday_only,0.5,True,,,,,,
AAL,2019-02-05,1236722.3333333333,0.000528342622418,0.7706080899853757,300.0,0.0023104906018664843,0.2,247344.46666666667,29944045.445746906,247344.46666666665,-159.81654889055778,0.008260222123787825,True,non_rolling_afs_day_only,afs,intraday_only,0.5,True,,,,,,
AAL,2019-02-06,1236722.3333333333,0.000528342622418,0.7706080899853757,300.0,0.0023104906018664843,0.2,247344.46666666667,36468771.84632625,247344.46666666667,-1989.2993890023058,0.006782363489204899,True,non_rolling_afs_day_only,afs,intraday_only,0.5,True,,,,,,
AAL,2019-02-07,1236722.3333333333,0.000528342622418,0.7706080899853757,300.0,0.0023104906018664843,0.2,247344.46666666667,34102191.18176201,247344.4666666667,1981.2280887821314,0.00725303735904652,True,non_rolling_afs_day_only,afs,intraday_only,0.5,True,,,,,,
AAL,2019-02-08,1236722.3333333333,0.000528342622418,0.7706080899853757,300.0,0.0023104906018664843,0.2,247344.46666666667,36835430.45980227,247344.46666666665,-725.4200111163832,0.00671485207527542,True,non_rolling_afs_day_only,afs,intraday_only,0.5,True,,,,,,
AAL,2019-02-11,1236722.3333333333,0.000528342622418,0.7706080899853757,300.0,0.0023104906018664843,0.2,247344.46666666667,53000766.31317575,247344.46666666665,-4704.808987296956,0.00466680925338202,True,non_rolling_afs_day_only,afs,intraday_only,0.5,True,,,,,,
AAL,2019-02-12,1236722.3333333333,0.000528342622418,0.7706080899853757,300.0,0.0023104906018664843,0.2,247344.46666666667,46278311.62302435,247344.4666666667,-4228.78988085679,0.005344716736459505,True,non_rolling_afs_day_only,afs,intraday_only,0.5,True,,,,,,
AAL,2019-02-13,1236722.3333333333,0.000528342622418,0.7706080899853757,300.0,0.0023104906018664843,0.2,247344.46666666667,37048013.09657069,247344.46666666667,2164.95673309106,0.006676322047876889,True,non_rolling_afs_day_only,afs,intraday_only,0.5,True,,,,,,
AAL,2019-02-14,1236722.3333333333,0.000528342622418,0.7706080899853757,300.0,0.0023104906018664843,0.2,247344.46666666667,39496402.2397608,247344.46666666673,2678.278615688898,0.006262455632418753,True,non_rolling_afs_day_only,afs,intraday_only,0.5,True,,,,,,
AAL,2019-02-15,1236722.3333333333,0.000528342622418,0.7706080899853757,300.0,0.0023104906018664843,0.2,247344.46666666667,42305759.92964719,247344.46666666667,3338.169413409797,0.005846590797044912,True,non_rolling_afs_day_only,afs,intraday_only,0.5,True,,,,,,
AAL,2019-02-19,1236722.3333333333,0.000528342622418,0.7706080899853757,300.0,0.0023104906018664843,0.2,247344.46666666667,39346238.713743344,247344.46666666667,2744.1117383489845,0.006286356072461664,True,non_rolling_afs_day_only,afs,intraday_only,0.5,True,,,,,,
AAL,2019-02-20,1236722.3333333333,0.000528342622418,0.7706080899853757,300.0,0.0023104906018664843,0.2,247344.46666666667,56369587.59682383,247344.46666666667,-4693.483556011222,0.004387906266687029,True,non_rolling_afs_day_only,afs,intraday_only,0.5,True,,,,,,
AAL,2019-02-21,1236722.3333333333,0.000528342622418,0.7706080899853757,300.0,0.0023104906018664843,0.2,247344.46666666667,35570900.477129914,247344.46666666667,1242.894193303312,0.006953562135029312,True,non_rolling_afs_day_only,afs,intraday_only,0.5,True,,,,,,
AAL,2019-02-22,1236722.3333333333,0.000528342622418,0.7706080899853757,300.0,0.0023104906018664843,0.2,247344.46666666667,38308659.01159308,247344.46666666667,2887.01153718744,0.006456620332019832,True,non_rolling_afs_day_only,afs,intraday_only,0.5,True,,,,,,
AAL,2019-02-25,1236722.3333333333,0.000528342622418,0.7706080899853757,300.0,0.0023104906018664843,0.2,247344.46666666667,32535363.73664479,247344.46666666665,-1504.0172213181977,0.007602326768767026,True,non_rolling_afs_day_only,afs,intraday_only,0.5,True,,,,,,
AAL,2019-02-26,1236722.3333333333,0.000528342622418,0.7706080899853757,300.0,0.0023104906018664843,0.2,247344.46666666667,59560623.69161679,247344.46666666665,5205.920413091522,0.004152818612970311,True,non_rolling_afs_day_only,afs,intraday_only,0.5,True,,,,,,
AAL,2019-02-27,1236722.3333333333,0.000528342622418,0.7706080899853757,300.0,0.0023104906018664843,0.2,247344.46666666667,38759570.440638855,247344.46666666667,-2436.0059390881142,0.006381506911834336,True,non_rolling_afs_day_only,afs,intraday_only,0.5,True,,,,,,
AAL,2019-02-28,1236722.3333333333,0.000528342622418,0.7706080899853757,300.0,0.0023104906018664843,0.2,247344.46666666667,61865991.55796963,247344.46666666662,4739.651295630484,0.0039980684126738695,True,non_rolling_afs_day_only,afs,intraday_only,0.5,True,,,,,,
AAPL,2019-02-01,2968462.8095238097,0.0002876491912289,0.8283132593985968,300.0,0.0023104906018664843,0.2,593692.5619047619,57544352.844563216,593692.5619047619,-9723.25299959744,0.010317129875600885,True,non_rolling_afs_day_only,afs,intraday_only,0.5,True,,,,,,
AAPL,2019-02-04,2968462.8095238097,0.0002876491912289,0.8283132593985968,300.0,0.0023104906018664843,0.2,593692.5619047619,34057682.81771067,593692.5619047619,878.2363349472923,0.01743197166649371,True,non_rolling_afs_day_only,afs,intraday_only,0.5,True,,,,,,
AAPL,2019-02-05,2968462.8095238097,0.0002876491912289,0.8283132593985968,300.0,0.0023104906018664843,0.2,593692.5619047619,33900951.900796644,593692.5619047619,-2313.0618493274837,0.017512563176457906,True,non_rolling_afs_day_only,afs,intraday_only,0.5,True,,,,,,
AAPL,2019-02-06,2968462.8095238097,0.0002876491912289,0.8283132593985968,300.0,0.0023104906018664843,0.2,593692.5619047619,41384201.539761096,593692.5619047619,-295.3450881256458,0.01434587450803791,True,non_rolling_afs_day_only,afs,intraday_only,0.5,True,,,,,,
AAPL,2019-02-07,2968462.8095238097,0.0002876491912289,0.8283132593985968,300.0,0.0023104906018664843,0.2,593692.5619047619,39398604.24277491,593692.5619047619,-1037.4144670630253,0.01506887295413862,True,non_rolling_afs_day_only,afs,intraday_only,0.5,True,,,,,,
AAPL,2019-02-08,2968462.8095238097,0.0002876491912289,0.8283132593985968,300.0,0.0023104906018664843,0.2,593692.5619047619,42218125.00914979,593692.5619047619,5901.081093009229,0.014062504239022765,True,non_rolling_afs_day_only,afs,intraday_only,0.5,True,,,,,,
AAPL,2019-02-11,2968462.8095238097,0.0002876491912289,0.8283132593985968,300.0,0.0023104906018664843,0.2,593692.5619047619,50343438.25152974,593692.5619047619,-9033.019558705419,0.011792848929755448,True,non_rolling_afs_day_only,afs,intraday_only,0.5,True,,,,,,
AAPL,2019-02-12,2968462.8095238097,0.0002876491912289,0.8283132593985968,300.0,0.0023104906018664843,0.2,593692.5619047619,51259558.10449655,593692.5619047619,10196.368605607346,0.011582085056107467,True,non_rolling_afs_day_only,afs,intraday_only,0.5,True,,,,,,
AAPL,2019-02-13,2968462.8095238097,0.0002876491912289,0.8283132593985968,300.0,0.0023104906018664843,0.2,593692.5619047619,47914230.62698953,593692.5619047618,-9476.268590329051,0.012390735573459084,True,non_rolling_afs_day_only,afs,intraday_only,0.5,True,,,,,,
AAPL,2019-02-14,2968462.8095238097,0.0002876491912289,0.8283132593985968,300.0,0.0023104906018664843,0.2,593692.5619047619,56535010.54466837,593692.5619047619,10658.82573670841,0.010501325748151843,True,non_rolling_afs_day_only,afs,intraday_only,0.5,True,,,,,,
AAPL,2019-02-15,2968462.8095238097,0.0002876491912289,0.8283132593985968,300.0,0.0023104906018664843,0.2,593692.5619047619,38734942.451644376,593692.5619047619,-535.7911968521394,0.015327054187466813,True,non_rolling_afs_day_only,afs,intraday_only,0.5,True,,,,,,
AAPL,2019-02-19,2968462.8095238097,0.0002876491912289,0.8283132593985968,300.0,0.0023104906018664843,0.2,593692.5619047619,37489197.42683838,593692.5619047619,2456.3846942356695,0.015836363610167326,True,non_rolling_afs_day_only,afs,intraday_only,0.5,True,,,,,,
AAPL,2019-02-20,2968462.8095238097,0.0002876491912289,0.8283132593985968,300.0,0.0023104906018664843,0.2,593692.5619047619,39199778.499399796,593692.5619047617,-4603.703243187534,0.015145303994864466,True,non_rolling_afs_day_only,afs,intraday_only,0.5,True,,,,,,
AAPL,2019-02-21,2968462.8095238097,0.0002876491912289,0.8283132593985968,300.0,0.0023104906018664843,0.2,593692.5619047619,45124238.77327335,593692.5619047619,-385.89756391145966,0.013156843817083964,True,non_rolling_afs_day_only,afs,intraday_only,0.5,True,,,,,,
AAPL,2019-02-22,2968462.8095238097,0.0002876491912289,0.8283132593985968,300.0,0.0023104906018664843,0.2,593692.5619047619,55657991.769470796,593692.561904762,10783.142591159647,0.010666798118835663,True,non_rolling_afs_day_only,afs,intraday_only,0.5,True,,,,,,
AAPL,2019-02-25,2968462.8095238097,0.0002876491912289,0.8283132593985968,300.0,0.0023104906018664843,0.2,593692.5619047619,38599047.62082605,593692.5619047619,-902.2043109175424,0.015381015815126903,True,non_rolling_afs_day_only,afs,intraday_only,0.5,True,,,,,,
AAPL,2019-02-26,2968462.8095238097,0.0002876491912289,0.8283132593985968,300.0,0.0023104906018664843,0.2,593692.5619047619,33345694.326508585,593692.5619047619,-1290.5305047307327,0.017804174538743927,True,non_rolling_afs_day_only,afs,intraday_only,0.5,True,,,,,,
AAPL,2019-02-27,2968462.8095238097,0.0002876491912289,0.8283132593985968,300.0,0.0023104906018664843,0.2,593692.5619047619,35079280.373156294,593692.5619047619,-2477.7053458380033,0.016924308468969425,True,non_rolling_afs_day_only,afs,intraday_only,0.5,True,,,,,,
AAPL,2019-02-28,2968462.8095238097,0.0002876491912289,0.8283132593985968,300.0,0.0023104906018664843,0.2,593692.5619047619,39057670.713378556,593692.5619047619,-5448.159408304882,0.015200408807312783,True,non_rolling_afs_day_only,afs,intraday_only,0.5,True,,,,,,
ABBV,2019-02-01,476343.1904761905,0.000342149361792,0.5403372629070888,300.0,0.0023104906018664843,0.2,95268.6380952381,32972499.953486748,95268.6380952381,-1231.2818282781661,0.0028893362113770727,True,non_rolling_afs_day_only,afs,intraday_only,0.5,True,,,,,,
ABBV,2019-02-04,476343.1904761905,0.000342149361792,0.5403372629070888,300.0,0.0023104906018664843,0.2,95268.6380952381,26512586.2984998,95268.6380952381,-92.96429643791677,0.0035933362751799443,True,non_rolling_afs_day_only,afs,intraday_only,0.5,True,,,,,,
ABBV,2019-02-05,476343.1904761905,0.000342149361792,0.5403372629070888,300.0,0.0023104906018664843,0.2,95268.6380952381,37634192.28300593,95268.6380952381,1639.7344411691254,0.0025314383627214857,True,non_rolling_afs_day_only,afs,intraday_only,0.5,True,,,,,,
ABBV,2019-02-06,476343.1904761905,0.000342149361792,0.5403372629070888,300.0,0.0023104906018664843,0.2,95268.6380952381,35430381.8818026,95268.6380952381,1309.0220297672058,0.002688896733121836,True,non_rolling_afs_day_only,afs,intraday_only,0.5,True,,,,,,
ABBV,2019-02-07,476343.1904761905,0.000342149361792,0.5403372629070888,300.0,0.0023104906018664843,0.2,95268.6380952381,26714014.717570767,95268.6380952381,389.82019276004655,0.003566241880992021,True,non_rolling_afs_day_only,afs,intraday_only,0.5,True,,,,,,
ABBV,2019-02-08,476343.1904761905,0.000342149361792,0.5403372629070888,300.0,0.0023104906018664843,0.2,95268.6380952381,32848926.979310922,95268.6380952381,-1234.0040130273424,0.002900205481757157,True,non_rolling_afs_day_only,afs,intraday_only,0.5,True,,,,,,
ABBV,2019-02-11,476343.1904761905,0.000342149361792,0.5403372629070888,300.0,0.0023104906018664843,0.2,95268.6380952381,26128904.954065364,95268.6380952381,-644.4607256059362,0.0036461014444623854,True,non_rolling_afs_day_only,afs,intraday_only,0.5,True,,,,,,
ABBV,2019-02-12,476343.1904761905,0.000342149361792,0.5403372629070888,300.0,0.0023104906018664843,0.2,95268.6380952381,32969022.086214967,95268.6380952381,-1389.5159787537286,0.002889641004398244,True,non_rolling_afs_day_only,afs,intraday_only,0.5,True,,,,,,
ABBV,2019-02-13,476343.1904761905,0.000342149361792,0.5403372629070888,300.0,0.0023104906018664843,0.2,95268.6380952381,26318130.723438103,95268.63809523809,-719.0528596070628,0.0036198861954278095,True,non_rolling_afs_day_only,afs,intraday_only,0.5,True,,,,,,
ABBV,2019-02-14,476343.1904761905,0.000342149361792,0.5403372629070888,300.0,0.0023104906018664843,0.2,95268.6380952381,24064395.52419281,95268.6380952381,170.33017836055876,0.003958904265825463,True,non_rolling_afs_day_only,afs,intraday_only,0.5,True,,,,,,
ABBV,2019-02-15,476343.1904761905,0.000342149361792,0.5403372629070888,300.0,0.0023104906018664843,0.2,95268.6380952381,39048746.13041438,95268.6380952381,-1630.3989130521302,0.0024397361640515016,True,non_rolling_afs_day_only,afs,intraday_only,0.5,True,,,,,,
ABBV,2019-02-19,476343.1904761905,0.000342149361792,0.5403372629070888,300.0,0.0023104906018664843,0.2,95268.6380952381,28972407.299329966,95268.6380952381,789.7053162141297,0.0032882541347346497,True,non_rolling_afs_day_only,afs,intraday_only,0.5,True,,,,,,
ABBV,2019-02-20,476343.1904761905,0.000342149361792,0.5403372629070888,300.0,0.0023104906018664843,0.2,95268.6380952381,27104174.319728233,95268.63809523809,-96.48789927011433,0.003514906485304561,True,non_rolling_afs_day_only,afs,intraday_only,0.5,True,,,,,,
ABBV,2019-02-21,476343.1904761905,0.000342149361792,0.5403372629070888,300.0,0.0023104906018664843,0.2,95268.6380952381,26359529.995172255,95268.63809523809,-375.0498350358749,0.0036142009403311265,True,non_rolling_afs_day_only,afs,intraday_only,0.5,True,,,,,,
ABBV,2019-02-22,476343.1904761905,0.000342149361792,0.5403372629070888,300.0,0.0023104906018664843,0.2,95268.6380952381,28294560.74924381,95268.6380952381,-868.4490490587164,0.003367030113651233,True,non_rolling_afs_day_only,afs,intraday_only,0.5,True,,,,,,
ABBV,2019-02-25,476343.1904761905,0.000342149361792,0.5403372629070888,300.0,0.0023104906018664843,0.2,95268.6380952381,23737460.140041165,95268.6380952381,-203.74942344001283,0.004013430145145802,True,non_rolling_afs_day_only,afs,intraday_only,0.5,True,,,,,,
ABBV,2019-02-26,476343.1904761905,0.000342149361792,0.5403372629070888,300.0,0.0023104906018664843,0.2,95268.6380952381,26490054.89984613,95268.63809523807,253.04208978477243,0.0035963926256638856,True,non_rolling_afs_day_only,afs,intraday_only,0.5,True,,,,,,
ABBV,2019-02-27,476343.1904761905,0.000342149361792,0.5403372629070888,300.0,0.0023104906018664843,0.2,95268.6380952381,38619856.50297075,95268.6380952381,1730.2839514119282,0.0024668304525655026,True,non_rolling_afs_day_only,afs,intraday_only,0.5,True,,,,,,
ABBV,2019-02-28,476343.1904761905,0.000342149361792,0.5403372629070888,300.0,0.0023104906018664843,0.2,95268.6380952381,33720266.05347118,95268.63809523812,1453.178409509093,0.0028252635357078125,True,non_rolling_afs_day_only,afs,intraday_only,0.5,True,,,,,,
ABT,2019-02-01,500060.1428571429,0.0002830669728843,0.5503855330201457,300.0,0.0023104906018664843,0.2,100012.02857142859,37088634.33411504,100012.02857142857,2814.642382344277,0.002696568109530931,True,non_rolling_afs_day_only,afs,intraday_only,0.5,True,,,,,,
ABT,2019-02-04,500060.1428571429,0.0002830669728843,0.5503855330201457,300.0,0.0023104906018664843,0.2,100012.02857142859,17120079.7509223,100012.02857142859,-1072.361805401732,0.0058417968856740105,True,non_rolling_afs_day_only,afs,intraday_only,0.5,True,,,,,,
ABT,2019-02-05,500060.1428571429,0.0002830669728843,0.5503855330201457,300.0,0.0023104906018664843,0.2,100012.02857142859,15560029.963228945,100012.02857142859,234.40540494322602,0.006427495885790348,True,non_rolling_afs_day_only,afs,intraday_only,0.5,True,,,,,,
ABT,2019-02-06,500060.1428571429,0.0002830669728843,0.5503855330201457,300.0,0.0023104906018664843,0.2,100012.02857142859,21545480.510868866,100012.02857142859,1552.1181534281945,0.004641902904925994,True,non_rolling_afs_day_only,afs,intraday_only,0.5,True,,,,,,
ABT,2019-02-07,500060.1428571429,0.0002830669728843,0.5503855330201457,300.0,0.0023104906018664843,0.2,100012.02857142859,19836901.897183657,100012.0285714286,-1244.1265273648096,0.005041716145484784,True,non_rolling_afs_day_only,afs,intraday_only,0.5,True,,,,,,
ABT,2019-02-08,500060.1428571429,0.0002830669728843,0.5503855330201457,300.0,0.0023104906018664843,0.2,100012.02857142859,17074302.272611197,100012.02857142859,-400.37880855096637,0.005857459178982521,True,non_rolling_afs_day_only,afs,intraday_only,0.5,True,,,,,,
ABT,2019-02-11,500060.1428571429,0.0002830669728843,0.5503855330201457,300.0,0.0023104906018664843,0.2,100012.02857142859,23504338.064726233,100012.02857142861,1972.374635852675,0.004255045528021913,True,non_rolling_afs_day_only,afs,intraday_only,0.5,True,,,,,,
ABT,2019-02-12,500060.1428571429,0.0002830669728843,0.5503855330201457,300.0,0.0023104906018664843,0.2,100012.02857142859,15927729.364044627,100012.02857142859,-845.754118604897,0.006279114008378148,True,non_rolling_afs_day_only,afs,intraday_only,0.5,True,,,,,,
ABT,2019-02-13,500060.1428571429,0.0002830669728843,0.5503855330201457,300.0,0.0023104906018664843,0.2,100012.02857142859,18904886.404168535,100012.02857142859,1253.620569461677,0.005290273976434785,True,non_rolling_afs_day_only,afs,intraday_only,0.5,True,,,,,,
ABT,2019-02-14,500060.1428571429,0.0002830669728843,0.5503855330201457,300.0,0.0023104906018664843,0.2,100012.02857142859,24186292.457294364,100012.02857142859,-1748.1578784700623,0.004135070670629631,True,non_rolling_afs_day_only,afs,intraday_only,0.5,True,,,,,,
ABT,2019-02-15,500060.1428571429,0.0002830669728843,0.5503855330201457,300.0,0.0023104906018664843,0.2,100012.02857142859,22015744.502644923,100012.02857142859,-2077.670271762302,0.004542750237649849,True,non_rolling_afs_day_only,afs,intraday_only,0.5,True,,,,,,
ABT,2019-02-19,500060.1428571429,0.0002830669728843,0.5503855330201457,300.0,0.0023104906018664843,0.2,100012.02857142859,15675845.747477908,100012.02857142859,-664.8684104147234,0.006380008465413711,True,non_rolling_afs_day_only,afs,intraday_only,0.5,True,,,,,,
ABT,2019-02-20,500060.1428571429,0.0002830669728843,0.5503855330201457,300.0,0.0023104906018664843,0.2,100012.02857142859,18680788.35543316,100012.02857142859,-767.8987997251874,0.005353737040885691,True,non_rolling_afs_day_only,afs,intraday_only,0.5,True,,,,,,
ABT,2019-02-21,500060.1428571429,0.0002830669728843,0.5503855330201457,300.0,0.0023104906018664843,0.2,100012.02857142859,16773341.063479649,100012.02857142859,-1194.375019735813,0.0059625585739255796,True,non_rolling_afs_day_only,afs,intraday_only,0.5,True,,,,,,
ABT,2019-02-22,500060.1428571429,0.0002830669728843,0.5503855330201457,300.0,0.0023104906018664843,0.2,100012.02857142859,16575834.577617893,100012.02857142859,-772.2051246907643,0.006033604407857289,True,non_rolling_afs_day_only,afs,intraday_only,0.5,True,,,,,,
ABT,2019-02-25,500060.1428571429,0.0002830669728843,0.5503855330201457,300.0,0.0023104906018664843,0.2,100012.02857142859,15173416.986968882,100012.02857142857,-802.7095782655958,0.006591266071269256,True,non_rolling_afs_day_only,afs,intraday_only,0.5,True,,,,,,
ABT,2019-02-26,500060.1428571429,0.0002830669728843,0.5503855330201457,300.0,0.0023104906018664843,0.2,100012.02857142859,21506439.438511588,100012.02857142859,-1724.5756363447497,0.0046503294446935284,True,non_rolling_afs_day_only,afs,intraday_only,0.5,True,,,,,,
ABT,2019-02-27,500060.1428571429,0.0002830669728843,0.5503855330201457,300.0,0.0023104906018664843,0.2,100012.02857142859,13946504.907111121,100012.0285714286,411.10529399841147,0.007171117727168611,True,non_rolling_afs_day_only,afs,intraday_only,0.5,True,,,,,,
ABT,2019-02-28,500060.1428571429,0.0002830669728843,0.5503855330201457,300.0,0.0023104906018664843,0.2,100012.02857142859,20926993.412017513,100012.0285714286,1699.6104148167174,0.004779092084675469,True,non_rolling_afs_day_only,afs,intraday_only,0.5,True,,,,,,
ADBE,2019-02-01,414365.9523809524,0.0003273652057233,0.5733664491929958,300.0,0.0023104906018664843,0.2,82873.19047619049,17043233.083085872,82873.19047619049,1070.0085873164685,0.004862527554025879,True,non_rolling_afs_day_only,afs,intraday_only,0.5,True,,,,,,
ADBE,2019-02-04,414365.9523809524,0.0003273652057233,0.5733664491929958,300.0,0.0023104906018664843,0.2,82873.19047619049,15367122.087094307,82873.19047619047,-710.5331005399815,0.005392889443221738,True,non_rolling_afs_day_only,afs,intraday_only,0.5,True,,,,,,
ADBE,2019-02-05,414365.9523809524,0.0003273652057233,0.5733664491929958,300.0,0.0023104906018664843,0.2,82873.19047619049,20031764.949568983,82873.19047619049,1552.8762605719653,0.004137088802950118,True,non_rolling_afs_day_only,afs,intraday_only,0.5,True,,,,,,
ADBE,2019-02-06,414365.9523809524,0.0003273652057233,0.5733664491929958,300.0,0.0023104906018664843,0.2,82873.19047619049,13878661.777004033,82873.19047619049,-129.14552697944364,0.005971266668772456,True,non_rolling_afs_day_only,afs,intraday_only,0.5,True,,,,,,
ADBE,2019-02-07,414365.9523809524,0.0003273652057233,0.5733664491929958,300.0,0.0023104906018664843,0.2,82873.19047619049,13992665.589608317,82873.19047619049,-247.53093575518167,0.005922616383953065,True,non_rolling_afs_day_only,afs,intraday_only,0.5,True,,,,,,
ADBE,2019-02-08,414365.9523809524,0.0003273652057233,0.5733664491929958,300.0,0.0023104906018664843,0.2,82873.19047619049,12599681.935917147,82873.19047619047,191.24262064707204,0.006577403373965253,True,non_rolling_afs_day_only,afs,intraday_only,0.5,True,,,,,,
ADBE,2019-02-11,414365.9523809524,0.0003273652057233,0.5733664491929958,300.0,0.0023104906018664843,0.2,82873.19047619049,15928200.557584498,82873.19047619049,287.12261229791744,0.00520292233743434,True,non_rolling_afs_day_only,afs,intraday_only,0.5,True,,,,,,
ADBE,2019-02-12,414365.9523809524,0.0003273652057233,0.5733664491929958,300.0,0.0023104906018664843,0.2,82873.19047619049,12868282.195526049,82873.19047619049,426.5847272662372,0.006440112923930378,True,non_rolling_afs_day_only,afs,intraday_only,0.5,True,,,,,,
ADBE,2019-02-13,414365.9523809524,0.0003273652057233,0.5733664491929958,300.0,0.0023104906018664843,0.2,82873.19047619049,21630805.31431645,82873.1904761905,-1537.3067934523742,0.003831257748935518,True,non_rolling_afs_day_only,afs,intraday_only,0.5,True,,,,,,
ADBE,2019-02-14,414365.9523809524,0.0003273652057233,0.5733664491929958,300.0,0.0023104906018664843,0.2,82873.19047619049,13169033.683252582,82873.19047619049,325.3161980517335,0.006293035044901022,True,non_rolling_afs_day_only,afs,intraday_only,0.5,True,,,,,,
ADBE,2019-02-15,414365.9523809524,0.0003273652057233,0.5733664491929958,300.0,0.0023104906018664843,0.2,82873.19047619049,11908747.788627658,82873.19047619047,-371.1948281530414,0.006959018021637071,True,non_rolling_afs_day_only,afs,intraday_only,0.5,True,,,,,,
ADBE,2019-02-19,414365.9523809524,0.0003273652057233,0.5733664491929958,300.0,0.0023104906018664843,0.2,82873.19047619049,13082625.17197212,82873.19047619049,329.06541618903924,0.006334599469664229,True,non_rolling_afs_day_only,afs,intraday_only,0.5,True,,,,,,
ADBE,2019-02-20,414365.9523809524,0.0003273652057233,0.5733664491929958,300.0,0.0023104906018664843,0.2,82873.19047619049,12499822.754933473,82873.19047619049,-443.54087271566493,0.006629949248158884,True,non_rolling_afs_day_only,afs,intraday_only,0.5,True,,,,,,
ADBE,2019-02-21,414365.9523809524,0.0003273652057233,0.5733664491929958,300.0,0.0023104906018664843,0.2,82873.19047619049,13751347.54631007,82873.19047619049,-890.3557253470924,0.00602655050329435,True,non_rolling_afs_day_only,afs,intraday_only,0.5,True,,,,,,
ADBE,2019-02-22,414365.9523809524,0.0003273652057233,0.5733664491929958,300.0,0.0023104906018664843,0.2,82873.19047619049,13762276.263979461,82873.1904761905,673.5857146490931,0.006021764778338138,True,non_rolling_afs_day_only,afs,intraday_only,0.5,True,,,,,,
ADBE,2019-02-25,414365.9523809524,0.0003273652057233,0.5733664491929958,300.0,0.0023104906018664843,0.2,82873.19047619049,14759707.861763576,82873.19047619049,-1105.8634237905678,0.005614825933708441,True,non_rolling_afs_day_only,afs,intraday_only,0.5,True,,,,,,
ADBE,2019-02-26,414365.9523809524,0.0003273652057233,0.5733664491929958,300.0,0.0023104906018664843,0.2,82873.19047619049,12151583.432605563,82873.19047619047,272.1394749667739,0.006819949921408775,True,non_rolling_afs_day_only,afs,intraday_only,0.5,True,,,,,,
ADBE,2019-02-27,414365.9523809524,0.0003273652057233,0.5733664491929958,300.0,0.0023104906018664843,0.2,82873.19047619049,21253752.566459518,82873.19047619049,1526.1612933726833,0.0038992262762563828,True,non_rolling_afs_day_only,afs,intraday_only,0.5,True,,,,,,
ADBE,2019-02-28,414365.9523809524,0.0003273652057233,0.5733664491929958,300.0,0.0023104906018664843,0.2,82873.19047619049,24624539.571219057,82873.19047619049,1790.1567533849566,0.0033654716765974353,True,non_rolling_afs_day_only,afs,intraday_only,0.5,True,,,,,,
ADI,2019-02-01,446626.0,0.0003180139031073,0.532326458201956,300.0,0.0023104906018664843,0.2,89325.20000000001,16008396.115767188,89325.2,843.5397182920808,0.005579896908724086,True,non_rolling_afs_day_only,afs,intraday_only,0.5,True,,,,,,
ADI,2019-02-04,446626.0,0.0003180139031073,0.532326458201956,300.0,0.0023104906018664843,0.2,89325.20000000001,19726168.371599585,89325.20000000001,1374.5061110252955,0.004528259027161324,True,non_rolling_afs_day_only,afs,intraday_only,0.5,True,,,,,,
ADI,2019-02-05,446626.0,0.0003180139031073,0.532326458201956,300.0,0.0023104906018664843,0.2,89325.20000000001,15710120.610861957,89325.20000000001,-754.9848513643294,0.005685837952016784,True,non_rolling_afs_day_only,afs,intraday_only,0.5,True,,,,,,
ADI,2019-02-06,446626.0,0.0003180139031073,0.532326458201956,300.0,0.0023104906018664843,0.2,89325.20000000001,15923550.578770965,89325.20000000003,-872.1773026268052,0.00560962830231387,True,non_rolling_afs_day_only,afs,intraday_only,0.5,True,,,,,,
ADI,2019-02-07,446626.0,0.0003180139031073,0.532326458201956,300.0,0.0023104906018664843,0.2,89325.20000000001,13664470.33099401,89325.20000000001,-38.46652474574829,0.006537040795309197,True,non_rolling_afs_day_only,afs,intraday_only,0.5,True,,,,,,
ADI,2019-02-08,446626.0,0.0003180139031073,0.532326458201956,300.0,0.0023104906018664843,0.2,89325.20000000001,14929330.957200084,89325.20000000004,733.8160027514715,0.005983201809651119,True,non_rolling_afs_day_only,afs,intraday_only,0.5,True,,,,,,
ADI,2019-02-11,446626.0,0.0003180139031073,0.532326458201956,300.0,0.0023104906018664843,0.2,89325.20000000001,17434565.09507765,89325.20000000001,1193.1967306232568,0.005123454443106209,True,non_rolling_afs_day_only,afs,intraday_only,0.5,True,,,,,,
ADI,2019-02-12,446626.0,0.0003180139031073,0.532326458201956,300.0,0.0023104906018664843,0.2,89325.20000000001,22162952.294011083,89325.20000000001,1696.4808137515824,0.004030383624664375,True,non_rolling_afs_day_only,afs,intraday_only,0.5,True,,,,,,
ADI,2019-02-13,446626.0,0.0003180139031073,0.532326458201956,300.0,0.0023104906018664843,0.2,89325.20000000001,12613221.260706857,89325.20000000001,-143.02117523169056,0.007081870535187468,True,non_rolling_afs_day_only,afs,intraday_only,0.5,True,,,,,,
ADI,2019-02-14,446626.0,0.0003180139031073,0.532326458201956,300.0,0.0023104906018664843,0.2,89325.20000000001,15956643.94732712,89325.20000000001,-1353.8925024223124,0.0055979941831667416,True,non_rolling_afs_day_only,afs,intraday_only,0.5,True,,,,,,
ADI,2019-02-15,446626.0,0.0003180139031073,0.532326458201956,300.0,0.0023104906018664843,0.2,89325.20000000001,38503333.428908244,89325.20000000001,3176.007601054336,0.0023199341990720935,True,non_rolling_afs_day_only,afs,intraday_only,0.5,True,,,,,,
ADI,2019-02-19,446626.0,0.0003180139031073,0.532326458201956,300.0,0.0023104906018664843,0.2,89325.20000000001,17141941.727463607,89325.20000000001,1300.8480746392179,0.005210914925518006,True,non_rolling_afs_day_only,afs,intraday_only,0.5,True,,,,,,
ADI,2019-02-20,446626.0,0.0003180139031073,0.532326458201956,300.0,0.0023104906018664843,0.2,89325.20000000001,15332729.380625116,89325.20000000001,896.527178473712,0.005825785989079932,True,non_rolling_afs_day_only,afs,intraday_only,0.5,True,,,,,,
ADI,2019-02-21,446626.0,0.0003180139031073,0.532326458201956,300.0,0.0023104906018664843,0.2,89325.20000000001,12307386.561090106,89325.20000000001,221.99258075514456,0.007257852798936396,True,non_rolling_afs_day_only,afs,intraday_only,0.5,True,,,,,,
ADI,2019-02-22,446626.0,0.0003180139031073,0.532326458201956,300.0,0.0023104906018664843,0.2,89325.20000000001,15881803.0104478,89325.20000000001,-1121.3042508220058,0.005624374004717076,True,non_rolling_afs_day_only,afs,intraday_only,0.5,True,,,,,,
ADI,2019-02-25,446626.0,0.0003180139031073,0.532326458201956,300.0,0.0023104906018664843,0.2,89325.20000000001,11914717.246659469,89325.2,-102.81894919736607,0.0074970474037094025,True,non_rolling_afs_day_only,afs,intraday_only,0.5,True,,,,,,
ADI,2019-02-26,446626.0,0.0003180139031073,0.532326458201956,300.0,0.0023104906018664843,0.2,89325.20000000001,12592002.537183618,89325.20000000001,-385.80124301991157,0.007093804161508601,True,non_rolling_afs_day_only,afs,intraday_only,0.5,True,,,,,,
ADI,2019-02-27,446626.0,0.0003180139031073,0.532326458201956,300.0,0.0023104906018664843,0.2,89325.20000000001,12075205.956152147,89325.20000000001,-152.2845088444494,0.007397405917908182,True,non_rolling_afs_day_only,afs,intraday_only,0.5,True,,,,,,
ADI,2019-02-28,446626.0,0.0003180139031073,0.532326458201956,300.0,0.0023104906018664843,0.2,89325.20000000001,26188196.15141923,89325.20000000003,2008.8942536795557,0.0034108954844970936,True,non_rolling_afs_day_only,afs,intraday_only,0.5,True,,,,,,
ADM,2019-02-01,264055.4761904762,0.0002399653754965,0.4362227189530383,300.0,0.0023104906018664843,0.2,52811.095238095244,15754661.179809464,52811.09523809525,-783.9625465801615,0.0033520933668682007,True,non_rolling_afs_day_only,afs,intraday_only,0.5,True,,,,,,
ADM,2019-02-04,264055.4761904762,0.0002399653754965,0.4362227189530383,300.0,0.0023104906018664843,0.2,52811.095238095244,18134089.339484733,52811.09523809524,-969.7553225715966,0.00291225515929855,True,non_rolling_afs_day_only,afs,intraday_only,0.5,True,,,,,,
ADM,2019-02-05,264055.4761904762,0.0002399653754965,0.4362227189530383,300.0,0.0023104906018664843,0.2,52811.095238095244,14033026.359870164,52811.09523809525,-419.4828802852276,0.0037633432649366067,True,non_rolling_afs_day_only,afs,intraday_only,0.5,True,,,,,,
ADM,2019-02-06,264055.4761904762,0.0002399653754965,0.4362227189530383,300.0,0.0023104906018664843,0.2,52811.095238095244,22890852.796485886,52811.09523809523,1210.0118517835524,0.0023070829080777014,True,non_rolling_afs_day_only,afs,intraday_only,0.5,True,,,,,,
ADM,2019-02-07,264055.4761904762,0.0002399653754965,0.4362227189530383,300.0,0.0023104906018664843,0.2,52811.095238095244,25109782.686637595,52811.09523809524,-1251.954467290198,0.0021032079766345074,True,non_rolling_afs_day_only,afs,intraday_only,0.5,True,,,,,,
ADM,2019-02-08,264055.4761904762,0.0002399653754965,0.4362227189530383,300.0,0.0023104906018664843,0.2,52811.095238095244,13663740.361374475,52811.09523809524,-400.5715476368341,0.003865054065824098,True,non_rolling_afs_day_only,afs,intraday_only,0.5,True,,,,,,
ADM,2019-02-11,264055.4761904762,0.0002399653754965,0.4362227189530383,300.0,0.0023104906018664843,0.2,52811.095238095244,12542557.311081158,52811.09523809525,44.57449787362742,0.004210552435860704,True,non_rolling_afs_day_only,afs,intraday_only,0.5,True,,,,,,
ADM,2019-02-12,264055.4761904762,0.0002399653754965,0.4362227189530383,300.0,0.0023104906018664843,0.2,52811.095238095244,20837460.5658657,52811.095238095244,1068.9939862266597,0.0025344304825995092,True,non_rolling_afs_day_only,afs,intraday_only,0.5,True,,,,,,
ADM,2019-02-13,264055.4761904762,0.0002399653754965,0.4362227189530383,300.0,0.0023104906018664843,0.2,52811.095238095244,15158324.935682511,52811.09523809525,788.0469137255054,0.003483966431790796,True,non_rolling_afs_day_only,afs,intraday_only,0.5,True,,,,,,
ADM,2019-02-14,264055.4761904762,0.0002399653754965,0.4362227189530383,300.0,0.0023104906018664843,0.2,52811.095238095244,12378172.987499857,52811.095238095244,-121.3827323871393,0.004266469315902009,True,non_rolling_afs_day_only,afs,intraday_only,0.5,True,,,,,,
ADM,2019-02-15,264055.4761904762,0.0002399653754965,0.4362227189530383,300.0,0.0023104906018664843,0.2,52811.095238095244,12657971.169599585,52811.09523809524,325.8694548159923,0.004172161125230769,True,non_rolling_afs_day_only,afs,intraday_only,0.5,True,,,,,,
ADM,2019-02-19,264055.4761904762,0.0002399653754965,0.4362227189530383,300.0,0.0023104906018664843,0.2,52811.095238095244,11752798.755691165,52811.09523809524,52.932181528388355,0.004493490983372964,True,non_rolling_afs_day_only,afs,intraday_only,0.5,True,,,,,,
ADM,2019-02-20,264055.4761904762,0.0002399653754965,0.4362227189530383,300.0,0.0023104906018664843,0.2,52811.095238095244,12312764.059965163,52811.09523809525,322.25495515021777,0.004289134022295613,True,non_rolling_afs_day_only,afs,intraday_only,0.5,True,,,,,,
ADM,2019-02-21,264055.4761904762,0.0002399653754965,0.4362227189530383,300.0,0.0023104906018664843,0.2,52811.095238095244,13784889.979730548,52811.09523809525,-558.7571512451724,0.0038310857261646086,True,non_rolling_afs_day_only,afs,intraday_only,0.5,True,,,,,,
ADM,2019-02-22,264055.4761904762,0.0002399653754965,0.4362227189530383,300.0,0.0023104906018664843,0.2,52811.095238095244,13103917.670890031,52811.09523809525,339.8189358450879,0.004030176056082338,True,non_rolling_afs_day_only,afs,intraday_only,0.5,True,,,,,,
ADM,2019-02-25,264055.4761904762,0.0002399653754965,0.4362227189530383,300.0,0.0023104906018664843,0.2,52811.095238095244,13450475.192190383,52811.09523809524,357.53094932079296,0.003926336763831097,True,non_rolling_afs_day_only,afs,intraday_only,0.5,True,,,,,,
ADM,2019-02-26,264055.4761904762,0.0002399653754965,0.4362227189530383,300.0,0.0023104906018664843,0.2,52811.095238095244,11970455.625243023,52811.09523809524,-62.95098585525528,0.004411786559462985,True,non_rolling_afs_day_only,afs,intraday_only,0.5,True,,,,,,
ADM,2019-02-27,264055.4761904762,0.0002399653754965,0.4362227189530383,300.0,0.0023104906018664843,0.2,52811.095238095244,15617506.567002423,52811.095238095244,738.181400556718,0.003381531809288789,True,non_rolling_afs_day_only,afs,intraday_only,0.5,True,,,,,,
ADM,2019-02-28,264055.4761904762,0.0002399653754965,0.4362227189530383,300.0,0.0023104906018664843,0.2,52811.095238095244,12032531.263284236,52811.09523809525,312.4512437456909,0.004389026222540697,True,non_rolling_afs_day_only,afs,intraday_only,0.5,True,,,,,,
ADP,2019-02-01,303932.2380952381,0.000249105653446,0.5115897996516298,300.0,0.0023104906018664843,0.2,60786.44761904763,9317407.658252254,60786.44761904764,177.23594889138047,0.006523965661758955,True,non_rolling_afs_day_only,afs,intraday_only,0.5,True,,,,,,
ADP,2019-02-04,303932.2380952381,0.000249105653446,0.5115897996516298,300.0,0.0023104906018664843,0.2,60786.44761904763,9926463.426578738,60786.44761904763,490.28537585257214,0.0061236761781933375,True,non_rolling_afs_day_only,afs,intraday_only,0.5,True,,,,,,
ADP,2019-02-05,303932.2380952381,0.000249105653446,0.5115897996516298,300.0,0.0023104906018664843,0.2,60786.44761904763,13012475.272203185,60786.44761904761,-954.6334446958994,0.004671397743125599,True,non_rolling_afs_day_only,afs,intraday_only,0.5,True,,,,,,
ADP,2019-02-06,303932.2380952381,0.000249105653446,0.5115897996516298,300.0,0.0023104906018664843,0.2,60786.44761904763,9982699.15455395,60786.44761904763,-505.37844120212173,0.006089179557346253,True,non_rolling_afs_day_only,afs,intraday_only,0.5,True,,,,,,
ADP,2019-02-07,303932.2380952381,0.000249105653446,0.5115897996516298,300.0,0.0023104906018664843,0.2,60786.44761904763,11972959.632657865,60786.44761904763,-889.339730385645,0.005076977579816137,True,non_rolling_afs_day_only,afs,intraday_only,0.5,True,,,,,,
ADP,2019-02-08,303932.2380952381,0.000249105653446,0.5115897996516298,300.0,0.0023104906018664843,0.2,60786.44761904763,8734254.166740889,60786.447619047634,248.59021039961627,0.006959546454523382,True,non_rolling_afs_day_only,afs,intraday_only,0.5,True,,,,,,
ADP,2019-02-11,303932.2380952381,0.000249105653446,0.5115897996516298,300.0,0.0023104906018664843,0.2,60786.44761904763,11245751.823635995,60786.44761904763,299.64463534466097,0.005405280907167845,True,non_rolling_afs_day_only,afs,intraday_only,0.5,True,,,,,,
ADP,2019-02-12,303932.2380952381,0.000249105653446,0.5115897996516298,300.0,0.0023104906018664843,0.2,60786.44761904763,8875893.911747776,60786.44761904762,-298.93499424272545,0.006848487400079572,True,non_rolling_afs_day_only,afs,intraday_only,0.5,True,,,,,,
ADP,2019-02-13,303932.2380952381,0.000249105653446,0.5115897996516298,300.0,0.0023104906018664843,0.2,60786.44761904763,12558930.581363708,60786.44761904763,-1057.856214856502,0.004840097429095524,True,non_rolling_afs_day_only,afs,intraday_only,0.5,True,,,,,,
ADP,2019-02-14,303932.2380952381,0.000249105653446,0.5115897996516298,300.0,0.0023104906018664843,0.2,60786.44761904763,8192574.928121948,60786.44761904762,52.7110836079339,0.007419699929797555,True,non_rolling_afs_day_only,afs,intraday_only,0.5,True,,,,,,
ADP,2019-02-15,303932.2380952381,0.000249105653446,0.5115897996516298,300.0,0.0023104906018664843,0.2,60786.44761904763,9741187.567269076,60786.44761904763,-702.597046699264,0.006240147538406244,True,non_rolling_afs_day_only,afs,intraday_only,0.5,True,,,,,,
ADP,2019-02-19,303932.2380952381,0.000249105653446,0.5115897996516298,300.0,0.0023104906018664843,0.2,60786.44761904763,7751331.230176057,60786.44761904763,191.72354926932644,0.00784206555157971,True,non_rolling_afs_day_only,afs,intraday_only,0.5,True,,,,,,
ADP,2019-02-20,303932.2380952381,0.000249105653446,0.5115897996516298,300.0,0.0023104906018664843,0.2,60786.44761904763,8177980.66515102,60786.44761904763,-46.177910666424225,0.007432940979926504,True,non_rolling_afs_day_only,afs,intraday_only,0.5,True,,,,,,
ADP,2019-02-21,303932.2380952381,0.000249105653446,0.5115897996516298,300.0,0.0023104906018664843,0.2,60786.44761904763,9766783.580594905,60786.44761904763,-755.6284126181014,0.006223793853671637,True,non_rolling_afs_day_only,afs,intraday_only,0.5,True,,,,,,
ADP,2019-02-22,303932.2380952381,0.000249105653446,0.5115897996516298,300.0,0.0023104906018664843,0.2,60786.44761904763,8321496.478063296,60786.44761904763,369.9944391810471,0.007304749545864709,True,non_rolling_afs_day_only,afs,intraday_only,0.5,True,,,,,,
ADP,2019-02-25,303932.2380952381,0.000249105653446,0.5115897996516298,300.0,0.0023104906018664843,0.2,60786.44761904763,8720039.917323858,60786.44761904762,589.3196226231627,0.006970890981620956,True,non_rolling_afs_day_only,afs,intraday_only,0.5,True,,,,,,
ADP,2019-02-26,303932.2380952381,0.000249105653446,0.5115897996516298,300.0,0.0023104906018664843,0.2,60786.44761904763,8672913.436787862,60786.44761904763,-469.2447767986098,0.0070087690903508845,True,non_rolling_afs_day_only,afs,intraday_only,0.5,True,,,,,,
ADP,2019-02-27,303932.2380952381,0.000249105653446,0.5115897996516298,300.0,0.0023104906018664843,0.2,60786.44761904763,9407293.374187885,60786.44761904763,-369.5358020914301,0.006461629844120303,True,non_rolling_afs_day_only,afs,intraday_only,0.5,True,,,,,,
ADP,2019-02-28,303932.2380952381,0.000249105653446,0.5115897996516298,300.0,0.0023104906018664843,0.2,60786.44761904763,9312661.69966074,60786.447619047634,-676.8808617318405,0.006527290433116675,True,non_rolling_afs_day_only,afs,intraday_only,0.5,True,,,,,,
AEP,2019-02-01,280283.90476190473,0.0002608355109743,0.4094396284030576,300.0,0.0023104906018664843,0.2,56056.78095238095,15945037.758096965,56056.78095238094,539.99246119324,0.003515625475638341,True,non_rolling_afs_day_only,afs,intraday_only,0.5,True,,,,,,
AEP,2019-02-04,280283.90476190473,0.0002608355109743,0.4094396284030576,300.0,0.0023104906018664843,0.2,56056.78095238095,15150682.052368477,56056.78095238095,225.86020039853574,0.0036999509829735815,True,non_rolling_afs_day_only,afs,intraday_only,0.5,True,,,,,,
AEP,2019-02-05,280283.90476190473,0.0002608355109743,0.4094396284030576,300.0,0.0023104906018664843,0.2,56056.78095238095,16088576.546795014,56056.78095238094,-574.9886275097076,0.003484259828042273,True,non_rolling_afs_day_only,afs,intraday_only,0.5,True,,,,,,
AEP,2019-02-06,280283.90476190473,0.0002608355109743,0.4094396284030576,300.0,0.0023104906018664843,0.2,56056.78095238095,15040496.10900349,56056.78095238094,-377.7127115078756,0.003727056644017509,True,non_rolling_afs_day_only,afs,intraday_only,0.5,True,,,,,,
AEP,2019-02-07,280283.90476190473,0.0002608355109743,0.4094396284030576,300.0,0.0023104906018664843,0.2,56056.78095238095,15355297.176088922,56056.78095238094,329.41745188483367,0.003650647741267546,True,non_rolling_afs_day_only,afs,intraday_only,0.5,True,,,,,,
AEP,2019-02-08,280283.90476190473,0.0002608355109743,0.4094396284030576,300.0,0.0023104906018664843,0.2,56056.78095238095,15420333.271257116,56056.78095238095,395.64637481411074,0.003635250935650564,True,non_rolling_afs_day_only,afs,intraday_only,0.5,True,,,,,,
AEP,2019-02-11,280283.90476190473,0.0002608355109743,0.4094396284030576,300.0,0.0023104906018664843,0.2,56056.78095238095,15852799.684391677,56056.78095238095,-617.6783542442163,0.003536080822845017,True,non_rolling_afs_day_only,afs,intraday_only,0.5,True,,,,,,
AEP,2019-02-12,280283.90476190473,0.0002608355109743,0.4094396284030576,300.0,0.0023104906018664843,0.2,56056.78095238095,15825231.722401153,56056.78095238095,-612.0631592764423,0.00354224076687804,True,non_rolling_afs_day_only,afs,intraday_only,0.5,True,,,,,,
AEP,2019-02-13,280283.90476190473,0.0002608355109743,0.4094396284030576,300.0,0.0023104906018664843,0.2,56056.78095238095,13709478.088339003,56056.78095238095,-55.299626753562144,0.004088907002233855,True,non_rolling_afs_day_only,afs,intraday_only,0.5,True,,,,,,
AEP,2019-02-14,280283.90476190473,0.0002608355109743,0.4094396284030576,300.0,0.0023104906018664843,0.2,56056.78095238095,15495481.902362747,56056.78095238094,494.4456067092201,0.003617621014021734,True,non_rolling_afs_day_only,afs,intraday_only,0.5,True,,,,,,
AEP,2019-02-15,280283.90476190473,0.0002608355109743,0.4094396284030576,300.0,0.0023104906018664843,0.2,56056.78095238095,19092179.41707149,56056.78095238095,-918.56550823528,0.00293611220216468,True,non_rolling_afs_day_only,afs,intraday_only,0.5,True,,,,,,
AEP,2019-02-19,280283.90476190473,0.0002608355109743,0.4094396284030576,300.0,0.0023104906018664843,0.2,56056.78095238095,12923180.374664664,56056.78095238095,174.4006916344108,0.00433769237348709,True,non_rolling_afs_day_only,afs,intraday_only,0.5,True,,,,,,
AEP,2019-02-20,280283.90476190473,0.0002608355109743,0.4094396284030576,300.0,0.0023104906018664843,0.2,56056.78095238095,13635841.75943603,56056.780952380956,-280.96546697911526,0.004110987934689807,True,non_rolling_afs_day_only,afs,intraday_only,0.5,True,,,,,,
AEP,2019-02-21,280283.90476190473,0.0002608355109743,0.4094396284030576,300.0,0.0023104906018664843,0.2,56056.78095238095,14505646.765067857,56056.780952380956,371.56234609204876,0.0038644799408307333,True,non_rolling_afs_day_only,afs,intraday_only,0.5,True,,,,,,
AEP,2019-02-22,280283.90476190473,0.0002608355109743,0.4094396284030576,300.0,0.0023104906018664843,0.2,56056.78095238095,12991676.474302983,56056.780952380956,-167.94051026251327,0.004314822730019411,True,non_rolling_afs_day_only,afs,intraday_only,0.5,True,,,,,,
AEP,2019-02-25,280283.90476190473,0.0002608355109743,0.4094396284030576,300.0,0.0023104906018664843,0.2,56056.78095238095,16074393.52830999,56056.780952380956,692.0695603772136,0.003487334116441442,True,non_rolling_afs_day_only,afs,intraday_only,0.5,True,,,,,,
AEP,2019-02-26,280283.90476190473,0.0002608355109743,0.4094396284030576,300.0,0.0023104906018664843,0.2,56056.78095238095,19598707.479997054,56056.780952380956,-1009.2560144075608,0.0028602284619837276,True,non_rolling_afs_day_only,afs,intraday_only,0.5,True,,,,,,
AEP,2019-02-27,280283.90476190473,0.0002608355109743,0.4094396284030576,300.0,0.0023104906018664843,0.2,56056.78095238095,15357533.112672865,56056.78095238095,328.15198925016006,0.0036501162355380835,True,non_rolling_afs_day_only,afs,intraday_only,0.5,True,,,,,,
AEP,2019-02-28,280283.90476190473,0.0002608355109743,0.4094396284030576,300.0,0.0023104906018664843,0.2,56056.78095238095,13785010.995362975,56056.78095238094,39.128202533453965,0.004066502447566957,True,non_rolling_afs_day_only,afs,intraday_only,0.5,True,,,,,,
AES,2019-02-01,367966.8095238095,0.000300475148608,0.4036421771883018,300.0,0.0023104906018664843,0.2,73593.36190476191,33193202.449569672,73593.36190476193,1285.675742558959,0.002217121472885061,True,non_rolling_afs_day_only,afs,intraday_only,0.5,True,,,,,,
AES,2019-02-04,367966.8095238095,0.000300475148608,0.4036421771883018,300.0,0.0023104906018664843,0.2,73593.36190476191,31976939.56790247,73593.36190476193,1430.446924060948,0.002301451073780457,True,non_rolling_afs_day_only,afs,intraday_only,0.5,True,,,,,,
AES,2019-02-05,367966.8095238095,0.000300475148608,0.4036421771883018,300.0,0.0023104906018664843,0.2,73593.36190476191,30163884.460851252,73593.3619047619,-1363.9147823438468,0.0024397839741189965,True,non_rolling_afs_day_only,afs,intraday_only,0.5,True,,,,,,
AES,2019-02-06,367966.8095238095,0.000300475148608,0.4036421771883018,300.0,0.0023104906018664843,0.2,73593.36190476191,21422370.784426473,73593.36190476191,430.0699985114707,0.003435350953698479,True,non_rolling_afs_day_only,afs,intraday_only,0.5,True,,,,,,
AES,2019-02-07,367966.8095238095,0.000300475148608,0.4036421771883018,300.0,0.0023104906018664843,0.2,73593.36190476191,23370909.89540604,73593.36190476191,-703.5249438716871,0.0031489301115840583,True,non_rolling_afs_day_only,afs,intraday_only,0.5,True,,,,,,
AES,2019-02-08,367966.8095238095,0.000300475148608,0.4036421771883018,300.0,0.0023104906018664843,0.2,73593.36190476191,20547190.028815743,73593.3619047619,380.590046202659,0.0035816752461798078,True,non_rolling_afs_day_only,afs,intraday_only,0.5,True,,,,,,
AES,2019-02-11,367966.8095238095,0.000300475148608,0.4036421771883018,300.0,0.0023104906018664843,0.2,73593.36190476191,19863937.69068045,73593.36190476191,194.39715903680377,0.0037048727724961427,True,non_rolling_afs_day_only,afs,intraday_only,0.5,True,,,,,,
AES,2019-02-12,367966.8095238095,0.000300475148608,0.4036421771883018,300.0,0.0023104906018664843,0.2,73593.36190476191,27845994.5270831,73593.36190476191,1248.774922833992,0.0026428706589446747,True,non_rolling_afs_day_only,afs,intraday_only,0.5,True,,,,,,
AES,2019-02-13,367966.8095238095,0.000300475148608,0.4036421771883018,300.0,0.0023104906018664843,0.2,73593.36190476191,22269431.08127193,73593.3619047619,588.3709868370356,0.0033046808262045006,True,non_rolling_afs_day_only,afs,intraday_only,0.5,True,,,,,,
AES,2019-02-14,367966.8095238095,0.000300475148608,0.4036421771883018,300.0,0.0023104906018664843,0.2,73593.36190476191,30167745.965034746,73593.36190476193,1373.0278377002987,0.0024394716791257347,True,non_rolling_afs_day_only,afs,intraday_only,0.5,True,,,,,,
AES,2019-02-15,367966.8095238095,0.000300475148608,0.4036421771883018,300.0,0.0023104906018664843,0.2,73593.36190476191,21477426.961377837,73593.36190476191,699.7398643185159,0.003426544624600632,True,non_rolling_afs_day_only,afs,intraday_only,0.5,True,,,,,,
AES,2019-02-19,367966.8095238095,0.000300475148608,0.4036421771883018,300.0,0.0023104906018664843,0.2,73593.36190476191,22973737.356307782,73593.36190476191,-874.6482769006932,0.0032033691672964026,True,non_rolling_afs_day_only,afs,intraday_only,0.5,True,,,,,,
AES,2019-02-20,367966.8095238095,0.000300475148608,0.4036421771883018,300.0,0.0023104906018664843,0.2,73593.36190476191,19732582.136110216,73593.36190476193,372.2138492168006,0.003729535313581064,True,non_rolling_afs_day_only,afs,intraday_only,0.5,True,,,,,,
AES,2019-02-21,367966.8095238095,0.000300475148608,0.4036421771883018,300.0,0.0023104906018664843,0.2,73593.36190476191,19053062.674865603,73593.3619047619,-557.2082843304722,0.0038625476208528258,True,non_rolling_afs_day_only,afs,intraday_only,0.5,True,,,,,,
AES,2019-02-22,367966.8095238095,0.000300475148608,0.4036421771883018,300.0,0.0023104906018664843,0.2,73593.36190476191,31784366.865650687,73593.3619047619,1425.503085649681,0.0023153949303389818,True,non_rolling_afs_day_only,afs,intraday_only,0.5,True,,,,,,
AES,2019-02-25,367966.8095238095,0.000300475148608,0.4036421771883018,300.0,0.0023104906018664843,0.2,73593.36190476191,20195592.05434139,73593.36190476193,290.7262804993269,0.0036440309205464346,True,non_rolling_afs_day_only,afs,intraday_only,0.5,True,,,,,,
AES,2019-02-26,367966.8095238095,0.000300475148608,0.4036421771883018,300.0,0.0023104906018664843,0.2,73593.36190476191,19830389.583512858,73593.36190476193,-28.54904430975226,0.003711140499526445,True,non_rolling_afs_day_only,afs,intraday_only,0.5,True,,,,,,
AES,2019-02-27,367966.8095238095,0.000300475148608,0.4036421771883018,300.0,0.0023104906018664843,0.2,73593.36190476191,30877040.818957552,73593.36190476191,1270.1881230538334,0.0023834331254819555,True,non_rolling_afs_day_only,afs,intraday_only,0.5,True,,,,,,
AES,2019-02-28,367966.8095238095,0.000300475148608,0.4036421771883018,300.0,0.0023104906018664843,0.2,73593.36190476191,22468349.34973321,73593.36190476193,737.4804149599775,0.0032754236085276002,True,non_rolling_afs_day_only,afs,intraday_only,0.5,True,,,,,,
AFL,2019-02-01,304800.04761904763,0.000232499900595,0.4636614452545816,300.0,0.0023104906018664843,0.2,60960.00952380953,11093477.509115763,60960.00952380954,167.89132880104708,0.005495121748227037,True,non_rolling_afs_day_only,afs,intraday_only,0.5,True,,,,,,
AFL,2019-02-04,304800.04761904763,0.000232499900595,0.4636614452545816,300.0,0.0023104906018664843,0.2,60960.00952380953,12429190.437335785,60960.00952380953,406.2372109309599,0.004904584078194911,True,non_rolling_afs_day_only,afs,intraday_only,0.5,True,,,,,,
AFL,2019-02-05,304800.04761904763,0.000232499900595,0.4636614452545816,300.0,0.0023104906018664843,0.2,60960.00952380953,11991119.436516732,60960.00952380954,-554.439053313914,0.0050837630170013255,True,non_rolling_afs_day_only,afs,intraday_only,0.5,True,,,,,,
AFL,2019-02-06,304800.04761904763,0.000232499900595,0.4636614452545816,300.0,0.0023104906018664843,0.2,60960.00952380953,14138637.905033592,60960.00952380954,-309.32550260835535,0.004311589980114474,True,non_rolling_afs_day_only,afs,intraday_only,0.5,True,,,,,,
AFL,2019-02-07,304800.04761904763,0.000232499900595,0.4636614452545816,300.0,0.0023104906018664843,0.2,60960.00952380953,10661002.32224196,60960.00952380954,-322.1422636195319,0.005718037355327198,True,non_rolling_afs_day_only,afs,intraday_only,0.5,True,,,,,,
AFL,2019-02-08,304800.04761904763,0.000232499900595,0.4636614452545816,300.0,0.0023104906018664843,0.2,60960.00952380953,10635074.178803738,60960.00952380954,144.21738952488326,0.005731977840390247,True,non_rolling_afs_day_only,afs,intraday_only,0.5,True,,,,,,
AFL,2019-02-11,304800.04761904763,0.000232499900595,0.4636614452545816,300.0,0.0023104906018664843,0.2,60960.00952380953,12641210.188674282,60960.00952380953,-307.92044411428503,0.004822323860924788,True,non_rolling_afs_day_only,afs,intraday_only,0.5,True,,,,,,
AFL,2019-02-12,304800.04761904763,0.000232499900595,0.4636614452545816,300.0,0.0023104906018664843,0.2,60960.00952380953,9758108.067859769,60960.009523809524,38.04089724822363,0.006247113590040389,True,non_rolling_afs_day_only,afs,intraday_only,0.5,True,,,,,,
AFL,2019-02-13,304800.04761904763,0.000232499900595,0.4636614452545816,300.0,0.0023104906018664843,0.2,60960.00952380953,13733303.799681941,60960.00952380953,-959.130597209266,0.004438845190712328,True,non_rolling_afs_day_only,afs,intraday_only,0.5,True,,,,,,
AFL,2019-02-14,304800.04761904763,0.000232499900595,0.4636614452545816,300.0,0.0023104906018664843,0.2,60960.00952380953,14163790.685092553,60960.00952380953,830.3892498168585,0.004303933239282488,True,non_rolling_afs_day_only,afs,intraday_only,0.5,True,,,,,,
AFL,2019-02-15,304800.04761904763,0.000232499900595,0.4636614452545816,300.0,0.0023104906018664843,0.2,60960.00952380953,10329803.516285611,60960.00952380954,-59.75562674243258,0.005901371640583685,True,non_rolling_afs_day_only,afs,intraday_only,0.5,True,,,,,,
AFL,2019-02-19,304800.04761904763,0.000232499900595,0.4636614452545816,300.0,0.0023104906018664843,0.2,60960.00952380953,9620243.024279574,60960.009523809524,-139.7068443356472,0.006336639248089537,True,non_rolling_afs_day_only,afs,intraday_only,0.5,True,,,,,,
AFL,2019-02-20,304800.04761904763,0.000232499900595,0.4636614452545816,300.0,0.0023104906018664843,0.2,60960.00952380953,11544915.985332292,60960.009523809524,-560.7383475588327,0.005280247132266588,True,non_rolling_afs_day_only,afs,intraday_only,0.5,True,,,,,,
AFL,2019-02-21,304800.04761904763,0.000232499900595,0.4636614452545816,300.0,0.0023104906018664843,0.2,60960.00952380953,10124516.275590286,60960.00952380951,-189.80563755686634,0.006021029337547823,True,non_rolling_afs_day_only,afs,intraday_only,0.5,True,,,,,,
AFL,2019-02-22,304800.04761904763,0.000232499900595,0.4636614452545816,300.0,0.0023104906018664843,0.2,60960.00952380953,11977182.986062195,60960.00952380954,471.4019621927015,0.005089678398898011,True,non_rolling_afs_day_only,afs,intraday_only,0.5,True,,,,,,
AFL,2019-02-25,304800.04761904763,0.000232499900595,0.4636614452545816,300.0,0.0023104906018664843,0.2,60960.00952380953,11530954.516528059,60960.00952380954,552.4984255793904,0.005286640358907984,True,non_rolling_afs_day_only,afs,intraday_only,0.5,True,,,,,,
AFL,2019-02-26,304800.04761904763,0.000232499900595,0.4636614452545816,300.0,0.0023104906018664843,0.2,60960.00952380953,10027428.990573945,60960.009523809524,-228.07623706721355,0.00607932597489482,True,non_rolling_afs_day_only,afs,intraday_only,0.5,True,,,,,,
AFL,2019-02-27,304800.04761904763,0.000232499900595,0.4636614452545816,300.0,0.0023104906018664843,0.2,60960.00952380953,14505748.521166947,60960.00952380954,975.8546422889755,0.0042024725187298,True,non_rolling_afs_day_only,afs,intraday_only,0.5,True,,,,,,
AFL,2019-02-28,304800.04761904763,0.000232499900595,0.4636614452545816,300.0,0.0023104906018664843,0.2,60960.00952380953,10913278.444985466,60960.00952380953,0.16661224192205282,0.005585856700267736,True,non_rolling_afs_day_only,afs,intraday_only,0.5,True,,,,,,
AIG,2019-02-01,352603.8571428572,0.0003143205869681,0.4702709939346483,300.0,0.0023104906018664843,0.2,70520.77142857145,19839216.611721322,70520.77142857146,753.4426201405915,0.003554614721374969,True,non_rolling_afs_day_only,afs,intraday_only,0.5,True,,,,,,
AIG,2019-02-04,352603.8571428572,0.0003143205869681,0.4702709939346483,300.0,0.0023104906018664843,0.2,70520.77142857145,16405928.367742134,70520.77142857145,210.60917140155726,0.004298493193913467,True,non_rolling_afs_day_only,afs,intraday_only,0.5,True,,,,,,
AIG,2019-02-05,352603.8571428572,0.0003143205869681,0.4702709939346483,300.0,0.0023104906018664843,0.2,70520.77142857145,17029888.94174508,70520.77142857143,472.67478308707217,0.004141000077558055,True,non_rolling_afs_day_only,afs,intraday_only,0.5,True,,,,,,
AIG,2019-02-06,352603.8571428572,0.0003143205869681,0.4702709939346483,300.0,0.0023104906018664843,0.2,70520.77142857145,16631047.895271942,70520.77142857145,13.20104184635585,0.004240308360161711,True,non_rolling_afs_day_only,afs,intraday_only,0.5,True,,,,,,
AIG,2019-02-07,352603.8571428572,0.0003143205869681,0.4702709939346483,300.0,0.0023104906018664843,0.2,70520.77142857145,21475897.84028724,70520.77142857143,722.0290549993773,0.003283717027945605,True,non_rolling_afs_day_only,afs,intraday_only,0.5,True,,,,,,
AIG,2019-02-08,352603.8571428572,0.0003143205869681,0.4702709939346483,300.0,0.0023104906018664843,0.2,70520.77142857145,21082327.248597443,70520.77142857145,-901.149491702516,0.0033450183462673945,True,non_rolling_afs_day_only,afs,intraday_only,0.5,True,,,,,,
AIG,2019-02-11,352603.8571428572,0.0003143205869681,0.4702709939346483,300.0,0.0023104906018664843,0.2,70520.77142857145,17083166.999735203,70520.77142857146,18.749545551613437,0.004128085350313824,True,non_rolling_afs_day_only,afs,intraday_only,0.5,True,,,,,,
AIG,2019-02-12,352603.8571428572,0.0003143205869681,0.4702709939346483,300.0,0.0023104906018664843,0.2,70520.77142857145,35276347.48060801,70520.77142857143,1616.536813350616,0.0019990950442740105,True,non_rolling_afs_day_only,afs,intraday_only,0.5,True,,,,,,
AIG,2019-02-13,352603.8571428572,0.0003143205869681,0.4702709939346483,300.0,0.0023104906018664843,0.2,70520.77142857145,20280585.208154537,70520.77142857145,-1032.0164684831534,0.0034772552519942096,True,non_rolling_afs_day_only,afs,intraday_only,0.5,True,,,,,,
AIG,2019-02-14,352603.8571428572,0.0003143205869681,0.4702709939346483,300.0,0.0023104906018664843,0.2,70520.77142857145,22561776.458284225,70520.77142857145,-709.4757997967274,0.0031256745921120787,True,non_rolling_afs_day_only,afs,intraday_only,0.5,True,,,,,,
AIG,2019-02-15,352603.8571428572,0.0003143205869681,0.4702709939346483,300.0,0.0023104906018664843,0.2,70520.77142857145,18392770.28704775,70520.77142857143,264.8898292124631,0.0038341571350038774,True,non_rolling_afs_day_only,afs,intraday_only,0.5,True,,,,,,
AIG,2019-02-19,352603.8571428572,0.0003143205869681,0.4702709939346483,300.0,0.0023104906018664843,0.2,70520.77142857145,22279752.093637567,70520.77142857145,957.6011771653082,0.003165240399991258,True,non_rolling_afs_day_only,afs,intraday_only,0.5,True,,,,,,
AIG,2019-02-20,352603.8571428572,0.0003143205869681,0.4702709939346483,300.0,0.0023104906018664843,0.2,70520.77142857145,18608406.169100612,70520.77142857146,792.3772939396955,0.0037897265777480545,True,non_rolling_afs_day_only,afs,intraday_only,0.5,True,,,,,,
AIG,2019-02-21,352603.8571428572,0.0003143205869681,0.4702709939346483,300.0,0.0023104906018664843,0.2,70520.77142857145,20237627.76816394,70520.77142857143,-794.9682853615527,0.0034846362546260747,True,non_rolling_afs_day_only,afs,intraday_only,0.5,True,,,,,,
AIG,2019-02-22,352603.8571428572,0.0003143205869681,0.4702709939346483,300.0,0.0023104906018664843,0.2,70520.77142857145,16684469.172325224,70520.77142857143,-28.813201370383865,0.004226731501026433,True,non_rolling_afs_day_only,afs,intraday_only,0.5,True,,,,,,
AIG,2019-02-25,352603.8571428572,0.0003143205869681,0.4702709939346483,300.0,0.0023104906018664843,0.2,70520.77142857145,15841535.336565135,70520.77142857145,419.9340186589267,0.004451637415837891,True,non_rolling_afs_day_only,afs,intraday_only,0.5,True,,,,,,
AIG,2019-02-26,352603.8571428572,0.0003143205869681,0.4702709939346483,300.0,0.0023104906018664843,0.2,70520.77142857145,19702474.41063068,70520.77142857146,847.2992250460225,0.0035792850156182014,True,non_rolling_afs_day_only,afs,intraday_only,0.5,True,,,,,,
AIG,2019-02-27,352603.8571428572,0.0003143205869681,0.4702709939346483,300.0,0.0023104906018664843,0.2,70520.77142857145,33148513.23574017,70520.77142857145,1503.8910662878886,0.0021274188355614432,True,non_rolling_afs_day_only,afs,intraday_only,0.5,True,,,,,,
AIG,2019-02-28,352603.8571428572,0.0003143205869681,0.4702709939346483,300.0,0.0023104906018664843,0.2,70520.77142857145,31792449.658785027,70520.77142857143,1425.5036011805273,0.0022181609843041723,True,non_rolling_afs_day_only,afs,intraday_only,0.5,True,,,,,,
ALGN,2019-02-01,257176.61904761905,0.0005531453789446,0.653173959363055,300.0,0.0023104906018664843,0.2,51435.32380952381,9505094.486971904,51435.323809523805,224.27160099115994,0.005411342715216909,True,non_rolling_afs_day_only,afs,intraday_only,0.5,True,,,,,,
ALGN,2019-02-04,257176.61904761905,0.0005531453789446,0.653173959363055,300.0,0.0023104906018664843,0.2,51435.32380952381,9474792.883398771,51435.323809523805,427.84721422780666,0.005428648883675975,True,non_rolling_afs_day_only,afs,intraday_only,0.5,True,,,,,,
ALGN,2019-02-05,257176.61904761905,0.0005531453789446,0.653173959363055,300.0,0.0023104906018664843,0.2,51435.32380952381,9010963.597201629,51435.323809523805,99.41681933873676,0.005708082521329589,True,non_rolling_afs_day_only,afs,intraday_only,0.5,True,,,,,,
ALGN,2019-02-06,257176.61904761905,0.0005531453789446,0.653173959363055,300.0,0.0023104906018664843,0.2,51435.32380952381,10556767.67284602,51435.32380952381,449.4289421192138,0.004872260658139242,True,non_rolling_afs_day_only,afs,intraday_only,0.5,True,,,,,,
ALGN,2019-02-07,257176.61904761905,0.0005531453789446,0.653173959363055,300.0,0.0023104906018664843,0.2,51435.32380952381,10332861.823188446,51435.32380952382,-526.2917736532054,0.004977839120435682,True,non_rolling_afs_day_only,afs,intraday_only,0.5,True,,,,,,
ALGN,2019-02-08,257176.61904761905,0.0005531453789446,0.653173959363055,300.0,0.0023104906018664843,0.2,51435.32380952381,11506035.350817427,51435.32380952382,568.9991167852083,0.004470290785771806,True,non_rolling_afs_day_only,afs,intraday_only,0.5,True,,,,,,
ALGN,2019-02-11,257176.61904761905,0.0005531453789446,0.653173959363055,300.0,0.0023104906018664843,0.2,51435.32380952381,13203237.716200039,51435.323809523805,-715.4636517071749,0.0038956599066919755,True,non_rolling_afs_day_only,afs,intraday_only,0.5,True,,,,,,
ALGN,2019-02-12,257176.61904761905,0.0005531453789446,0.653173959363055,300.0,0.0023104906018664843,0.2,51435.32380952381,13787207.449024241,51435.32380952381,-941.6683943127118,0.003730655682065916,True,non_rolling_afs_day_only,afs,intraday_only,0.5,True,,,,,,
ALGN,2019-02-13,257176.61904761905,0.0005531453789446,0.653173959363055,300.0,0.0023104906018664843,0.2,51435.32380952381,13323761.07210409,51435.323809523805,-927.7751199816254,0.00386042075741014,True,non_rolling_afs_day_only,afs,intraday_only,0.5,True,,,,,,
ALGN,2019-02-14,257176.61904761905,0.0005531453789446,0.653173959363055,300.0,0.0023104906018664843,0.2,51435.32380952381,9324364.85476036,51435.32380952381,166.49040508677547,0.00551622814107972,True,non_rolling_afs_day_only,afs,intraday_only,0.5,True,,,,,,
ALGN,2019-02-15,257176.61904761905,0.0005531453789446,0.653173959363055,300.0,0.0023104906018664843,0.2,51435.32380952381,13827338.300525378,51435.32380952382,991.0100524725603,0.0037198282627951247,True,non_rolling_afs_day_only,afs,intraday_only,0.5,True,,,,,,
ALGN,2019-02-19,257176.61904761905,0.0005531453789446,0.653173959363055,300.0,0.0023104906018664843,0.2,51435.32380952381,10203351.993554866,51435.323809523805,441.214437691428,0.005041022189768017,True,non_rolling_afs_day_only,afs,intraday_only,0.5,True,,,,,,
ALGN,2019-02-20,257176.61904761905,0.0005531453789446,0.653173959363055,300.0,0.0023104906018664843,0.2,51435.32380952381,8971270.201789554,51435.32380952382,425.9510018828805,0.0057333379390650495,True,non_rolling_afs_day_only,afs,intraday_only,0.5,True,,,,,,
ALGN,2019-02-21,257176.61904761905,0.0005531453789446,0.653173959363055,300.0,0.0023104906018664843,0.2,51435.32380952381,14846497.497495363,51435.323809523805,963.4704555562153,0.0034644752958198433,True,non_rolling_afs_day_only,afs,intraday_only,0.5,True,,,,,,
ALGN,2019-02-22,257176.61904761905,0.0005531453789446,0.653173959363055,300.0,0.0023104906018664843,0.2,51435.32380952381,9100378.114115134,51435.323809523805,120.48268422760998,0.005651998539461245,True,non_rolling_afs_day_only,afs,intraday_only,0.5,True,,,,,,
ALGN,2019-02-25,257176.61904761905,0.0005531453789446,0.653173959363055,300.0,0.0023104906018664843,0.2,51435.32380952381,8122217.198910978,51435.32380952381,70.1682639070059,0.006332670322633114,True,non_rolling_afs_day_only,afs,intraday_only,0.5,True,,,,,,
ALGN,2019-02-26,257176.61904761905,0.0005531453789446,0.653173959363055,300.0,0.0023104906018664843,0.2,51435.32380952381,18483165.468255688,51435.32380952381,-1223.6285423880624,0.002782820069314562,True,non_rolling_afs_day_only,afs,intraday_only,0.5,True,,,,,,
ALGN,2019-02-27,257176.61904761905,0.0005531453789446,0.653173959363055,300.0,0.0023104906018664843,0.2,51435.32380952381,13526124.039026761,51435.32380952381,-960.0593656146599,0.0038026653948402436,True,non_rolling_afs_day_only,afs,intraday_only,0.5,True,,,,,,
ALGN,2019-02-28,257176.61904761905,0.0005531453789446,0.653173959363055,300.0,0.0023104906018664843,0.2,51435.32380952381,9152687.839010686,51435.323809523805,-26.48275380803929,0.005619696062428309,True,non_rolling_afs_day_only,afs,intraday_only,0.5,True,,,,,,
ALXN,2019-02-01,276546.71428571426,0.0004325249279626,0.5703035938585226,300.0,0.0023104906018664843,0.2,55309.34285714285,10416140.986241484,55309.34285714286,402.2665350438357,0.005309964883367083,True,non_rolling_afs_day_only,afs,intraday_only,0.5,True,,,,,,
ALXN,2019-02-04,276546.71428571426,0.0004325249279626,0.5703035938585226,300.0,0.0023104906018664843,0.2,55309.34285714285,11023032.191968087,55309.34285714285,166.71719944492443,0.0050176160147154345,True,non_rolling_afs_day_only,afs,intraday_only,0.5,True,,,,,,
ALXN,2019-02-05,276546.71428571426,0.0004325249279626,0.5703035938585226,300.0,0.0023104906018664843,0.2,55309.34285714285,12739576.914139036,55309.34285714285,362.4081546153682,0.004341536868132387,True,non_rolling_afs_day_only,afs,intraday_only,0.5,True,,,,,,
ALXN,2019-02-06,276546.71428571426,0.0004325249279626,0.5703035938585226,300.0,0.0023104906018664843,0.2,55309.34285714285,12063591.094959833,55309.34285714284,182.1787607430556,0.004584815783440396,True,non_rolling_afs_day_only,afs,intraday_only,0.5,True,,,,,,
ALXN,2019-02-07,276546.71428571426,0.0004325249279626,0.5703035938585226,300.0,0.0023104906018664843,0.2,55309.34285714285,12234046.276620187,55309.34285714285,-48.44424721937229,0.00452093621411597,True,non_rolling_afs_day_only,afs,intraday_only,0.5,True,,,,,,
ALXN,2019-02-08,276546.71428571426,0.0004325249279626,0.5703035938585226,300.0,0.0023104906018664843,0.2,55309.34285714285,21408394.372798264,55309.34285714286,-1133.804573028927,0.0025835353130181263,True,non_rolling_afs_day_only,afs,intraday_only,0.5,True,,,,,,
ALXN,2019-02-11,276546.71428571426,0.0004325249279626,0.5703035938585226,300.0,0.0023104906018664843,0.2,55309.34285714285,19315136.39855046,55309.34285714285,-1018.5552803946991,0.0028635232863948945,True,non_rolling_afs_day_only,afs,intraday_only,0.5,True,,,,,,
ALXN,2019-02-12,276546.71428571426,0.0004325249279626,0.5703035938585226,300.0,0.0023104906018664843,0.2,55309.34285714285,12659564.62644497,55309.34285714285,448.6275893085359,0.004368976697793019,True,non_rolling_afs_day_only,afs,intraday_only,0.5,True,,,,,,
ALXN,2019-02-13,276546.71428571426,0.0004325249279626,0.5703035938585226,300.0,0.0023104906018664843,0.2,55309.34285714285,12601690.070913762,55309.342857142845,581.3858842823183,0.004389041671863012,True,non_rolling_afs_day_only,afs,intraday_only,0.5,True,,,,,,
ALXN,2019-02-14,276546.71428571426,0.0004325249279626,0.5703035938585226,300.0,0.0023104906018664843,0.2,55309.34285714285,14565280.778200129,55309.34285714285,850.6115544880467,0.00379734134201686,True,non_rolling_afs_day_only,afs,intraday_only,0.5,True,,,,,,
ALXN,2019-02-15,276546.71428571426,0.0004325249279626,0.5703035938585226,300.0,0.0023104906018664843,0.2,55309.34285714285,11849750.223705977,55309.34285714285,287.07989847982765,0.004667553476907381,True,non_rolling_afs_day_only,afs,intraday_only,0.5,True,,,,,,
ALXN,2019-02-19,276546.71428571426,0.0004325249279626,0.5703035938585226,300.0,0.0023104906018664843,0.2,55309.34285714285,13923007.211286742,55309.34285714285,801.8314531458427,0.003972514128435279,True,non_rolling_afs_day_only,afs,intraday_only,0.5,True,,,,,,
ALXN,2019-02-20,276546.71428571426,0.0004325249279626,0.5703035938585226,300.0,0.0023104906018664843,0.2,55309.34285714285,10810495.348002512,55309.34285714285,63.21916318940217,0.005116263508439743,True,non_rolling_afs_day_only,afs,intraday_only,0.5,True,,,,,,
ALXN,2019-02-21,276546.71428571426,0.0004325249279626,0.5703035938585226,300.0,0.0023104906018664843,0.2,55309.34285714285,10508884.649050593,55309.34285714285,-244.1997362725022,0.005263103050820876,True,non_rolling_afs_day_only,afs,intraday_only,0.5,True,,,,,,
ALXN,2019-02-22,276546.71428571426,0.0004325249279626,0.5703035938585226,300.0,0.0023104906018664843,0.2,55309.34285714285,10098484.23767037,55309.34285714285,-33.04879374585008,0.0054769945226851415,True,non_rolling_afs_day_only,afs,intraday_only,0.5,True,,,,,,
ALXN,2019-02-25,276546.71428571426,0.0004325249279626,0.5703035938585226,300.0,0.0023104906018664843,0.2,55309.34285714285,9804196.275319409,55309.34285714286,-97.57801048194943,0.0056413948990776345,True,non_rolling_afs_day_only,afs,intraday_only,0.5,True,,,,,,
ALXN,2019-02-26,276546.71428571426,0.0004325249279626,0.5703035938585226,300.0,0.0023104906018664843,0.2,55309.34285714285,11645890.757239308,55309.342857142845,742.7425178076211,0.004749258258563134,True,non_rolling_afs_day_only,afs,intraday_only,0.5,True,,,,,,
ALXN,2019-02-27,276546.71428571426,0.0004325249279626,0.5703035938585226,300.0,0.0023104906018664843,0.2,55309.34285714285,8843202.989279125,55309.34285714285,-121.708325522054,0.006254446824775593,True,non_rolling_afs_day_only,afs,intraday_only,0.5,True,,,,,,
ALXN,2019-02-28,276546.71428571426,0.0004325249279626,0.5703035938585226,300.0,0.0023104906018664843,0.2,55309.34285714285,8879400.008086666,55309.34285714287,130.76717581650462,0.006228950470388924,True,non_rolling_afs_day_only,afs,intraday_only,0.5,True,,,,,,
AMAT,2019-02-01,1332595.2857142857,0.0004453378386483,0.6511829889211647,300.0,0.0023104906018664843,0.2,266519.0571428572,48231193.954805195,266519.05714285723,-2455.3215458798977,0.005525864804271641,True,non_rolling_afs_day_only,afs,intraday_only,0.5,True,,,,,,
AMAT,2019-02-04,1332595.2857142857,0.0004453378386483,0.6511829889211647,300.0,0.0023104906018664843,0.2,266519.0571428572,55877055.68724315,266519.0571428572,4006.5437749595612,0.004769740528825037,True,non_rolling_afs_day_only,afs,intraday_only,0.5,True,,,,,,
AMAT,2019-02-05,1332595.2857142857,0.0004453378386483,0.6511829889211647,300.0,0.0023104906018664843,0.2,266519.0571428572,48484592.32729196,266519.0571428571,-3124.1117629380315,0.005496984595513113,True,non_rolling_afs_day_only,afs,intraday_only,0.5,True,,,,,,
AMAT,2019-02-06,1332595.2857142857,0.0004453378386483,0.6511829889211647,300.0,0.0023104906018664843,0.2,266519.0571428572,54445856.97839795,266519.05714285723,4667.494681186864,0.00489512098686594,True,non_rolling_afs_day_only,afs,intraday_only,0.5,True,,,,,,
AMAT,2019-02-07,1332595.2857142857,0.0004453378386483,0.6511829889211647,300.0,0.0023104906018664843,0.2,266519.0571428572,44465200.1271117,266519.05714285723,-3400.322334552022,0.005993879626786002,True,non_rolling_afs_day_only,afs,intraday_only,0.5,True,,,,,,
AMAT,2019-02-08,1332595.2857142857,0.0004453378386483,0.6511829889211647,300.0,0.0023104906018664843,0.2,266519.0571428572,45993745.91309476,266519.05714285723,3076.7438471385217,0.005794680382120762,True,non_rolling_afs_day_only,afs,intraday_only,0.5,True,,,,,,
AMAT,2019-02-11,1332595.2857142857,0.0004453378386483,0.6511829889211647,300.0,0.0023104906018664843,0.2,266519.0571428572,39227168.89887569,266519.05714285723,-1738.6816782468136,0.006794246554726411,True,non_rolling_afs_day_only,afs,intraday_only,0.5,True,,,,,,
AMAT,2019-02-12,1332595.2857142857,0.0004453378386483,0.6511829889211647,300.0,0.0023104906018664843,0.2,266519.0571428572,42024002.58571153,266519.0571428572,-1446.746115496652,0.006342067407769378,True,non_rolling_afs_day_only,afs,intraday_only,0.5,True,,,,,,
AMAT,2019-02-13,1332595.2857142857,0.0004453378386483,0.6511829889211647,300.0,0.0023104906018664843,0.2,266519.0571428572,39822936.088486515,266519.0571428572,2416.1741325494077,0.006692601885271647,True,non_rolling_afs_day_only,afs,intraday_only,0.5,True,,,,,,
AMAT,2019-02-14,1332595.2857142857,0.0004453378386483,0.6511829889211647,300.0,0.0023104906018664843,0.2,266519.0571428572,53027660.3225241,266519.0571428572,-4585.912523136032,0.00502603840188005,True,non_rolling_afs_day_only,afs,intraday_only,0.5,True,,,,,,
AMAT,2019-02-15,1332595.2857142857,0.0004453378386483,0.6511829889211647,300.0,0.0023104906018664843,0.2,266519.0571428572,57413234.19375603,266519.0571428572,-4413.806681384228,0.0046421188578824645,True,non_rolling_afs_day_only,afs,intraday_only,0.5,True,,,,,,
AMAT,2019-02-19,1332595.2857142857,0.0004453378386483,0.6511829889211647,300.0,0.0023104906018664843,0.2,266519.0571428572,39578089.582366735,266519.0571428572,647.8394002503246,0.006734005101186078,True,non_rolling_afs_day_only,afs,intraday_only,0.5,True,,,,,,
AMAT,2019-02-20,1332595.2857142857,0.0004453378386483,0.6511829889211647,300.0,0.0023104906018664843,0.2,266519.0571428572,58954776.03291443,266519.0571428572,-5117.19712131116,0.004520737335921007,True,non_rolling_afs_day_only,afs,intraday_only,0.5,True,,,,,,
AMAT,2019-02-21,1332595.2857142857,0.0004453378386483,0.6511829889211647,300.0,0.0023104906018664843,0.2,266519.0571428572,38968736.2601915,266519.0571428572,11.200350328339795,0.006839304599546884,True,non_rolling_afs_day_only,afs,intraday_only,0.5,True,,,,,,
AMAT,2019-02-22,1332595.2857142857,0.0004453378386483,0.6511829889211647,300.0,0.0023104906018664843,0.2,266519.0571428572,53881293.181457505,266519.0571428572,-3679.185451862664,0.004946411665460472,True,non_rolling_afs_day_only,afs,intraday_only,0.5,True,,,,,,
AMAT,2019-02-25,1332595.2857142857,0.0004453378386483,0.6511829889211647,300.0,0.0023104906018664843,0.2,266519.0571428572,42927848.16788749,266519.0571428572,-2664.2104860149425,0.0062085352170582085,True,non_rolling_afs_day_only,afs,intraday_only,0.5,True,,,,,,
AMAT,2019-02-26,1332595.2857142857,0.0004453378386483,0.6511829889211647,300.0,0.0023104906018664843,0.2,266519.0571428572,39036901.508167,266519.0571428572,513.4208759024068,0.006827361979205704,True,non_rolling_afs_day_only,afs,intraday_only,0.5,True,,,,,,
AMAT,2019-02-27,1332595.2857142857,0.0004453378386483,0.6511829889211647,300.0,0.0023104906018664843,0.2,266519.0571428572,75274396.34631301,266519.0571428572,-5968.794037980378,0.003540633602914458,True,non_rolling_afs_day_only,afs,intraday_only,0.5,True,,,,,,
AMAT,2019-02-28,1332595.2857142857,0.0004453378386483,0.6511829889211647,300.0,0.0023104906018664843,0.2,266519.0571428572,55879892.32454087,266519.0571428572,4203.940520142531,0.0047694984019468045,True,non_rolling_afs_day_only,afs,intraday_only,0.5,True,,,,,,
AMD,2019-02-01,9240929.23809524,0.0007047122925485,1.2514084442074511,300.0,0.0023104906018664843,0.2,1848185.8476190483,112020460.597512,1848185.847619048,-4998.861972596749,0.016498645316765433,True,non_rolling_afs_day_only,afs,intraday_only,0.5,True,,,,,,
AMD,2019-02-04,9240929.23809524,0.0007047122925485,1.2514084442074511,300.0,0.0023104906018664843,0.2,1848185.8476190483,114818323.3975743,1848185.8476190483,17881.625887313017,0.016096610653505622,True,non_rolling_afs_day_only,afs,intraday_only,0.5,True,,,,,,
AMD,2019-02-05,9240929.23809524,0.0007047122925485,1.2514084442074511,300.0,0.0023104906018664843,0.2,1848185.8476190483,131498035.29456604,1848185.8476190483,20629.22699735257,0.014054855218779241,True,non_rolling_afs_day_only,afs,intraday_only,0.5,True,,,,,,
AMD,2019-02-06,9240929.23809524,0.0007047122925485,1.2514084442074511,300.0,0.0023104906018664843,0.2,1848185.8476190483,137017641.6552806,1848185.8476190486,19536.87553996325,0.013488670694455937,True,non_rolling_afs_day_only,afs,intraday_only,0.5,True,,,,,,
AMD,2019-02-07,9240929.23809524,0.0007047122925485,1.2514084442074511,300.0,0.0023104906018664843,0.2,1848185.8476190483,123185531.16159508,1848185.8476190483,76.91602148708262,0.015003270515549377,True,non_rolling_afs_day_only,afs,intraday_only,0.5,True,,,,,,
AMD,2019-02-08,9240929.23809524,0.0007047122925485,1.2514084442074511,300.0,0.0023104906018664843,0.2,1848185.8476190483,122043340.70008321,1848185.8476190483,-15396.070585869655,0.015143684505989503,True,non_rolling_afs_day_only,afs,intraday_only,0.5,True,,,,,,
AMD,2019-02-11,9240929.23809524,0.0007047122925485,1.2514084442074511,300.0,0.0023104906018664843,0.2,1848185.8476190483,194198841.29948038,1848185.8476190486,-36901.164185447895,0.009516976698995339,True,non_rolling_afs_day_only,afs,intraday_only,0.5,True,,,,,,
AMD,2019-02-12,9240929.23809524,0.0007047122925485,1.2514084442074511,300.0,0.0023104906018664843,0.2,1848185.8476190483,121417360.8717742,1848185.847619048,-17949.22003122142,0.015221759346020299,True,non_rolling_afs_day_only,afs,intraday_only,0.5,True,,,,,,
AMD,2019-02-13,9240929.23809524,0.0007047122925485,1.2514084442074511,300.0,0.0023104906018664843,0.2,1848185.8476190483,116572867.78604436,1848185.8476190483,-8488.814069146414,0.0158543397166069,True,non_rolling_afs_day_only,afs,intraday_only,0.5,True,,,,,,
AMD,2019-02-14,9240929.23809524,0.0007047122925485,1.2514084442074511,300.0,0.0023104906018664843,0.2,1848185.8476190483,189950856.87942237,1848185.8476190483,37976.571887747705,0.009729810530900874,True,non_rolling_afs_day_only,afs,intraday_only,0.5,True,,,,,,
AMD,2019-02-15,9240929.23809524,0.0007047122925485,1.2514084442074511,300.0,0.0023104906018664843,0.2,1848185.8476190483,137069485.94321102,1848185.8476190483,23235.380340190048,0.013483568825703238,True,non_rolling_afs_day_only,afs,intraday_only,0.5,True,,,,,,
AMD,2019-02-19,9240929.23809524,0.0007047122925485,1.2514084442074511,300.0,0.0023104906018664843,0.2,1848185.8476190483,99381718.58856784,1848185.8476190486,177.6256580930467,0.018596839276551317,True,non_rolling_afs_day_only,afs,intraday_only,0.5,True,,,,,,
AMD,2019-02-20,9240929.23809524,0.0007047122925485,1.2514084442074511,300.0,0.0023104906018664843,0.2,1848185.8476190483,143763152.70585334,1848185.8476190483,28723.3364283088,0.012855768761558323,True,non_rolling_afs_day_only,afs,intraday_only,0.5,True,,,,,,
AMD,2019-02-21,9240929.23809524,0.0007047122925485,1.2514084442074511,300.0,0.0023104906018664843,0.2,1848185.8476190483,142785624.56242818,1848185.8476190483,-26951.977851314397,0.01294378095331993,True,non_rolling_afs_day_only,afs,intraday_only,0.5,True,,,,,,
AMD,2019-02-22,9240929.23809524,0.0007047122925485,1.2514084442074511,300.0,0.0023104906018664843,0.2,1848185.8476190483,245518471.02228117,1848185.8476190486,44844.06528503431,0.007527685554262525,True,non_rolling_afs_day_only,afs,intraday_only,0.5,True,,,,,,
AMD,2019-02-25,9240929.23809524,0.0007047122925485,1.2514084442074511,300.0,0.0023104906018664843,0.2,1848185.8476190483,143884828.01084927,1848185.8476190479,-31757.816974932437,0.012844897361101134,True,non_rolling_afs_day_only,afs,intraday_only,0.5,True,,,,,,
AMD,2019-02-26,9240929.23809524,0.0007047122925485,1.2514084442074511,300.0,0.0023104906018664843,0.2,1848185.8476190483,92863061.69233394,1848185.8476190483,-478.284029290691,0.01990227130074929,True,non_rolling_afs_day_only,afs,intraday_only,0.5,True,,,,,,
AMD,2019-02-27,9240929.23809524,0.0007047122925485,1.2514084442074511,300.0,0.0023104906018664843,0.2,1848185.8476190483,112847894.3185474,1848185.8476190483,-6276.4112457205665,0.016377672430484023,True,non_rolling_afs_day_only,afs,intraday_only,0.5,True,,,,,,
AMD,2019-02-28,9240929.23809524,0.0007047122925485,1.2514084442074511,300.0,0.0023104906018664843,0.2,1848185.8476190483,111865588.43181157,1848185.8476190483,-5469.157060954247,0.016521486844416167,True,non_rolling_afs_day_only,afs,intraday_only,0.5,True,,,,,,
AMGN,2019-02-01,542303.8571428572,0.0002657595047032,0.6121899954334912,300.0,0.0023104906018664843,0.2,108460.77142857143,18417532.739093706,108460.77142857143,1456.3686571838884,0.005888995717561493,True,non_rolling_afs_day_only,afs,intraday_only,0.5,True,,,,,,
AMGN,2019-02-04,542303.8571428572,0.0002657595047032,0.6121899954334912,300.0,0.0023104906018664843,0.2,108460.77142857143,15648695.793172855,108460.77142857143,98.63777118396231,0.006930978329573652,True,non_rolling_afs_day_only,afs,intraday_only,0.5,True,,,,,,
AMGN,2019-02-05,542303.8571428572,0.0002657595047032,0.6121899954334912,300.0,0.0023104906018664843,0.2,108460.77142857143,19403822.334962662,108460.7714285714,1274.7760197519021,0.0055896600966677595,True,non_rolling_afs_day_only,afs,intraday_only,0.5,True,,,,,,
AMGN,2019-02-06,542303.8571428572,0.0002657595047032,0.6121899954334912,300.0,0.0023104906018664843,0.2,108460.77142857143,24917288.454998437,108460.7714285714,1929.155028611735,0.00435283203565491,True,non_rolling_afs_day_only,afs,intraday_only,0.5,True,,,,,,
AMGN,2019-02-07,542303.8571428572,0.0002657595047032,0.6121899954334912,300.0,0.0023104906018664843,0.2,108460.77142857143,18430402.72337628,108460.77142857143,-1124.7638296906268,0.00588488342096859,True,non_rolling_afs_day_only,afs,intraday_only,0.5,True,,,,,,
AMGN,2019-02-08,542303.8571428572,0.0002657595047032,0.6121899954334912,300.0,0.0023104906018664843,0.2,108460.77142857143,19146315.67239938,108460.77142857142,1018.7412281204879,0.005664837730891718,True,non_rolling_afs_day_only,afs,intraday_only,0.5,True,,,,,,
AMGN,2019-02-11,542303.8571428572,0.0002657595047032,0.6121899954334912,300.0,0.0023104906018664843,0.2,108460.77142857143,17969957.532432232,108460.77142857143,-1017.8609928966578,0.006035672106226245,True,non_rolling_afs_day_only,afs,intraday_only,0.5,True,,,,,,
AMGN,2019-02-12,542303.8571428572,0.0002657595047032,0.6121899954334912,300.0,0.0023104906018664843,0.2,108460.77142857143,30447411.704524238,108460.77142857143,2413.5706322767364,0.0035622328912922026,True,non_rolling_afs_day_only,afs,intraday_only,0.5,True,,,,,,
AMGN,2019-02-13,542303.8571428572,0.0002657595047032,0.6121899954334912,300.0,0.0023104906018664843,0.2,108460.77142857143,17238238.736630246,108460.77142857143,-1041.37663916553,0.0062918708277370965,True,non_rolling_afs_day_only,afs,intraday_only,0.5,True,,,,,,
AMGN,2019-02-14,542303.8571428572,0.0002657595047032,0.6121899954334912,300.0,0.0023104906018664843,0.2,108460.77142857143,20010737.226756103,108460.7714285714,1536.2038776059856,0.005420128713876164,True,non_rolling_afs_day_only,afs,intraday_only,0.5,True,,,,,,
AMGN,2019-02-15,542303.8571428572,0.0002657595047032,0.6121899954334912,300.0,0.0023104906018664843,0.2,108460.77142857143,17450713.938314926,108460.77142857143,881.4779193313607,0.006215262699965192,True,non_rolling_afs_day_only,afs,intraday_only,0.5,True,,,,,,
AMGN,2019-02-19,542303.8571428572,0.0002657595047032,0.6121899954334912,300.0,0.0023104906018664843,0.2,108460.77142857143,16528791.596212927,108460.77142857143,554.4382838291026,0.006561929878371867,True,non_rolling_afs_day_only,afs,intraday_only,0.5,True,,,,,,
AMGN,2019-02-20,542303.8571428572,0.0002657595047032,0.6121899954334912,300.0,0.0023104906018664843,0.2,108460.77142857143,19213654.300553545,108460.77142857143,1400.9271926011693,0.005644984016676446,True,non_rolling_afs_day_only,afs,intraday_only,0.5,True,,,,,,
AMGN,2019-02-21,542303.8571428572,0.0002657595047032,0.6121899954334912,300.0,0.0023104906018664843,0.2,108460.77142857143,21683095.622335576,108460.77142857143,1525.4908645563837,0.005002088876868988,True,non_rolling_afs_day_only,afs,intraday_only,0.5,True,,,,,,
AMGN,2019-02-22,542303.8571428572,0.0002657595047032,0.6121899954334912,300.0,0.0023104906018664843,0.2,108460.77142857143,27426208.383183975,108460.77142857145,-2018.9073408984734,0.003954639661203506,True,non_rolling_afs_day_only,afs,intraday_only,0.5,True,,,,,,
AMGN,2019-02-25,542303.8571428572,0.0002657595047032,0.6121899954334912,300.0,0.0023104906018664843,0.2,108460.77142857143,17850521.996961538,108460.77142857143,1217.009176076128,0.006076056008167901,True,non_rolling_afs_day_only,afs,intraday_only,0.5,True,,,,,,
AMGN,2019-02-26,542303.8571428572,0.0002657595047032,0.6121899954334912,300.0,0.0023104906018664843,0.2,108460.77142857143,20727076.232693315,108460.77142857143,-1521.338857002384,0.005232806123301349,True,non_rolling_afs_day_only,afs,intraday_only,0.5,True,,,,,,
AMGN,2019-02-27,542303.8571428572,0.0002657595047032,0.6121899954334912,300.0,0.0023104906018664843,0.2,108460.77142857143,17242238.2162447,108460.77142857143,-1164.8717747843052,0.006290411376313406,True,non_rolling_afs_day_only,afs,intraday_only,0.5,True,,,,,,
AMGN,2019-02-28,542303.8571428572,0.0002657595047032,0.6121899954334912,300.0,0.0023104906018664843,0.2,108460.77142857143,18384328.223242424,108460.77142857143,1170.7892488419538,0.005899632018723952,True,non_rolling_afs_day_only,afs,intraday_only,0.5,True,,,,,,
AMZN,2019-02-01,636814.1428571428,0.0003267894702955,0.9004282299437079,300.0,0.0023104906018664843,0.2,127362.82857142857,12823565.008750279,127362.82857142859,2123.2010421924138,0.009931936125759207,True,non_rolling_afs_day_only,afs,intraday_only,0.5,True,,,,,,
AMZN,2019-02-04,636814.1428571428,0.0003267894702955,0.9004282299437079,300.0,0.0023104906018664843,0.2,127362.82857142857,10408058.441961192,127362.82857142857,-850.3586207574635,0.012236944025789846,True,non_rolling_afs_day_only,afs,intraday_only,0.5,True,,,,,,
AMZN,2019-02-05,636814.1428571428,0.0003267894702955,0.9004282299437079,300.0,0.0023104906018664843,0.2,127362.82857142857,8568999.000583043,127362.82857142854,-369.96425107042285,0.014863209642428793,True,non_rolling_afs_day_only,afs,intraday_only,0.5,True,,,,,,
AMZN,2019-02-06,636814.1428571428,0.0003267894702955,0.9004282299437079,300.0,0.0023104906018664843,0.2,127362.82857142857,10298139.445107494,127362.82857142859,-1288.5320856340684,0.012367557193249789,True,non_rolling_afs_day_only,afs,intraday_only,0.5,True,,,,,,
AMZN,2019-02-07,636814.1428571428,0.0003267894702955,0.9004282299437079,300.0,0.0023104906018664843,0.2,127362.82857142857,9779777.739367155,127362.82857142857,816.9423591171492,0.013023080070495565,True,non_rolling_afs_day_only,afs,intraday_only,0.5,True,,,,,,
AMZN,2019-02-08,636814.1428571428,0.0003267894702955,0.9004282299437079,300.0,0.0023104906018664843,0.2,127362.82857142857,10087440.70580894,127362.82857142859,-484.9935586618981,0.012625881260257182,True,non_rolling_afs_day_only,afs,intraday_only,0.5,True,,,,,,
AMZN,2019-02-11,636814.1428571428,0.0003267894702955,0.9004282299437079,300.0,0.0023104906018664843,0.2,127362.82857142857,10892522.531160686,127362.82857142854,-1286.5190895960668,0.011692684427053191,True,non_rolling_afs_day_only,afs,intraday_only,0.5,True,,,,,,
AMZN,2019-02-12,636814.1428571428,0.0003267894702955,0.9004282299437079,300.0,0.0023104906018664843,0.2,127362.82857142857,9706065.758047748,127362.82857142859,-552.5433217825389,0.013121982865799787,True,non_rolling_afs_day_only,afs,intraday_only,0.5,True,,,,,,
AMZN,2019-02-13,636814.1428571428,0.0003267894702955,0.9004282299437079,300.0,0.0023104906018664843,0.2,127362.82857142857,9605241.567901028,127362.82857142857,-280.89965748418297,0.013259721545895524,True,non_rolling_afs_day_only,afs,intraday_only,0.5,True,,,,,,
AMZN,2019-02-14,636814.1428571428,0.0003267894702955,0.9004282299437079,300.0,0.0023104906018664843,0.2,127362.82857142857,10611631.565791965,127362.82857142857,-1497.6013148811035,0.012002190971461914,True,non_rolling_afs_day_only,afs,intraday_only,0.5,True,,,,,,
AMZN,2019-02-15,636814.1428571428,0.0003267894702955,0.9004282299437079,300.0,0.0023104906018664843,0.2,127362.82857142857,12863647.802977402,127362.82857142856,1536.0741034504326,0.009900988469378752,True,non_rolling_afs_day_only,afs,intraday_only,0.5,True,,,,,,
AMZN,2019-02-19,636814.1428571428,0.0003267894702955,0.9004282299437079,300.0,0.0023104906018664843,0.2,127362.82857142857,9515498.160489451,127362.82857142854,-445.2634038430873,0.013384777803885086,True,non_rolling_afs_day_only,afs,intraday_only,0.5,True,,,,,,
AMZN,2019-02-20,636814.1428571428,0.0003267894702955,0.9004282299437079,300.0,0.0023104906018664843,0.2,127362.82857142857,10454002.268332388,127362.82857142857,1263.9492895208555,0.012183164428540474,True,non_rolling_afs_day_only,afs,intraday_only,0.5,True,,,,,,
AMZN,2019-02-21,636814.1428571428,0.0003267894702955,0.9004282299437079,300.0,0.0023104906018664843,0.2,127362.82857142857,9634966.86424054,127362.82857142859,593.7160935525516,0.01321881334580674,True,non_rolling_afs_day_only,afs,intraday_only,0.5,True,,,,,,
AMZN,2019-02-22,636814.1428571428,0.0003267894702955,0.9004282299437079,300.0,0.0023104906018664843,0.2,127362.82857142857,9359825.572982764,127362.82857142859,-44.26317669272464,0.013607393383383418,True,non_rolling_afs_day_only,afs,intraday_only,0.5,True,,,,,,
AMZN,2019-02-25,636814.1428571428,0.0003267894702955,0.9004282299437079,300.0,0.0023104906018664843,0.2,127362.82857142857,9548693.037121857,127362.8285714286,-104.8109821331733,0.013338247242453818,True,non_rolling_afs_day_only,afs,intraday_only,0.5,True,,,,,,
AMZN,2019-02-26,636814.1428571428,0.0003267894702955,0.9004282299437079,300.0,0.0023104906018664843,0.2,127362.82857142857,14636841.907225922,127362.82857142857,2206.624302842571,0.008701523824517913,True,non_rolling_afs_day_only,afs,intraday_only,0.5,True,,,,,,
AMZN,2019-02-27,636814.1428571428,0.0003267894702955,0.9004282299437079,300.0,0.0023104906018664843,0.2,127362.82857142857,14316740.694243312,127362.82857142857,2242.4302927243857,0.008896077067501859,True,non_rolling_afs_day_only,afs,intraday_only,0.5,True,,,,,,
AMZN,2019-02-28,636814.1428571428,0.0003267894702955,0.9004282299437079,300.0,0.0023104906018664843,0.2,127362.82857142857,9126450.94610931,127362.82857142856,412.82836340680853,0.013955351244803932,True,non_rolling_afs_day_only,afs,intraday_only,0.5,True,,,,,,
APA,2019-02-01,448791.2380952381,0.0004688084821136,0.6312982647318527,300.0,0.0023104906018664843,0.2,89758.24761904763,16044438.507202372,89758.24761904762,-141.5031815832075,0.0055943526835641535,True,non_rolling_afs_day_only,afs,intraday_only,0.5,True,,,,,,
APA,2019-02-04,448791.2380952381,0.0004688084821136,0.6312982647318527,300.0,0.0023104906018664843,0.2,89758.24761904763,16083529.001729704,89758.24761904764,164.00671097516766,0.005580755791182058,True,non_rolling_afs_day_only,afs,intraday_only,0.5,True,,,,,,
APA,2019-02-05,448791.2380952381,0.0004688084821136,0.6312982647318527,300.0,0.0023104906018664843,0.2,89758.24761904763,23866438.069605086,89758.24761904762,-1109.3989320580076,0.003760856452784152,True,non_rolling_afs_day_only,afs,intraday_only,0.5,True,,,,,,
APA,2019-02-06,448791.2380952381,0.0004688084821136,0.6312982647318527,300.0,0.0023104906018664843,0.2,89758.24761904763,20022743.756592788,89758.24761904762,788.1206837150694,0.004482814578770873,True,non_rolling_afs_day_only,afs,intraday_only,0.5,True,,,,,,
APA,2019-02-07,448791.2380952381,0.0004688084821136,0.6312982647318527,300.0,0.0023104906018664843,0.2,89758.24761904763,18774027.838148143,89758.24761904763,95.24261665348513,0.004780979787228297,True,non_rolling_afs_day_only,afs,intraday_only,0.5,True,,,,,,
APA,2019-02-08,448791.2380952381,0.0004688084821136,0.6312982647318527,300.0,0.0023104906018664843,0.2,89758.24761904763,22752826.434779324,89758.24761904763,-999.536020248314,0.003944927364357939,True,non_rolling_afs_day_only,afs,intraday_only,0.5,True,,,,,,
APA,2019-02-11,448791.2380952381,0.0004688084821136,0.6312982647318527,300.0,0.0023104906018664843,0.2,89758.24761904763,31417832.684809722,89758.24761904762,1635.0394202686443,0.002856920415851761,True,non_rolling_afs_day_only,afs,intraday_only,0.5,True,,,,,,
APA,2019-02-12,448791.2380952381,0.0004688084821136,0.6312982647318527,300.0,0.0023104906018664843,0.2,89758.24761904763,19242464.290161278,89758.24761904764,710.8634035580546,0.004664592136722387,True,non_rolling_afs_day_only,afs,intraday_only,0.5,True,,,,,,
APA,2019-02-13,448791.2380952381,0.0004688084821136,0.6312982647318527,300.0,0.0023104906018664843,0.2,89758.24761904763,36429548.839844696,89758.24761904763,2114.6200320440416,0.002463885787157343,True,non_rolling_afs_day_only,afs,intraday_only,0.5,True,,,,,,
APA,2019-02-14,448791.2380952381,0.0004688084821136,0.6312982647318527,300.0,0.0023104906018664843,0.2,89758.24761904763,17536861.23090432,89758.24761904764,-189.29414214201182,0.00511826183928919,True,non_rolling_afs_day_only,afs,intraday_only,0.5,True,,,,,,
APA,2019-02-15,448791.2380952381,0.0004688084821136,0.6312982647318527,300.0,0.0023104906018664843,0.2,89758.24761904763,18813350.54793003,89758.24761904763,-847.5717613400983,0.00477098682610384,True,non_rolling_afs_day_only,afs,intraday_only,0.5,True,,,,,,
APA,2019-02-19,448791.2380952381,0.0004688084821136,0.6312982647318527,300.0,0.0023104906018664843,0.2,89758.24761904763,15769363.350859338,89758.24761904762,-200.1363216935863,0.005691938578747779,True,non_rolling_afs_day_only,afs,intraday_only,0.5,True,,,,,,
APA,2019-02-20,448791.2380952381,0.0004688084821136,0.6312982647318527,300.0,0.0023104906018664843,0.2,89758.24761904763,25300594.17885662,89758.24761904763,1785.7199123709754,0.003547673504603202,True,non_rolling_afs_day_only,afs,intraday_only,0.5,True,,,,,,
APA,2019-02-21,448791.2380952381,0.0004688084821136,0.6312982647318527,300.0,0.0023104906018664843,0.2,89758.24761904763,23328792.275325034,89758.24761904763,-1749.7772257613374,0.003847530834846745,True,non_rolling_afs_day_only,afs,intraday_only,0.5,True,,,,,,
APA,2019-02-22,448791.2380952381,0.0004688084821136,0.6312982647318527,300.0,0.0023104906018664843,0.2,89758.24761904763,17008739.593946103,89758.24761904763,-962.5305944670304,0.0052771839514196076,True,non_rolling_afs_day_only,afs,intraday_only,0.5,True,,,,,,
APA,2019-02-25,448791.2380952381,0.0004688084821136,0.6312982647318527,300.0,0.0023104906018664843,0.2,89758.24761904763,17248476.74656723,89758.24761904764,-280.25554478257686,0.005203836195965026,True,non_rolling_afs_day_only,afs,intraday_only,0.5,True,,,,,,
APA,2019-02-26,448791.2380952381,0.0004688084821136,0.6312982647318527,300.0,0.0023104906018664843,0.2,89758.24761904763,16721407.465310281,89758.24761904762,-219.83737055708832,0.005367864386132407,True,non_rolling_afs_day_only,afs,intraday_only,0.5,True,,,,,,
APA,2019-02-27,448791.2380952381,0.0004688084821136,0.6312982647318527,300.0,0.0023104906018664843,0.2,89758.24761904763,18834768.006785348,89758.24761904763,940.2677183582639,0.004765561624476162,True,non_rolling_afs_day_only,afs,intraday_only,0.5,True,,,,,,
APA,2019-02-28,448791.2380952381,0.0004688084821136,0.6312982647318527,300.0,0.0023104906018664843,0.2,89758.24761904763,19064284.281929627,89758.24761904764,1020.0259885598597,0.004708188688946816,True,non_rolling_afs_day_only,afs,intraday_only,0.5,True,,,,,,
APC,2019-02-01,398272.2380952381,0.0003848964931289,0.538800692338649,300.0,0.0023104906018664843,0.2,79654.44761904763,17579467.225421224,79654.44761904763,290.42003979936123,0.004531107035135931,True,non_rolling_afs_day_only,afs,intraday_only,0.5,True,,,,,,
APC,2019-02-04,398272.2380952381,0.0003848964931289,0.538800692338649,300.0,0.0023104906018664843,0.2,79654.44761904763,21017522.55077006,79654.44761904763,974.1228352739008,0.0037899066089561147,True,non_rolling_afs_day_only,afs,intraday_only,0.5,True,,,,,,
APC,2019-02-05,398272.2380952381,0.0003848964931289,0.538800692338649,300.0,0.0023104906018664843,0.2,79654.44761904763,18242990.087852716,79654.44761904761,-280.5741189913643,0.00436630438516142,True,non_rolling_afs_day_only,afs,intraday_only,0.5,True,,,,,,
APC,2019-02-06,398272.2380952381,0.0003848964931289,0.538800692338649,300.0,0.0023104906018664843,0.2,79654.44761904763,20617496.279645413,79654.44761904763,-562.5586591097264,0.003863439407901644,True,non_rolling_afs_day_only,afs,intraday_only,0.5,True,,,,,,
APC,2019-02-07,398272.2380952381,0.0003848964931289,0.538800692338649,300.0,0.0023104906018664843,0.2,79654.44761904763,26063193.33675436,79654.44761904761,-852.057583471889,0.0030562044562175267,True,non_rolling_afs_day_only,afs,intraday_only,0.5,True,,,,,,
APC,2019-02-08,398272.2380952381,0.0003848964931289,0.538800692338649,300.0,0.0023104906018664843,0.2,79654.44761904763,36635752.80774461,79654.44761904763,-1491.1401017875319,0.0021742271282660553,True,non_rolling_afs_day_only,afs,intraday_only,0.5,True,,,,,,
APC,2019-02-11,398272.2380952381,0.0003848964931289,0.538800692338649,300.0,0.0023104906018664843,0.2,79654.44761904763,48699745.30390073,79654.44761904763,2177.168541881447,0.0016356234949891513,True,non_rolling_afs_day_only,afs,intraday_only,0.5,True,,,,,,
APC,2019-02-12,398272.2380952381,0.0003848964931289,0.538800692338649,300.0,0.0023104906018664843,0.2,79654.44761904763,22091504.66425522,79654.44761904763,354.97653329559506,0.003605659679122316,True,non_rolling_afs_day_only,afs,intraday_only,0.5,True,,,,,,
APC,2019-02-13,398272.2380952381,0.0003848964931289,0.538800692338649,300.0,0.0023104906018664843,0.2,79654.44761904763,25330370.11656569,79654.44761904763,-870.3229990911053,0.003144622334868877,True,non_rolling_afs_day_only,afs,intraday_only,0.5,True,,,,,,
APC,2019-02-14,398272.2380952381,0.0003848964931289,0.538800692338649,300.0,0.0023104906018664843,0.2,79654.44761904763,25699303.582590904,79654.44761904763,869.5268945598375,0.0030994788385241205,True,non_rolling_afs_day_only,afs,intraday_only,0.5,True,,,,,,
APC,2019-02-15,398272.2380952381,0.0003848964931289,0.538800692338649,300.0,0.0023104906018664843,0.2,79654.44761904763,24526881.3485215,79654.44761904761,-766.4103049402138,0.0032476386413411366,True,non_rolling_afs_day_only,afs,intraday_only,0.5,True,,,,,,
APC,2019-02-19,398272.2380952381,0.0003848964931289,0.538800692338649,300.0,0.0023104906018664843,0.2,79654.44761904763,26242244.60960182,79654.44761904763,1091.3440320742475,0.0030353519222171537,True,non_rolling_afs_day_only,afs,intraday_only,0.5,True,,,,,,
APC,2019-02-20,398272.2380952381,0.0003848964931289,0.538800692338649,300.0,0.0023104906018664843,0.2,79654.44761904763,40947647.60423436,79654.44761904761,1792.742658376203,0.0019452753034538332,True,non_rolling_afs_day_only,afs,intraday_only,0.5,True,,,,,,
APC,2019-02-21,398272.2380952381,0.0003848964931289,0.538800692338649,300.0,0.0023104906018664843,0.2,79654.44761904763,24369961.58630567,79654.44761904763,-649.7999621237568,0.0032685503970514354,True,non_rolling_afs_day_only,afs,intraday_only,0.5,True,,,,,,
APC,2019-02-22,398272.2380952381,0.0003848964931289,0.538800692338649,300.0,0.0023104906018664843,0.2,79654.44761904763,21243523.024423122,79654.44761904763,248.15440551237015,0.003749587463787009,True,non_rolling_afs_day_only,afs,intraday_only,0.5,True,,,,,,
APC,2019-02-25,398272.2380952381,0.0003848964931289,0.538800692338649,300.0,0.0023104906018664843,0.2,79654.44761904763,29559796.396225654,79654.44761904761,1347.4957031343392,0.0026946886423486432,True,non_rolling_afs_day_only,afs,intraday_only,0.5,True,,,,,,
APC,2019-02-26,398272.2380952381,0.0003848964931289,0.538800692338649,300.0,0.0023104906018664843,0.2,79654.44761904763,28990634.00076208,79654.44761904763,1030.5969748344235,0.0027475924678623358,True,non_rolling_afs_day_only,afs,intraday_only,0.5,True,,,,,,
APC,2019-02-27,398272.2380952381,0.0003848964931289,0.538800692338649,300.0,0.0023104906018664843,0.2,79654.44761904763,25125519.929955542,79654.44761904761,-956.0126760130122,0.00317026066887797,True,non_rolling_afs_day_only,afs,intraday_only,0.5,True,,,,,,
APC,2019-02-28,398272.2380952381,0.0003848964931289,0.538800692338649,300.0,0.0023104906018664843,0.2,79654.44761904763,25398721.325981226,79654.44761904763,429.14049139472075,0.0031361597537418687,True,non_rolling_afs_day_only,afs,intraday_only,0.5,True,,,,,,
AAL,2019-02-01,1236722.3333333333,0.000528342622418,73.75233904848605,600.0,0.0011552453009332421,0.2,247344.46666666667,29658224.309972472,247344.46666666667,900.7502150538247,0.008339827229086603,True,non_rolling_reduced_day_only,reduced_form,intraday_only,,,True,log_backward,0.5,34933.15081468553,0.00017759656660274926,0.0005776226504666211
AAL,2019-02-04,1236722.3333333333,0.000528342622418,73.75233904848605,600.0,0.0011552453009332421,0.2,247344.46666666667,25357168.947155,247344.4666666667,-27.967853368609752,0.00975441963502073,True,non_rolling_reduced_day_only,reduced_form,intraday_only,,,True,log_backward,0.5,28888.663171912583,0.00022679984890142343,0.0005776226504666211
AAL,2019-02-05,1236722.3333333333,0.000528342622418,73.75233904848605,600.0,0.0011552453009332421,0.2,247344.46666666667,28245345.64285469,247344.4666666667,-135.4601739205737,0.008756999110373363,True,non_rolling_reduced_day_only,reduced_form,intraday_only,,,True,log_backward,0.5,35913.53116699025,0.00019694034033331765,0.0005776226504666211
AAL,2019-02-06,1236722.3333333333,0.000528342622418,73.75233904848605,600.0,0.0011552453009332421,0.2,247344.46666666667,24482073.998042367,247344.46666666673,-494.0521420338068,0.01010308467683109,True,non_rolling_reduced_day_only,reduced_form,intraday_only,,,True,log_backward,0.5,25080.345501634332,0.00020535867180081126,0.0005776226504666211
AAL,2019-02-07,1236722.3333333333,0.000528342622418,73.75233904848605,600.0,0.0011552453009332421,0.2,247344.46666666667,29382834.4437311,247344.46666666667,504.7938277086676,0.008417992047034735,True,non_rolling_reduced_day_only,reduced_form,intraday_only,,,True,log_backward,0.5,34881.03870863076,0.0001580638007184145,0.0005776226504666211
AAL,2019-02-08,1236722.3333333333,0.000528342622418,73.75233904848605,600.0,0.0011552453009332421,0.2,247344.46666666667,28974675.772518225,247344.46666666665,-249.45372936097988,0.008536574096931461,True,non_rolling_reduced_day_only,reduced_form,intraday_only,,,True,log_backward,0.5,31989.950553307124,0.00018805187124752923,0.0005776226504666211
AAL,2019-02-11,1236722.3333333333,0.000528342622418,73.75233904848605,600.0,0.0011552453009332421,0.2,247344.46666666667,25871390.384500377,247344.46666666667,-1680.4879911755093,0.00956054015615842,True,non_rolling_reduced_day_only,reduced_form,intraday_only,,,True,log_backward,0.5,28816.674615185984,0.00019667339795283802,0.0005776226504666211
AAL,2019-02-12,1236722.3333333333,0.000528342622418,73.75233904848605,600.0,0.0011552453009332421,0.2,247344.46666666667,30973241.444960542,247344.46666666673,-1406.6590772156712,0.007985746894014883,True,non_rolling_reduced_day_only,reduced_form,intraday_only,,,True,log_backward,0.5,44081.19035568412,0.00020998670618520938,0.0005776226504666211
AAL,2019-02-13,1236722.3333333333,0.000528342622418,73.75233904848605,600.0,0.0011552453009332421,0.2,247344.46666666667,29172531.796769176,247344.46666666662,706.281110110255,0.008478676735697646,True,non_rolling_reduced_day_only,reduced_form,intraday_only,,,True,log_backward,0.5,32666.39594958316,0.00018496096484788065,0.0005776226504666211
AAL,2019-02-14,1236722.3333333333,0.000528342622418,73.75233904848605,600.0,0.0011552453009332421,0.2,247344.46666666667,27720894.719500422,247344.46666666673,777.9540242321484,0.008922672560516988,True,non_rolling_reduced_day_only,reduced_form,intraday_only,,,True,log_backward,0.5,29935.537308007053,0.000181536823920577,0.0005776226504666211
AAL,2019-02-15,1236722.3333333333,0.000528342622418,73.75233904848605,600.0,0.0011552453009332421,0.2,247344.46666666667,37009009.16632716,247344.46666666667,1049.0487052400003,0.006683358248123927,True,non_rolling_reduced_day_only,reduced_form,intraday_only,,,True,log_backward,0.5,57065.027043273316,0.0002148350903135167,0.0005776226504666211
AAL,2019-02-19,1236722.3333333333,0.000528342622418,73.75233904848605,600.0,0.0011552453009332421,0.2,247344.46666666667,29389024.512515675,247344.46666666665,742.5396160665783,0.008416219005885411,True,non_rolling_reduced_day_only,reduced_form,intraday_only,,,True,log_backward,0.5,35662.819623920834,0.00022374548883956574,0.0005776226504666211
AAL,2019-02-20,1236722.3333333333,0.000528342622418,73.75233904848605,600.0,0.0011552453009332421,0.2,247344.46666666667,31590817.474027205,247344.46666666667,-1505.8551357029787,0.007829631723522953,True,non_rolling_reduced_day_only,reduced_form,intraday_only,,,True,log_backward,0.5,40834.741492171364,0.00022260382203992645,0.0005776226504666211
AAL,2019-02-21,1236722.3333333333,0.000528342622418,73.75233904848605,600.0,0.0011552453009332421,0.2,247344.46666666667,28635350.976635687,247344.4666666667,343.38919245767926,0.008637731273783979,True,non_rolling_reduced_day_only,reduced_form,intraday_only,,,True,log_backward,0.5,34676.11286824244,0.00021612779899778594,0.0005776226504666211
AAL,2019-02-22,1236722.3333333333,0.000528342622418,73.75233904848605,600.0,0.0011552453009332421,0.2,247344.46666666667,26369619.726746693,247344.46666666667,871.7586861604425,0.009379902677010745,True,non_rolling_reduced_day_only,reduced_form,intraday_only,,,True,log_backward,0.5,30946.8524575891,0.00022480801430339685,0.0005776226504666211
AAL,2019-02-25,1236722.3333333333,0.000528342622418,73.75233904848605,600.0,0.0011552453009332421,0.2,247344.46666666667,25910128.569447227,247344.46666666667,-537.9707557298256,0.009546246210384728,True,non_rolling_reduced_day_only,reduced_form,intraday_only,,,True,log_backward,0.5,30362.96111473716,0.00025234200343622826,0.0005776226504666211
AAL,2019-02-26,1236722.3333333333,0.000528342622418,73.75233904848605,600.0,0.0011552453009332421,0.2,247344.46666666667,26828739.94962387,247344.46666666667,1642.754367003691,0.009219384403855849,True,non_rolling_reduced_day_only,reduced_form,intraday_only,,,True,log_backward,0.5,32068.438827356535,0.0002257137990378911,0.0005776226504666211
AAL,2019-02-27,1236722.3333333333,0.000528342622418,73.75233904848605,600.0,0.0011552453009332421,0.2,247344.46666666667,27510486.147328828,247344.46666666667,-607.1857149398083,0.008990915876296973,True,non_rolling_reduced_day_only,reduced_form,intraday_only,,,True,log_backward,0.5,32155.931428017982,0.00023026313503396876,0.0005776226504666211
AAL,2019-02-28,1236722.3333333333,0.000528342622418,73.75233904848605,600.0,0.0011552453009332421,0.2,247344.46666666667,25742180.38084516,247344.46666666667,1517.791759373792,0.009608528221281384,True,non_rolling_reduced_day_only,reduced_form,intraday_only,,,True,log_backward,0.5,27347.061069281306,0.00021729861675269256,0.0005776226504666211
AAPL,2019-02-01,2968462.8095238097,0.0002876491912289,106.65359359372692,600.0,0.0011552453009332421,0.2,593692.5619047619,45197804.57032713,593692.561904762,-3089.6768206398056,0.013135429199464432,True,non_rolling_reduced_day_only,reduced_form,intraday_only,,,True,log_backward,0.5,67554.75993767667,0.00012916804721427297,0.0005776226504666211
AAPL,2019-02-04,2968462.8095238097,0.0002876491912289,106.65359359372692,600.0,0.0011552453009332421,0.2,593692.5619047619,43837345.5221574,593692.5619047618,62.015797766782555,0.013543077365500667,True,non_rolling_reduced_day_only,reduced_form,intraday_only,,,True,log_backward,0.5,75941.32097940573,0.0001271621952634993,0.0005776226504666211
AAPL,2019-02-05,2968462.8095238097,0.0002876491912289,106.65359359372692,600.0,0.0011552453009332421,0.2,593692.5619047619,47171601.52708602,593692.5619047619,-454.7560673960887,0.012585804651212925,True,non_rolling_reduced_day_only,reduced_form,intraday_only,,,True,log_backward,0.5,85903.48137016664,0.00013762981599264442,0.0005776226504666211
AAPL,2019-02-06,2968462.8095238097,0.0002876491912289,106.65359359372692,600.0,0.0011552453009332421,0.2,593692.5619047619,43334312.70349495,593692.5619047619,8.989122264923026,0.013700287944266394,True,non_rolling_reduced_day_only,reduced_form,intraday_only,,,True,log_backward,0.5,70483.58148880089,0.0001237936424179007,0.0005776226504666211
AAPL,2019-02-07,2968462.8095238097,0.0002876491912289,106.65359359372692,600.0,0.0011552453009332421,0.2,593692.5619047619,47771350.48972547,593692.5619047619,-634.6228779202069,0.012427795233305193,True,non_rolling_reduced_day_only,reduced_form,intraday_only,,,True,log_backward,0.5,82655.08905332688,0.00011013876628819596,0.0005776226504666211
AAPL,2019-02-08,2968462.8095238097,0.0002876491912289,106.65359359372692,600.0,0.0011552453009332421,0.2,593692.5619047619,41571906.062406436,593692.5619047619,1660.4592629461831,0.014281100342465158,True,non_rolling_reduced_day_only,reduced_form,intraday_only,,,True,log_backward,0.5,59580.725886371794,0.00010620820252196977,0.0005776226504666211
AAPL,2019-02-11,2968462.8095238097,0.0002876491912289,106.65359359372692,600.0,0.0011552453009332421,0.2,593692.5619047619,40513571.40856005,593692.5619047619,-2354.510559394318,0.014654165043058177,True,non_rolling_reduced_day_only,reduced_form,intraday_only,,,True,log_backward,0.5,59258.43717944467,9.740455718556217e-05,0.0005776226504666211
AAPL,2019-02-12,2968462.8095238097,0.0002876491912289,106.65359359372692,600.0,0.0011552453009332421,0.2,593692.5619047619,44183233.3690708,593692.5619047619,3017.826187331966,0.013437055566882964,True,non_rolling_reduced_day_only,reduced_form,intraday_only,,,True,log_backward,0.5,67365.45494498331,8.584624076470595e-05,0.0005776226504666211
AAPL,2019-02-13,2968462.8095238097,0.0002876491912289,106.65359359372692,600.0,0.0011552453009332421,0.2,593692.5619047619,42096958.856360584,593692.5619047619,-2658.847585148429,0.014102979835918926,True,non_rolling_reduced_day_only,reduced_form,intraday_only,,,True,log_backward,0.5,64372.0350513713,9.292108112540881e-05,0.0005776226504666211
AAPL,2019-02-14,2968462.8095238097,0.0002876491912289,106.65359359372692,600.0,0.0011552453009332421,0.2,593692.5619047619,42318595.49359304,593692.5619047619,3482.732543726369,0.014029117814050468,True,non_rolling_reduced_day_only,reduced_form,intraday_only,,,True,log_backward,0.5,63295.791075642905,9.461387292144621e-05,0.0005776226504666211
AAPL,2019-02-15,2968462.8095238097,0.0002876491912289,106.65359359372692,600.0,0.0011552453009332421,0.2,593692.5619047619,44268737.71383482,593692.5619047619,-128.15749816768482,0.013411102113246426,True,non_rolling_reduced_day_only,reduced_form,intraday_only,,,True,log_backward,0.5,65490.6695164363,9.043919624414824e-05,0.0005776226504666211
AAPL,2019-02-19,2968462.8095238097,0.0002876491912289,106.65359359372692,600.0,0.0011552453009332421,0.2,593692.5619047619,41169425.53743387,593692.5619047619,1016.2018526395113,0.01442071523113527,True,non_rolling_reduced_day_only,reduced_form,intraday_only,,,True,log_backward,0.5,61548.58098137173,9.812859882976292e-05,0.0005776226504666211
AAPL,2019-02-20,2968462.8095238097,0.0002876491912289,106.65359359372692,600.0,0.0011552453009332421,0.2,593692.5619047619,45847107.06354305,593692.5619047619,-1080.7389186276637,0.01294940073496715,True,non_rolling_reduced_day_only,reduced_form,intraday_only,,,True,log_backward,0.5,74297.26318074943,0.0001024872425408369,0.0005776226504666211
AAPL,2019-02-21,2968462.8095238097,0.0002876491912289,106.65359359372692,600.0,0.0011552453009332421,0.2,593692.5619047619,39646377.57896188,593692.561904762,20.26116546436174,0.014974698778528545,True,non_rolling_reduced_day_only,reduced_form,intraday_only,,,True,log_backward,0.5,55002.76272077917,9.562125812311838e-05,0.0005776226504666211
AAPL,2019-02-22,2968462.8095238097,0.0002876491912289,106.65359359372692,600.0,0.0011552453009332421,0.2,593692.5619047619,39498119.43202923,593692.5619047619,3681.7721822551875,0.015030907051826208,True,non_rolling_reduced_day_only,reduced_form,intraday_only,,,True,log_backward,0.5,57147.607250956826,0.00010123125900611441,0.0005776226504666211
AAPL,2019-02-25,2968462.8095238097,0.0002876491912289,106.65359359372692,600.0,0.0011552453009332421,0.2,593692.5619047619,45696423.17184995,593692.561904762,-97.48277273698307,0.012992101365834913,True,non_rolling_reduced_day_only,reduced_form,intraday_only,,,True,log_backward,0.5,78334.75400852757,0.0001070335848026629,0.0005776226504666211
AAPL,2019-02-26,2968462.8095238097,0.0002876491912289,106.65359359372692,600.0,0.0011552453009332421,0.2,593692.5619047619,36813075.99367107,593692.5619047619,5.557358746746104,0.01612721963268785,True,non_rolling_reduced_day_only,reduced_form,intraday_only,,,True,log_backward,0.5,54396.38916828505,9.50751414058597e-05,0.0005776226504666211
AAPL,2019-02-27,2968462.8095238097,0.0002876491912289,106.65359359372692,600.0,0.0011552453009332421,0.2,593692.5619047619,38276066.15606019,593692.5619047619,-555.6675464616907,0.01551080404877928,True,non_rolling_reduced_day_only,reduced_form,intraday_only,,,True,log_backward,0.5,56561.02697202263,9.932503107605544e-05,0.0005776226504666211
AAPL,2019-02-28,2968462.8095238097,0.0002876491912289,106.65359359372692,600.0,0.0011552453009332421,0.2,593692.5619047619,38049054.43879104,593692.5619047618,-1873.6009438393771,0.015603346013757756,True,non_rolling_reduced_day_only,reduced_form,intraday_only,,,True,log_backward,0.5,52714.65143159813,0.00010199497607628414,0.0005776226504666211
ABBV,2019-02-01,476343.1904761905,0.000342149361792,89.71183060865975,600.0,0.0011552453009332421,0.2,95268.6380952381,12793864.559242122,95268.6380952381,-351.96534142026553,0.007446431659026535,True,non_rolling_reduced_day_only,reduced_form,intraday_only,,,True,log_backward,0.5,16512.3620537119,0.0001222055866781744,0.0005776226504666211
ABBV,2019-02-04,476343.1904761905,0.000342149361792,89.71183060865975,600.0,0.0011552453009332421,0.2,95268.6380952381,17296985.29821077,95268.6380952381,-64.76653587221386,0.005507817486848003,True,non_rolling_reduced_day_only,reduced_form,intraday_only,,,True,log_backward,0.5,29311.28983998669,0.00011902977130157632,0.0005776226504666211
ABBV,2019-02-05,476343.1904761905,0.000342149361792,89.71183060865975,600.0,0.0011552453009332421,0.2,95268.6380952381,12503256.781938592,95268.6380952381,548.9887853799355,0.007619505842098444,True,non_rolling_reduced_day_only,reduced_form,intraday_only,,,True,log_backward,0.5,15810.387446894809,0.00016005232694981923,0.0005776226504666211
ABBV,2019-02-06,476343.1904761905,0.000342149361792,89.71183060865975,600.0,0.0011552453009332421,0.2,95268.6380952381,9253058.55687556,95268.63809523812,371.49814795763376,0.010295907835193366,True,non_rolling_reduced_day_only,reduced_form,intraday_only,,,True,log_backward,0.5,8443.212107349895,0.00018282783735196196,0.0005776226504666211
ABBV,2019-02-07,476343.1904761905,0.000342149361792,89.71183060865975,600.0,0.0011552453009332421,0.2,95268.6380952381,12949959.159304082,95268.63809523807,118.09584648337214,0.00735667479127075,True,non_rolling_reduced_day_only,reduced_form,intraday_only,,,True,log_backward,0.5,16080.84818483023,0.00010600423205802915,0.0005776226504666211
ABBV,2019-02-08,476343.1904761905,0.000342149361792,89.71183060865975,600.0,0.0011552453009332421,0.2,95268.6380952381,10834732.631531967,95268.6380952381,-313.7668531366412,0.008792892389239113,True,non_rolling_reduced_day_only,reduced_form,intraday_only,,,True,log_backward,0.5,11795.730837735551,0.00014260552400559447,0.0005776226504666211
ABBV,2019-02-11,476343.1904761905,0.000342149361792,89.71183060865975,600.0,0.0011552453009332421,0.2,95268.6380952381,9775223.574369607,95268.6380952381,-155.40606728254795,0.009745929325343523,True,non_rolling_reduced_day_only,reduced_form,intraday_only,,,True,log_backward,0.5,9901.16078717246,0.00018431298935283775,0.0005776226504666211
ABBV,2019-02-12,476343.1904761905,0.000342149361792,89.71183060865975,600.0,0.0011552453009332421,0.2,95268.6380952381,11661811.54258689,95268.63809523812,-435.77584674795685,0.008169282940933642,True,non_rolling_reduced_day_only,reduced_form,intraday_only,,,True,log_backward,0.5,13675.597694720884,0.0001534062659681018,0.0005776226504666211
ABBV,2019-02-13,476343.1904761905,0.000342149361792,89.71183060865975,600.0,0.0011552453009332421,0.2,95268.6380952381,9585210.557758886,95268.6380952381,-218.7907789905588,0.00993912836042204,True,non_rolling_reduced_day_only,reduced_form,intraday_only,,,True,log_backward,0.5,9962.174280239817,0.00019515460906703371,0.0005776226504666211
ABBV,2019-02-14,476343.1904761905,0.000342149361792,89.71183060865975,600.0,0.0011552453009332421,0.2,95268.6380952381,9799552.342806036,95268.6380952381,25.10840358226062,0.009721733683597895,True,non_rolling_reduced_day_only,reduced_form,intraday_only,,,True,log_backward,0.5,10418.612000613284,0.0001575612860468346,0.0005776226504666211
ABBV,2019-02-15,476343.1904761905,0.000342149361792,89.71183060865975,600.0,0.0011552453009332421,0.2,95268.6380952381,10740365.943431476,95268.6380952381,-512.2638596108288,0.008870148242341955,True,non_rolling_reduced_day_only,reduced_form,intraday_only,,,True,log_backward,0.5,12052.701292944043,0.00016995383353278888,0.0005776226504666211
ABBV,2019-02-19,476343.1904761905,0.000342149361792,89.71183060865975,600.0,0.0011552453009332421,0.2,95268.6380952381,10157904.842239657,95268.6380952381,188.86846509930433,0.009378768513274719,True,non_rolling_reduced_day_only,reduced_form,intraday_only,,,True,log_backward,0.5,11469.264757167266,0.00020029778812851205,0.0005776226504666211
ABBV,2019-02-20,476343.1904761905,0.000342149361792,89.71183060865975,600.0,0.0011552453009332421,0.2,95268.6380952381,10735654.112599462,95268.6380952381,-19.60980629028677,0.008874041310946294,True,non_rolling_reduced_day_only,reduced_form,intraday_only,,,True,log_backward,0.5,12128.417298576112,0.00016780787068324158,0.0005776226504666211
ABBV,2019-02-21,476343.1904761905,0.000342149361792,89.71183060865975,600.0,0.0011552453009332421,0.2,95268.6380952381,12542450.166847927,95268.6380952381,-104.09309627961811,0.007595695962743481,True,non_rolling_reduced_day_only,reduced_form,intraday_only,,,True,log_backward,0.5,16782.103102030313,0.00017255788935716725,0.0005776226504666211
ABBV,2019-02-22,476343.1904761905,0.000342149361792,89.71183060865975,600.0,0.0011552453009332421,0.2,95268.6380952381,10310972.107451415,95268.63809523807,-285.33535443512153,0.009239539890364988,True,non_rolling_reduced_day_only,reduced_form,intraday_only,,,True,log_backward,0.5,11205.55070303876,0.0001813075693367283,0.0005776226504666211
ABBV,2019-02-25,476343.1904761905,0.000342149361792,89.71183060865975,600.0,0.0011552453009332421,0.2,95268.6380952381,10927985.931641381,95268.6380952381,-37.754637170773535,0.00871785877939255,True,non_rolling_reduced_day_only,reduced_form,intraday_only,,,True,log_backward,0.5,13393.73536009096,0.00017053646926220523,0.0005776226504666211
ABBV,2019-02-26,476343.1904761905,0.000342149361792,89.71183060865975,600.0,0.0011552453009332421,0.2,95268.6380952381,10462555.23314913,95268.6380952381,98.7087296963632,0.009105676000963212,True,non_rolling_reduced_day_only,reduced_form,intraday_only,,,True,log_backward,0.5,11525.437703379615,0.00018011181731911977,0.0005776226504666211
ABBV,2019-02-27,476343.1904761905,0.000342149361792,89.71183060865975,600.0,0.0011552453009332421,0.2,95268.6380952381,10338527.256456275,95268.63809523809,540.3640212326834,0.009214913858813312,True,non_rolling_reduced_day_only,reduced_form,intraday_only,,,True,log_backward,0.5,10678.558599734535,0.00019399695594953485,0.0005776226504666211
ABBV,2019-02-28,476343.1904761905,0.000342149361792,89.71183060865975,600.0,0.0011552453009332421,0.2,95268.6380952381,12368027.912447318,95268.6380952381,363.27896805869034,0.007702815579786871,True,non_rolling_reduced_day_only,reduced_form,intraday_only,,,True,log_backward,0.5,16651.590896757018,0.0001234767643642559,0.0005776226504666211
ABT,2019-02-01,500060.1428571429,0.0002830669728843,99.69128221900176,600.0,0.0011552453009332421,0.2,100012.02857142859,8660652.726895858,100012.0285714286,1114.7471555976194,0.011547862698713102,True,non_rolling_reduced_day_only,reduced_form,intraday_only,,,True,log_backward,0.5,12502.468359917813,0.0001425142305985699,0.0005776226504666211
ABT,2019-02-04,500060.1428571429,0.0002830669728843,99.69128221900176,600.0,0.0011552453009332421,0.2,100012.02857142859,7788045.463647821,100012.02857142859,-346.87398415459853,0.012841736612639678,True,non_rolling_reduced_day_only,reduced_form,intraday_only,,,True,log_backward,0.5,10643.81558030243,0.000183227418610501,0.0005776226504666211
ABT,2019-02-05,500060.1428571429,0.0002830669728843,99.69128221900176,600.0,0.0011552453009332421,0.2,100012.02857142859,8085259.01250634,100012.02857142859,28.136018521208705,0.012369675283961741,True,non_rolling_reduced_day_only,reduced_form,intraday_only,,,True,log_backward,0.5,10770.201270394848,0.00015005156499863948,0.0005776226504666211
ABT,2019-02-06,500060.1428571429,0.0002830669728843,99.69128221900176,600.0,0.0011552453009332421,0.2,100012.02857142859,8062592.674972432,100012.02857142857,491.9176523227059,0.012404450107207053,True,non_rolling_reduced_day_only,reduced_form,intraday_only,,,True,log_backward,0.5,11000.820221345062,0.00017644818489173238,0.0005776226504666211
ABT,2019-02-07,500060.1428571429,0.0002830669728843,99.69128221900176,600.0,0.0011552453009332421,0.2,100012.02857142859,12135907.08233547,100012.02857142857,-311.67605557414726,0.008241001508408218,True,non_rolling_reduced_day_only,reduced_form,intraday_only,,,True,log_backward,0.5,22876.595007058913,9.455258077105867e-05,0.0005776226504666211
ABT,2019-02-08,500060.1428571429,0.0002830669728843,99.69128221900176,600.0,0.0011552453009332421,0.2,100012.02857142859,8929087.262878507,100012.0285714286,-106.17853937290326,0.011200700096998188,True,non_rolling_reduced_day_only,reduced_form,intraday_only,,,True,log_backward,0.5,12119.095829117192,0.00016652810830112684,0.0005776226504666211
ABT,2019-02-11,500060.1428571429,0.0002830669728843,99.69128221900176,600.0,0.0011552453009332421,0.2,100012.02857142859,9333247.579841841,100012.02857142859,684.328282128698,0.010715672944049704,True,non_rolling_reduced_day_only,reduced_form,intraday_only,,,True,log_backward,0.5,15238.251565090759,0.00016693719985242728,0.0005776226504666211
ABT,2019-02-12,500060.1428571429,0.0002830669728843,99.69128221900176,600.0,0.0011552453009332421,0.2,100012.02857142859,8930245.552301813,100012.0285714286,-202.2788602105099,0.011199247320321445,True,non_rolling_reduced_day_only,reduced_form,intraday_only,,,True,log_backward,0.5,15076.053054853714,0.00017470746621823456,0.0005776226504666211
ABT,2019-02-13,500060.1428571429,0.0002830669728843,99.69128221900176,600.0,0.0011552453009332421,0.2,100012.02857142859,9396307.280824166,100012.02857142859,319.5575654662443,0.01064375882805914,True,non_rolling_reduced_day_only,reduced_form,intraday_only,,,True,log_backward,0.5,14949.158040448878,0.00014050791066272261,0.0005776226504666211
ABT,2019-02-14,500060.1428571429,0.0002830669728843,99.69128221900176,600.0,0.0011552453009332421,0.2,100012.02857142859,8704948.27637615,100012.02857142859,-569.0390500673507,0.011489100841971155,True,non_rolling_reduced_day_only,reduced_form,intraday_only,,,True,log_backward,0.5,12125.968383317415,0.000129727549431434,0.0005776226504666211
ABT,2019-02-15,500060.1428571429,0.0002830669728843,99.69128221900176,600.0,0.0011552453009332421,0.2,100012.02857142859,8561986.697291734,100012.02857142859,-624.6259575587294,0.011680937159487023,True,non_rolling_reduced_day_only,reduced_form,intraday_only,,,True,log_backward,0.5,13434.68783732858,0.00015321823029186733,0.0005776226504666211
ABT,2019-02-19,500060.1428571429,0.0002830669728843,99.69128221900176,600.0,0.0011552453009332421,0.2,100012.02857142859,8579061.448412372,100012.02857142859,-162.2354523610308,0.011657688801137642,True,non_rolling_reduced_day_only,reduced_form,intraday_only,,,True,log_backward,0.5,13670.55075394262,0.00020080127818457717,0.0005776226504666211
ABT,2019-02-20,500060.1428571429,0.0002830669728843,99.69128221900176,600.0,0.0011552453009332421,0.2,100012.02857142859,8481444.970641933,100012.0285714286,-211.34598757872433,0.011791861990216862,True,non_rolling_reduced_day_only,reduced_form,intraday_only,,,True,log_backward,0.5,11197.777077869476,0.00012163693203286462,0.0005776226504666211
ABT,2019-02-21,500060.1428571429,0.0002830669728843,99.69128221900176,600.0,0.0011552453009332421,0.2,100012.02857142859,9379228.950346522,100012.02857142859,-324.9408015175098,0.0106631396995308,True,non_rolling_reduced_day_only,reduced_form,intraday_only,,,True,log_backward,0.5,15605.188892973585,0.00013081135780277747,0.0005776226504666211
ABT,2019-02-22,500060.1428571429,0.0002830669728843,99.69128221900176,600.0,0.0011552453009332421,0.2,100012.02857142859,8097981.803969046,100012.02857142859,-214.7249799625276,0.012350241207310432,True,non_rolling_reduced_day_only,reduced_form,intraday_only,,,True,log_backward,0.5,11328.339620528126,0.0001554936512698744,0.0005776226504666211
ABT,2019-02-25,500060.1428571429,0.0002830669728843,99.69128221900176,600.0,0.0011552453009332421,0.2,100012.02857142859,7944506.216166344,100012.02857142857,-222.45560392159146,0.01258882878937312,True,non_rolling_reduced_day_only,reduced_form,intraday_only,,,True,log_backward,0.5,11814.270850454457,0.0001612443690786061,0.0005776226504666211
ABT,2019-02-26,500060.1428571429,0.0002830669728843,99.69128221900176,600.0,0.0011552453009332421,0.2,100012.02857142859,8846940.801397372,100012.02857142859,-530.7747348642259,0.011304701909572144,True,non_rolling_reduced_day_only,reduced_form,intraday_only,,,True,log_backward,0.5,13827.816993173352,0.00013453326379210092,0.0005776226504666211
ABT,2019-02-27,500060.1428571429,0.0002830669728843,99.69128221900176,600.0,0.0011552453009332421,0.2,100012.02857142859,8718432.106922086,100012.02857142859,123.18774279113595,0.01147133192584284,True,non_rolling_reduced_day_only,reduced_form,intraday_only,,,True,log_backward,0.5,13787.457373337753,0.00010622528207079976,0.0005776226504666211
ABT,2019-02-28,500060.1428571429,0.0002830669728843,99.69128221900176,600.0,0.0011552453009332421,0.2,100012.02857142859,8086081.547583634,100012.02857142859,567.9855892011216,0.012368417011737312,True,non_rolling_reduced_day_only,reduced_form,intraday_only,,,True,log_backward,0.5,12347.816386013026,0.00015794127516578378,0.0005776226504666211
ADBE,2019-02-01,414365.9523809524,0.0003273652057233,87.62086241412908,600.0,0.0011552453009332421,0.2,82873.19047619049,9553744.351664841,82873.1904761905,308.37971625300383,0.008674419936906617,True,non_rolling_reduced_day_only,reduced_form,intraday_only,,,True,log_backward,0.5,13434.667307713818,0.00014006501925556273,0.0005776226504666211
ADBE,2019-02-04,414365.9523809524,0.0003273652057233,87.62086241412908,600.0,0.0011552453009332421,0.2,82873.19047619049,11293127.182740707,82873.1904761905,-218.4156529790121,0.007338373962780268,True,non_rolling_reduced_day_only,reduced_form,intraday_only,,,True,log_backward,0.5,19458.21186091438,0.00013725116825168574,0.0005776226504666211
ADBE,2019-02-05,414365.9523809524,0.0003273652057233,87.62086241412908,600.0,0.0011552453009332421,0.2,82873.19047619049,10003193.57635204,82873.1904761905,517.0227273288233,0.008284673273953842,True,non_rolling_reduced_day_only,reduced_form,intraday_only,,,True,log_backward,0.5,15769.54943675797,0.00013709461962242345,0.0005776226504666211
ADBE,2019-02-06,414365.9523809524,0.0003273652057233,87.62086241412908,600.0,0.0011552453009332421,0.2,82873.19047619049,8530134.507080115,82873.19047619049,-17.287276359900353,0.009715343926570528,True,non_rolling_reduced_day_only,reduced_form,intraday_only,,,True,log_backward,0.5,11343.808879385098,0.00018008762064589717,0.0005776226504666211
ADBE,2019-02-07,414365.9523809524,0.0003273652057233,87.62086241412908,600.0,0.0011552453009332421,0.2,82873.19047619049,8145497.295216394,82873.19047619049,-56.63256221229801,0.010174110612603043,True,non_rolling_reduced_day_only,reduced_form,intraday_only,,,True,log_backward,0.5,10780.330674844983,0.00015490474575438599,0.0005776226504666211
ADBE,2019-02-08,414365.9523809524,0.0003273652057233,87.62086241412908,600.0,0.0011552453009332421,0.2,82873.19047619049,8031760.18546563,82873.1904761905,72.02901217308718,0.010318185374378933,True,non_rolling_reduced_day_only,reduced_form,intraday_only,,,True,log_backward,0.5,10482.445117826683,0.00015527704027665947,0.0005776226504666211
ADBE,2019-02-11,414365.9523809524,0.0003273652057233,87.62086241412908,600.0,0.0011552453009332421,0.2,82873.19047619049,9294996.619118344,82873.19047619049,77.48135321393428,0.00891589248195458,True,non_rolling_reduced_day_only,reduced_form,intraday_only,,,True,log_backward,0.5,13508.909215351705,0.0001296734198843021,0.0005776226504666211
ADBE,2019-02-12,414365.9523809524,0.0003273652057233,87.62086241412908,600.0,0.0011552453009332421,0.2,82873.19047619049,8633781.628284771,82873.19047619049,73.75247803399176,0.009598712828767071,True,non_rolling_reduced_day_only,reduced_form,intraday_only,,,True,log_backward,0.5,12545.647159585464,0.00015713468826835327,0.0005776226504666211
ADBE,2019-02-13,414365.9523809524,0.0003273652057233,87.62086241412908,600.0,0.0011552453009332421,0.2,82873.19047619049,7973656.745811118,82873.1904761905,-522.442779268848,0.010393373218595986,True,non_rolling_reduced_day_only,reduced_form,intraday_only,,,True,log_backward,0.5,9883.315894036636,0.00014971304743259314,0.0005776226504666211
ADBE,2019-02-14,414365.9523809524,0.0003273652057233,87.62086241412908,600.0,0.0011552453009332421,0.2,82873.19047619049,6768842.42243842,82873.1904761905,39.48589892663835,0.012243332804065499,True,non_rolling_reduced_day_only,reduced_form,intraday_only,,,True,log_backward,0.5,8064.04189827494,0.00018559816360664422,0.0005776226504666211
ADBE,2019-02-15,414365.9523809524,0.0003273652057233,87.62086241412908,600.0,0.0011552453009332421,0.2,82873.19047619049,7849119.724762151,82873.1904761905,-30.707174407734605,0.010558278301545689,True,non_rolling_reduced_day_only,reduced_form,intraday_only,,,True,log_backward,0.5,11391.048282633761,0.0001640830859833262,0.0005776226504666211
ADBE,2019-02-19,414365.9523809524,0.0003273652057233,87.62086241412908,600.0,0.0011552453009332421,0.2,82873.19047619049,8501875.938214827,82873.19047619049,131.89297157959354,0.00974763582513434,True,non_rolling_reduced_day_only,reduced_form,intraday_only,,,True,log_backward,0.5,11702.344465570653,0.0001499335854457706,0.0005776226504666211
ADBE,2019-02-20,414365.9523809524,0.0003273652057233,87.62086241412908,600.0,0.0011552453009332421,0.2,82873.19047619049,9667857.38752008,82873.19047619049,-132.62856647294907,0.00857203278393088,True,non_rolling_reduced_day_only,reduced_form,intraday_only,,,True,log_backward,0.5,15737.857649851703,0.00014170761908295583,0.0005776226504666211
ADBE,2019-02-21,414365.9523809524,0.0003273652057233,87.62086241412908,600.0,0.0011552453009332421,0.2,82873.19047619049,7719590.100666196,82873.19047619047,-224.9052833968263,0.010735439239065113,True,non_rolling_reduced_day_only,reduced_form,intraday_only,,,True,log_backward,0.5,10926.241175427158,0.00017534719746858176,0.0005776226504666211
ADBE,2019-02-22,414365.9523809524,0.0003273652057233,87.62086241412908,600.0,0.0011552453009332421,0.2,82873.19047619049,7584225.775107956,82873.19047619049,252.35257398662475,0.010927046864583992,True,non_rolling_reduced_day_only,reduced_form,intraday_only,,,True,log_backward,0.5,9602.499032951579,0.0001762231877840659,0.0005776226504666211
ADBE,2019-02-25,414365.9523809524,0.0003273652057233,87.62086241412908,600.0,0.0011552453009332421,0.2,82873.19047619049,7337045.60981704,82873.1904761905,-306.192293852983,0.011295171773950176,True,non_rolling_reduced_day_only,reduced_form,intraday_only,,,True,log_backward,0.5,9636.034123871592,0.00018064027287540248,0.0005776226504666211
ADBE,2019-02-26,414365.9523809524,0.0003273652057233,87.62086241412908,600.0,0.0011552453009332421,0.2,82873.19047619049,8441245.72047577,82873.1904761905,81.93173686677807,0.009817649339974378,True,non_rolling_reduced_day_only,reduced_form,intraday_only,,,True,log_backward,0.5,11991.543340573297,0.0001344129783977437,0.0005776226504666211
ADBE,2019-02-27,414365.9523809524,0.0003273652057233,87.62086241412908,600.0,0.0011552453009332421,0.2,82873.19047619049,9148834.624440655,82873.19047619049,509.0433085174887,0.009058332987547824,True,non_rolling_reduced_day_only,reduced_form,intraday_only,,,True,log_backward,0.5,12924.05697333637,0.00015952535678262933,0.0005776226504666211
ADBE,2019-02-28,414365.9523809524,0.0003273652057233,87.62086241412908,600.0,0.0011552453009332421,0.2,82873.19047619049,8891614.9455982,82873.19047619047,630.6019698696578,0.00932037554293969,True,non_rolling_reduced_day_only,reduced_form,intraday_only,,,True,log_backward,0.5,12975.775255356275,0.00017915375094069457,0.0005776226504666211
ADI,2019-02-01,446626.0,0.0003180139031073,87.32068015271551,600.0,0.0011552453009332421,0.2,89325.20000000001,10444235.621451186,89325.20000000001,231.624727160471,0.008552583763673136,True,non_rolling_reduced_day_only,reduced_form,intraday_only,,,True,log_backward,0.5,16722.28646937713,8.97184930393362e-05,0.0005776226504666211
ADI,2019-02-04,446626.0,0.0003180139031073,87.32068015271551,600.0,0.0011552453009332421,0.2,89325.20000000001,9745364.68995106,89325.20000000001,411.4288992209559,0.009165916601572413,True,non_rolling_reduced_day_only,reduced_form,intraday_only,,,True,log_backward,0.5,14789.100091762119,0.00012336438053766623,0.0005776226504666211
ADI,2019-02-05,446626.0,0.0003180139031073,87.32068015271551,600.0,0.0011552453009332421,0.2,89325.20000000001,8559324.277607597,89325.20000000001,-244.84244666479594,0.01043601072968895,True,non_rolling_reduced_day_only,reduced_form,intraday_only,,,True,log_backward,0.5,11190.784832513164,0.0001274205052564559,0.0005776226504666211
ADI,2019-02-06,446626.0,0.0003180139031073,87.32068015271551,600.0,0.0011552453009332421,0.2,89325.20000000001,10218325.545010341,89325.20000000001,-252.17645875859284,0.008741667077109121,True,non_rolling_reduced_day_only,reduced_form,intraday_only,,,True,log_backward,0.5,17216.4361272398,0.00010105985202396475,0.0005776226504666211
ADI,2019-02-07,446626.0,0.0003180139031073,87.32068015271551,600.0,0.0011552453009332421,0.2,89325.20000000001,10601456.03116196,89325.2,50.66685514488098,0.008425748287540615,True,non_rolling_reduced_day_only,reduced_form,intraday_only,,,True,log_backward,0.5,17749.556822461527,5.812127175071207e-05,0.0005776226504666211
ADI,2019-02-08,446626.0,0.0003180139031073,87.32068015271551,600.0,0.0011552453009332421,0.2,89325.20000000001,8639742.88144645,89325.20000000001,211.77719605750394,0.01033887249027084,True,non_rolling_reduced_day_only,reduced_form,intraday_only,,,True,log_backward,0.5,12915.730176865438,0.00010895872554456038,0.0005776226504666211
ADI,2019-02-11,446626.0,0.0003180139031073,87.32068015271551,600.0,0.0011552453009332421,0.2,89325.20000000001,8890682.301989488,89325.20000000003,332.15466342712426,0.010047057915905004,True,non_rolling_reduced_day_only,reduced_form,intraday_only,,,True,log_backward,0.5,12587.52963669692,0.00010769717516653703,0.0005776226504666211
ADI,2019-02-12,446626.0,0.0003180139031073,87.32068015271551,600.0,0.0011552453009332421,0.2,89325.20000000001,10699368.822352506,89325.20000000001,573.0652113850605,0.008348642007123536,True,non_rolling_reduced_day_only,reduced_form,intraday_only,,,True,log_backward,0.5,19044.595386028985,8.471458541712466e-05,0.0005776226504666211
ADI,2019-02-13,446626.0,0.0003180139031073,87.32068015271551,600.0,0.0011552453009332421,0.2,89325.20000000001,9221806.034933288,89325.20000000001,-3.9190449417940627,0.009686302190875153,True,non_rolling_reduced_day_only,reduced_form,intraday_only,,,True,log_backward,0.5,14180.119594700014,8.813934890230001e-05,0.0005776226504666211
ADI,2019-02-14,446626.0,0.0003180139031073,87.32068015271551,600.0,0.0011552453009332421,0.2,89325.20000000001,9386837.108769702,89325.20000000001,-448.7190124704689,0.009516006186636335,True,non_rolling_reduced_day_only,reduced_form,intraday_only,,,True,log_backward,0.5,16075.313675543177,6.986971161446996e-05,0.0005776226504666211
ADI,2019-02-15,446626.0,0.0003180139031073,87.32068015271551,600.0,0.0011552453009332421,0.2,89325.20000000001,9161137.179480428,89325.20000000001,1187.345972924466,0.009750448907159152,True,non_rolling_reduced_day_only,reduced_form,intraday_only,,,True,log_backward,0.5,13869.727798235657,0.00010448761021321267,0.0005776226504666211
ADI,2019-02-19,446626.0,0.0003180139031073,87.32068015271551,600.0,0.0011552453009332421,0.2,89325.20000000001,11764058.778133556,89325.20000000001,410.26133315449033,0.00759305964757956,True,non_rolling_reduced_day_only,reduced_form,intraday_only,,,True,log_backward,0.5,24148.866403098335,7.548049835820867e-05,0.0005776226504666211
ADI,2019-02-20,446626.0,0.0003180139031073,87.32068015271551,600.0,0.0011552453009332421,0.2,89325.20000000001,11392467.228743754,89325.20000000001,247.24788912359355,0.007840724770717632,True,non_rolling_reduced_day_only,reduced_form,intraday_only,,,True,log_backward,0.5,24044.979794166527,0.00013908435387212134,0.0005776226504666211
ADI,2019-02-21,446626.0,0.0003180139031073,87.32068015271551,600.0,0.0011552453009332421,0.2,89325.20000000001,10028881.518809192,89325.20000000001,113.21826047592525,0.008906795820896915,True,non_rolling_reduced_day_only,reduced_form,intraday_only,,,True,log_backward,0.5,18819.812437576267,0.00011238988553738037,0.0005776226504666211
ADI,2019-02-22,446626.0,0.0003180139031073,87.32068015271551,600.0,0.0011552453009332421,0.2,89325.20000000001,7436991.688109805,89325.20000000001,-363.0762847438726,0.012010931804967906,True,non_rolling_reduced_day_only,reduced_form,intraday_only,,,True,log_backward,0.5,9815.681176049518,0.0001470717838438572,0.0005776226504666211
ADI,2019-02-25,446626.0,0.0003180139031073,87.32068015271551,600.0,0.0011552453009332421,0.2,89325.20000000001,10226433.765009658,89325.20000000001,23.60696673788226,0.008734736082252975,True,non_rolling_reduced_day_only,reduced_form,intraday_only,,,True,log_backward,0.5,21480.929162315704,0.00010100118367239089,0.0005776226504666211
ADI,2019-02-26,446626.0,0.0003180139031073,87.32068015271551,600.0,0.0011552453009332421,0.2,89325.20000000001,8947340.424670655,89325.20000000001,-140.53749022387458,0.009983435944127275,True,non_rolling_reduced_day_only,reduced_form,intraday_only,,,True,log_backward,0.5,15420.322377263985,0.00014941333869916554,0.0005776226504666211
ADI,2019-02-27,446626.0,0.0003180139031073,87.32068015271551,600.0,0.0011552453009332421,0.2,89325.20000000001,7872871.557521785,89325.19999999998,-10.169904192600349,0.011345949104765747,True,non_rolling_reduced_day_only,reduced_form,intraday_only,,,True,log_backward,0.5,11460.00814902138,0.00012573430549184304,0.0005776226504666211
ADI,2019-02-28,446626.0,0.0003180139031073,87.32068015271551,600.0,0.0011552453009332421,0.2,89325.20000000001,7186721.955066811,89325.20000000001,775.8483063650324,0.012429199370517403,True,non_rolling_reduced_day_only,reduced_form,intraday_only,,,True,log_backward,0.5,9397.377250877213,0.0001560528119449298,0.0005776226504666211
ADM,2019-02-01,264055.4761904762,0.0002399653754965,80.67257710298713,600.0,0.0011552453009332421,0.2,52811.095238095244,6415007.361378025,52811.09523809525,-238.82152929491147,0.008232429405466925,True,non_rolling_reduced_day_only,reduced_form,intraday_only,,,True,log_backward,0.5,8891.184963526597,0.00021834395298709884,0.0005776226504666211
ADM,2019-02-04,264055.4761904762,0.0002399653754965,80.67257710298713,600.0,0.0011552453009332421,0.2,52811.095238095244,7066141.849064291,52811.09523809524,-340.92235253783406,0.007473823249824593,True,non_rolling_reduced_day_only,reduced_form,intraday_only,,,True,log_backward,0.5,11024.947498035915,0.0002860885187731407,0.0005776226504666211
ADM,2019-02-05,264055.4761904762,0.0002399653754965,80.67257710298713,600.0,0.0011552453009332421,0.2,52811.095238095244,13920629.66507918,52811.09523809524,-100.31828205693259,0.0037937289123189137,True,non_rolling_reduced_day_only,reduced_form,intraday_only,,,True,log_backward,0.5,33389.32825058244,0.00014398749057784155,0.0005776226504666211
ADM,2019-02-06,264055.4761904762,0.0002399653754965,80.67257710298713,600.0,0.0011552453009332421,0.2,52811.095238095244,9657756.445117807,52811.09523809524,422.8569337494918,0.005468257098654867,True,non_rolling_reduced_day_only,reduced_form,intraday_only,,,True,log_backward,0.5,17044.35005618095,0.00022476314534466757,0.0005776226504666211
ADM,2019-02-07,264055.4761904762,0.0002399653754965,80.67257710298713,600.0,0.0011552453009332421,0.2,52811.095238095244,9306209.150969222,52811.095238095244,-458.3094075208971,0.0056748235915797226,True,non_rolling_reduced_day_only,reduced_form,intraday_only,,,True,log_backward,0.5,15125.286509168034,0.000199126229157944,0.0005776226504666211
ADM,2019-02-08,264055.4761904762,0.0002399653754965,80.67257710298713,600.0,0.0011552453009332421,0.2,52811.095238095244,8727850.161535867,52811.09523809525,-133.86095570803133,0.006050870977464388,True,non_rolling_reduced_day_only,reduced_form,intraday_only,,,True,log_backward,0.5,14585.604589600933,0.0002377739089570169,0.0005776226504666211
ADM,2019-02-11,264055.4761904762,0.0002399653754965,80.67257710298713,600.0,0.0011552453009332421,0.2,52811.095238095244,6486479.832788566,52811.09523809524,5.2014926299412885,0.008141718867472609,True,non_rolling_reduced_day_only,reduced_form,intraday_only,,,True,log_backward,0.5,8331.068635234158,0.00030240752454104984,0.0005776226504666211
ADM,2019-02-12,264055.4761904762,0.0002399653754965,80.67257710298713,600.0,0.0011552453009332421,0.2,52811.095238095244,6752151.591933353,52811.09523809525,410.83750697995697,0.007821372864493668,True,non_rolling_reduced_day_only,reduced_form,intraday_only,,,True,log_backward,0.5,9164.765457458556,0.00030530914738731755,0.0005776226504666211
ADM,2019-02-13,264055.4761904762,0.0002399653754965,80.67257710298713,600.0,0.0011552453009332421,0.2,52811.095238095244,6489630.673333524,52811.095238095244,274.31350338119285,0.008137765906325114,True,non_rolling_reduced_day_only,reduced_form,intraday_only,,,True,log_backward,0.5,9256.58754949715,0.0002915456842308853,0.0005776226504666211
ADM,2019-02-14,264055.4761904762,0.0002399653754965,80.67257710298713,600.0,0.0011552453009332421,0.2,52811.095238095244,6523944.210440982,52811.09523809524,-63.613704693250526,0.008094964263117987,True,non_rolling_reduced_day_only,reduced_form,intraday_only,,,True,log_backward,0.5,8843.097632236178,0.0002662000296306632,0.0005776226504666211
ADM,2019-02-15,264055.4761904762,0.0002399653754965,80.67257710298713,600.0,0.0011552453009332421,0.2,52811.095238095244,6771484.85431485,52811.09523809525,52.933343764930484,0.0077990420674785305,True,non_rolling_reduced_day_only,reduced_form,intraday_only,,,True,log_backward,0.5,9760.658020355899,0.0002993232208180601,0.0005776226504666211
ADM,2019-02-19,264055.4761904762,0.0002399653754965,80.67257710298713,600.0,0.0011552453009332421,0.2,52811.095238095244,7726623.649559076,52811.095238095244,29.62326540860635,0.006834951155037678,True,non_rolling_reduced_day_only,reduced_form,intraday_only,,,True,log_backward,0.5,13049.511959043351,0.00031444785924984584,0.0005776226504666211
ADM,2019-02-20,264055.4761904762,0.0002399653754965,80.67257710298713,600.0,0.0011552453009332421,0.2,52811.095238095244,8404279.822863963,52811.095238095244,78.23169563140573,0.0062838335171113546,True,non_rolling_reduced_day_only,reduced_form,intraday_only,,,True,log_backward,0.5,13757.811028100798,0.00020163337402685693,0.0005776226504666211
ADM,2019-02-21,264055.4761904762,0.0002399653754965,80.67257710298713,600.0,0.0011552453009332421,0.2,52811.095238095244,9172541.384817228,52811.095238095244,-187.7765221630502,0.005757520519396115,True,non_rolling_reduced_day_only,reduced_form,intraday_only,,,True,log_backward,0.5,15616.677894949824,0.00021140302554966252,0.0005776226504666211
ADM,2019-02-22,264055.4761904762,0.0002399653754965,80.67257710298713,600.0,0.0011552453009332421,0.2,52811.095238095244,8788696.208479011,52811.095238095244,103.79410077130728,0.00600897948744036,True,non_rolling_reduced_day_only,reduced_form,intraday_only,,,True,log_backward,0.5,13784.59401310378,0.0002013236952462586,0.0005776226504666211
ADM,2019-02-25,264055.4761904762,0.0002399653754965,80.67257710298713,600.0,0.0011552453009332421,0.2,52811.095238095244,6849117.842307288,52811.095238095244,157.61629505336143,0.007710641932874756,True,non_rolling_reduced_day_only,reduced_form,intraday_only,,,True,log_backward,0.5,9556.622880987534,0.0002938541965353863,0.0005776226504666211
ADM,2019-02-26,264055.4761904762,0.0002399653754965,80.67257710298713,600.0,0.0011552453009332421,0.2,52811.095238095244,6011236.592071472,52811.09523809525,-16.018762267160255,0.008785396220762715,True,non_rolling_reduced_day_only,reduced_form,intraday_only,,,True,log_backward,0.5,7771.290121283849,0.0002798189802944773,0.0005776226504666211
ADM,2019-02-27,264055.4761904762,0.0002399653754965,80.67257710298713,600.0,0.0011552453009332421,0.2,52811.095238095244,6675037.203595765,52811.095238095244,226.66270315352352,0.007911730470902323,True,non_rolling_reduced_day_only,reduced_form,intraday_only,,,True,log_backward,0.5,9059.580736587463,0.0003026679039479418,0.0005776226504666211
ADM,2019-02-28,264055.4761904762,0.0002399653754965,80.67257710298713,600.0,0.0011552453009332421,0.2,52811.095238095244,5272118.967866147,52811.09523809525,109.53926685672336,0.01001705302175117,True,non_rolling_reduced_day_only,reduced_form,intraday_only,,,True,log_backward,0.5,6567.662363965374,0.0002947281804910264,0.0005776226504666211
ADP,2019-02-01,303932.2380952381,0.000249105653446,88.08621179391208,600.0,0.0011552453009332421,0.2,60786.44761904763,8987272.150523053,60786.44761904763,55.52720584977369,0.0067636148767910515,True,non_rolling_reduced_day_only,reduced_form,intraday_only,,,True,log_backward,0.5,16284.578811634572,0.00012047023375710765,0.0005776226504666211
ADP,2019-02-04,303932.2380952381,0.000249105653446,88.08621179391208,600.0,0.0011552453009332421,0.2,60786.44761904763,9702739.63222766,60786.44761904763,130.91059432413834,0.006264874656344006,True,non_rolling_reduced_day_only,reduced_form,intraday_only,,,True,log_backward,0.5,19312.425263069006,0.00013630044579402402,0.0005776226504666211
ADP,2019-02-05,303932.2380952381,0.000249105653446,88.08621179391208,600.0,0.0011552453009332421,0.2,60786.44761904763,8802289.700369477,60786.44761904763,-307.31771537211114,0.006905754035395598,True,non_rolling_reduced_day_only,reduced_form,intraday_only,,,True,log_backward,0.5,16391.9875070775,0.0001410561960959636,0.0005776226504666211
ADP,2019-02-06,303932.2380952381,0.000249105653446,88.08621179391208,600.0,0.0011552453009332421,0.2,60786.44761904763,7641945.760463247,60786.44761904763,-153.90932203686305,0.007954315500842133,True,non_rolling_reduced_day_only,reduced_form,intraday_only,,,True,log_backward,0.5,13504.613921227427,0.0001655908512200955,0.0005776226504666211
ADP,2019-02-07,303932.2380952381,0.000249105653446,88.08621179391208,600.0,0.0011552453009332421,0.2,60786.44761904763,8102669.530041579,60786.44761904763,-278.4067597137131,0.007502027250855398,True,non_rolling_reduced_day_only,reduced_form,intraday_only,,,True,log_backward,0.5,16062.204138608395,0.00014832917734895998,0.0005776226504666211
ADP,2019-02-08,303932.2380952381,0.000249105653446,88.08621179391208,600.0,0.0011552453009332421,0.2,60786.44761904763,6673387.212825733,60786.44761904763,77.42528619754532,0.009108784741610795,True,non_rolling_reduced_day_only,reduced_form,intraday_only,,,True,log_backward,0.5,10218.59695821547,0.00018062144835895516,0.0005776226504666211
ADP,2019-02-11,303932.2380952381,0.000249105653446,88.08621179391208,600.0,0.0011552453009332421,0.2,60786.44761904763,7377158.907537729,60786.447619047634,116.59663359679196,0.008239818117098998,True,non_rolling_reduced_day_only,reduced_form,intraday_only,,,True,log_backward,0.5,11550.571542498676,0.0001495260758188576,0.0005776226504666211
ADP,2019-02-12,303932.2380952381,0.000249105653446,88.08621179391208,600.0,0.0011552453009332421,0.2,60786.44761904763,8550347.80048842,60786.44761904764,-72.52093870950853,0.007109236844795405,True,non_rolling_reduced_day_only,reduced_form,intraday_only,,,True,log_backward,0.5,16231.052717811637,0.00014234269710628698,0.0005776226504666211
ADP,2019-02-13,303932.2380952381,0.000249105653446,88.08621179391208,600.0,0.0011552453009332421,0.2,60786.44761904763,7366760.734031446,60786.44761904761,-321.30055501105426,0.008251448610002887,True,non_rolling_reduced_day_only,reduced_form,intraday_only,,,True,log_backward,0.5,12603.13491002067,0.0001386013929699753,0.0005776226504666211
ADP,2019-02-14,303932.2380952381,0.000249105653446,88.08621179391208,600.0,0.0011552453009332421,0.2,60786.44761904763,8876942.555276286,60786.44761904763,-4.823672145347338,0.006847678380313199,True,non_rolling_reduced_day_only,reduced_form,intraday_only,,,True,log_backward,0.5,19180.67648595095,0.00011177470825884859,0.0005776226504666211
ADP,2019-02-15,303932.2380952381,0.000249105653446,88.08621179391208,600.0,0.0011552453009332421,0.2,60786.44761904763,6852275.446214881,60786.44761904761,-187.58942370945488,0.008870987177350754,True,non_rolling_reduced_day_only,reduced_form,intraday_only,,,True,log_backward,0.5,11317.363597835461,0.00016140515549449493,0.0005776226504666211
ADP,2019-02-19,303932.2380952381,0.000249105653446,88.08621179391208,600.0,0.0011552453009332421,0.2,60786.44761904763,5500125.061889867,60786.44761904763,79.57336262275174,0.011051830082961994,True,non_rolling_reduced_day_only,reduced_form,intraday_only,,,True,log_backward,0.5,8171.779779494321,0.00022403702171573244,0.0005776226504666211
ADP,2019-02-20,303932.2380952381,0.000249105653446,88.08621179391208,600.0,0.0011552453009332421,0.2,60786.44761904763,5675004.221681649,60786.44761904764,-4.643015969642995,0.010711260334716553,True,non_rolling_reduced_day_only,reduced_form,intraday_only,,,True,log_backward,0.5,8050.636857518707,0.0002081664507249482,0.0005776226504666211
ADP,2019-02-21,303932.2380952381,0.000249105653446,88.08621179391208,600.0,0.0011552453009332421,0.2,60786.44761904763,5338916.269657154,60786.44761904763,-224.6687775407477,0.011385540538351824,True,non_rolling_reduced_day_only,reduced_form,intraday_only,,,True,log_backward,0.5,7479.667556698791,0.0002133028352047044,0.0005776226504666211
ADP,2019-02-22,303932.2380952381,0.000249105653446,88.08621179391208,600.0,0.0011552453009332421,0.2,60786.44761904763,6117291.008912054,60786.44761904763,96.1635502548693,0.00993682457324494,True,non_rolling_reduced_day_only,reduced_form,intraday_only,,,True,log_backward,0.5,9876.83912570727,0.00021097024193492608,0.0005776226504666211
ADP,2019-02-25,303932.2380952381,0.000249105653446,88.08621179391208,600.0,0.0011552453009332421,0.2,60786.44761904763,5570167.282816746,60786.447619047634,147.13962760345112,0.010912858543147537,True,non_rolling_reduced_day_only,reduced_form,intraday_only,,,True,log_backward,0.5,8400.31212812093,0.0002197950018255453,0.0005776226504666211
ADP,2019-02-26,303932.2380952381,0.000249105653446,88.08621179391208,600.0,0.0011552453009332421,0.2,60786.44761904763,5018666.538343234,60786.44761904763,-119.66953759215423,0.012112071434639389,True,non_rolling_reduced_day_only,reduced_form,intraday_only,,,True,log_backward,0.5,6431.097885491461,0.00023474703892100462,0.0005776226504666211
ADP,2019-02-27,303932.2380952381,0.000249105653446,88.08621179391208,600.0,0.0011552453009332421,0.2,60786.44761904763,5121435.960584482,60786.44761904763,-151.81660530970933,0.011869024251571506,True,non_rolling_reduced_day_only,reduced_form,intraday_only,,,True,log_backward,0.5,7026.597107959846,0.0002585299495728342,0.0005776226504666211
ADP,2019-02-28,303932.2380952381,0.000249105653446,88.08621179391208,600.0,0.0011552453009332421,0.2,60786.44761904763,5338947.424348063,60786.44761904763,-201.99195739907958,0.011385474099601242,True,non_rolling_reduced_day_only,reduced_form,intraday_only,,,True,log_backward,0.5,7820.202696489959,0.00022322485853652283,0.0005776226504666211
AEP,2019-02-01,280283.90476190473,0.0002608355109743,68.78801206121108,600.0,0.0011552453009332421,0.2,56056.78095238095,9040493.308375914,56056.780952380956,166.29520257426947,0.006200632978782804,True,non_rolling_reduced_day_only,reduced_form,intraday_only,,,True,log_backward,0.5,11036.209596759343,0.0001555430386645339,0.0005776226504666211
AEP,2019-02-04,280283.90476190473,0.0002608355109743,68.78801206121108,600.0,0.0011552453009332421,0.2,56056.78095238095,8288764.6088422965,56056.78095238095,70.423418157824,0.006762983821808698,True,non_rolling_reduced_day_only,reduced_form,intraday_only,,,True,log_backward,0.5,10107.984167539891,0.00020549593363142508,0.0005776226504666211
AEP,2019-02-05,280283.90476190473,0.0002608355109743,68.78801206121108,600.0,0.0011552453009332421,0.2,56056.78095238095,8419307.402851839,56056.78095238095,-160.90336770641778,0.006658122606782721,True,non_rolling_reduced_day_only,reduced_form,intraday_only,,,True,log_backward,0.5,10130.773165735984,0.00016414856330214473,0.0005776226504666211
AEP,2019-02-06,280283.90476190473,0.0002608355109743,68.78801206121108,600.0,0.0011552453009332421,0.2,56056.78095238095,6779757.80525845,56056.780952380956,-104.2041070661054,0.0082682571505582,True,non_rolling_reduced_day_only,reduced_form,intraday_only,,,True,log_backward,0.5,6886.800562887682,0.00020456566370678807,0.0005776226504666211
AEP,2019-02-07,280283.90476190473,0.0002608355109743,68.78801206121108,600.0,0.0011552453009332421,0.2,56056.78095238095,7836446.047168271,56056.780952380956,91.02648257390238,0.007153342295087615,True,non_rolling_reduced_day_only,reduced_form,intraday_only,,,True,log_backward,0.5,9366.866462416625,0.00018055993944364547,0.0005776226504666211
AEP,2019-02-08,280283.90476190473,0.0002608355109743,68.78801206121108,600.0,0.0011552453009332421,0.2,56056.78095238095,7079404.571275753,56056.780952380956,97.54074645636179,0.007918290357331445,True,non_rolling_reduced_day_only,reduced_form,intraday_only,,,True,log_backward,0.5,7527.933682568889,0.00018876051815438144,0.0005776226504666211
AEP,2019-02-11,280283.90476190473,0.0002608355109743,68.78801206121108,600.0,0.0011552453009332421,0.2,56056.78095238095,7109909.963404108,56056.78095238094,-205.19599794013465,0.007884316572349656,True,non_rolling_reduced_day_only,reduced_form,intraday_only,,,True,log_backward,0.5,7586.620587507937,0.00020094523415961236,0.0005776226504666211
AEP,2019-02-12,280283.90476190473,0.0002608355109743,68.78801206121108,600.0,0.0011552453009332421,0.2,56056.78095238095,9174477.731802188,56056.78095238094,-169.208573624849,0.006110078697784298,True,non_rolling_reduced_day_only,reduced_form,intraday_only,,,True,log_backward,0.5,12187.307389415451,0.0001802360658707779,0.0005776226504666211
AEP,2019-02-13,280283.90476190473,0.0002608355109743,68.78801206121108,600.0,0.0011552453009332421,0.2,56056.78095238095,9410435.72493368,56056.78095238094,-13.615694910149557,0.005956874111987626,True,non_rolling_reduced_day_only,reduced_form,intraday_only,,,True,log_backward,0.5,13277.537715798717,0.00018960768971105785,0.0005776226504666211
AEP,2019-02-14,280283.90476190473,0.0002608355109743,68.78801206121108,600.0,0.0011552453009332421,0.2,56056.78095238095,6865087.712815125,56056.78095238095,154.25739663300982,0.008165486487192177,True,non_rolling_reduced_day_only,reduced_form,intraday_only,,,True,log_backward,0.5,7124.3416349501085,0.00018880221391162465,0.0005776226504666211
AEP,2019-02-15,280283.90476190473,0.0002608355109743,68.78801206121108,600.0,0.0011552453009332421,0.2,56056.78095238095,7088725.261720561,56056.780952380956,-309.06425923377424,0.007907878903854564,True,non_rolling_reduced_day_only,reduced_form,intraday_only,,,True,log_backward,0.5,7878.104718579004,0.00021741123732432407,0.0005776226504666211
AEP,2019-02-19,280283.90476190473,0.0002608355109743,68.78801206121108,600.0,0.0011552453009332421,0.2,56056.78095238095,6821957.863785972,56056.78095238094,33.951857857869705,0.008217110406083803,True,non_rolling_reduced_day_only,reduced_form,intraday_only,,,True,log_backward,0.5,7784.474012247356,0.00019927997603688195,0.0005776226504666211
AEP,2019-02-20,280283.90476190473,0.0002608355109743,68.78801206121108,600.0,0.0011552453009332421,0.2,56056.78095238095,6760559.171883218,56056.780952380956,-102.4801517197397,0.008291737344082117,True,non_rolling_reduced_day_only,reduced_form,intraday_only,,,True,log_backward,0.5,6854.197452653473,0.00019600026250791948,0.0005776226504666211
AEP,2019-02-21,280283.90476190473,0.0002608355109743,68.78801206121108,600.0,0.0011552453009332421,0.2,56056.78095238095,7516340.409614283,56056.78095238095,118.41005708798016,0.0074579885818739314,True,non_rolling_reduced_day_only,reduced_form,intraday_only,,,True,log_backward,0.5,8606.56424709302,0.00018433443328806819,0.0005776226504666211
AEP,2019-02-22,280283.90476190473,0.0002608355109743,68.78801206121108,600.0,0.0011552453009332421,0.2,56056.78095238095,6855463.817885978,56056.780952380956,-23.008993140646332,0.008176949429173299,True,non_rolling_reduced_day_only,reduced_form,intraday_only,,,True,log_backward,0.5,7926.845853920351,0.00018750014888304451,0.0005776226504666211
AEP,2019-02-25,280283.90476190473,0.0002608355109743,68.78801206121108,600.0,0.0011552453009332421,0.2,56056.78095238095,8600909.930763088,56056.78095238094,221.08468355975177,0.006517540749017876,True,non_rolling_reduced_day_only,reduced_form,intraday_only,,,True,log_backward,0.5,11375.02299892819,0.00018305735937043958,0.0005776226504666211
AEP,2019-02-26,280283.90476190473,0.0002608355109743,68.78801206121108,600.0,0.0011552453009332421,0.2,56056.78095238095,8814805.841429546,56056.78095238094,-313.6737390897207,0.006359389186874014,True,non_rolling_reduced_day_only,reduced_form,intraday_only,,,True,log_backward,0.5,12032.514386878067,0.00015073857701509657,0.0005776226504666211
AEP,2019-02-27,280283.90476190473,0.0002608355109743,68.78801206121108,600.0,0.0011552453009332421,0.2,56056.78095238095,7218328.067991862,56056.78095238095,95.82490962335747,0.0077658954295736155,True,non_rolling_reduced_day_only,reduced_form,intraday_only,,,True,log_backward,0.5,7669.225884891108,0.0001642391952012594,0.0005776226504666211
AEP,2019-02-28,280283.90476190473,0.0002608355109743,68.78801206121108,600.0,0.0011552453009332421,0.2,56056.78095238095,8094687.809281165,56056.78095238094,13.974381555852048,0.006925131922704623,True,non_rolling_reduced_day_only,reduced_form,intraday_only,,,True,log_backward,0.5,9436.47581880526,0.00016764716876179793,0.0005776226504666211
AES,2019-02-01,367966.8095238095,0.000300475148608,52.9958889841836,600.0,0.0011552453009332421,0.2,73593.36190476191,15409952.897915073,73593.36190476191,449.5072235878857,0.004775703234934541,True,non_rolling_reduced_day_only,reduced_form,intraday_only,,,True,log_backward,0.5,18584.778593933937,0.0003430007477104195,0.0005776226504666211
AES,2019-02-04,367966.8095238095,0.000300475148608,52.9958889841836,600.0,0.0011552453009332421,0.2,73593.36190476191,14736204.315345298,73593.36190476191,580.2956156027947,0.004994051407669932,True,non_rolling_reduced_day_only,reduced_form,intraday_only,,,True,log_backward,0.5,19038.718475280835,0.0003924122344882455,0.0005776226504666211
AES,2019-02-05,367966.8095238095,0.000300475148608,52.9958889841836,600.0,0.0011552453009332421,0.2,73593.36190476191,10809037.279338777,73593.3619047619,-576.2262155019607,0.006808502922404931,True,non_rolling_reduced_day_only,reduced_form,intraday_only,,,True,log_backward,0.5,10919.178827876493,0.0004046809108754969,0.0005776226504666211
AES,2019-02-06,367966.8095238095,0.000300475148608,52.9958889841836,600.0,0.0011552453009332421,0.2,73593.36190476191,10278368.171062127,73593.36190476193,136.1237949755203,0.007160023914297775,True,non_rolling_reduced_day_only,reduced_form,intraday_only,,,True,log_backward,0.5,9504.654144657385,0.00039188646490445584,0.0005776226504666211
AES,2019-02-07,367966.8095238095,0.000300475148608,52.9958889841836,600.0,0.0011552453009332421,0.2,73593.36190476191,11163833.783749541,73593.36190476193,-186.41969507581527,0.006592122682074229,True,non_rolling_reduced_day_only,reduced_form,intraday_only,,,True,log_backward,0.5,10508.364723907034,0.000374096684247547,0.0005776226504666211
AES,2019-02-08,367966.8095238095,0.000300475148608,52.9958889841836,600.0,0.0011552453009332421,0.2,73593.36190476191,10393544.72862307,73593.3619047619,160.61688571139663,0.007080679770597525,True,non_rolling_reduced_day_only,reduced_form,intraday_only,,,True,log_backward,0.5,9216.415576136724,0.0003778562038410869,0.0005776226504666211
AES,2019-02-11,367966.8095238095,0.000300475148608,52.9958889841836,600.0,0.0011552453009332421,0.2,73593.36190476191,9710492.696029734,73593.3619047619,-4.901755482681388,0.007578746435271153,True,non_rolling_reduced_day_only,reduced_form,intraday_only,,,True,log_backward,0.5,8735.970154987985,0.0003923665918660136,0.0005776226504666211
AES,2019-02-12,367966.8095238095,0.000300475148608,52.9958889841836,600.0,0.0011552453009332421,0.2,73593.36190476191,12150368.785884801,73593.36190476191,556.7204757684468,0.00605688298039612,True,non_rolling_reduced_day_only,reduced_form,intraday_only,,,True,log_backward,0.5,14375.704427852317,0.0004297984435080602,0.0005776226504666211
AES,2019-02-13,367966.8095238095,0.000300475148608,52.9958889841836,600.0,0.0011552453009332421,0.2,73593.36190476191,12102722.988073934,73593.3619047619,238.79893301369606,0.006080727616196873,True,non_rolling_reduced_day_only,reduced_form,intraday_only,,,True,log_backward,0.5,13371.3069048632,0.00040001987390629763,0.0005776226504666211
AES,2019-02-14,367966.8095238095,0.000300475148608,52.9958889841836,600.0,0.0011552453009332421,0.2,73593.36190476191,9175497.355608173,73593.3619047619,584.7053144333127,0.00802064008658678,True,non_rolling_reduced_day_only,reduced_form,intraday_only,,,True,log_backward,0.5,7913.375047599646,0.0003743471784281343,0.0005776226504666211
AES,2019-02-15,367966.8095238095,0.000300475148608,52.9958889841836,600.0,0.0011552453009332421,0.2,73593.36190476191,10452276.041201629,73593.3619047619,298.3459039632574,0.007040893448916354,True,non_rolling_reduced_day_only,reduced_form,intraday_only,,,True,log_backward,0.5,11689.070281761431,0.00043164783617193384,0.0005776226504666211
AES,2019-02-19,367966.8095238095,0.000300475148608,52.9958889841836,600.0,0.0011552453009332421,0.2,73593.36190476191,11064942.223942567,73593.3619047619,-322.5742307501857,0.00665103896751661,True,non_rolling_reduced_day_only,reduced_form,intraday_only,,,True,log_backward,0.5,12225.62780463537,0.0004387893631298624,0.0005776226504666211
AES,2019-02-20,367966.8095238095,0.000300475148608,52.9958889841836,600.0,0.0011552453009332421,0.2,73593.36190476191,8572420.492128795,73593.36190476191,156.97533393363574,0.008584898742698799,True,non_rolling_reduced_day_only,reduced_form,intraday_only,,,True,log_backward,0.5,7254.264729087957,0.0004251545568846886,0.0005776226504666211
AES,2019-02-21,367966.8095238095,0.000300475148608,52.9958889841836,600.0,0.0011552453009332421,0.2,73593.36190476191,10442060.695283396,73593.3619047619,-208.5233006277187,0.007047781472674594,True,non_rolling_reduced_day_only,reduced_form,intraday_only,,,True,log_backward,0.5,11073.207149294765,0.00041232259981289826,0.0005776226504666211
AES,2019-02-22,367966.8095238095,0.000300475148608,52.9958889841836,600.0,0.0011552453009332421,0.2,73593.36190476191,9426310.097762264,73593.3619047619,647.4063816561224,0.007807229036760888,True,non_rolling_reduced_day_only,reduced_form,intraday_only,,,True,log_backward,0.5,8700.186840157423,0.0004193985060561832,0.0005776226504666211
AES,2019-02-25,367966.8095238095,0.000300475148608,52.9958889841836,600.0,0.0011552453009332421,0.2,73593.36190476191,13468912.369665485,73593.36190476191,103.2400205290507,0.00546394243907236,True,non_rolling_reduced_day_only,reduced_form,intraday_only,,,True,log_backward,0.5,16466.042390867922,0.00038811460007172696,0.0005776226504666211
AES,2019-02-26,367966.8095238095,0.000300475148608,52.9958889841836,600.0,0.0011552453009332421,0.2,73593.36190476191,10489549.899648674,73593.36190476191,-86.83820787145675,0.007015874142247683,True,non_rolling_reduced_day_only,reduced_form,intraday_only,,,True,log_backward,0.5,10362.480853268848,0.0004386995081146099,0.0005776226504666211
AES,2019-02-27,367966.8095238095,0.000300475148608,52.9958889841836,600.0,0.0011552453009332421,0.2,73593.36190476191,12339955.930086717,73593.36190476191,503.3256478595087,0.0059638269635412505,True,non_rolling_reduced_day_only,reduced_form,intraday_only,,,True,log_backward,0.5,13785.753139886281,0.0003518967908734471,0.0005776226504666211
AES,2019-02-28,367966.8095238095,0.000300475148608,52.9958889841836,600.0,0.0011552453009332421,0.2,73593.36190476191,12943602.767860256,73593.3619047619,267.6407906956877,0.00568569379211008,True,non_rolling_reduced_day_only,reduced_form,intraday_only,,,True,log_backward,0.5,15484.273265638823,0.00038727642811844443,0.0005776226504666211
AFL,2019-02-01,304800.04761904763,0.000232499900595,88.48603031548835,600.0,0.0011552453009332421,0.2,60960.00952380953,8711446.821780061,60960.009523809524,30.79686359723152,0.006997690598466308,True,non_rolling_reduced_day_only,reduced_form,intraday_only,,,True,log_backward,0.5,15604.613702386057,0.00020100146547581717,0.0005776226504666211
AFL,2019-02-04,304800.04761904763,0.000232499900595,88.48603031548835,600.0,0.0011552453009332421,0.2,60960.00952380953,6915825.289281918,60960.009523809524,93.49982862458026,0.008814567600237789,True,non_rolling_reduced_day_only,reduced_form,intraday_only,,,True,log_backward,0.5,10689.898242877065,0.0002746009711135261,0.0005776226504666211
AFL,2019-02-05,304800.04761904763,0.000232499900595,88.48603031548835,600.0,0.0011552453009332421,0.2,60960.00952380953,6224321.363622749,60960.009523809524,-160.35323610561034,0.009793840318091947,True,non_rolling_reduced_day_only,reduced_form,intraday_only,,,True,log_backward,0.5,8480.947178360522,0.00023988914290135342,0.0005776226504666211
AFL,2019-02-06,304800.04761904763,0.000232499900595,88.48603031548835,600.0,0.0011552453009332421,0.2,60960.00952380953,6077966.048212323,60960.00952380954,-147.87675681399773,0.010029672597749924,True,non_rolling_reduced_day_only,reduced_form,intraday_only,,,True,log_backward,0.5,8894.789176078484,0.00027100691209262236,0.0005776226504666211
AFL,2019-02-07,304800.04761904763,0.000232499900595,88.48603031548835,600.0,0.0011552453009332421,0.2,60960.00952380953,6432603.8536093235,60960.00952380954,-88.03070327146105,0.00947672372045808,True,non_rolling_reduced_day_only,reduced_form,intraday_only,,,True,log_backward,0.5,9169.88792959344,0.00016250524881384544,0.0005776226504666211
AFL,2019-02-08,304800.04761904763,0.000232499900595,88.48603031548835,600.0,0.0011552453009332421,0.2,60960.00952380953,5356718.2655089535,60960.00952380954,35.92587003676582,0.011380103731854113,True,non_rolling_reduced_day_only,reduced_form,intraday_only,,,True,log_backward,0.5,6464.832697448155,0.00022841325676914025,0.0005776226504666211
AFL,2019-02-11,304800.04761904763,0.000232499900595,88.48603031548835,600.0,0.0011552453009332421,0.2,60960.00952380953,6716528.851446098,60960.00952380953,-64.86539602946301,0.009076118166407425,True,non_rolling_reduced_day_only,reduced_form,intraday_only,,,True,log_backward,0.5,9650.329145067755,0.00022512446076135322,0.0005776226504666211
AFL,2019-02-12,304800.04761904763,0.000232499900595,88.48603031548835,600.0,0.0011552453009332421,0.2,60960.00952380953,4867099.3431766685,60960.00952380953,0.5057222521490772,0.012524915812386525,True,non_rolling_reduced_day_only,reduced_form,intraday_only,,,True,log_backward,0.5,5959.393771473085,0.0002990100087033147,0.0005776226504666211
AFL,2019-02-13,304800.04761904763,0.000232499900595,88.48603031548835,600.0,0.0011552453009332421,0.2,60960.00952380953,5103615.5235693455,60960.009523809524,-306.3031754954301,0.011944475292522735,True,non_rolling_reduced_day_only,reduced_form,intraday_only,,,True,log_backward,0.5,6493.403914513055,0.00028878094415956166,0.0005776226504666211
AFL,2019-02-14,304800.04761904763,0.000232499900595,88.48603031548835,600.0,0.0011552453009332421,0.2,60960.00952380953,5634218.693940327,60960.009523809524,245.43388640416492,0.010819603007134386,True,non_rolling_reduced_day_only,reduced_form,intraday_only,,,True,log_backward,0.5,7251.101803359366,0.00025699417769207863,0.0005776226504666211
AFL,2019-02-15,304800.04761904763,0.000232499900595,88.48603031548835,600.0,0.0011552453009332421,0.2,60960.00952380953,5928967.8446935,60960.00952380953,25.503484884162688,0.010281723753717015,True,non_rolling_reduced_day_only,reduced_form,intraday_only,,,True,log_backward,0.5,8604.85948298422,0.0002608876704539447,0.0005776226504666211
AFL,2019-02-19,304800.04761904763,0.000232499900595,88.48603031548835,600.0,0.0011552453009332421,0.2,60960.00952380953,4864093.302395325,60960.009523809524,6.398995124731702,0.012532656290492977,True,non_rolling_reduced_day_only,reduced_form,intraday_only,,,True,log_backward,0.5,6469.9712633461795,0.00031984519503998885,0.0005776226504666211
AFL,2019-02-20,304800.04761904763,0.000232499900595,88.48603031548835,600.0,0.0011552453009332421,0.2,60960.00952380953,5035343.32343038,60960.009523809524,-170.68672813625136,0.012106425641356246,True,non_rolling_reduced_day_only,reduced_form,intraday_only,,,True,log_backward,0.5,6605.823681682033,0.00032492299067080917,0.0005776226504666211
AFL,2019-02-21,304800.04761904763,0.000232499900595,88.48603031548835,600.0,0.0011552453009332421,0.2,60960.00952380953,4858607.556283015,60960.00952380953,-69.62768708179775,0.012546806634954033,True,non_rolling_reduced_day_only,reduced_form,intraday_only,,,True,log_backward,0.5,6465.921797720486,0.00031849013986835273,0.0005776226504666211
AFL,2019-02-22,304800.04761904763,0.000232499900595,88.48603031548835,600.0,0.0011552453009332421,0.2,60960.00952380953,5492154.60649519,60960.009523809524,149.6194138508977,0.011099470770854913,True,non_rolling_reduced_day_only,reduced_form,intraday_only,,,True,log_backward,0.5,7441.217374463683,0.0003053048175201585,0.0005776226504666211
AFL,2019-02-25,304800.04761904763,0.000232499900595,88.48603031548835,600.0,0.0011552453009332421,0.2,60960.00952380953,5077387.7928976845,60960.00952380954,180.89922047233537,0.012006175618313256,True,non_rolling_reduced_day_only,reduced_form,intraday_only,,,True,log_backward,0.5,6855.620682933248,0.0003348314522572109,0.0005776226504666211
AFL,2019-02-26,304800.04761904763,0.000232499900595,88.48603031548835,600.0,0.0011552453009332421,0.2,60960.00952380953,4841339.728664762,60960.00952380954,-95.09999729535426,0.012591557903461208,True,non_rolling_reduced_day_only,reduced_form,intraday_only,,,True,log_backward,0.5,6606.8342720170585,0.0003044413456556443,0.0005776226504666211
AFL,2019-02-27,304800.04761904763,0.000232499900595,88.48603031548835,600.0,0.0011552453009332421,0.2,60960.00952380953,4727948.414092738,60960.009523809524,344.3814265534677,0.012893543707478744,True,non_rolling_reduced_day_only,reduced_form,intraday_only,,,True,log_backward,0.5,5685.064418297151,0.00029961108126472035,0.0005776226504666211
AFL,2019-02-28,304800.04761904763,0.000232499900595,88.48603031548835,600.0,0.0011552453009332421,0.2,60960.00952380953,5739180.316389525,60960.00952380953,28.12840016501714,0.010621727522608839,True,non_rolling_reduced_day_only,reduced_form,intraday_only,,,True,log_backward,0.5,8682.487417675007,0.0003028850506741601,0.0005776226504666211
AIG,2019-02-01,352603.8571428572,0.0003143205869681,77.61729163945081,600.0,0.0011552453009332421,0.2,70520.77142857145,8812027.07368856,70520.77142857146,245.8458884239994,0.008002786514255759,True,non_rolling_reduced_day_only,reduced_form,intraday_only,,,True,log_backward,0.5,10268.472283927495,0.00017646831526441854,0.0005776226504666211
AIG,2019-02-04,352603.8571428572,0.0003143205869681,77.61729163945081,600.0,0.0011552453009332421,0.2,70520.77142857145,8835335.043607865,70520.77142857146,77.72261281686363,0.007981674840909558,True,non_rolling_reduced_day_only,reduced_form,intraday_only,,,True,log_backward,0.5,11359.894986946367,0.00022417487872157654,0.0005776226504666211
AIG,2019-02-05,352603.8571428572,0.0003143205869681,77.61729163945081,600.0,0.0011552453009332421,0.2,70520.77142857145,9843728.528266557,70520.77142857146,112.74901704909928,0.007164030501864103,True,non_rolling_reduced_day_only,reduced_form,intraday_only,,,True,log_backward,0.5,14589.02202771934,0.00019345669132215357,0.0005776226504666211
AIG,2019-02-06,352603.8571428572,0.0003143205869681,77.61729163945081,600.0,0.0011552453009332421,0.2,70520.77142857145,9129616.735502407,70520.77142857146,-4.926961535058517,0.007724395609548078,True,non_rolling_reduced_day_only,reduced_form,intraday_only,,,True,log_backward,0.5,12174.05046175355,0.00019580386797067036,0.0005776226504666211
AIG,2019-02-07,352603.8571428572,0.0003143205869681,77.61729163945081,600.0,0.0011552453009332421,0.2,70520.77142857145,10819199.65221696,70520.77142857146,208.6254704139697,0.006518113510745783,True,non_rolling_reduced_day_only,reduced_form,intraday_only,,,True,log_backward,0.5,16414.20486647976,0.00013153692032976202,0.0005776226504666211
AIG,2019-02-08,352603.8571428572,0.0003143205869681,77.61729163945081,600.0,0.0011552453009332421,0.2,70520.77142857145,10029715.255317558,70520.77142857146,-239.57111496869234,0.0070311838006749715,True,non_rolling_reduced_day_only,reduced_form,intraday_only,,,True,log_backward,0.5,13839.092995016701,0.0001612835308750182,0.0005776226504666211
AIG,2019-02-11,352603.8571428572,0.0003143205869681,77.61729163945081,600.0,0.0011552453009332421,0.2,70520.77142857145,10359920.712410018,70520.77142857146,-6.9634781966510815,0.0068070763653717455,True,non_rolling_reduced_day_only,reduced_form,intraday_only,,,True,log_backward,0.5,15204.474270820274,0.00018932807294309937,0.0005776226504666211
AIG,2019-02-12,352603.8571428572,0.0003143205869681,77.61729163945081,600.0,0.0011552453009332421,0.2,70520.77142857145,9485758.842703834,70520.77142857146,644.7331360910334,0.007434383753368761,True,non_rolling_reduced_day_only,reduced_form,intraday_only,,,True,log_backward,0.5,13364.150661446567,0.0002290015720832364,0.0005776226504666211
AIG,2019-02-13,352603.8571428572,0.0003143205869681,77.61729163945081,600.0,0.0011552453009332421,0.2,70520.77142857145,9767941.14981616,70520.77142857145,-327.9138096830712,0.0072196146912595505,True,non_rolling_reduced_day_only,reduced_form,intraday_only,,,True,log_backward,0.5,14647.706335116243,0.000193006759182776,0.0005776226504666211
AIG,2019-02-14,352603.8571428572,0.0003143205869681,77.61729163945081,600.0,0.0011552453009332421,0.2,70520.77142857145,19154074.70350664,70520.77142857143,-234.59061652144396,0.003681763411712121,True,non_rolling_reduced_day_only,reduced_form,intraday_only,,,True,log_backward,0.5,43696.819134570695,0.00010639703937720917,0.0005776226504666211
AIG,2019-02-15,352603.8571428572,0.0003143205869681,77.61729163945081,600.0,0.0011552453009332421,0.2,70520.77142857145,14785182.192990085,70520.77142857143,36.81878095385951,0.004769692419617702,True,non_rolling_reduced_day_only,reduced_form,intraday_only,,,True,log_backward,0.5,27803.212811569992,0.00014255934337521102,0.0005776226504666211
AIG,2019-02-19,352603.8571428572,0.0003143205869681,77.61729163945081,600.0,0.0011552453009332421,0.2,70520.77142857145,12204329.730926402,70520.77142857146,309.8260258090232,0.00577834039094078,True,non_rolling_reduced_day_only,reduced_form,intraday_only,,,True,log_backward,0.5,20536.64461767118,0.0002045183798165948,0.0005776226504666211
AIG,2019-02-20,352603.8571428572,0.0003143205869681,77.61729163945081,600.0,0.0011552453009332421,0.2,70520.77142857145,9189057.330411125,70520.77142857146,246.57182283277254,0.0076744293666754495,True,non_rolling_reduced_day_only,reduced_form,intraday_only,,,True,log_backward,0.5,13041.015494874586,0.00022566253489675355,0.0005776226504666211
AIG,2019-02-21,352603.8571428572,0.0003143205869681,77.61729163945081,600.0,0.0011552453009332421,0.2,70520.77142857145,9632587.68545405,70520.77142857146,-251.46700157193095,0.0073210619753883216,True,non_rolling_reduced_day_only,reduced_form,intraday_only,,,True,log_backward,0.5,13697.998775862017,0.0002370722879975095,0.0005776226504666211
AIG,2019-02-22,352603.8571428572,0.0003143205869681,77.61729163945081,600.0,0.0011552453009332421,0.2,70520.77142857145,8842061.484434905,70520.77142857146,-12.971927691659197,0.007975602923901001,True,non_rolling_reduced_day_only,reduced_form,intraday_only,,,True,log_backward,0.5,11472.346402765637,0.00024124717683281439,0.0005776226504666211
AIG,2019-02-25,352603.8571428572,0.0003143205869681,77.61729163945081,600.0,0.0011552453009332421,0.2,70520.77142857145,10685109.537084041,70520.77142857145,98.39815035852266,0.006599910949328136,True,non_rolling_reduced_day_only,reduced_form,intraday_only,,,True,log_backward,0.5,18435.330414346616,0.00019226715909153937,0.0005776226504666211
AIG,2019-02-26,352603.8571428572,0.0003143205869681,77.61729163945081,600.0,0.0011552453009332421,0.2,70520.77142857145,9317608.746692833,70520.77142857143,240.5561093148997,0.0075685482558603785,True,non_rolling_reduced_day_only,reduced_form,intraday_only,,,True,log_backward,0.5,13814.532812720985,0.0002298521815123543,0.0005776226504666211
AIG,2019-02-27,352603.8571428572,0.0003143205869681,77.61729163945081,600.0,0.0011552453009332421,0.2,70520.77142857145,9642512.85405313,70520.77142857145,540.8377016050879,0.007313526307504871,True,non_rolling_reduced_day_only,reduced_form,intraday_only,,,True,log_backward,0.5,12986.343562390826,0.00019668348947240883,0.0005776226504666211
AIG,2019-02-28,352603.8571428572,0.0003143205869681,77.61729163945081,600.0,0.0011552453009332421,0.2,70520.77142857145,7910184.328040999,70520.77142857145,541.6272664605916,0.008915186865947068,True,non_rolling_reduced_day_only,reduced_form,intraday_only,,,True,log_backward,0.5,9636.397714626284,0.0002575556332834578,0.0005776226504666211
ALGN,2019-02-01,257176.61904761905,0.0005531453789446,70.27508685711013,600.0,0.0011552453009332421,0.2,51435.32380952381,6579783.573408514,51435.32380952381,52.59703675689369,0.0078171756313375,True,non_rolling_reduced_day_only,reduced_form,intraday_only,,,True,log_backward,0.5,9215.065354549788,0.0002512213137136025,0.0005776226504666211
ALGN,2019-02-04,257176.61904761905,0.0005531453789446,70.27508685711013,600.0,0.0011552453009332421,0.2,51435.32380952381,4747918.141993965,51435.32380952381,149.4383390488063,0.010833237278164766,True,non_rolling_reduced_day_only,reduced_form,intraday_only,,,True,log_backward,0.5,5010.341398042867,0.0003009131330751211,0.0005776226504666211
ALGN,2019-02-05,257176.61904761905,0.0005531453789446,70.27508685711013,600.0,0.0011552453009332421,0.2,51435.32380952381,5728391.718660913,51435.32380952382,-6.117433687358659,0.008979016508589515,True,non_rolling_reduced_day_only,reduced_form,intraday_only,,,True,log_backward,0.5,6799.865091443083,0.0002696011652092464,0.0005776226504666211
ALGN,2019-02-06,257176.61904761905,0.0005531453789446,70.27508685711013,600.0,0.0011552453009332421,0.2,51435.32380952381,5299135.440737486,51435.32380952382,153.3097074538614,0.009706361421546439,True,non_rolling_reduced_day_only,reduced_form,intraday_only,,,True,log_backward,0.5,5533.884872682002,0.00032516711908906875,0.0005776226504666211
ALGN,2019-02-07,257176.61904761905,0.0005531453789446,70.27508685711013,600.0,0.0011552453009332421,0.2,51435.32380952381,4809038.597286722,51435.32380952381,-190.6380961226735,0.010695552295742402,True,non_rolling_reduced_day_only,reduced_form,intraday_only,,,True,log_backward,0.5,5344.517059314565,0.000329697091151537,0.0005776226504666211
ALGN,2019-02-08,257176.61904761905,0.0005531453789446,70.27508685711013,600.0,0.0011552453009332421,0.2,51435.32380952381,4758939.021241094,51435.323809523805,190.66860027102516,0.01080814937530128,True,non_rolling_reduced_day_only,reduced_form,intraday_only,,,True,log_backward,0.5,4909.914210689703,0.0003715394606974032,0.0005776226504666211
ALGN,2019-02-11,257176.61904761905,0.0005531453789446,70.27508685711013,600.0,0.0011552453009332421,0.2,51435.32380952381,5634084.927549526,51435.32380952382,-147.74330860108907,0.009129312829136737,True,non_rolling_reduced_day_only,reduced_form,intraday_only,,,True,log_backward,0.5,8519.37505853804,0.0003498072786634269,0.0005776226504666211
ALGN,2019-02-12,257176.61904761905,0.0005531453789446,70.27508685711013,600.0,0.0011552453009332421,0.2,51435.32380952381,6386910.1052782,51435.323809523805,-395.0509440141899,0.008053240606442417,True,non_rolling_reduced_day_only,reduced_form,intraday_only,,,True,log_backward,0.5,10601.339920439954,0.0002901951132685405,0.0005776226504666211
ALGN,2019-02-13,257176.61904761905,0.0005531453789446,70.27508685711013,600.0,0.0011552453009332421,0.2,51435.32380952381,5544533.297224266,51435.32380952381,-347.58662865419194,0.009276763444684089,True,non_rolling_reduced_day_only,reduced_form,intraday_only,,,True,log_backward,0.5,7048.075141803772,0.0003162597223692294,0.0005776226504666211
ALGN,2019-02-14,257176.61904761905,0.0005531453789446,70.27508685711013,600.0,0.0011552453009332421,0.2,51435.32380952381,5131426.781959212,51435.32380952381,31.364643065803058,0.010023591097578805,True,non_rolling_reduced_day_only,reduced_form,intraday_only,,,True,log_backward,0.5,6390.09143132623,0.0003422098318528676,0.0005776226504666211
ALGN,2019-02-15,257176.61904761905,0.0005531453789446,70.27508685711013,600.0,0.0011552453009332421,0.2,51435.32380952381,4237102.554397831,51435.32380952382,351.67108411150355,0.012139268084539839,True,non_rolling_reduced_day_only,reduced_form,intraday_only,,,True,log_backward,0.5,4500.818773223122,0.0003746829114196978,0.0005776226504666211
ALGN,2019-02-19,257176.61904761905,0.0005531453789446,70.27508685711013,600.0,0.0011552453009332421,0.2,51435.32380952381,4189437.6259457553,51435.32380952381,108.40043840820664,0.012277381453533973,True,non_rolling_reduced_day_only,reduced_form,intraday_only,,,True,log_backward,0.5,4318.404085675867,0.0003394794604776784,0.0005776226504666211
ALGN,2019-02-20,257176.61904761905,0.0005531453789446,70.27508685711013,600.0,0.0011552453009332421,0.2,51435.32380952381,4842210.06640701,51435.32380952382,103.45606808459311,0.010622282615609357,True,non_rolling_reduced_day_only,reduced_form,intraday_only,,,True,log_backward,0.5,5751.282906035053,0.0003615619321361197,0.0005776226504666211
ALGN,2019-02-21,257176.61904761905,0.0005531453789446,70.27508685711013,600.0,0.0011552453009332421,0.2,51435.32380952381,6296776.120082404,51435.32380952381,362.1953339829379,0.00816851716316868,True,non_rolling_reduced_day_only,reduced_form,intraday_only,,,True,log_backward,0.5,8785.8569000822,0.000310498530896641,0.0005776226504666211
ALGN,2019-02-22,257176.61904761905,0.0005531453789446,70.27508685711013,600.0,0.0011552453009332421,0.2,51435.32380952381,5254815.081193227,51435.32380952381,23.23844598521459,0.009788227181125512,True,non_rolling_reduced_day_only,reduced_form,intraday_only,,,True,log_backward,0.5,6457.1380664843955,0.00034960967909583005,0.0005776226504666211
ALGN,2019-02-25,257176.61904761905,0.0005531453789446,70.27508685711013,600.0,0.0011552453009332421,0.2,51435.32380952381,5480467.022127445,51435.323809523805,17.220641682835947,0.009385208158693982,True,non_rolling_reduced_day_only,reduced_form,intraday_only,,,True,log_backward,0.5,8861.32046667151,0.00035612768679280836,0.0005776226504666211
ALGN,2019-02-26,257176.61904761905,0.0005531453789446,70.27508685711013,600.0,0.0011552453009332421,0.2,51435.32380952381,5875298.712072072,51435.32380952381,-536.4970836545343,0.00875450361423136,True,non_rolling_reduced_day_only,reduced_form,intraday_only,,,True,log_backward,0.5,9228.659940961457,0.0003333551724565873,0.0005776226504666211
ALGN,2019-02-27,257176.61904761905,0.0005531453789446,70.27508685711013,600.0,0.0011552453009332421,0.2,51435.32380952381,6157881.379509475,51435.32380952382,-275.51308309716325,0.008352763010452964,True,non_rolling_reduced_day_only,reduced_form,intraday_only,,,True,log_backward,0.5,11778.107801325903,0.0003571441662609703,0.0005776226504666211
ALGN,2019-02-28,257176.61904761905,0.0005531453789446,70.27508685711013,600.0,0.0011552453009332421,0.2,51435.32380952381,5240060.6412509885,51435.32380952381,13.825033360267867,0.009815787894631,True,non_rolling_reduced_day_only,reduced_form,intraday_only,,,True,log_backward,0.5,8350.984487094749,0.000362558278167204,0.0005776226504666211
ALXN,2019-02-01,276546.71428571426,0.0004325249279626,74.48850195249616,600.0,0.0011552453009332421,0.2,55309.34285714285,7381770.527623826,55309.34285714285,103.61463865905284,0.007492693338294112,True,non_rolling_reduced_day_only,reduced_form,intraday_only,,,True,log_backward,0.5,11132.495342048234,0.00019822840975546553,0.0005776226504666211
ALXN,2019-02-04,276546.71428571426,0.0004325249279626,74.48850195249616,600.0,0.0011552453009332421,0.2,55309.34285714285,8151571.599905197,55309.34285714285,33.255406642569824,0.006785114033444312,True,non_rolling_reduced_day_only,reduced_form,intraday_only,,,True,log_backward,0.5,12540.762422310709,0.00024106201036987334,0.0005776226504666211
ALXN,2019-02-05,276546.71428571426,0.0004325249279626,74.48850195249616,600.0,0.0011552453009332421,0.2,55309.34285714285,5998924.257957089,55309.34285714285,88.89872140977793,0.00921987684438247,True,non_rolling_reduced_day_only,reduced_form,intraday_only,,,True,log_backward,0.5,7669.888479597803,0.0002654673554535218,0.0005776226504666211
ALXN,2019-02-06,276546.71428571426,0.0004325249279626,74.48850195249616,600.0,0.0011552453009332421,0.2,55309.34285714285,6853532.479045013,55309.342857142845,17.232022169479386,0.008070194899674537,True,non_rolling_reduced_day_only,reduced_form,intraday_only,,,True,log_backward,0.5,8110.151801617331,0.00019894863497598619,0.0005776226504666211
ALXN,2019-02-07,276546.71428571426,0.0004325249279626,74.48850195249616,600.0,0.0011552453009332421,0.2,55309.34285714285,6429258.690849939,55309.34285714285,10.389994602671152,0.008602755856730199,True,non_rolling_reduced_day_only,reduced_form,intraday_only,,,True,log_backward,0.5,7709.078368669124,0.00024104671297523793,0.0005776226504666211
ALXN,2019-02-08,276546.71428571426,0.0004325249279626,74.48850195249616,600.0,0.0011552453009332421,0.2,55309.34285714285,5365624.289758944,55309.34285714286,-422.64401302382953,0.01030809088938795,True,non_rolling_reduced_day_only,reduced_form,intraday_only,,,True,log_backward,0.5,5184.930540641511,0.00026891273183079887,0.0005776226504666211
ALXN,2019-02-11,276546.71428571426,0.0004325249279626,74.48850195249616,600.0,0.0011552453009332421,0.2,55309.34285714285,5930696.093312412,55309.34285714285,-393.273734184909,0.009325944541233689,True,non_rolling_reduced_day_only,reduced_form,intraday_only,,,True,log_backward,0.5,6358.450651994522,0.0002788931233413792,0.0005776226504666211
ALXN,2019-02-12,276546.71428571426,0.0004325249279626,74.48850195249616,600.0,0.0011552453009332421,0.2,55309.34285714285,6038287.028640633,55309.34285714285,183.17533642493896,0.009159773723044488,True,non_rolling_reduced_day_only,reduced_form,intraday_only,,,True,log_backward,0.5,7293.404641185341,0.0002678145913194606,0.0005776226504666211
ALXN,2019-02-13,276546.71428571426,0.0004325249279626,74.48850195249616,600.0,0.0011552453009332421,0.2,55309.34285714285,5220949.382235335,55309.34285714286,246.2276839313568,0.010593732826703313,True,non_rolling_reduced_day_only,reduced_form,intraday_only,,,True,log_backward,0.5,6017.558020602421,0.00027196646366814143,0.0005776226504666211
ALXN,2019-02-14,276546.71428571426,0.0004325249279626,74.48850195249616,600.0,0.0011552453009332421,0.2,55309.34285714285,5814496.768409673,55309.34285714285,281.03190175396315,0.009512318100792503,True,non_rolling_reduced_day_only,reduced_form,intraday_only,,,True,log_backward,0.5,6741.57836710605,0.0002767242478977706,0.0005776226504666211
ALXN,2019-02-15,276546.71428571426,0.0004325249279626,74.48850195249616,600.0,0.0011552453009332421,0.2,55309.34285714285,5755290.281747659,55309.34285714285,98.14997905523379,0.009610174317801316,True,non_rolling_reduced_day_only,reduced_form,intraday_only,,,True,log_backward,0.5,6994.5018675902265,0.0002745928750635654,0.0005776226504666211
ALXN,2019-02-19,276546.71428571426,0.0004325249279626,74.48850195249616,600.0,0.0011552453009332421,0.2,55309.34285714285,5294654.469880076,55309.34285714286,243.71811697377757,0.01044626106798535,True,non_rolling_reduced_day_only,reduced_form,intraday_only,,,True,log_backward,0.5,5837.407901927309,0.0002872993742055392,0.0005776226504666211
ALXN,2019-02-20,276546.71428571426,0.0004325249279626,74.48850195249616,600.0,0.0011552453009332421,0.2,55309.34285714285,7040483.203627864,55309.34285714285,49.850743369103114,0.00785590154218999,True,non_rolling_reduced_day_only,reduced_form,intraday_only,,,True,log_backward,0.5,9688.167334500427,0.00020920596705929174,0.0005776226504666211
ALXN,2019-02-21,276546.71428571426,0.0004325249279626,74.48850195249616,600.0,0.0011552453009332421,0.2,55309.34285714285,6865201.693824108,55309.34285714285,-59.5147938408931,0.008056477482212764,True,non_rolling_reduced_day_only,reduced_form,intraday_only,,,True,log_backward,0.5,9823.592887639916,0.00022618367006531576,0.0005776226504666211
ALXN,2019-02-22,276546.71428571426,0.0004325249279626,74.48850195249616,600.0,0.0011552453009332421,0.2,55309.34285714285,5314029.023414021,55309.34285714285,-46.20457595989298,0.010408174779145095,True,non_rolling_reduced_day_only,reduced_form,intraday_only,,,True,log_backward,0.5,6247.642315185171,0.0002528245672711421,0.0005776226504666211
ALXN,2019-02-25,276546.71428571426,0.0004325249279626,74.48850195249616,600.0,0.0011552453009332421,0.2,55309.34285714285,6169207.937912984,55309.34285714285,-62.710802683665115,0.00896538800665775,True,non_rolling_reduced_day_only,reduced_form,intraday_only,,,True,log_backward,0.5,8654.898653099599,0.0002356815272564507,0.0005776226504666211
ALXN,2019-02-26,276546.71428571426,0.0004325249279626,74.48850195249616,600.0,0.0011552453009332421,0.2,55309.34285714285,5321211.682166133,55309.34285714285,274.0736496006754,0.010394125654220881,True,non_rolling_reduced_day_only,reduced_form,intraday_only,,,True,log_backward,0.5,6901.829033227361,0.0002550461474310459,0.0005776226504666211
ALXN,2019-02-27,276546.71428571426,0.0004325249279626,74.48850195249616,600.0,0.0011552453009332421,0.2,55309.34285714285,5291829.070598177,55309.34285714284,-13.503259855879971,0.010451838507869795,True,non_rolling_reduced_day_only,reduced_form,intraday_only,,,True,log_backward,0.5,7109.11295768869,0.00024943118435626186,0.0005776226504666211
ALXN,2019-02-28,276546.71428571426,0.0004325249279626,74.48850195249616,600.0,0.0011552453009332421,0.2,55309.34285714285,5346754.110043488,55309.34285714285,20.607649524623763,0.010344471004052398,True,non_rolling_reduced_day_only,reduced_form,intraday_only,,,True,log_backward,0.5,7136.27353638325,0.0002476255129836177,0.0005776226504666211
AMAT,2019-02-01,1332595.2857142857,0.0004453378386483,86.53177745620694,600.0,0.0011552453009332421,0.2,266519.0571428572,28997391.909621377,266519.0571428572,-758.597879470617,0.009191138912545641,True,non_rolling_reduced_day_only,reduced_form,intraday_only,,,True,log_backward,0.5,45430.541031319866,0.0001248216767872752,0.0005776226504666211
AMAT,2019-02-04,1332595.2857142857,0.0004453378386483,86.53177745620694,600.0,0.0011552453009332421,0.2,266519.0571428572,33673077.84662522,266519.05714285723,1254.071407663078,0.00791490039481402,True,non_rolling_reduced_day_only,reduced_form,intraday_only,,,True,log_backward,0.5,59631.614064064626,0.0001591030798214232,0.0005776226504666211
AMAT,2019-02-05,1332595.2857142857,0.0004453378386483,86.53177745620694,600.0,0.0011552453009332421,0.2,266519.0571428572,33832417.69333106,266519.0571428572,-884.871926407829,0.007877623750057702,True,non_rolling_reduced_day_only,reduced_form,intraday_only,,,True,log_backward,0.5,60278.55771947822,0.0001348401571008389,0.0005776226504666211
AMAT,2019-02-06,1332595.2857142857,0.0004453378386483,86.53177745620694,600.0,0.0011552453009332421,0.2,266519.0571428572,37441462.2352557,266519.05714285723,1505.0991848083097,0.007118286552705652,True,non_rolling_reduced_day_only,reduced_form,intraday_only,,,True,log_backward,0.5,81269.26778209521,0.00012623530437934108,0.0005776226504666211
AMAT,2019-02-07,1332595.2857142857,0.0004453378386483,86.53177745620694,600.0,0.0011552453009332421,0.2,266519.0571428572,31435635.832590047,266519.0571428572,-1058.7962808969162,0.008478246107767628,True,non_rolling_reduced_day_only,reduced_form,intraday_only,,,True,log_backward,0.5,53072.30416303395,9.027446794915417e-05,0.0005776226504666211
AMAT,2019-02-08,1332595.2857142857,0.0004453378386483,86.53177745620694,600.0,0.0011552453009332421,0.2,266519.0571428572,26003055.958129417,266519.0571428571,854.4524369358724,0.010249528269754558,True,non_rolling_reduced_day_only,reduced_form,intraday_only,,,True,log_backward,0.5,37262.03015517998,0.00011816165589378035,0.0005776226504666211
AMAT,2019-02-11,1332595.2857142857,0.0004453378386483,86.53177745620694,600.0,0.0011552453009332421,0.2,266519.0571428572,25227543.491601884,266519.0571428571,-423.11480039327876,0.010564605992318671,True,non_rolling_reduced_day_only,reduced_form,intraday_only,,,True,log_backward,0.5,36132.56964643265,0.00013544232796370358,0.0005776226504666211
AMAT,2019-02-12,1332595.2857142857,0.0004453378386483,86.53177745620694,600.0,0.0011552453009332421,0.2,266519.0571428572,27794070.097944334,266519.05714285723,-322.2121239177584,0.009589061846777493,True,non_rolling_reduced_day_only,reduced_form,intraday_only,,,True,log_backward,0.5,44159.65014168985,0.00013031061890583724,0.0005776226504666211
AMAT,2019-02-13,1332595.2857142857,0.0004453378386483,86.53177745620694,600.0,0.0011552453009332421,0.2,266519.0571428572,22945819.993140012,266519.05714285723,645.0358236557306,0.011615146341361387,True,non_rolling_reduced_day_only,reduced_form,intraday_only,,,True,log_backward,0.5,31769.386238695806,0.00014500169557191635,0.0005776226504666211
AMAT,2019-02-14,1332595.2857142857,0.0004453378386483,86.53177745620694,600.0,0.0011552453009332421,0.2,266519.0571428572,29294139.599585965,266519.0571428572,-1570.497095190135,0.009098033285354593,True,non_rolling_reduced_day_only,reduced_form,intraday_only,,,True,log_backward,0.5,51711.90203258006,0.0001581136698329858,0.0005776226504666211
AMAT,2019-02-15,1332595.2857142857,0.0004453378386483,86.53177745620694,600.0,0.0011552453009332421,0.2,266519.0571428572,37596148.25968956,266519.05714285723,-1404.568220719088,0.007088998992713778,True,non_rolling_reduced_day_only,reduced_form,intraday_only,,,True,log_backward,0.5,77429.7594434918,0.00014879721715116317,0.0005776226504666211
AMAT,2019-02-19,1332595.2857142857,0.0004453378386483,86.53177745620694,600.0,0.0011552453009332421,0.2,266519.0571428572,29296142.762436397,266519.0571428572,287.45399847487005,0.009097411195189448,True,non_rolling_reduced_day_only,reduced_form,intraday_only,,,True,log_backward,0.5,47084.945011958254,0.00018194167198367953,0.0005776226504666211
AMAT,2019-02-20,1332595.2857142857,0.0004453378386483,86.53177745620694,600.0,0.0011552453009332421,0.2,266519.0571428572,26362127.112419277,266519.0571428572,-1706.6595121630614,0.010109922314170895,True,non_rolling_reduced_day_only,reduced_form,intraday_only,,,True,log_backward,0.5,39381.280420160736,0.00014334026610445495,0.0005776226504666211
AMAT,2019-02-21,1332595.2857142857,0.0004453378386483,86.53177745620694,600.0,0.0011552453009332421,0.2,266519.0571428572,24647064.67143812,266519.0571428571,4.122687373411679,0.010813419800521267,True,non_rolling_reduced_day_only,reduced_form,intraday_only,,,True,log_backward,0.5,32366.558959374586,0.00014221116370212984,0.0005776226504666211
AMAT,2019-02-22,1332595.2857142857,0.0004453378386483,86.53177745620694,600.0,0.0011552453009332421,0.2,266519.0571428572,24413520.086665194,266519.0571428572,-1153.0552652869715,0.010916863123250768,True,non_rolling_reduced_day_only,reduced_form,intraday_only,,,True,log_backward,0.5,31181.136815422,0.00015234892281722513,0.0005776226504666211
AMAT,2019-02-25,1332595.2857142857,0.0004453378386483,86.53177745620694,600.0,0.0011552453009332421,0.2,266519.0571428572,22563862.209285486,266519.0571428572,-789.7240167020445,0.011811765852442547,True,non_rolling_reduced_day_only,reduced_form,intraday_only,,,True,log_backward,0.5,29585.37681748096,0.00019753502795752674,0.0005776226504666211
AMAT,2019-02-26,1332595.2857142857,0.0004453378386483,86.53177745620694,600.0,0.0011552453009332421,0.2,266519.0571428572,22866567.65238922,266519.0571428571,188.0266098161979,0.011655402821901426,True,non_rolling_reduced_day_only,reduced_form,intraday_only,,,True,log_backward,0.5,27823.728350183268,0.00016719445429864993,0.0005776226504666211
AMAT,2019-02-27,1332595.2857142857,0.0004453378386483,86.53177745620694,600.0,0.0011552453009332421,0.2,266519.0571428572,29449020.92251265,266519.0571428572,-2181.7413810975877,0.009050183971960628,True,non_rolling_reduced_day_only,reduced_form,intraday_only,,,True,log_backward,0.5,48843.806890154796,0.00019242294989416843,0.0005776226504666211
AMAT,2019-02-28,1332595.2857142857,0.0004453378386483,86.53177745620694,600.0,0.0011552453009332421,0.2,266519.0571428572,24080817.440552354,266519.05714285723,1350.5540523947507,0.011067691443648263,True,non_rolling_reduced_day_only,reduced_form,intraday_only,,,True,log_backward,0.5,33842.41246681014,0.00021573244125590814,0.0005776226504666211
AMD,2019-02-01,9240929.23809524,0.0007047122925485,93.1470818008506,600.0,0.0011552453009332421,0.2,1848185.8476190483,167881522.94212508,1848185.8476190483,-488.94132869727855,0.011008869917484522,True,non_rolling_reduced_day_only,reduced_form,intraday_only,,,True,log_backward,0.5,325570.13553264696,0.00016574754327302392,0.0005776226504666211
AMD,2019-02-04,9240929.23809524,0.0007047122925485,93.1470818008506,600.0,0.0011552453009332421,0.2,1848185.8476190483,143563349.07879323,1848185.8476190479,4493.055973784791,0.012873660718270726,True,non_rolling_reduced_day_only,reduced_form,intraday_only,,,True,log_backward,0.5,249340.23294669122,0.00021615001402226476,0.0005776226504666211
AMD,2019-02-05,9240929.23809524,0.0007047122925485,93.1470818008506,600.0,0.0011552453009332421,0.2,1848185.8476190483,185833929.48380017,1848185.8476190483,6011.019191612118,0.009945362791137457,True,non_rolling_reduced_day_only,reduced_form,intraday_only,,,True,log_backward,0.5,353833.4640030017,0.0001771682353043891,0.0005776226504666211
AMD,2019-02-06,9240929.23809524,0.0007047122925485,93.1470818008506,600.0,0.0011552453009332421,0.2,1848185.8476190483,151498588.97746086,1848185.8476190486,4080.4345648931494,0.0121993601398757,True,non_rolling_reduced_day_only,reduced_form,intraday_only,,,True,log_backward,0.5,249962.20551632755,0.0001955514645030646,0.0005776226504666211
AMD,2019-02-07,9240929.23809524,0.0007047122925485,93.1470818008506,600.0,0.0011552453009332421,0.2,1848185.8476190483,180926439.24397802,1848185.847619048,-184.89188420648702,0.010215123092798963,True,non_rolling_reduced_day_only,reduced_form,intraday_only,,,True,log_backward,0.5,302898.1774701815,0.0001453464105122188,0.0005776226504666211
AMD,2019-02-08,9240929.23809524,0.0007047122925485,93.1470818008506,600.0,0.0011552453009332421,0.2,1848185.8476190483,164787940.98725826,1848185.847619048,-3384.144782947842,0.011215540630864208,True,non_rolling_reduced_day_only,reduced_form,intraday_only,,,True,log_backward,0.5,257604.98689732424,0.00016185596232497088,0.0005776226504666211
AMD,2019-02-11,9240929.23809524,0.0007047122925485,93.1470818008506,600.0,0.0011552453009332421,0.2,1848185.8476190483,142293310.01565897,1848185.8476190483,-13192.609207774516,0.0129885645882836,True,non_rolling_reduced_day_only,reduced_form,intraday_only,,,True,log_backward,0.5,213113.51932864208,0.0002075731005344025,0.0005776226504666211
AMD,2019-02-12,9240929.23809524,0.0007047122925485,93.1470818008506,600.0,0.0011552453009332421,0.2,1848185.8476190483,147094849.79921705,1848185.847619048,-4579.385971524007,0.012564585708757329,True,non_rolling_reduced_day_only,reduced_form,intraday_only,,,True,log_backward,0.5,226330.99104905833,0.00023866921125386323,0.0005776226504666211
AMD,2019-02-13,9240929.23809524,0.0007047122925485,93.1470818008506,600.0,0.0011552453009332421,0.2,1848185.8476190483,138014868.78144497,1848185.8476190486,-2965.7807337166487,0.013391208236742697,True,non_rolling_reduced_day_only,reduced_form,intraday_only,,,True,log_backward,0.5,202965.80231948374,0.00022209850159305258,0.0005776226504666211
AMD,2019-02-14,9240929.23809524,0.0007047122925485,93.1470818008506,600.0,0.0011552453009332421,0.2,1848185.8476190483,145870534.61510983,1848185.847619048,12939.582487773107,0.012670042325515725,True,non_rolling_reduced_day_only,reduced_form,intraday_only,,,True,log_backward,0.5,241314.1597508543,0.00022234515011506509,0.0005776226504666211
AMD,2019-02-15,9240929.23809524,0.0007047122925485,93.1470818008506,600.0,0.0011552453009332421,0.2,1848185.8476190483,149085691.58967605,1848185.8476190483,5542.5324617732595,0.012396802321618853,True,non_rolling_reduced_day_only,reduced_form,intraday_only,,,True,log_backward,0.5,251467.85766271513,0.00019686840154343056,0.0005776226504666211
AMD,2019-02-19,9240929.23809524,0.0007047122925485,93.1470818008506,600.0,0.0011552453009332421,0.2,1848185.8476190483,131715381.31337248,1848185.8476190483,-776.3118580847974,0.01403166303882089,True,non_rolling_reduced_day_only,reduced_form,intraday_only,,,True,log_backward,0.5,196742.66703179368,0.00021711123674219088,0.0005776226504666211
AMD,2019-02-20,9240929.23809524,0.0007047122925485,93.1470818008506,600.0,0.0011552453009332421,0.2,1848185.8476190483,140865558.85711482,1848185.8476190483,8230.002331311345,0.013120210948751014,True,non_rolling_reduced_day_only,reduced_form,intraday_only,,,True,log_backward,0.5,236416.145439242,0.0002198529450756293,0.0005776226504666211
AMD,2019-02-21,9240929.23809524,0.0007047122925485,93.1470818008506,600.0,0.0011552453009332421,0.2,1848185.8476190483,130489748.7778553,1848185.8476190483,-6934.684385735876,0.014163456247933966,True,non_rolling_reduced_day_only,reduced_form,intraday_only,,,True,log_backward,0.5,212407.8132098238,0.00027288444195404225,0.0005776226504666211
AMD,2019-02-22,9240929.23809524,0.0007047122925485,93.1470818008506,600.0,0.0011552453009332421,0.2,1848185.8476190483,148859746.8742112,1848185.8476190483,16585.059113028714,0.012415618637191385,True,non_rolling_reduced_day_only,reduced_form,intraday_only,,,True,log_backward,0.5,231984.30224077092,0.0002714363084634032,0.0005776226504666211
AMD,2019-02-25,9240929.23809524,0.0007047122925485,93.1470818008506,600.0,0.0011552453009332421,0.2,1848185.8476190483,129578384.43843184,1848185.8476190486,-9406.829142455997,0.014263072159980504,True,non_rolling_reduced_day_only,reduced_form,intraday_only,,,True,log_backward,0.5,217864.1643771278,0.0002216966858497687,0.0005776226504666211
AMD,2019-02-26,9240929.23809524,0.0007047122925485,93.1470818008506,600.0,0.0011552453009332421,0.2,1848185.8476190483,111705221.27859935,1848185.8476190483,-763.2023425205134,0.01654520555498086,True,non_rolling_reduced_day_only,reduced_form,intraday_only,,,True,log_backward,0.5,158425.5513605888,0.000264932454215183,0.0005776226504666211
AMD,2019-02-27,9240929.23809524,0.0007047122925485,93.1470818008506,600.0,0.0011552453009332421,0.2,1848185.8476190483,148048141.05508226,1848185.8476190483,-1910.072735711609,0.01248368155417378,True,non_rolling_reduced_day_only,reduced_form,intraday_only,,,True,log_backward,0.5,222564.281779045,0.00022766078210020288,0.0005776226504666211
AMD,2019-02-28,9240929.23809524,0.0007047122925485,93.1470818008506,600.0,0.0011552453009332421,0.2,1848185.8476190483,106876489.15995312,1848185.8476190483,-291.2116104198626,0.0172927260442942,True,non_rolling_reduced_day_only,reduced_form,intraday_only,,,True,log_backward,0.5,120195.23598076741,0.00024287159282898482,0.0005776226504666211
AMGN,2019-02-01,542303.8571428572,0.0002657595047032,88.15694499629035,600.0,0.0011552453009332421,0.2,108460.77142857143,8835066.463915031,108460.77142857143,475.07750673709324,0.012276169270662152,True,non_rolling_reduced_day_only,reduced_form,intraday_only,,,True,log_backward,0.5,8433.037242839271,0.00021147316357267334,0.0005776226504666211
AMGN,2019-02-04,542303.8571428572,0.0002657595047032,88.15694499629035,600.0,0.0011552453009332421,0.2,108460.77142857143,13102190.363701746,108460.77142857143,84.55986464754102,0.008278064080724297,True,non_rolling_reduced_day_only,reduced_form,intraday_only,,,True,log_backward,0.5,17712.45868766348,0.00020662757070321429,0.0005776226504666211
AMGN,2019-02-05,542303.8571428572,0.0002657595047032,88.15694499629035,600.0,0.0011552453009332421,0.2,108460.77142857143,13854077.511917096,108460.77142857143,324.9059856676948,0.007828797791500365,True,non_rolling_reduced_day_only,reduced_form,intraday_only,,,True,log_backward,0.5,19446.298019284503,0.00019559549399501602,0.0005776226504666211
AMGN,2019-02-06,542303.8571428572,0.0002657595047032,88.15694499629035,600.0,0.0011552453009332421,0.2,108460.77142857143,11542870.821016274,108460.77142857143,636.218452098803,0.009396342825832835,True,non_rolling_reduced_day_only,reduced_form,intraday_only,,,True,log_backward,0.5,12290.452440145387,0.00016210418953986253,0.0005776226504666211
AMGN,2019-02-07,542303.8571428572,0.0002657595047032,88.15694499629035,600.0,0.0011552453009332421,0.2,108460.77142857143,17434090.251736328,108460.77142857143,-309.20434732347803,0.006221189053312914,True,non_rolling_reduced_day_only,reduced_form,intraday_only,,,True,log_backward,0.5,30739.6682882918,0.00014473575937146775,0.0005776226504666211
AMGN,2019-02-08,542303.8571428572,0.0002657595047032,88.15694499629035,600.0,0.0011552453009332421,0.2,108460.77142857143,12713583.388859086,108460.77142857143,279.4204961475486,0.008531093721665885,True,non_rolling_reduced_day_only,reduced_form,intraday_only,,,True,log_backward,0.5,15473.054934029846,0.0002071103981145063,0.0005776226504666211
AMGN,2019-02-11,542303.8571428572,0.0002657595047032,88.15694499629035,600.0,0.0011552453009332421,0.2,108460.77142857143,13304812.265344601,108460.77142857142,-324.3633320624664,0.008151995628760737,True,non_rolling_reduced_day_only,reduced_form,intraday_only,,,True,log_backward,0.5,17415.585674219466,0.00021964104167871071,0.0005776226504666211
AMGN,2019-02-12,542303.8571428572,0.0002657595047032,88.15694499629035,600.0,0.0011552453009332421,0.2,108460.77142857143,11002652.621147644,108460.77142857143,871.2699327097974,0.009857692973065827,True,non_rolling_reduced_day_only,reduced_form,intraday_only,,,True,log_backward,0.5,11375.65139215117,0.0001724754745124838,0.0005776226504666211
AMGN,2019-02-13,542303.8571428572,0.0002657595047032,88.15694499629035,600.0,0.0011552453009332421,0.2,108460.77142857143,12953035.329066906,108460.77142857143,-367.33369799215984,0.008373386520855309,True,non_rolling_reduced_day_only,reduced_form,intraday_only,,,True,log_backward,0.5,16868.885165475298,0.00021097265371667422,0.0005776226504666211
AMGN,2019-02-14,542303.8571428572,0.0002657595047032,88.15694499629035,600.0,0.0011552453009332421,0.2,108460.77142857143,13456860.64830551,108460.77142857142,427.3943595158655,0.008059886645421184,True,non_rolling_reduced_day_only,reduced_form,intraday_only,,,True,log_backward,0.5,17799.52392352922,0.00020889447624854602,0.0005776226504666211
AMGN,2019-02-15,542303.8571428572,0.0002657595047032,88.15694499629035,600.0,0.0011552453009332421,0.2,108460.77142857143,13290332.56857971,108460.77142857143,249.98903803669248,0.008160877154044179,True,non_rolling_reduced_day_only,reduced_form,intraday_only,,,True,log_backward,0.5,17279.807584123737,0.00019703409555407066,0.0005776226504666211
AMGN,2019-02-19,542303.8571428572,0.0002657595047032,88.15694499629035,600.0,0.0011552453009332421,0.2,108460.77142857143,10440162.54100314,108460.77142857143,164.64810437394948,0.01038880103663118,True,non_rolling_reduced_day_only,reduced_form,intraday_only,,,True,log_backward,0.5,10041.527055659182,0.00016970559643840003,0.0005776226504666211
AMGN,2019-02-20,542303.8571428572,0.0002657595047032,88.15694499629035,600.0,0.0011552453009332421,0.2,108460.77142857143,11605957.20265751,108460.77142857143,405.84757030515794,0.00934526722222759,True,non_rolling_reduced_day_only,reduced_form,intraday_only,,,True,log_backward,0.5,13034.090997246367,0.0001387875859826333,0.0005776226504666211
AMGN,2019-02-21,542303.8571428572,0.0002657595047032,88.15694499629035,600.0,0.0011552453009332421,0.2,108460.77142857143,11376476.23175769,108460.77142857143,488.893218118002,0.0095337755926392,True,non_rolling_reduced_day_only,reduced_form,intraday_only,,,True,log_backward,0.5,11487.618173647768,0.00016506730708228828,0.0005776226504666211
AMGN,2019-02-22,542303.8571428572,0.0002657595047032,88.15694499629035,600.0,0.0011552453009332421,0.2,108460.77142857143,12214036.427833498,108460.77142857143,-652.3466718537193,0.008880010475604092,True,non_rolling_reduced_day_only,reduced_form,intraday_only,,,True,log_backward,0.5,14520.869994836166,0.0001419461259448667,0.0005776226504666211
AMGN,2019-02-25,542303.8571428572,0.0002657595047032,88.15694499629035,600.0,0.0011552453009332421,0.2,108460.77142857143,14367230.721881734,108460.77142857143,336.45735893908727,0.00754917725817421,True,non_rolling_reduced_day_only,reduced_form,intraday_only,,,True,log_backward,0.5,21038.896757290975,0.00017047963108112832,0.0005776226504666211
AMGN,2019-02-26,542303.8571428572,0.0002657595047032,88.15694499629035,600.0,0.0011552453009332421,0.2,108460.77142857143,12712293.620850269,108460.77142857143,-446.15007307827136,0.008531959272139355,True,non_rolling_reduced_day_only,reduced_form,intraday_only,,,True,log_backward,0.5,16317.644685379604,0.00018217881239142802,0.0005776226504666211
AMGN,2019-02-27,542303.8571428572,0.0002657595047032,88.15694499629035,600.0,0.0011552453009332421,0.2,108460.77142857143,9100077.702554796,108460.77142857146,-359.40049194905697,0.011918664320648788,True,non_rolling_reduced_day_only,reduced_form,intraday_only,,,True,log_backward,0.5,8713.266649728283,0.00019498000531704122,0.0005776226504666211
AMGN,2019-02-28,542303.8571428572,0.0002657595047032,88.15694499629035,600.0,0.0011552453009332421,0.2,108460.77142857143,12144169.644644903,108460.77142857143,307.03394721421097,0.008931098181455191,True,non_rolling_reduced_day_only,reduced_form,intraday_only,,,True,log_backward,0.5,14283.547893863457,0.00020322513023883758,0.0005776226504666211
AMZN,2019-02-01,636814.1428571428,0.0003267894702955,123.01461444303838,600.0,0.0011552453009332421,0.2,127362.82857142857,12629369.75481727,127362.82857142857,544.3101636915371,0.010084654344912822,True,non_rolling_reduced_day_only,reduced_form,intraday_only,,,True,log_backward,0.5,30872.084313197232,0.00013376224279775025,0.0005776226504666211
AMZN,2019-02-04,636814.1428571428,0.0003267894702955,123.01461444303838,600.0,0.0011552453009332421,0.2,127362.82857142857,8899730.774282634,127362.82857142857,-225.81254259101365,0.014310863081326716,True,non_rolling_reduced_day_only,reduced_form,intraday_only,,,True,log_backward,0.5,15465.704126638455,0.00016387385606876206,0.0005776226504666211
AMZN,2019-02-05,636814.1428571428,0.0003267894702955,123.01461444303838,600.0,0.0011552453009332421,0.2,127362.82857142857,8887055.043104615,127362.82857142859,-149.9736570997414,0.014331274865935283,True,non_rolling_reduced_day_only,reduced_form,intraday_only,,,True,log_backward,0.5,15841.271952561672,0.0001551126185795662,0.0005776226504666211
AMZN,2019-02-06,636814.1428571428,0.0003267894702955,123.01461444303838,600.0,0.0011552453009332421,0.2,127362.82857142857,9081510.713026594,127362.82857142859,-396.81278003788344,0.014024409880256846,True,non_rolling_reduced_day_only,reduced_form,intraday_only,,,True,log_backward,0.5,15348.651077931801,0.00014564998199852267,0.0005776226504666211
AMZN,2019-02-07,636814.1428571428,0.0003267894702955,123.01461444303838,600.0,0.0011552453009332421,0.2,127362.82857142857,9816932.258569904,127362.82857142857,147.01367915078887,0.012973791120973096,True,non_rolling_reduced_day_only,reduced_form,intraday_only,,,True,log_backward,0.5,18266.321861756012,0.00015169489589392511,0.0005776226504666211
AMZN,2019-02-08,636814.1428571428,0.0003267894702955,123.01461444303838,600.0,0.0011552453009332421,0.2,127362.82857142857,10677223.803166984,127362.82857142859,-136.04594792984255,0.011928459206189098,True,non_rolling_reduced_day_only,reduced_form,intraday_only,,,True,log_backward,0.5,20451.28970659297,0.00015449723205995553,0.0005776226504666211
AMZN,2019-02-11,636814.1428571428,0.0003267894702955,123.01461444303838,600.0,0.0011552453009332421,0.2,127362.82857142857,8387948.686165871,127362.82857142857,-346.72813976180066,0.015184025717931053,True,non_rolling_reduced_day_only,reduced_form,intraday_only,,,True,log_backward,0.5,13069.495531876348,0.0001692891719181098,0.0005776226504666211
AMZN,2019-02-12,636814.1428571428,0.0003267894702955,123.01461444303838,600.0,0.0011552453009332421,0.2,127362.82857142857,10568591.373896519,127362.82857142857,-137.07480153600827,0.012051069443937764,True,non_rolling_reduced_day_only,reduced_form,intraday_only,,,True,log_backward,0.5,20230.432333396406,0.00015549242766445004,0.0005776226504666211
AMZN,2019-02-13,636814.1428571428,0.0003267894702955,123.01461444303838,600.0,0.0011552453009332421,0.2,127362.82857142857,8439863.883929944,127362.82857142857,-179.85552735416374,0.015090625906175546,True,non_rolling_reduced_day_only,reduced_form,intraday_only,,,True,log_backward,0.5,13204.634408799255,0.00018117944935087897,0.0005776226504666211
AMZN,2019-02-14,636814.1428571428,0.0003267894702955,123.01461444303838,600.0,0.0011552453009332421,0.2,127362.82857142857,8998116.393999605,127362.82857142857,-513.0714824323758,0.014154387762349962,True,non_rolling_reduced_day_only,reduced_form,intraday_only,,,True,log_backward,0.5,15121.148554581225,0.00014891794360566188,0.0005776226504666211
AMZN,2019-02-15,636814.1428571428,0.0003267894702955,123.01461444303838,600.0,0.0011552453009332421,0.2,127362.82857142857,9191805.521214973,127362.82857142857,326.68241845837065,0.013856127425397676,True,non_rolling_reduced_day_only,reduced_form,intraday_only,,,True,log_backward,0.5,15073.419102985175,0.0001554531196025732,0.0005776226504666211
AMZN,2019-02-19,636814.1428571428,0.0003267894702955,123.01461444303838,600.0,0.0011552453009332421,0.2,127362.82857142857,8659290.864569629,127362.82857142857,-198.6852657350567,0.014708228486993845,True,non_rolling_reduced_day_only,reduced_form,intraday_only,,,True,log_backward,0.5,14349.256613294654,0.00017631809627118697,0.0005776226504666211
AMZN,2019-02-20,636814.1428571428,0.0003267894702955,123.01461444303838,600.0,0.0011552453009332421,0.2,127362.82857142857,8394547.693798348,127362.82857142856,260.05717228194885,0.01517208945819923,True,non_rolling_reduced_day_only,reduced_form,intraday_only,,,True,log_backward,0.5,13262.62037981498,0.0001609852957011508,0.0005776226504666211
AMZN,2019-02-21,636814.1428571428,0.0003267894702955,123.01461444303838,600.0,0.0011552453009332421,0.2,127362.82857142857,9116071.029873751,127362.82857142859,154.94456079753508,0.013971241355410153,True,non_rolling_reduced_day_only,reduced_form,intraday_only,,,True,log_backward,0.5,15733.194879084558,0.00016517132163002872,0.0005776226504666211
AMZN,2019-02-22,636814.1428571428,0.0003267894702955,123.01461444303838,600.0,0.0011552453009332421,0.2,127362.82857142857,7898813.846548233,127362.82857142856,11.315586660968506,0.016124298033316217,True,non_rolling_reduced_day_only,reduced_form,intraday_only,,,True,log_backward,0.5,12096.412272160098,0.00019906341531184272,0.0005776226504666211
AMZN,2019-02-25,636814.1428571428,0.0003267894702955,123.01461444303838,600.0,0.0011552453009332421,0.2,127362.82857142857,8024766.177044914,127362.82857142856,91.11360668737449,0.01587121989121051,True,non_rolling_reduced_day_only,reduced_form,intraday_only,,,True,log_backward,0.5,13043.06511101733,0.0002122080370702162,0.0005776226504666211
AMZN,2019-02-26,636814.1428571428,0.0003267894702955,123.01461444303838,600.0,0.0011552453009332421,0.2,127362.82857142857,8132402.284016511,127362.82857142857,657.4467550353829,0.01566115695257089,True,non_rolling_reduced_day_only,reduced_form,intraday_only,,,True,log_backward,0.5,11251.468379729205,0.00019980310068569028,0.0005776226504666211
AMZN,2019-02-27,636814.1428571428,0.0003267894702955,123.01461444303838,600.0,0.0011552453009332421,0.2,127362.82857142857,8775911.474760655,127362.82857142857,810.5082105825142,0.014512774990691452,True,non_rolling_reduced_day_only,reduced_form,intraday_only,,,True,log_backward,0.5,14294.098784186153,0.00019288992345079764,0.0005776226504666211
AMZN,2019-02-28,636814.1428571428,0.0003267894702955,123.01461444303838,600.0,0.0011552453009332421,0.2,127362.82857142857,7868097.062743918,127362.82857142859,48.48112666662136,0.01618724674540455,True,non_rolling_reduced_day_only,reduced_form,intraday_only,,,True,log_backward,0.5,12267.920861007482,0.00021765888136021793,0.0005776226504666211
APA,2019-02-01,448791.2380952381,0.0004688084821136,82.46700743853904,600.0,0.0011552453009332421,0.2,89758.24761904763,12637692.854708463,89758.24761904762,-19.97807771464049,0.0071024235713725336,True,non_rolling_reduced_day_only,reduced_form,intraday_only,,,True,log_backward,0.5,21875.57088732852,0.0001419778251594742,0.0005776226504666211
APA,2019-02-04,448791.2380952381,0.0004688084821136,82.46700743853904,600.0,0.0011552453009332421,0.2,89758.24761904763,8200093.439072104,89758.24761904762,93.80612336549655,0.01094600302861968,True,non_rolling_reduced_day_only,reduced_form,intraday_only,,,True,log_backward,0.5,9741.373720082234,0.0002292665451948912,0.0005776226504666211
APA,2019-02-05,448791.2380952381,0.0004688084821136,82.46700743853904,600.0,0.0011552453009332421,0.2,89758.24761904763,10054991.08738304,89758.24761904764,-301.1590237046427,0.008926735671767617,True,non_rolling_reduced_day_only,reduced_form,intraday_only,,,True,log_backward,0.5,13216.40420651842,0.00019212512008079993,0.0005776226504666211
APA,2019-02-06,448791.2380952381,0.0004688084821136,82.46700743853904,600.0,0.0011552453009332421,0.2,89758.24761904763,11998255.245683266,89758.24761904764,231.32364973491045,0.00748094166869311,True,non_rolling_reduced_day_only,reduced_form,intraday_only,,,True,log_backward,0.5,19173.93040711197,0.00019414169470748064,0.0005776226504666211
APA,2019-02-07,448791.2380952381,0.0004688084821136,82.46700743853904,600.0,0.0011552453009332421,0.2,89758.24761904763,12024291.659826133,89758.24761904763,32.308299370260364,0.007464743051678896,True,non_rolling_reduced_day_only,reduced_form,intraday_only,,,True,log_backward,0.5,16182.886082196914,0.00012023385450343741,0.0005776226504666211
APA,2019-02-08,448791.2380952381,0.0004688084821136,82.46700743853904,600.0,0.0011552453009332421,0.2,89758.24761904763,11904648.448146889,89758.24761904763,-217.8292545968837,0.0075397646566387816,True,non_rolling_reduced_day_only,reduced_form,intraday_only,,,True,log_backward,0.5,16315.604582115804,0.00016556617212667662,0.0005776226504666211
APA,2019-02-11,448791.2380952381,0.0004688084821136,82.46700743853904,600.0,0.0011552453009332421,0.2,89758.24761904763,10818894.103309661,89758.24761904764,462.0345612760924,0.008296434622794694,True,non_rolling_reduced_day_only,reduced_form,intraday_only,,,True,log_backward,0.5,12997.969100911392,0.00017219462436914167,0.0005776226504666211
APA,2019-02-12,448791.2380952381,0.0004688084821136,82.46700743853904,600.0,0.0011552453009332421,0.2,89758.24761904763,11311779.415565906,89758.24761904763,257.06932466535295,0.007934936168887201,True,non_rolling_reduced_day_only,reduced_form,intraday_only,,,True,log_backward,0.5,15768.707795199944,0.00018490959520603992,0.0005776226504666211
APA,2019-02-13,448791.2380952381,0.0004688084821136,82.46700743853904,600.0,0.0011552453009332421,0.2,89758.24761904763,11829023.577734621,89758.24761904762,776.8102413541865,0.007587967597595849,True,non_rolling_reduced_day_only,reduced_form,intraday_only,,,True,log_backward,0.5,17391.372408975836,0.0001789949972771807,0.0005776226504666211
APA,2019-02-14,448791.2380952381,0.0004688084821136,82.46700743853904,600.0,0.0011552453009332421,0.2,89758.24761904763,9431607.696989885,89758.24761904764,-41.92816737582652,0.009516749477153735,True,non_rolling_reduced_day_only,reduced_form,intraday_only,,,True,log_backward,0.5,11995.865788423102,0.00019702131908421385,0.0005776226504666211
APA,2019-02-15,448791.2380952381,0.0004688084821136,82.46700743853904,600.0,0.0011552453009332421,0.2,89758.24761904763,10056645.792903809,89758.24761904762,-223.54660488160584,0.008925266879975332,True,non_rolling_reduced_day_only,reduced_form,intraday_only,,,True,log_backward,0.5,13675.515223557326,0.00020864882690967447,0.0005776226504666211
APA,2019-02-19,448791.2380952381,0.0004688084821136,82.46700743853904,600.0,0.0011552453009332421,0.2,89758.24761904763,8846067.710613187,89758.24761904764,-53.69405224769822,0.010146683312333114,True,non_rolling_reduced_day_only,reduced_form,intraday_only,,,True,log_backward,0.5,11469.417993850751,0.00020164484997999194,0.0005776226504666211
APA,2019-02-20,448791.2380952381,0.0004688084821136,82.46700743853904,600.0,0.0011552453009332421,0.2,89758.24761904763,10103029.041537382,89758.24761904762,564.1126717075698,0.008884290765672102,True,non_rolling_reduced_day_only,reduced_form,intraday_only,,,True,log_backward,0.5,13872.001092253202,0.0001616933252155618,0.0005776226504666211
APA,2019-02-21,448791.2380952381,0.0004688084821136,82.46700743853904,600.0,0.0011552453009332421,0.2,89758.24761904763,10532911.711869448,89758.24761904762,-594.8423094184619,0.008521693722914227,True,non_rolling_reduced_day_only,reduced_form,intraday_only,,,True,log_backward,0.5,15950.407098870566,0.0001611434642890635,0.0005776226504666211
APA,2019-02-22,448791.2380952381,0.0004688084821136,82.46700743853904,600.0,0.0011552453009332421,0.2,89758.24761904763,8940735.893910391,89758.24761904763,-278.8484605214819,0.010039246062528557,True,non_rolling_reduced_day_only,reduced_form,intraday_only,,,True,log_backward,0.5,12737.473133258327,0.00019588427080836595,0.0005776226504666211
APA,2019-02-25,448791.2380952381,0.0004688084821136,82.46700743853904,600.0,0.0011552453009332421,0.2,89758.24761904763,9128622.938647725,89758.24761904764,-95.65199160123987,0.009832616400337819,True,non_rolling_reduced_day_only,reduced_form,intraday_only,,,True,log_backward,0.5,11693.357267229543,0.000211411413571691,0.0005776226504666211
APA,2019-02-26,448791.2380952381,0.0004688084821136,82.46700743853904,600.0,0.0011552453009332421,0.2,89758.24761904763,9011863.892033987,89758.24761904763,-40.73670040120365,0.009960009238309645,True,non_rolling_reduced_day_only,reduced_form,intraday_only,,,True,log_backward,0.5,11164.538078807644,0.0002195201563421462,0.0005776226504666211
APA,2019-02-27,448791.2380952381,0.0004688084821136,82.46700743853904,600.0,0.0011552453009332421,0.2,89758.24761904763,11302088.650426947,89758.24761904764,292.7416162571186,0.007941739831925396,True,non_rolling_reduced_day_only,reduced_form,intraday_only,,,True,log_backward,0.5,18047.24361370879,0.0001922550338910939,0.0005776226504666211
APA,2019-02-28,448791.2380952381,0.0004688084821136,82.46700743853904,600.0,0.0011552453009332421,0.2,89758.24761904763,10276257.987137746,89758.24761904764,285.2137832622714,0.008734526491198774,True,non_rolling_reduced_day_only,reduced_form,intraday_only,,,True,log_backward,0.5,14290.308772774324,0.00015069608264604557,0.0005776226504666211
APC,2019-02-01,398272.2380952381,0.0003848964931289,83.25177637863227,600.0,0.0011552453009332421,0.2,79654.44761904763,10779591.356642932,79654.44761904763,60.510420675534824,0.007389375439539321,True,non_rolling_reduced_day_only,reduced_form,intraday_only,,,True,log_backward,0.5,16674.798467334207,0.00016804607922458477,0.0005776226504666211
APC,2019-02-04,398272.2380952381,0.0003848964931289,83.25177637863227,600.0,0.0011552453009332421,0.2,79654.44761904763,8731259.179322302,79654.44761904764,287.54402145429833,0.009122904953696519,True,non_rolling_reduced_day_only,reduced_form,intraday_only,,,True,log_backward,0.5,11590.299579965067,0.00019492365136595453,0.0005776226504666211
APC,2019-02-05,398272.2380952381,0.0003848964931289,83.25177637863227,600.0,0.0011552453009332421,0.2,79654.44761904763,12407683.536803648,79654.44761904764,-106.45823353665884,0.006419767830375167,True,non_rolling_reduced_day_only,reduced_form,intraday_only,,,True,log_backward,0.5,20227.579391460706,0.0001279861014568567,0.0005776226504666211
APC,2019-02-06,398272.2380952381,0.0003848964931289,83.25177637863227,600.0,0.0011552453009332421,0.2,79654.44761904763,17234494.44655348,79654.44761904763,-129.5045147702289,0.004621803550203746,True,non_rolling_reduced_day_only,reduced_form,intraday_only,,,True,log_backward,0.5,36716.76433394923,0.00010493514834709283,0.0005776226504666211
APC,2019-02-07,398272.2380952381,0.0003848964931289,83.25177637863227,600.0,0.0011552453009332421,0.2,79654.44761904763,16489629.029743737,79654.44761904763,-241.18354442095148,0.0048305785093993425,True,non_rolling_reduced_day_only,reduced_form,intraday_only,,,True,log_backward,0.5,31072.560543908923,9.262706775165745e-05,0.0005776226504666211
APC,2019-02-08,398272.2380952381,0.0003848964931289,83.25177637863227,600.0,0.0011552453009332421,0.2,79654.44761904763,14637832.320561584,79654.44761904763,-476.221119496548,0.005441683295357742,True,non_rolling_reduced_day_only,reduced_form,intraday_only,,,True,log_backward,0.5,22584.151857013734,0.00010079486577856396,0.0005776226504666211
APC,2019-02-11,398272.2380952381,0.0003848964931289,83.25177637863227,600.0,0.0011552453009332421,0.2,79654.44761904763,15140067.681530882,79654.44761904761,690.7223048116609,0.005261168529399427,True,non_rolling_reduced_day_only,reduced_form,intraday_only,,,True,log_backward,0.5,23098.793724097115,0.00011580424543615274,0.0005776226504666211
APC,2019-02-12,398272.2380952381,0.0003848964931289,83.25177637863227,600.0,0.0011552453009332421,0.2,79654.44761904763,12788360.266304664,79654.44761904763,64.08559876115889,0.006228667785417703,True,non_rolling_reduced_day_only,reduced_form,intraday_only,,,True,log_backward,0.5,19154.889976082475,0.00013522567906757314,0.0005776226504666211
APC,2019-02-13,398272.2380952381,0.0003848964931289,83.25177637863227,600.0,0.0011552453009332421,0.2,79654.44761904763,12972682.819324102,79654.44761904763,-235.4068331828846,0.006140167668355723,True,non_rolling_reduced_day_only,reduced_form,intraday_only,,,True,log_backward,0.5,20764.524630071497,0.00014496885978987895,0.0005776226504666211
APC,2019-02-14,398272.2380952381,0.0003848964931289,83.25177637863227,600.0,0.0011552453009332421,0.2,79654.44761904763,11146198.91795318,79654.44761904763,257.40383833218016,0.007146332862474599,True,non_rolling_reduced_day_only,reduced_form,intraday_only,,,True,log_backward,0.5,14250.09636846361,0.0001336091356041452,0.0005776226504666211
APC,2019-02-15,398272.2380952381,0.0003848964931289,83.25177637863227,600.0,0.0011552453009332421,0.2,79654.44761904763,10961581.094581533,79654.44761904763,-205.756789700914,0.00726669327460634,True,non_rolling_reduced_day_only,reduced_form,intraday_only,,,True,log_backward,0.5,13636.104472092244,0.00014111898255686595,0.0005776226504666211
APC,2019-02-19,398272.2380952381,0.0003848964931289,83.25177637863227,600.0,0.0011552453009332421,0.2,79654.44761904763,11336447.56431958,79654.44761904763,349.2968168360586,0.007026402862723295,True,non_rolling_reduced_day_only,reduced_form,intraday_only,,,True,log_backward,0.5,16299.216261111935,0.00011530251275051776,0.0005776226504666211
APC,2019-02-20,398272.2380952381,0.0003848964931289,83.25177637863227,600.0,0.0011552453009332421,0.2,79654.44761904763,11052231.870483555,79654.44761904763,620.926937354283,0.007207091613032056,True,non_rolling_reduced_day_only,reduced_form,intraday_only,,,True,log_backward,0.5,14379.933983127052,0.00011368717331370491,0.0005776226504666211
APC,2019-02-21,398272.2380952381,0.0003848964931289,83.25177637863227,600.0,0.0011552453009332421,0.2,79654.44761904763,13046728.490305802,79654.44761904763,-204.7622770385285,0.006105319634591446,True,non_rolling_reduced_day_only,reduced_form,intraday_only,,,True,log_backward,0.5,19821.56001643527,0.000119316031717735,0.0005776226504666211
APC,2019-02-22,398272.2380952381,0.0003848964931289,83.25177637863227,600.0,0.0011552453009332421,0.2,79654.44761904763,10833133.99380317,79654.44761904764,74.49857551377264,0.007352853538469294,True,non_rolling_reduced_day_only,reduced_form,intraday_only,,,True,log_backward,0.5,14691.82570390312,0.000153453296056223,0.0005776226504666211
APC,2019-02-25,398272.2380952381,0.0003848964931289,83.25177637863227,600.0,0.0011552453009332421,0.2,79654.44761904763,10605636.288056716,79654.44761904763,499.06718271142483,0.007510576966395555,True,non_rolling_reduced_day_only,reduced_form,intraday_only,,,True,log_backward,0.5,13635.804802429599,0.00015221396490646292,0.0005776226504666211
APC,2019-02-26,398272.2380952381,0.0003848964931289,83.25177637863227,600.0,0.0011552453009332421,0.2,79654.44761904763,12671687.749972839,79654.44761904763,330.4780098920942,0.006286017237066023,True,non_rolling_reduced_day_only,reduced_form,intraday_only,,,True,log_backward,0.5,18464.111197806782,0.00013845374881321336,0.0005776226504666211
APC,2019-02-27,398272.2380952381,0.0003848964931289,83.25177637863227,600.0,0.0011552453009332421,0.2,79654.44761904763,11402209.52893132,79654.44761904763,-235.91790387995422,0.0069858782560465104,True,non_rolling_reduced_day_only,reduced_form,intraday_only,,,True,log_backward,0.5,15501.112378131898,0.00016002233453443312,0.0005776226504666211
APC,2019-02-28,398272.2380952381,0.0003848964931289,83.25177637863227,600.0,0.0011552453009332421,0.2,79654.44761904763,10343035.482429197,79654.44761904763,153.73818812548492,0.007701264078071183,True,non_rolling_reduced_day_only,reduced_form,intraday_only,,,True,log_backward,0.5,13793.808130998757,0.00016469730342118434,0.0005776226504666211
