stock,date,model_type,ADV,sigma,lambda_hat,half_life_seconds,beta,use_dynamic_target,gamma_method,gamma_clip_multiple,target_participation,target_abs_volume,raw_abs_volume,actual_abs_volume,net_traded,scale_factor,normalize_abs_volume,mean_local_volume,mean_gamma_prime,max_abs_gamma_prime,strategy,alpha_key
AAL,2019-02-01,reduced_form,1236722.3333333333,0.000528342622418,73.75233904848605,600.0,0.0011552453009332421,True,log_backward,0.5,0.2,247344.46666666667,29658224.309972472,247344.46666666667,900.7502150538247,0.008339827229086603,True,34933.15081468553,0.00017759656660274926,0.0005776226504666211,non_rolling_reduced_day_only,intraday_only
AAL,2019-02-04,reduced_form,1236722.3333333333,0.000528342622418,73.75233904848605,600.0,0.0011552453009332421,True,log_backward,0.5,0.2,247344.46666666667,25357168.947155,247344.4666666667,-27.967853368609752,0.00975441963502073,True,28888.663171912583,0.00022679984890142343,0.0005776226504666211,non_rolling_reduced_day_only,intraday_only
AAL,2019-02-05,reduced_form,1236722.3333333333,0.000528342622418,73.75233904848605,600.0,0.0011552453009332421,True,log_backward,0.5,0.2,247344.46666666667,28245345.64285469,247344.4666666667,-135.4601739205737,0.008756999110373363,True,35913.53116699025,0.00019694034033331765,0.0005776226504666211,non_rolling_reduced_day_only,intraday_only
AAL,2019-02-06,reduced_form,1236722.3333333333,0.000528342622418,73.75233904848605,600.0,0.0011552453009332421,True,log_backward,0.5,0.2,247344.46666666667,24482073.998042367,247344.46666666673,-494.0521420338068,0.01010308467683109,True,25080.345501634332,0.00020535867180081126,0.0005776226504666211,non_rolling_reduced_day_only,intraday_only
AAL,2019-02-07,reduced_form,1236722.3333333333,0.000528342622418,73.75233904848605,600.0,0.0011552453009332421,True,log_backward,0.5,0.2,247344.46666666667,29382834.4437311,247344.46666666667,504.7938277086676,0.008417992047034735,True,34881.03870863076,0.0001580638007184145,0.0005776226504666211,non_rolling_reduced_day_only,intraday_only
AAL,2019-02-08,reduced_form,1236722.3333333333,0.000528342622418,73.75233904848605,600.0,0.0011552453009332421,True,log_backward,0.5,0.2,247344.46666666667,28974675.772518225,247344.46666666665,-249.45372936097988,0.008536574096931461,True,31989.950553307124,0.00018805187124752923,0.0005776226504666211,non_rolling_reduced_day_only,intraday_only
AAL,2019-02-11,reduced_form,1236722.3333333333,0.000528342622418,73.75233904848605,600.0,0.0011552453009332421,True,log_backward,0.5,0.2,247344.46666666667,25871390.384500377,247344.46666666667,-1680.4879911755093,0.00956054015615842,True,28816.674615185984,0.00019667339795283802,0.0005776226504666211,non_rolling_reduced_day_only,intraday_only
AAL,2019-02-12,reduced_form,1236722.3333333333,0.000528342622418,73.75233904848605,600.0,0.0011552453009332421,True,log_backward,0.5,0.2,247344.46666666667,30973241.444960542,247344.46666666673,-1406.6590772156712,0.007985746894014883,True,44081.19035568412,0.00020998670618520938,0.0005776226504666211,non_rolling_reduced_day_only,intraday_only
AAL,2019-02-13,reduced_form,1236722.3333333333,0.000528342622418,73.75233904848605,600.0,0.0011552453009332421,True,log_backward,0.5,0.2,247344.46666666667,29172531.796769176,247344.46666666662,706.281110110255,0.008478676735697646,True,32666.39594958316,0.00018496096484788065,0.0005776226504666211,non_rolling_reduced_day_only,intraday_only
AAL,2019-02-14,reduced_form,1236722.3333333333,0.000528342622418,73.75233904848605,600.0,0.0011552453009332421,True,log_backward,0.5,0.2,247344.46666666667,27720894.719500422,247344.46666666673,777.9540242321484,0.008922672560516988,True,29935.537308007053,0.000181536823920577,0.0005776226504666211,non_rolling_reduced_day_only,intraday_only
AAL,2019-02-15,reduced_form,1236722.3333333333,0.000528342622418,73.75233904848605,600.0,0.0011552453009332421,True,log_backward,0.5,0.2,247344.46666666667,37009009.16632716,247344.46666666667,1049.0487052400003,0.006683358248123927,True,57065.027043273316,0.0002148350903135167,0.0005776226504666211,non_rolling_reduced_day_only,intraday_only
AAL,2019-02-19,reduced_form,1236722.3333333333,0.000528342622418,73.75233904848605,600.0,0.0011552453009332421,True,log_backward,0.5,0.2,247344.46666666667,29389024.512515675,247344.46666666665,742.5396160665783,0.008416219005885411,True,35662.819623920834,0.00022374548883956574,0.0005776226504666211,non_rolling_reduced_day_only,intraday_only
AAL,2019-02-20,reduced_form,1236722.3333333333,0.000528342622418,73.75233904848605,600.0,0.0011552453009332421,True,log_backward,0.5,0.2,247344.46666666667,31590817.474027205,247344.46666666667,-1505.8551357029787,0.007829631723522953,True,40834.741492171364,0.00022260382203992645,0.0005776226504666211,non_rolling_reduced_day_only,intraday_only
AAL,2019-02-21,reduced_form,1236722.3333333333,0.000528342622418,73.75233904848605,600.0,0.0011552453009332421,True,log_backward,0.5,0.2,247344.46666666667,28635350.976635687,247344.4666666667,343.38919245767926,0.008637731273783979,True,34676.11286824244,0.00021612779899778594,0.0005776226504666211,non_rolling_reduced_day_only,intraday_only
AAL,2019-02-22,reduced_form,1236722.3333333333,0.000528342622418,73.75233904848605,600.0,0.0011552453009332421,True,log_backward,0.5,0.2,247344.46666666667,26369619.726746693,247344.46666666667,871.7586861604425,0.009379902677010745,True,30946.8524575891,0.00022480801430339685,0.0005776226504666211,non_rolling_reduced_day_only,intraday_only
AAL,2019-02-25,reduced_form,1236722.3333333333,0.000528342622418,73.75233904848605,600.0,0.0011552453009332421,True,log_backward,0.5,0.2,247344.46666666667,25910128.569447227,247344.46666666667,-537.9707557298256,0.009546246210384728,True,30362.96111473716,0.00025234200343622826,0.0005776226504666211,non_rolling_reduced_day_only,intraday_only
AAL,2019-02-26,reduced_form,1236722.3333333333,0.000528342622418,73.75233904848605,600.0,0.0011552453009332421,True,log_backward,0.5,0.2,247344.46666666667,26828739.94962387,247344.46666666667,1642.754367003691,0.009219384403855849,True,32068.438827356535,0.0002257137990378911,0.0005776226504666211,non_rolling_reduced_day_only,intraday_only
AAL,2019-02-27,reduced_form,1236722.3333333333,0.000528342622418,73.75233904848605,600.0,0.0011552453009332421,True,log_backward,0.5,0.2,247344.46666666667,27510486.147328828,247344.46666666667,-607.1857149398083,0.008990915876296973,True,32155.931428017982,0.00023026313503396876,0.0005776226504666211,non_rolling_reduced_day_only,intraday_only
AAL,2019-02-28,reduced_form,1236722.3333333333,0.000528342622418,73.75233904848605,600.0,0.0011552453009332421,True,log_backward,0.5,0.2,247344.46666666667,25742180.38084516,247344.46666666667,1517.791759373792,0.009608528221281384,True,27347.061069281306,0.00021729861675269256,0.0005776226504666211,non_rolling_reduced_day_only,intraday_only
AAPL,2019-02-01,reduced_form,2968462.8095238097,0.0002876491912289,106.65359359372692,600.0,0.0011552453009332421,True,log_backward,0.5,0.2,593692.5619047619,45197804.57032713,593692.561904762,-3089.6768206398056,0.013135429199464432,True,67554.75993767667,0.00012916804721427297,0.0005776226504666211,non_rolling_reduced_day_only,intraday_only
AAPL,2019-02-04,reduced_form,2968462.8095238097,0.0002876491912289,106.65359359372692,600.0,0.0011552453009332421,True,log_backward,0.5,0.2,593692.5619047619,43837345.5221574,593692.5619047618,62.015797766782555,0.013543077365500667,True,75941.32097940573,0.0001271621952634993,0.0005776226504666211,non_rolling_reduced_day_only,intraday_only
AAPL,2019-02-05,reduced_form,2968462.8095238097,0.0002876491912289,106.65359359372692,600.0,0.0011552453009332421,True,log_backward,0.5,0.2,593692.5619047619,47171601.52708602,593692.5619047619,-454.7560673960887,0.012585804651212925,True,85903.48137016664,0.00013762981599264442,0.0005776226504666211,non_rolling_reduced_day_only,intraday_only
AAPL,2019-02-06,reduced_form,2968462.8095238097,0.0002876491912289,106.65359359372692,600.0,0.0011552453009332421,True,log_backward,0.5,0.2,593692.5619047619,43334312.70349495,593692.5619047619,8.989122264923026,0.013700287944266394,True,70483.58148880089,0.0001237936424179007,0.0005776226504666211,non_rolling_reduced_day_only,intraday_only
AAPL,2019-02-07,reduced_form,2968462.8095238097,0.0002876491912289,106.65359359372692,600.0,0.0011552453009332421,True,log_backward,0.5,0.2,593692.5619047619,47771350.48972547,593692.5619047619,-634.6228779202069,0.012427795233305193,True,82655.08905332688,0.00011013876628819596,0.0005776226504666211,non_rolling_reduced_day_only,intraday_only
AAPL,2019-02-08,reduced_form,2968462.8095238097,0.0002876491912289,106.65359359372692,600.0,0.0011552453009332421,True,log_backward,0.5,0.2,593692.5619047619,41571906.062406436,593692.5619047619,1660.4592629461831,0.014281100342465158,True,59580.725886371794,0.00010620820252196977,0.0005776226504666211,non_rolling_reduced_day_only,intraday_only
AAPL,2019-02-11,reduced_form,2968462.8095238097,0.0002876491912289,106.65359359372692,600.0,0.0011552453009332421,True,log_backward,0.5,0.2,593692.5619047619,40513571.40856005,593692.5619047619,-2354.510559394318,0.014654165043058177,True,59258.43717944467,9.740455718556217e-05,0.0005776226504666211,non_rolling_reduced_day_only,intraday_only
AAPL,2019-02-12,reduced_form,2968462.8095238097,0.0002876491912289,106.65359359372692,600.0,0.0011552453009332421,True,log_backward,0.5,0.2,593692.5619047619,44183233.3690708,593692.5619047619,3017.826187331966,0.013437055566882964,True,67365.45494498331,8.584624076470595e-05,0.0005776226504666211,non_rolling_reduced_day_only,intraday_only
AAPL,2019-02-13,reduced_form,2968462.8095238097,0.0002876491912289,106.65359359372692,600.0,0.0011552453009332421,True,log_backward,0.5,0.2,593692.5619047619,42096958.856360584,593692.5619047619,-2658.847585148429,0.014102979835918926,True,64372.0350513713,9.292108112540881e-05,0.0005776226504666211,non_rolling_reduced_day_only,intraday_only
AAPL,2019-02-14,reduced_form,2968462.8095238097,0.0002876491912289,106.65359359372692,600.0,0.0011552453009332421,True,log_backward,0.5,0.2,593692.5619047619,42318595.49359304,593692.5619047619,3482.732543726369,0.014029117814050468,True,63295.791075642905,9.461387292144621e-05,0.0005776226504666211,non_rolling_reduced_day_only,intraday_only
AAPL,2019-02-15,reduced_form,2968462.8095238097,0.0002876491912289,106.65359359372692,600.0,0.0011552453009332421,True,log_backward,0.5,0.2,593692.5619047619,44268737.71383482,593692.5619047619,-128.15749816768482,0.013411102113246426,True,65490.6695164363,9.043919624414824e-05,0.0005776226504666211,non_rolling_reduced_day_only,intraday_only
AAPL,2019-02-19,reduced_form,2968462.8095238097,0.0002876491912289,106.65359359372692,600.0,0.0011552453009332421,True,log_backward,0.5,0.2,593692.5619047619,41169425.53743387,593692.5619047619,1016.2018526395113,0.01442071523113527,True,61548.58098137173,9.812859882976292e-05,0.0005776226504666211,non_rolling_reduced_day_only,intraday_only
AAPL,2019-02-20,reduced_form,2968462.8095238097,0.0002876491912289,106.65359359372692,600.0,0.0011552453009332421,True,log_backward,0.5,0.2,593692.5619047619,45847107.06354305,593692.5619047619,-1080.7389186276637,0.01294940073496715,True,74297.26318074943,0.0001024872425408369,0.0005776226504666211,non_rolling_reduced_day_only,intraday_only
AAPL,2019-02-21,reduced_form,2968462.8095238097,0.0002876491912289,106.65359359372692,600.0,0.0011552453009332421,True,log_backward,0.5,0.2,593692.5619047619,39646377.57896188,593692.561904762,20.26116546436174,0.014974698778528545,True,55002.76272077917,9.562125812311838e-05,0.0005776226504666211,non_rolling_reduced_day_only,intraday_only
AAPL,2019-02-22,reduced_form,2968462.8095238097,0.0002876491912289,106.65359359372692,600.0,0.0011552453009332421,True,log_backward,0.5,0.2,593692.5619047619,39498119.43202923,593692.5619047619,3681.7721822551875,0.015030907051826208,True,57147.607250956826,0.00010123125900611441,0.0005776226504666211,non_rolling_reduced_day_only,intraday_only
AAPL,2019-02-25,reduced_form,2968462.8095238097,0.0002876491912289,106.65359359372692,600.0,0.0011552453009332421,True,log_backward,0.5,0.2,593692.5619047619,45696423.17184995,593692.561904762,-97.48277273698307,0.012992101365834913,True,78334.75400852757,0.0001070335848026629,0.0005776226504666211,non_rolling_reduced_day_only,intraday_only
AAPL,2019-02-26,reduced_form,2968462.8095238097,0.0002876491912289,106.65359359372692,600.0,0.0011552453009332421,True,log_backward,0.5,0.2,593692.5619047619,36813075.99367107,593692.5619047619,5.557358746746104,0.01612721963268785,True,54396.38916828505,9.50751414058597e-05,0.0005776226504666211,non_rolling_reduced_day_only,intraday_only
AAPL,2019-02-27,reduced_form,2968462.8095238097,0.0002876491912289,106.65359359372692,600.0,0.0011552453009332421,True,log_backward,0.5,0.2,593692.5619047619,38276066.15606019,593692.5619047619,-555.6675464616907,0.01551080404877928,True,56561.02697202263,9.932503107605544e-05,0.0005776226504666211,non_rolling_reduced_day_only,intraday_only
AAPL,2019-02-28,reduced_form,2968462.8095238097,0.0002876491912289,106.65359359372692,600.0,0.0011552453009332421,True,log_backward,0.5,0.2,593692.5619047619,38049054.43879104,593692.5619047618,-1873.6009438393771,0.015603346013757756,True,52714.65143159813,0.00010199497607628414,0.0005776226504666211,non_rolling_reduced_day_only,intraday_only
ABBV,2019-02-01,reduced_form,476343.1904761905,0.000342149361792,89.71183060865975,600.0,0.0011552453009332421,True,log_backward,0.5,0.2,95268.6380952381,12793864.559242122,95268.6380952381,-351.96534142026553,0.007446431659026535,True,16512.3620537119,0.0001222055866781744,0.0005776226504666211,non_rolling_reduced_day_only,intraday_only
ABBV,2019-02-04,reduced_form,476343.1904761905,0.000342149361792,89.71183060865975,600.0,0.0011552453009332421,True,log_backward,0.5,0.2,95268.6380952381,17296985.29821077,95268.6380952381,-64.76653587221386,0.005507817486848003,True,29311.28983998669,0.00011902977130157632,0.0005776226504666211,non_rolling_reduced_day_only,intraday_only
ABBV,2019-02-05,reduced_form,476343.1904761905,0.000342149361792,89.71183060865975,600.0,0.0011552453009332421,True,log_backward,0.5,0.2,95268.6380952381,12503256.781938592,95268.6380952381,548.9887853799355,0.007619505842098444,True,15810.387446894809,0.00016005232694981923,0.0005776226504666211,non_rolling_reduced_day_only,intraday_only
ABBV,2019-02-06,reduced_form,476343.1904761905,0.000342149361792,89.71183060865975,600.0,0.0011552453009332421,True,log_backward,0.5,0.2,95268.6380952381,9253058.55687556,95268.63809523812,371.49814795763376,0.010295907835193366,True,8443.212107349895,0.00018282783735196196,0.0005776226504666211,non_rolling_reduced_day_only,intraday_only
ABBV,2019-02-07,reduced_form,476343.1904761905,0.000342149361792,89.71183060865975,600.0,0.0011552453009332421,True,log_backward,0.5,0.2,95268.6380952381,12949959.159304082,95268.63809523807,118.09584648337214,0.00735667479127075,True,16080.84818483023,0.00010600423205802915,0.0005776226504666211,non_rolling_reduced_day_only,intraday_only
ABBV,2019-02-08,reduced_form,476343.1904761905,0.000342149361792,89.71183060865975,600.0,0.0011552453009332421,True,log_backward,0.5,0.2,95268.6380952381,10834732.631531967,95268.6380952381,-313.7668531366412,0.008792892389239113,True,11795.730837735551,0.00014260552400559447,0.0005776226504666211,non_rolling_reduced_day_only,intraday_only
ABBV,2019-02-11,reduced_form,476343.1904761905,0.000342149361792,89.71183060865975,600.0,0.0011552453009332421,True,log_backward,0.5,0.2,95268.6380952381,9775223.574369607,95268.6380952381,-155.40606728254795,0.009745929325343523,True,9901.16078717246,0.00018431298935283775,0.0005776226504666211,non_rolling_reduced_day_only,intraday_only
ABBV,2019-02-12,reduced_form,476343.1904761905,0.000342149361792,89.71183060865975,600.0,0.0011552453009332421,True,log_backward,0.5,0.2,95268.6380952381,11661811.54258689,95268.63809523812,-435.77584674795685,0.008169282940933642,True,13675.597694720884,0.0001534062659681018,0.0005776226504666211,non_rolling_reduced_day_only,intraday_only
ABBV,2019-02-13,reduced_form,476343.1904761905,0.000342149361792,89.71183060865975,600.0,0.0011552453009332421,True,log_backward,0.5,0.2,95268.6380952381,9585210.557758886,95268.6380952381,-218.7907789905588,0.00993912836042204,True,9962.174280239817,0.00019515460906703371,0.0005776226504666211,non_rolling_reduced_day_only,intraday_only
ABBV,2019-02-14,reduced_form,476343.1904761905,0.000342149361792,89.71183060865975,600.0,0.0011552453009332421,True,log_backward,0.5,0.2,95268.6380952381,9799552.342806036,95268.6380952381,25.10840358226062,0.009721733683597895,True,10418.612000613284,0.0001575612860468346,0.0005776226504666211,non_rolling_reduced_day_only,intraday_only
ABBV,2019-02-15,reduced_form,476343.1904761905,0.000342149361792,89.71183060865975,600.0,0.0011552453009332421,True,log_backward,0.5,0.2,95268.6380952381,10740365.943431476,95268.6380952381,-512.2638596108288,0.008870148242341955,True,12052.701292944043,0.00016995383353278888,0.0005776226504666211,non_rolling_reduced_day_only,intraday_only
ABBV,2019-02-19,reduced_form,476343.1904761905,0.000342149361792,89.71183060865975,600.0,0.0011552453009332421,True,log_backward,0.5,0.2,95268.6380952381,10157904.842239657,95268.6380952381,188.86846509930433,0.009378768513274719,True,11469.264757167266,0.00020029778812851205,0.0005776226504666211,non_rolling_reduced_day_only,intraday_only
ABBV,2019-02-20,reduced_form,476343.1904761905,0.000342149361792,89.71183060865975,600.0,0.0011552453009332421,True,log_backward,0.5,0.2,95268.6380952381,10735654.112599462,95268.6380952381,-19.60980629028677,0.008874041310946294,True,12128.417298576112,0.00016780787068324158,0.0005776226504666211,non_rolling_reduced_day_only,intraday_only
ABBV,2019-02-21,reduced_form,476343.1904761905,0.000342149361792,89.71183060865975,600.0,0.0011552453009332421,True,log_backward,0.5,0.2,95268.6380952381,12542450.166847927,95268.6380952381,-104.09309627961811,0.007595695962743481,True,16782.103102030313,0.00017255788935716725,0.0005776226504666211,non_rolling_reduced_day_only,intraday_only
ABBV,2019-02-22,reduced_form,476343.1904761905,0.000342149361792,89.71183060865975,600.0,0.0011552453009332421,True,log_backward,0.5,0.2,95268.6380952381,10310972.107451415,95268.63809523807,-285.33535443512153,0.009239539890364988,True,11205.55070303876,0.0001813075693367283,0.0005776226504666211,non_rolling_reduced_day_only,intraday_only
ABBV,2019-02-25,reduced_form,476343.1904761905,0.000342149361792,89.71183060865975,600.0,0.0011552453009332421,True,log_backward,0.5,0.2,95268.6380952381,10927985.931641381,95268.6380952381,-37.754637170773535,0.00871785877939255,True,13393.73536009096,0.00017053646926220523,0.0005776226504666211,non_rolling_reduced_day_only,intraday_only
ABBV,2019-02-26,reduced_form,476343.1904761905,0.000342149361792,89.71183060865975,600.0,0.0011552453009332421,True,log_backward,0.5,0.2,95268.6380952381,10462555.23314913,95268.6380952381,98.7087296963632,0.009105676000963212,True,11525.437703379615,0.00018011181731911977,0.0005776226504666211,non_rolling_reduced_day_only,intraday_only
ABBV,2019-02-27,reduced_form,476343.1904761905,0.000342149361792,89.71183060865975,600.0,0.0011552453009332421,True,log_backward,0.5,0.2,95268.6380952381,10338527.256456275,95268.63809523809,540.3640212326834,0.009214913858813312,True,10678.558599734535,0.00019399695594953485,0.0005776226504666211,non_rolling_reduced_day_only,intraday_only
ABBV,2019-02-28,reduced_form,476343.1904761905,0.000342149361792,89.71183060865975,600.0,0.0011552453009332421,True,log_backward,0.5,0.2,95268.6380952381,12368027.912447318,95268.6380952381,363.27896805869034,0.007702815579786871,True,16651.590896757018,0.0001234767643642559,0.0005776226504666211,non_rolling_reduced_day_only,intraday_only
ABT,2019-02-01,reduced_form,500060.1428571429,0.0002830669728843,99.69128221900176,600.0,0.0011552453009332421,True,log_backward,0.5,0.2,100012.02857142859,8660652.726895858,100012.0285714286,1114.7471555976194,0.011547862698713102,True,12502.468359917813,0.0001425142305985699,0.0005776226504666211,non_rolling_reduced_day_only,intraday_only
ABT,2019-02-04,reduced_form,500060.1428571429,0.0002830669728843,99.69128221900176,600.0,0.0011552453009332421,True,log_backward,0.5,0.2,100012.02857142859,7788045.463647821,100012.02857142859,-346.87398415459853,0.012841736612639678,True,10643.81558030243,0.000183227418610501,0.0005776226504666211,non_rolling_reduced_day_only,intraday_only
ABT,2019-02-05,reduced_form,500060.1428571429,0.0002830669728843,99.69128221900176,600.0,0.0011552453009332421,True,log_backward,0.5,0.2,100012.02857142859,8085259.01250634,100012.02857142859,28.136018521208705,0.012369675283961741,True,10770.201270394848,0.00015005156499863948,0.0005776226504666211,non_rolling_reduced_day_only,intraday_only
ABT,2019-02-06,reduced_form,500060.1428571429,0.0002830669728843,99.69128221900176,600.0,0.0011552453009332421,True,log_backward,0.5,0.2,100012.02857142859,8062592.674972432,100012.02857142857,491.9176523227059,0.012404450107207053,True,11000.820221345062,0.00017644818489173238,0.0005776226504666211,non_rolling_reduced_day_only,intraday_only
ABT,2019-02-07,reduced_form,500060.1428571429,0.0002830669728843,99.69128221900176,600.0,0.0011552453009332421,True,log_backward,0.5,0.2,100012.02857142859,12135907.08233547,100012.02857142857,-311.67605557414726,0.008241001508408218,True,22876.595007058913,9.455258077105867e-05,0.0005776226504666211,non_rolling_reduced_day_only,intraday_only
ABT,2019-02-08,reduced_form,500060.1428571429,0.0002830669728843,99.69128221900176,600.0,0.0011552453009332421,True,log_backward,0.5,0.2,100012.02857142859,8929087.262878507,100012.0285714286,-106.17853937290326,0.011200700096998188,True,12119.095829117192,0.00016652810830112684,0.0005776226504666211,non_rolling_reduced_day_only,intraday_only
ABT,2019-02-11,reduced_form,500060.1428571429,0.0002830669728843,99.69128221900176,600.0,0.0011552453009332421,True,log_backward,0.5,0.2,100012.02857142859,9333247.579841841,100012.02857142859,684.328282128698,0.010715672944049704,True,15238.251565090759,0.00016693719985242728,0.0005776226504666211,non_rolling_reduced_day_only,intraday_only
ABT,2019-02-12,reduced_form,500060.1428571429,0.0002830669728843,99.69128221900176,600.0,0.0011552453009332421,True,log_backward,0.5,0.2,100012.02857142859,8930245.552301813,100012.0285714286,-202.2788602105099,0.011199247320321445,True,15076.053054853714,0.00017470746621823456,0.0005776226504666211,non_rolling_reduced_day_only,intraday_only
ABT,2019-02-13,reduced_form,500060.1428571429,0.0002830669728843,99.69128221900176,600.0,0.0011552453009332421,True,log_backward,0.5,0.2,100012.02857142859,9396307.280824166,100012.02857142859,319.5575654662443,0.01064375882805914,True,14949.158040448878,0.00014050791066272261,0.0005776226504666211,non_rolling_reduced_day_only,intraday_only
ABT,2019-02-14,reduced_form,500060.1428571429,0.0002830669728843,99.69128221900176,600.0,0.0011552453009332421,True,log_backward,0.5,0.2,100012.02857142859,8704948.27637615,100012.02857142859,-569.0390500673507,0.011489100841971155,True,12125.968383317415,0.000129727549431434,0.0005776226504666211,non_rolling_reduced_day_only,intraday_only
ABT,2019-02-15,reduced_form,500060.1428571429,0.0002830669728843,99.69128221900176,600.0,0.0011552453009332421,True,log_backward,0.5,0.2,100012.02857142859,8561986.697291734,100012.02857142859,-624.6259575587294,0.011680937159487023,True,13434.68783732858,0.00015321823029186733,0.0005776226504666211,non_rolling_reduced_day_only,intraday_only
ABT,2019-02-19,reduced_form,500060.1428571429,0.0002830669728843,99.69128221900176,600.0,0.0011552453009332421,True,log_backward,0.5,0.2,100012.02857142859,8579061.448412372,100012.02857142859,-162.2354523610308,0.011657688801137642,True,13670.55075394262,0.00020080127818457717,0.0005776226504666211,non_rolling_reduced_day_only,intraday_only
ABT,2019-02-20,reduced_form,500060.1428571429,0.0002830669728843,99.69128221900176,600.0,0.0011552453009332421,True,log_backward,0.5,0.2,100012.02857142859,8481444.970641933,100012.0285714286,-211.34598757872433,0.011791861990216862,True,11197.777077869476,0.00012163693203286462,0.0005776226504666211,non_rolling_reduced_day_only,intraday_only
ABT,2019-02-21,reduced_form,500060.1428571429,0.0002830669728843,99.69128221900176,600.0,0.0011552453009332421,True,log_backward,0.5,0.2,100012.02857142859,9379228.950346522,100012.02857142859,-324.9408015175098,0.0106631396995308,True,15605.188892973585,0.00013081135780277747,0.0005776226504666211,non_rolling_reduced_day_only,intraday_only
ABT,2019-02-22,reduced_form,500060.1428571429,0.0002830669728843,99.69128221900176,600.0,0.0011552453009332421,True,log_backward,0.5,0.2,100012.02857142859,8097981.803969046,100012.02857142859,-214.7249799625276,0.012350241207310432,True,11328.339620528126,0.0001554936512698744,0.0005776226504666211,non_rolling_reduced_day_only,intraday_only
ABT,2019-02-25,reduced_form,500060.1428571429,0.0002830669728843,99.69128221900176,600.0,0.0011552453009332421,True,log_backward,0.5,0.2,100012.02857142859,7944506.216166344,100012.02857142857,-222.45560392159146,0.01258882878937312,True,11814.270850454457,0.0001612443690786061,0.0005776226504666211,non_rolling_reduced_day_only,intraday_only
ABT,2019-02-26,reduced_form,500060.1428571429,0.0002830669728843,99.69128221900176,600.0,0.0011552453009332421,True,log_backward,0.5,0.2,100012.02857142859,8846940.801397372,100012.02857142859,-530.7747348642259,0.011304701909572144,True,13827.816993173352,0.00013453326379210092,0.0005776226504666211,non_rolling_reduced_day_only,intraday_only
ABT,2019-02-27,reduced_form,500060.1428571429,0.0002830669728843,99.69128221900176,600.0,0.0011552453009332421,True,log_backward,0.5,0.2,100012.02857142859,8718432.106922086,100012.02857142859,123.18774279113595,0.01147133192584284,True,13787.457373337753,0.00010622528207079976,0.0005776226504666211,non_rolling_reduced_day_only,intraday_only
ABT,2019-02-28,reduced_form,500060.1428571429,0.0002830669728843,99.69128221900176,600.0,0.0011552453009332421,True,log_backward,0.5,0.2,100012.02857142859,8086081.547583634,100012.02857142859,567.9855892011216,0.012368417011737312,True,12347.816386013026,0.00015794127516578378,0.0005776226504666211,non_rolling_reduced_day_only,intraday_only
ADBE,2019-02-01,reduced_form,414365.9523809524,0.0003273652057233,87.62086241412908,600.0,0.0011552453009332421,True,log_backward,0.5,0.2,82873.19047619049,9553744.351664841,82873.1904761905,308.37971625300383,0.008674419936906617,True,13434.667307713818,0.00014006501925556273,0.0005776226504666211,non_rolling_reduced_day_only,intraday_only
ADBE,2019-02-04,reduced_form,414365.9523809524,0.0003273652057233,87.62086241412908,600.0,0.0011552453009332421,True,log_backward,0.5,0.2,82873.19047619049,11293127.182740707,82873.1904761905,-218.4156529790121,0.007338373962780268,True,19458.21186091438,0.00013725116825168574,0.0005776226504666211,non_rolling_reduced_day_only,intraday_only
ADBE,2019-02-05,reduced_form,414365.9523809524,0.0003273652057233,87.62086241412908,600.0,0.0011552453009332421,True,log_backward,0.5,0.2,82873.19047619049,10003193.57635204,82873.1904761905,517.0227273288233,0.008284673273953842,True,15769.54943675797,0.00013709461962242345,0.0005776226504666211,non_rolling_reduced_day_only,intraday_only
ADBE,2019-02-06,reduced_form,414365.9523809524,0.0003273652057233,87.62086241412908,600.0,0.0011552453009332421,True,log_backward,0.5,0.2,82873.19047619049,8530134.507080115,82873.19047619049,-17.287276359900353,0.009715343926570528,True,11343.808879385098,0.00018008762064589717,0.0005776226504666211,non_rolling_reduced_day_only,intraday_only
ADBE,2019-02-07,reduced_form,414365.9523809524,0.0003273652057233,87.62086241412908,600.0,0.0011552453009332421,True,log_backward,0.5,0.2,82873.19047619049,8145497.295216394,82873.19047619049,-56.63256221229801,0.010174110612603043,True,10780.330674844983,0.00015490474575438599,0.0005776226504666211,non_rolling_reduced_day_only,intraday_only
ADBE,2019-02-08,reduced_form,414365.9523809524,0.0003273652057233,87.62086241412908,600.0,0.0011552453009332421,True,log_backward,0.5,0.2,82873.19047619049,8031760.18546563,82873.1904761905,72.02901217308718,0.010318185374378933,True,10482.445117826683,0.00015527704027665947,0.0005776226504666211,non_rolling_reduced_day_only,intraday_only
ADBE,2019-02-11,reduced_form,414365.9523809524,0.0003273652057233,87.62086241412908,600.0,0.0011552453009332421,True,log_backward,0.5,0.2,82873.19047619049,9294996.619118344,82873.19047619049,77.48135321393428,0.00891589248195458,True,13508.909215351705,0.0001296734198843021,0.0005776226504666211,non_rolling_reduced_day_only,intraday_only
ADBE,2019-02-12,reduced_form,414365.9523809524,0.0003273652057233,87.62086241412908,600.0,0.0011552453009332421,True,log_backward,0.5,0.2,82873.19047619049,8633781.628284771,82873.19047619049,73.75247803399176,0.009598712828767071,True,12545.647159585464,0.00015713468826835327,0.0005776226504666211,non_rolling_reduced_day_only,intraday_only
ADBE,2019-02-13,reduced_form,414365.9523809524,0.0003273652057233,87.62086241412908,600.0,0.0011552453009332421,True,log_backward,0.5,0.2,82873.19047619049,7973656.745811118,82873.1904761905,-522.442779268848,0.010393373218595986,True,9883.315894036636,0.00014971304743259314,0.0005776226504666211,non_rolling_reduced_day_only,intraday_only
ADBE,2019-02-14,reduced_form,414365.9523809524,0.0003273652057233,87.62086241412908,600.0,0.0011552453009332421,True,log_backward,0.5,0.2,82873.19047619049,6768842.42243842,82873.1904761905,39.48589892663835,0.012243332804065499,True,8064.04189827494,0.00018559816360664422,0.0005776226504666211,non_rolling_reduced_day_only,intraday_only
ADBE,2019-02-15,reduced_form,414365.9523809524,0.0003273652057233,87.62086241412908,600.0,0.0011552453009332421,True,log_backward,0.5,0.2,82873.19047619049,7849119.724762151,82873.1904761905,-30.707174407734605,0.010558278301545689,True,11391.048282633761,0.0001640830859833262,0.0005776226504666211,non_rolling_reduced_day_only,intraday_only
ADBE,2019-02-19,reduced_form,414365.9523809524,0.0003273652057233,87.62086241412908,600.0,0.0011552453009332421,True,log_backward,0.5,0.2,82873.19047619049,8501875.938214827,82873.19047619049,131.89297157959354,0.00974763582513434,True,11702.344465570653,0.0001499335854457706,0.0005776226504666211,non_rolling_reduced_day_only,intraday_only
ADBE,2019-02-20,reduced_form,414365.9523809524,0.0003273652057233,87.62086241412908,600.0,0.0011552453009332421,True,log_backward,0.5,0.2,82873.19047619049,9667857.38752008,82873.19047619049,-132.62856647294907,0.00857203278393088,True,15737.857649851703,0.00014170761908295583,0.0005776226504666211,non_rolling_reduced_day_only,intraday_only
ADBE,2019-02-21,reduced_form,414365.9523809524,0.0003273652057233,87.62086241412908,600.0,0.0011552453009332421,True,log_backward,0.5,0.2,82873.19047619049,7719590.100666196,82873.19047619047,-224.9052833968263,0.010735439239065113,True,10926.241175427158,0.00017534719746858176,0.0005776226504666211,non_rolling_reduced_day_only,intraday_only
ADBE,2019-02-22,reduced_form,414365.9523809524,0.0003273652057233,87.62086241412908,600.0,0.0011552453009332421,True,log_backward,0.5,0.2,82873.19047619049,7584225.775107956,82873.19047619049,252.35257398662475,0.010927046864583992,True,9602.499032951579,0.0001762231877840659,0.0005776226504666211,non_rolling_reduced_day_only,intraday_only
ADBE,2019-02-25,reduced_form,414365.9523809524,0.0003273652057233,87.62086241412908,600.0,0.0011552453009332421,True,log_backward,0.5,0.2,82873.19047619049,7337045.60981704,82873.1904761905,-306.192293852983,0.011295171773950176,True,9636.034123871592,0.00018064027287540248,0.0005776226504666211,non_rolling_reduced_day_only,intraday_only
ADBE,2019-02-26,reduced_form,414365.9523809524,0.0003273652057233,87.62086241412908,600.0,0.0011552453009332421,True,log_backward,0.5,0.2,82873.19047619049,8441245.72047577,82873.1904761905,81.93173686677807,0.009817649339974378,True,11991.543340573297,0.0001344129783977437,0.0005776226504666211,non_rolling_reduced_day_only,intraday_only
ADBE,2019-02-27,reduced_form,414365.9523809524,0.0003273652057233,87.62086241412908,600.0,0.0011552453009332421,True,log_backward,0.5,0.2,82873.19047619049,9148834.624440655,82873.19047619049,509.0433085174887,0.009058332987547824,True,12924.05697333637,0.00015952535678262933,0.0005776226504666211,non_rolling_reduced_day_only,intraday_only
ADBE,2019-02-28,reduced_form,414365.9523809524,0.0003273652057233,87.62086241412908,600.0,0.0011552453009332421,True,log_backward,0.5,0.2,82873.19047619049,8891614.9455982,82873.19047619047,630.6019698696578,0.00932037554293969,True,12975.775255356275,0.00017915375094069457,0.0005776226504666211,non_rolling_reduced_day_only,intraday_only
ADI,2019-02-01,reduced_form,446626.0,0.0003180139031073,87.32068015271551,600.0,0.0011552453009332421,True,log_backward,0.5,0.2,89325.20000000001,10444235.621451186,89325.20000000001,231.624727160471,0.008552583763673136,True,16722.28646937713,8.97184930393362e-05,0.0005776226504666211,non_rolling_reduced_day_only,intraday_only
ADI,2019-02-04,reduced_form,446626.0,0.0003180139031073,87.32068015271551,600.0,0.0011552453009332421,True,log_backward,0.5,0.2,89325.20000000001,9745364.68995106,89325.20000000001,411.4288992209559,0.009165916601572413,True,14789.100091762119,0.00012336438053766623,0.0005776226504666211,non_rolling_reduced_day_only,intraday_only
ADI,2019-02-05,reduced_form,446626.0,0.0003180139031073,87.32068015271551,600.0,0.0011552453009332421,True,log_backward,0.5,0.2,89325.20000000001,8559324.277607597,89325.20000000001,-244.84244666479594,0.01043601072968895,True,11190.784832513164,0.0001274205052564559,0.0005776226504666211,non_rolling_reduced_day_only,intraday_only
ADI,2019-02-06,reduced_form,446626.0,0.0003180139031073,87.32068015271551,600.0,0.0011552453009332421,True,log_backward,0.5,0.2,89325.20000000001,10218325.545010341,89325.20000000001,-252.17645875859284,0.008741667077109121,True,17216.4361272398,0.00010105985202396475,0.0005776226504666211,non_rolling_reduced_day_only,intraday_only
ADI,2019-02-07,reduced_form,446626.0,0.0003180139031073,87.32068015271551,600.0,0.0011552453009332421,True,log_backward,0.5,0.2,89325.20000000001,10601456.03116196,89325.2,50.66685514488098,0.008425748287540615,True,17749.556822461527,5.812127175071207e-05,0.0005776226504666211,non_rolling_reduced_day_only,intraday_only
ADI,2019-02-08,reduced_form,446626.0,0.0003180139031073,87.32068015271551,600.0,0.0011552453009332421,True,log_backward,0.5,0.2,89325.20000000001,8639742.88144645,89325.20000000001,211.77719605750394,0.01033887249027084,True,12915.730176865438,0.00010895872554456038,0.0005776226504666211,non_rolling_reduced_day_only,intraday_only
ADI,2019-02-11,reduced_form,446626.0,0.0003180139031073,87.32068015271551,600.0,0.0011552453009332421,True,log_backward,0.5,0.2,89325.20000000001,8890682.301989488,89325.20000000003,332.15466342712426,0.010047057915905004,True,12587.52963669692,0.00010769717516653703,0.0005776226504666211,non_rolling_reduced_day_only,intraday_only
ADI,2019-02-12,reduced_form,446626.0,0.0003180139031073,87.32068015271551,600.0,0.0011552453009332421,True,log_backward,0.5,0.2,89325.20000000001,10699368.822352506,89325.20000000001,573.0652113850605,0.008348642007123536,True,19044.595386028985,8.471458541712466e-05,0.0005776226504666211,non_rolling_reduced_day_only,intraday_only
ADI,2019-02-13,reduced_form,446626.0,0.0003180139031073,87.32068015271551,600.0,0.0011552453009332421,True,log_backward,0.5,0.2,89325.20000000001,9221806.034933288,89325.20000000001,-3.9190449417940627,0.009686302190875153,True,14180.119594700014,8.813934890230001e-05,0.0005776226504666211,non_rolling_reduced_day_only,intraday_only
ADI,2019-02-14,reduced_form,446626.0,0.0003180139031073,87.32068015271551,600.0,0.0011552453009332421,True,log_backward,0.5,0.2,89325.20000000001,9386837.108769702,89325.20000000001,-448.7190124704689,0.009516006186636335,True,16075.313675543177,6.986971161446996e-05,0.0005776226504666211,non_rolling_reduced_day_only,intraday_only
ADI,2019-02-15,reduced_form,446626.0,0.0003180139031073,87.32068015271551,600.0,0.0011552453009332421,True,log_backward,0.5,0.2,89325.20000000001,9161137.179480428,89325.20000000001,1187.345972924466,0.009750448907159152,True,13869.727798235657,0.00010448761021321267,0.0005776226504666211,non_rolling_reduced_day_only,intraday_only
ADI,2019-02-19,reduced_form,446626.0,0.0003180139031073,87.32068015271551,600.0,0.0011552453009332421,True,log_backward,0.5,0.2,89325.20000000001,11764058.778133556,89325.20000000001,410.26133315449033,0.00759305964757956,True,24148.866403098335,7.548049835820867e-05,0.0005776226504666211,non_rolling_reduced_day_only,intraday_only
ADI,2019-02-20,reduced_form,446626.0,0.0003180139031073,87.32068015271551,600.0,0.0011552453009332421,True,log_backward,0.5,0.2,89325.20000000001,11392467.228743754,89325.20000000001,247.24788912359355,0.007840724770717632,True,24044.979794166527,0.00013908435387212134,0.0005776226504666211,non_rolling_reduced_day_only,intraday_only
ADI,2019-02-21,reduced_form,446626.0,0.0003180139031073,87.32068015271551,600.0,0.0011552453009332421,True,log_backward,0.5,0.2,89325.20000000001,10028881.518809192,89325.20000000001,113.21826047592525,0.008906795820896915,True,18819.812437576267,0.00011238988553738037,0.0005776226504666211,non_rolling_reduced_day_only,intraday_only
ADI,2019-02-22,reduced_form,446626.0,0.0003180139031073,87.32068015271551,600.0,0.0011552453009332421,True,log_backward,0.5,0.2,89325.20000000001,7436991.688109805,89325.20000000001,-363.0762847438726,0.012010931804967906,True,9815.681176049518,0.0001470717838438572,0.0005776226504666211,non_rolling_reduced_day_only,intraday_only
ADI,2019-02-25,reduced_form,446626.0,0.0003180139031073,87.32068015271551,600.0,0.0011552453009332421,True,log_backward,0.5,0.2,89325.20000000001,10226433.765009658,89325.20000000001,23.60696673788226,0.008734736082252975,True,21480.929162315704,0.00010100118367239089,0.0005776226504666211,non_rolling_reduced_day_only,intraday_only
ADI,2019-02-26,reduced_form,446626.0,0.0003180139031073,87.32068015271551,600.0,0.0011552453009332421,True,log_backward,0.5,0.2,89325.20000000001,8947340.424670655,89325.20000000001,-140.53749022387458,0.009983435944127275,True,15420.322377263985,0.00014941333869916554,0.0005776226504666211,non_rolling_reduced_day_only,intraday_only
ADI,2019-02-27,reduced_form,446626.0,0.0003180139031073,87.32068015271551,600.0,0.0011552453009332421,True,log_backward,0.5,0.2,89325.20000000001,7872871.557521785,89325.19999999998,-10.169904192600349,0.011345949104765747,True,11460.00814902138,0.00012573430549184304,0.0005776226504666211,non_rolling_reduced_day_only,intraday_only
ADI,2019-02-28,reduced_form,446626.0,0.0003180139031073,87.32068015271551,600.0,0.0011552453009332421,True,log_backward,0.5,0.2,89325.20000000001,7186721.955066811,89325.20000000001,775.8483063650324,0.012429199370517403,True,9397.377250877213,0.0001560528119449298,0.0005776226504666211,non_rolling_reduced_day_only,intraday_only
ADM,2019-02-01,reduced_form,264055.4761904762,0.0002399653754965,80.67257710298713,600.0,0.0011552453009332421,True,log_backward,0.5,0.2,52811.095238095244,6415007.361378025,52811.09523809525,-238.82152929491147,0.008232429405466925,True,8891.184963526597,0.00021834395298709884,0.0005776226504666211,non_rolling_reduced_day_only,intraday_only
ADM,2019-02-04,reduced_form,264055.4761904762,0.0002399653754965,80.67257710298713,600.0,0.0011552453009332421,True,log_backward,0.5,0.2,52811.095238095244,7066141.849064291,52811.09523809524,-340.92235253783406,0.007473823249824593,True,11024.947498035915,0.0002860885187731407,0.0005776226504666211,non_rolling_reduced_day_only,intraday_only
ADM,2019-02-05,reduced_form,264055.4761904762,0.0002399653754965,80.67257710298713,600.0,0.0011552453009332421,True,log_backward,0.5,0.2,52811.095238095244,13920629.66507918,52811.09523809524,-100.31828205693259,0.0037937289123189137,True,33389.32825058244,0.00014398749057784155,0.0005776226504666211,non_rolling_reduced_day_only,intraday_only
ADM,2019-02-06,reduced_form,264055.4761904762,0.0002399653754965,80.67257710298713,600.0,0.0011552453009332421,True,log_backward,0.5,0.2,52811.095238095244,9657756.445117807,52811.09523809524,422.8569337494918,0.005468257098654867,True,17044.35005618095,0.00022476314534466757,0.0005776226504666211,non_rolling_reduced_day_only,intraday_only
ADM,2019-02-07,reduced_form,264055.4761904762,0.0002399653754965,80.67257710298713,600.0,0.0011552453009332421,True,log_backward,0.5,0.2,52811.095238095244,9306209.150969222,52811.095238095244,-458.3094075208971,0.0056748235915797226,True,15125.286509168034,0.000199126229157944,0.0005776226504666211,non_rolling_reduced_day_only,intraday_only
ADM,2019-02-08,reduced_form,264055.4761904762,0.0002399653754965,80.67257710298713,600.0,0.0011552453009332421,True,log_backward,0.5,0.2,52811.095238095244,8727850.161535867,52811.09523809525,-133.86095570803133,0.006050870977464388,True,14585.604589600933,0.0002377739089570169,0.0005776226504666211,non_rolling_reduced_day_only,intraday_only
ADM,2019-02-11,reduced_form,264055.4761904762,0.0002399653754965,80.67257710298713,600.0,0.0011552453009332421,True,log_backward,0.5,0.2,52811.095238095244,6486479.832788566,52811.09523809524,5.2014926299412885,0.008141718867472609,True,8331.068635234158,0.00030240752454104984,0.0005776226504666211,non_rolling_reduced_day_only,intraday_only
ADM,2019-02-12,reduced_form,264055.4761904762,0.0002399653754965,80.67257710298713,600.0,0.0011552453009332421,True,log_backward,0.5,0.2,52811.095238095244,6752151.591933353,52811.09523809525,410.83750697995697,0.007821372864493668,True,9164.765457458556,0.00030530914738731755,0.0005776226504666211,non_rolling_reduced_day_only,intraday_only
ADM,2019-02-13,reduced_form,264055.4761904762,0.0002399653754965,80.67257710298713,600.0,0.0011552453009332421,True,log_backward,0.5,0.2,52811.095238095244,6489630.673333524,52811.095238095244,274.31350338119285,0.008137765906325114,True,9256.58754949715,0.0002915456842308853,0.0005776226504666211,non_rolling_reduced_day_only,intraday_only
ADM,2019-02-14,reduced_form,264055.4761904762,0.0002399653754965,80.67257710298713,600.0,0.0011552453009332421,True,log_backward,0.5,0.2,52811.095238095244,6523944.210440982,52811.09523809524,-63.613704693250526,0.008094964263117987,True,8843.097632236178,0.0002662000296306632,0.0005776226504666211,non_rolling_reduced_day_only,intraday_only
ADM,2019-02-15,reduced_form,264055.4761904762,0.0002399653754965,80.67257710298713,600.0,0.0011552453009332421,True,log_backward,0.5,0.2,52811.095238095244,6771484.85431485,52811.09523809525,52.933343764930484,0.0077990420674785305,True,9760.658020355899,0.0002993232208180601,0.0005776226504666211,non_rolling_reduced_day_only,intraday_only
ADM,2019-02-19,reduced_form,264055.4761904762,0.0002399653754965,80.67257710298713,600.0,0.0011552453009332421,True,log_backward,0.5,0.2,52811.095238095244,7726623.649559076,52811.095238095244,29.62326540860635,0.006834951155037678,True,13049.511959043351,0.00031444785924984584,0.0005776226504666211,non_rolling_reduced_day_only,intraday_only
ADM,2019-02-20,reduced_form,264055.4761904762,0.0002399653754965,80.67257710298713,600.0,0.0011552453009332421,True,log_backward,0.5,0.2,52811.095238095244,8404279.822863963,52811.095238095244,78.23169563140573,0.0062838335171113546,True,13757.811028100798,0.00020163337402685693,0.0005776226504666211,non_rolling_reduced_day_only,intraday_only
ADM,2019-02-21,reduced_form,264055.4761904762,0.0002399653754965,80.67257710298713,600.0,0.0011552453009332421,True,log_backward,0.5,0.2,52811.095238095244,9172541.384817228,52811.095238095244,-187.7765221630502,0.005757520519396115,True,15616.677894949824,0.00021140302554966252,0.0005776226504666211,non_rolling_reduced_day_only,intraday_only
ADM,2019-02-22,reduced_form,264055.4761904762,0.0002399653754965,80.67257710298713,600.0,0.0011552453009332421,True,log_backward,0.5,0.2,52811.095238095244,8788696.208479011,52811.095238095244,103.79410077130728,0.00600897948744036,True,13784.59401310378,0.0002013236952462586,0.0005776226504666211,non_rolling_reduced_day_only,intraday_only
ADM,2019-02-25,reduced_form,264055.4761904762,0.0002399653754965,80.67257710298713,600.0,0.0011552453009332421,True,log_backward,0.5,0.2,52811.095238095244,6849117.842307288,52811.095238095244,157.61629505336143,0.007710641932874756,True,9556.622880987534,0.0002938541965353863,0.0005776226504666211,non_rolling_reduced_day_only,intraday_only
ADM,2019-02-26,reduced_form,264055.4761904762,0.0002399653754965,80.67257710298713,600.0,0.0011552453009332421,True,log_backward,0.5,0.2,52811.095238095244,6011236.592071472,52811.09523809525,-16.018762267160255,0.008785396220762715,True,7771.290121283849,0.0002798189802944773,0.0005776226504666211,non_rolling_reduced_day_only,intraday_only
ADM,2019-02-27,reduced_form,264055.4761904762,0.0002399653754965,80.67257710298713,600.0,0.0011552453009332421,True,log_backward,0.5,0.2,52811.095238095244,6675037.203595765,52811.095238095244,226.66270315352352,0.007911730470902323,True,9059.580736587463,0.0003026679039479418,0.0005776226504666211,non_rolling_reduced_day_only,intraday_only
ADM,2019-02-28,reduced_form,264055.4761904762,0.0002399653754965,80.67257710298713,600.0,0.0011552453009332421,True,log_backward,0.5,0.2,52811.095238095244,5272118.967866147,52811.09523809525,109.53926685672336,0.01001705302175117,True,6567.662363965374,0.0002947281804910264,0.0005776226504666211,non_rolling_reduced_day_only,intraday_only
ADP,2019-02-01,reduced_form,303932.2380952381,0.000249105653446,88.08621179391208,600.0,0.0011552453009332421,True,log_backward,0.5,0.2,60786.44761904763,8987272.150523053,60786.44761904763,55.52720584977369,0.0067636148767910515,True,16284.578811634572,0.00012047023375710765,0.0005776226504666211,non_rolling_reduced_day_only,intraday_only
ADP,2019-02-04,reduced_form,303932.2380952381,0.000249105653446,88.08621179391208,600.0,0.0011552453009332421,True,log_backward,0.5,0.2,60786.44761904763,9702739.63222766,60786.44761904763,130.91059432413834,0.006264874656344006,True,19312.425263069006,0.00013630044579402402,0.0005776226504666211,non_rolling_reduced_day_only,intraday_only
ADP,2019-02-05,reduced_form,303932.2380952381,0.000249105653446,88.08621179391208,600.0,0.0011552453009332421,True,log_backward,0.5,0.2,60786.44761904763,8802289.700369477,60786.44761904763,-307.31771537211114,0.006905754035395598,True,16391.9875070775,0.0001410561960959636,0.0005776226504666211,non_rolling_reduced_day_only,intraday_only
ADP,2019-02-06,reduced_form,303932.2380952381,0.000249105653446,88.08621179391208,600.0,0.0011552453009332421,True,log_backward,0.5,0.2,60786.44761904763,7641945.760463247,60786.44761904763,-153.90932203686305,0.007954315500842133,True,13504.613921227427,0.0001655908512200955,0.0005776226504666211,non_rolling_reduced_day_only,intraday_only
ADP,2019-02-07,reduced_form,303932.2380952381,0.000249105653446,88.08621179391208,600.0,0.0011552453009332421,True,log_backward,0.5,0.2,60786.44761904763,8102669.530041579,60786.44761904763,-278.4067597137131,0.007502027250855398,True,16062.204138608395,0.00014832917734895998,0.0005776226504666211,non_rolling_reduced_day_only,intraday_only
ADP,2019-02-08,reduced_form,303932.2380952381,0.000249105653446,88.08621179391208,600.0,0.0011552453009332421,True,log_backward,0.5,0.2,60786.44761904763,6673387.212825733,60786.44761904763,77.42528619754532,0.009108784741610795,True,10218.59695821547,0.00018062144835895516,0.0005776226504666211,non_rolling_reduced_day_only,intraday_only
ADP,2019-02-11,reduced_form,303932.2380952381,0.000249105653446,88.08621179391208,600.0,0.0011552453009332421,True,log_backward,0.5,0.2,60786.44761904763,7377158.907537729,60786.447619047634,116.59663359679196,0.008239818117098998,True,11550.571542498676,0.0001495260758188576,0.0005776226504666211,non_rolling_reduced_day_only,intraday_only
ADP,2019-02-12,reduced_form,303932.2380952381,0.000249105653446,88.08621179391208,600.0,0.0011552453009332421,True,log_backward,0.5,0.2,60786.44761904763,8550347.80048842,60786.44761904764,-72.52093870950853,0.007109236844795405,True,16231.052717811637,0.00014234269710628698,0.0005776226504666211,non_rolling_reduced_day_only,intraday_only
ADP,2019-02-13,reduced_form,303932.2380952381,0.000249105653446,88.08621179391208,600.0,0.0011552453009332421,True,log_backward,0.5,0.2,60786.44761904763,7366760.734031446,60786.44761904761,-321.30055501105426,0.008251448610002887,True,12603.13491002067,0.0001386013929699753,0.0005776226504666211,non_rolling_reduced_day_only,intraday_only
ADP,2019-02-14,reduced_form,303932.2380952381,0.000249105653446,88.08621179391208,600.0,0.0011552453009332421,True,log_backward,0.5,0.2,60786.44761904763,8876942.555276286,60786.44761904763,-4.823672145347338,0.006847678380313199,True,19180.67648595095,0.00011177470825884859,0.0005776226504666211,non_rolling_reduced_day_only,intraday_only
ADP,2019-02-15,reduced_form,303932.2380952381,0.000249105653446,88.08621179391208,600.0,0.0011552453009332421,True,log_backward,0.5,0.2,60786.44761904763,6852275.446214881,60786.44761904761,-187.58942370945488,0.008870987177350754,True,11317.363597835461,0.00016140515549449493,0.0005776226504666211,non_rolling_reduced_day_only,intraday_only
ADP,2019-02-19,reduced_form,303932.2380952381,0.000249105653446,88.08621179391208,600.0,0.0011552453009332421,True,log_backward,0.5,0.2,60786.44761904763,5500125.061889867,60786.44761904763,79.57336262275174,0.011051830082961994,True,8171.779779494321,0.00022403702171573244,0.0005776226504666211,non_rolling_reduced_day_only,intraday_only
ADP,2019-02-20,reduced_form,303932.2380952381,0.000249105653446,88.08621179391208,600.0,0.0011552453009332421,True,log_backward,0.5,0.2,60786.44761904763,5675004.221681649,60786.44761904764,-4.643015969642995,0.010711260334716553,True,8050.636857518707,0.0002081664507249482,0.0005776226504666211,non_rolling_reduced_day_only,intraday_only
ADP,2019-02-21,reduced_form,303932.2380952381,0.000249105653446,88.08621179391208,600.0,0.0011552453009332421,True,log_backward,0.5,0.2,60786.44761904763,5338916.269657154,60786.44761904763,-224.6687775407477,0.011385540538351824,True,7479.667556698791,0.0002133028352047044,0.0005776226504666211,non_rolling_reduced_day_only,intraday_only
ADP,2019-02-22,reduced_form,303932.2380952381,0.000249105653446,88.08621179391208,600.0,0.0011552453009332421,True,log_backward,0.5,0.2,60786.44761904763,6117291.008912054,60786.44761904763,96.1635502548693,0.00993682457324494,True,9876.83912570727,0.00021097024193492608,0.0005776226504666211,non_rolling_reduced_day_only,intraday_only
ADP,2019-02-25,reduced_form,303932.2380952381,0.000249105653446,88.08621179391208,600.0,0.0011552453009332421,True,log_backward,0.5,0.2,60786.44761904763,5570167.282816746,60786.447619047634,147.13962760345112,0.010912858543147537,True,8400.31212812093,0.0002197950018255453,0.0005776226504666211,non_rolling_reduced_day_only,intraday_only
ADP,2019-02-26,reduced_form,303932.2380952381,0.000249105653446,88.08621179391208,600.0,0.0011552453009332421,True,log_backward,0.5,0.2,60786.44761904763,5018666.538343234,60786.44761904763,-119.66953759215423,0.012112071434639389,True,6431.097885491461,0.00023474703892100462,0.0005776226504666211,non_rolling_reduced_day_only,intraday_only
ADP,2019-02-27,reduced_form,303932.2380952381,0.000249105653446,88.08621179391208,600.0,0.0011552453009332421,True,log_backward,0.5,0.2,60786.44761904763,5121435.960584482,60786.44761904763,-151.81660530970933,0.011869024251571506,True,7026.597107959846,0.0002585299495728342,0.0005776226504666211,non_rolling_reduced_day_only,intraday_only
ADP,2019-02-28,reduced_form,303932.2380952381,0.000249105653446,88.08621179391208,600.0,0.0011552453009332421,True,log_backward,0.5,0.2,60786.44761904763,5338947.424348063,60786.44761904763,-201.99195739907958,0.011385474099601242,True,7820.202696489959,0.00022322485853652283,0.0005776226504666211,non_rolling_reduced_day_only,intraday_only
AEP,2019-02-01,reduced_form,280283.90476190473,0.0002608355109743,68.78801206121108,600.0,0.0011552453009332421,True,log_backward,0.5,0.2,56056.78095238095,9040493.308375914,56056.780952380956,166.29520257426947,0.006200632978782804,True,11036.209596759343,0.0001555430386645339,0.0005776226504666211,non_rolling_reduced_day_only,intraday_only
AEP,2019-02-04,reduced_form,280283.90476190473,0.0002608355109743,68.78801206121108,600.0,0.0011552453009332421,True,log_backward,0.5,0.2,56056.78095238095,8288764.6088422965,56056.78095238095,70.423418157824,0.006762983821808698,True,10107.984167539891,0.00020549593363142508,0.0005776226504666211,non_rolling_reduced_day_only,intraday_only
AEP,2019-02-05,reduced_form,280283.90476190473,0.0002608355109743,68.78801206121108,600.0,0.0011552453009332421,True,log_backward,0.5,0.2,56056.78095238095,8419307.402851839,56056.78095238095,-160.90336770641778,0.006658122606782721,True,10130.773165735984,0.00016414856330214473,0.0005776226504666211,non_rolling_reduced_day_only,intraday_only
AEP,2019-02-06,reduced_form,280283.90476190473,0.0002608355109743,68.78801206121108,600.0,0.0011552453009332421,True,log_backward,0.5,0.2,56056.78095238095,6779757.80525845,56056.780952380956,-104.2041070661054,0.0082682571505582,True,6886.800562887682,0.00020456566370678807,0.0005776226504666211,non_rolling_reduced_day_only,intraday_only
AEP,2019-02-07,reduced_form,280283.90476190473,0.0002608355109743,68.78801206121108,600.0,0.0011552453009332421,True,log_backward,0.5,0.2,56056.78095238095,7836446.047168271,56056.780952380956,91.02648257390238,0.007153342295087615,True,9366.866462416625,0.00018055993944364547,0.0005776226504666211,non_rolling_reduced_day_only,intraday_only
AEP,2019-02-08,reduced_form,280283.90476190473,0.0002608355109743,68.78801206121108,600.0,0.0011552453009332421,True,log_backward,0.5,0.2,56056.78095238095,7079404.571275753,56056.780952380956,97.54074645636179,0.007918290357331445,True,7527.933682568889,0.00018876051815438144,0.0005776226504666211,non_rolling_reduced_day_only,intraday_only
AEP,2019-02-11,reduced_form,280283.90476190473,0.0002608355109743,68.78801206121108,600.0,0.0011552453009332421,True,log_backward,0.5,0.2,56056.78095238095,7109909.963404108,56056.78095238094,-205.19599794013465,0.007884316572349656,True,7586.620587507937,0.00020094523415961236,0.0005776226504666211,non_rolling_reduced_day_only,intraday_only
AEP,2019-02-12,reduced_form,280283.90476190473,0.0002608355109743,68.78801206121108,600.0,0.0011552453009332421,True,log_backward,0.5,0.2,56056.78095238095,9174477.731802188,56056.78095238094,-169.208573624849,0.006110078697784298,True,12187.307389415451,0.0001802360658707779,0.0005776226504666211,non_rolling_reduced_day_only,intraday_only
AEP,2019-02-13,reduced_form,280283.90476190473,0.0002608355109743,68.78801206121108,600.0,0.0011552453009332421,True,log_backward,0.5,0.2,56056.78095238095,9410435.72493368,56056.78095238094,-13.615694910149557,0.005956874111987626,True,13277.537715798717,0.00018960768971105785,0.0005776226504666211,non_rolling_reduced_day_only,intraday_only
AEP,2019-02-14,reduced_form,280283.90476190473,0.0002608355109743,68.78801206121108,600.0,0.0011552453009332421,True,log_backward,0.5,0.2,56056.78095238095,6865087.712815125,56056.78095238095,154.25739663300982,0.008165486487192177,True,7124.3416349501085,0.00018880221391162465,0.0005776226504666211,non_rolling_reduced_day_only,intraday_only
AEP,2019-02-15,reduced_form,280283.90476190473,0.0002608355109743,68.78801206121108,600.0,0.0011552453009332421,True,log_backward,0.5,0.2,56056.78095238095,7088725.261720561,56056.780952380956,-309.06425923377424,0.007907878903854564,True,7878.104718579004,0.00021741123732432407,0.0005776226504666211,non_rolling_reduced_day_only,intraday_only
AEP,2019-02-19,reduced_form,280283.90476190473,0.0002608355109743,68.78801206121108,600.0,0.0011552453009332421,True,log_backward,0.5,0.2,56056.78095238095,6821957.863785972,56056.78095238094,33.951857857869705,0.008217110406083803,True,7784.474012247356,0.00019927997603688195,0.0005776226504666211,non_rolling_reduced_day_only,intraday_only
AEP,2019-02-20,reduced_form,280283.90476190473,0.0002608355109743,68.78801206121108,600.0,0.0011552453009332421,True,log_backward,0.5,0.2,56056.78095238095,6760559.171883218,56056.780952380956,-102.4801517197397,0.008291737344082117,True,6854.197452653473,0.00019600026250791948,0.0005776226504666211,non_rolling_reduced_day_only,intraday_only
AEP,2019-02-21,reduced_form,280283.90476190473,0.0002608355109743,68.78801206121108,600.0,0.0011552453009332421,True,log_backward,0.5,0.2,56056.78095238095,7516340.409614283,56056.78095238095,118.41005708798016,0.0074579885818739314,True,8606.56424709302,0.00018433443328806819,0.0005776226504666211,non_rolling_reduced_day_only,intraday_only
AEP,2019-02-22,reduced_form,280283.90476190473,0.0002608355109743,68.78801206121108,600.0,0.0011552453009332421,True,log_backward,0.5,0.2,56056.78095238095,6855463.817885978,56056.780952380956,-23.008993140646332,0.008176949429173299,True,7926.845853920351,0.00018750014888304451,0.0005776226504666211,non_rolling_reduced_day_only,intraday_only
AEP,2019-02-25,reduced_form,280283.90476190473,0.0002608355109743,68.78801206121108,600.0,0.0011552453009332421,True,log_backward,0.5,0.2,56056.78095238095,8600909.930763088,56056.78095238094,221.08468355975177,0.006517540749017876,True,11375.02299892819,0.00018305735937043958,0.0005776226504666211,non_rolling_reduced_day_only,intraday_only
AEP,2019-02-26,reduced_form,280283.90476190473,0.0002608355109743,68.78801206121108,600.0,0.0011552453009332421,True,log_backward,0.5,0.2,56056.78095238095,8814805.841429546,56056.78095238094,-313.6737390897207,0.006359389186874014,True,12032.514386878067,0.00015073857701509657,0.0005776226504666211,non_rolling_reduced_day_only,intraday_only
AEP,2019-02-27,reduced_form,280283.90476190473,0.0002608355109743,68.78801206121108,600.0,0.0011552453009332421,True,log_backward,0.5,0.2,56056.78095238095,7218328.067991862,56056.78095238095,95.82490962335747,0.0077658954295736155,True,7669.225884891108,0.0001642391952012594,0.0005776226504666211,non_rolling_reduced_day_only,intraday_only
AEP,2019-02-28,reduced_form,280283.90476190473,0.0002608355109743,68.78801206121108,600.0,0.0011552453009332421,True,log_backward,0.5,0.2,56056.78095238095,8094687.809281165,56056.78095238094,13.974381555852048,0.006925131922704623,True,9436.47581880526,0.00016764716876179793,0.0005776226504666211,non_rolling_reduced_day_only,intraday_only
AES,2019-02-01,reduced_form,367966.8095238095,0.000300475148608,52.9958889841836,600.0,0.0011552453009332421,True,log_backward,0.5,0.2,73593.36190476191,15409952.897915073,73593.36190476191,449.5072235878857,0.004775703234934541,True,18584.778593933937,0.0003430007477104195,0.0005776226504666211,non_rolling_reduced_day_only,intraday_only
AES,2019-02-04,reduced_form,367966.8095238095,0.000300475148608,52.9958889841836,600.0,0.0011552453009332421,True,log_backward,0.5,0.2,73593.36190476191,14736204.315345298,73593.36190476191,580.2956156027947,0.004994051407669932,True,19038.718475280835,0.0003924122344882455,0.0005776226504666211,non_rolling_reduced_day_only,intraday_only
AES,2019-02-05,reduced_form,367966.8095238095,0.000300475148608,52.9958889841836,600.0,0.0011552453009332421,True,log_backward,0.5,0.2,73593.36190476191,10809037.279338777,73593.3619047619,-576.2262155019607,0.006808502922404931,True,10919.178827876493,0.0004046809108754969,0.0005776226504666211,non_rolling_reduced_day_only,intraday_only
AES,2019-02-06,reduced_form,367966.8095238095,0.000300475148608,52.9958889841836,600.0,0.0011552453009332421,True,log_backward,0.5,0.2,73593.36190476191,10278368.171062127,73593.36190476193,136.1237949755203,0.007160023914297775,True,9504.654144657385,0.00039188646490445584,0.0005776226504666211,non_rolling_reduced_day_only,intraday_only
AES,2019-02-07,reduced_form,367966.8095238095,0.000300475148608,52.9958889841836,600.0,0.0011552453009332421,True,log_backward,0.5,0.2,73593.36190476191,11163833.783749541,73593.36190476193,-186.41969507581527,0.006592122682074229,True,10508.364723907034,0.000374096684247547,0.0005776226504666211,non_rolling_reduced_day_only,intraday_only
AES,2019-02-08,reduced_form,367966.8095238095,0.000300475148608,52.9958889841836,600.0,0.0011552453009332421,True,log_backward,0.5,0.2,73593.36190476191,10393544.72862307,73593.3619047619,160.61688571139663,0.007080679770597525,True,9216.415576136724,0.0003778562038410869,0.0005776226504666211,non_rolling_reduced_day_only,intraday_only
AES,2019-02-11,reduced_form,367966.8095238095,0.000300475148608,52.9958889841836,600.0,0.0011552453009332421,True,log_backward,0.5,0.2,73593.36190476191,9710492.696029734,73593.3619047619,-4.901755482681388,0.007578746435271153,True,8735.970154987985,0.0003923665918660136,0.0005776226504666211,non_rolling_reduced_day_only,intraday_only
AES,2019-02-12,reduced_form,367966.8095238095,0.000300475148608,52.9958889841836,600.0,0.0011552453009332421,True,log_backward,0.5,0.2,73593.36190476191,12150368.785884801,73593.36190476191,556.7204757684468,0.00605688298039612,True,14375.704427852317,0.0004297984435080602,0.0005776226504666211,non_rolling_reduced_day_only,intraday_only
AES,2019-02-13,reduced_form,367966.8095238095,0.000300475148608,52.9958889841836,600.0,0.0011552453009332421,True,log_backward,0.5,0.2,73593.36190476191,12102722.988073934,73593.3619047619,238.79893301369606,0.006080727616196873,True,13371.3069048632,0.00040001987390629763,0.0005776226504666211,non_rolling_reduced_day_only,intraday_only
AES,2019-02-14,reduced_form,367966.8095238095,0.000300475148608,52.9958889841836,600.0,0.0011552453009332421,True,log_backward,0.5,0.2,73593.36190476191,9175497.355608173,73593.3619047619,584.7053144333127,0.00802064008658678,True,7913.375047599646,0.0003743471784281343,0.0005776226504666211,non_rolling_reduced_day_only,intraday_only
AES,2019-02-15,reduced_form,367966.8095238095,0.000300475148608,52.9958889841836,600.0,0.0011552453009332421,True,log_backward,0.5,0.2,73593.36190476191,10452276.041201629,73593.3619047619,298.3459039632574,0.007040893448916354,True,11689.070281761431,0.00043164783617193384,0.0005776226504666211,non_rolling_reduced_day_only,intraday_only
AES,2019-02-19,reduced_form,367966.8095238095,0.000300475148608,52.9958889841836,600.0,0.0011552453009332421,True,log_backward,0.5,0.2,73593.36190476191,11064942.223942567,73593.3619047619,-322.5742307501857,0.00665103896751661,True,12225.62780463537,0.0004387893631298624,0.0005776226504666211,non_rolling_reduced_day_only,intraday_only
AES,2019-02-20,reduced_form,367966.8095238095,0.000300475148608,52.9958889841836,600.0,0.0011552453009332421,True,log_backward,0.5,0.2,73593.36190476191,8572420.492128795,73593.36190476191,156.97533393363574,0.008584898742698799,True,7254.264729087957,0.0004251545568846886,0.0005776226504666211,non_rolling_reduced_day_only,intraday_only
AES,2019-02-21,reduced_form,367966.8095238095,0.000300475148608,52.9958889841836,600.0,0.0011552453009332421,True,log_backward,0.5,0.2,73593.36190476191,10442060.695283396,73593.3619047619,-208.5233006277187,0.007047781472674594,True,11073.207149294765,0.00041232259981289826,0.0005776226504666211,non_rolling_reduced_day_only,intraday_only
AES,2019-02-22,reduced_form,367966.8095238095,0.000300475148608,52.9958889841836,600.0,0.0011552453009332421,True,log_backward,0.5,0.2,73593.36190476191,9426310.097762264,73593.3619047619,647.4063816561224,0.007807229036760888,True,8700.186840157423,0.0004193985060561832,0.0005776226504666211,non_rolling_reduced_day_only,intraday_only
AES,2019-02-25,reduced_form,367966.8095238095,0.000300475148608,52.9958889841836,600.0,0.0011552453009332421,True,log_backward,0.5,0.2,73593.36190476191,13468912.369665485,73593.36190476191,103.2400205290507,0.00546394243907236,True,16466.042390867922,0.00038811460007172696,0.0005776226504666211,non_rolling_reduced_day_only,intraday_only
AES,2019-02-26,reduced_form,367966.8095238095,0.000300475148608,52.9958889841836,600.0,0.0011552453009332421,True,log_backward,0.5,0.2,73593.36190476191,10489549.899648674,73593.36190476191,-86.83820787145675,0.007015874142247683,True,10362.480853268848,0.0004386995081146099,0.0005776226504666211,non_rolling_reduced_day_only,intraday_only
AES,2019-02-27,reduced_form,367966.8095238095,0.000300475148608,52.9958889841836,600.0,0.0011552453009332421,True,log_backward,0.5,0.2,73593.36190476191,12339955.930086717,73593.36190476191,503.3256478595087,0.0059638269635412505,True,13785.753139886281,0.0003518967908734471,0.0005776226504666211,non_rolling_reduced_day_only,intraday_only
AES,2019-02-28,reduced_form,367966.8095238095,0.000300475148608,52.9958889841836,600.0,0.0011552453009332421,True,log_backward,0.5,0.2,73593.36190476191,12943602.767860256,73593.3619047619,267.6407906956877,0.00568569379211008,True,15484.273265638823,0.00038727642811844443,0.0005776226504666211,non_rolling_reduced_day_only,intraday_only
AFL,2019-02-01,reduced_form,304800.04761904763,0.000232499900595,88.48603031548835,600.0,0.0011552453009332421,True,log_backward,0.5,0.2,60960.00952380953,8711446.821780061,60960.009523809524,30.79686359723152,0.006997690598466308,True,15604.613702386057,0.00020100146547581717,0.0005776226504666211,non_rolling_reduced_day_only,intraday_only
AFL,2019-02-04,reduced_form,304800.04761904763,0.000232499900595,88.48603031548835,600.0,0.0011552453009332421,True,log_backward,0.5,0.2,60960.00952380953,6915825.289281918,60960.009523809524,93.49982862458026,0.008814567600237789,True,10689.898242877065,0.0002746009711135261,0.0005776226504666211,non_rolling_reduced_day_only,intraday_only
AFL,2019-02-05,reduced_form,304800.04761904763,0.000232499900595,88.48603031548835,600.0,0.0011552453009332421,True,log_backward,0.5,0.2,60960.00952380953,6224321.363622749,60960.009523809524,-160.35323610561034,0.009793840318091947,True,8480.947178360522,0.00023988914290135342,0.0005776226504666211,non_rolling_reduced_day_only,intraday_only
AFL,2019-02-06,reduced_form,304800.04761904763,0.000232499900595,88.48603031548835,600.0,0.0011552453009332421,True,log_backward,0.5,0.2,60960.00952380953,6077966.048212323,60960.00952380954,-147.87675681399773,0.010029672597749924,True,8894.789176078484,0.00027100691209262236,0.0005776226504666211,non_rolling_reduced_day_only,intraday_only
AFL,2019-02-07,reduced_form,304800.04761904763,0.000232499900595,88.48603031548835,600.0,0.0011552453009332421,True,log_backward,0.5,0.2,60960.00952380953,6432603.8536093235,60960.00952380954,-88.03070327146105,0.00947672372045808,True,9169.88792959344,0.00016250524881384544,0.0005776226504666211,non_rolling_reduced_day_only,intraday_only
AFL,2019-02-08,reduced_form,304800.04761904763,0.000232499900595,88.48603031548835,600.0,0.0011552453009332421,True,log_backward,0.5,0.2,60960.00952380953,5356718.2655089535,60960.00952380954,35.92587003676582,0.011380103731854113,True,6464.832697448155,0.00022841325676914025,0.0005776226504666211,non_rolling_reduced_day_only,intraday_only
AFL,2019-02-11,reduced_form,304800.04761904763,0.000232499900595,88.48603031548835,600.0,0.0011552453009332421,True,log_backward,0.5,0.2,60960.00952380953,6716528.851446098,60960.00952380953,-64.86539602946301,0.009076118166407425,True,9650.329145067755,0.00022512446076135322,0.0005776226504666211,non_rolling_reduced_day_only,intraday_only
AFL,2019-02-12,reduced_form,304800.04761904763,0.000232499900595,88.48603031548835,600.0,0.0011552453009332421,True,log_backward,0.5,0.2,60960.00952380953,4867099.3431766685,60960.00952380953,0.5057222521490772,0.012524915812386525,True,5959.393771473085,0.0002990100087033147,0.0005776226504666211,non_rolling_reduced_day_only,intraday_only
AFL,2019-02-13,reduced_form,304800.04761904763,0.000232499900595,88.48603031548835,600.0,0.0011552453009332421,True,log_backward,0.5,0.2,60960.00952380953,5103615.5235693455,60960.009523809524,-306.3031754954301,0.011944475292522735,True,6493.403914513055,0.00028878094415956166,0.0005776226504666211,non_rolling_reduced_day_only,intraday_only
AFL,2019-02-14,reduced_form,304800.04761904763,0.000232499900595,88.48603031548835,600.0,0.0011552453009332421,True,log_backward,0.5,0.2,60960.00952380953,5634218.693940327,60960.009523809524,245.43388640416492,0.010819603007134386,True,7251.101803359366,0.00025699417769207863,0.0005776226504666211,non_rolling_reduced_day_only,intraday_only
AFL,2019-02-15,reduced_form,304800.04761904763,0.000232499900595,88.48603031548835,600.0,0.0011552453009332421,True,log_backward,0.5,0.2,60960.00952380953,5928967.8446935,60960.00952380953,25.503484884162688,0.010281723753717015,True,8604.85948298422,0.0002608876704539447,0.0005776226504666211,non_rolling_reduced_day_only,intraday_only
AFL,2019-02-19,reduced_form,304800.04761904763,0.000232499900595,88.48603031548835,600.0,0.0011552453009332421,True,log_backward,0.5,0.2,60960.00952380953,4864093.302395325,60960.009523809524,6.398995124731702,0.012532656290492977,True,6469.9712633461795,0.00031984519503998885,0.0005776226504666211,non_rolling_reduced_day_only,intraday_only
AFL,2019-02-20,reduced_form,304800.04761904763,0.000232499900595,88.48603031548835,600.0,0.0011552453009332421,True,log_backward,0.5,0.2,60960.00952380953,5035343.32343038,60960.009523809524,-170.68672813625136,0.012106425641356246,True,6605.823681682033,0.00032492299067080917,0.0005776226504666211,non_rolling_reduced_day_only,intraday_only
AFL,2019-02-21,reduced_form,304800.04761904763,0.000232499900595,88.48603031548835,600.0,0.0011552453009332421,True,log_backward,0.5,0.2,60960.00952380953,4858607.556283015,60960.00952380953,-69.62768708179775,0.012546806634954033,True,6465.921797720486,0.00031849013986835273,0.0005776226504666211,non_rolling_reduced_day_only,intraday_only
AFL,2019-02-22,reduced_form,304800.04761904763,0.000232499900595,88.48603031548835,600.0,0.0011552453009332421,True,log_backward,0.5,0.2,60960.00952380953,5492154.60649519,60960.009523809524,149.6194138508977,0.011099470770854913,True,7441.217374463683,0.0003053048175201585,0.0005776226504666211,non_rolling_reduced_day_only,intraday_only
AFL,2019-02-25,reduced_form,304800.04761904763,0.000232499900595,88.48603031548835,600.0,0.0011552453009332421,True,log_backward,0.5,0.2,60960.00952380953,5077387.7928976845,60960.00952380954,180.89922047233537,0.012006175618313256,True,6855.620682933248,0.0003348314522572109,0.0005776226504666211,non_rolling_reduced_day_only,intraday_only
AFL,2019-02-26,reduced_form,304800.04761904763,0.000232499900595,88.48603031548835,600.0,0.0011552453009332421,True,log_backward,0.5,0.2,60960.00952380953,4841339.728664762,60960.00952380954,-95.09999729535426,0.012591557903461208,True,6606.8342720170585,0.0003044413456556443,0.0005776226504666211,non_rolling_reduced_day_only,intraday_only
AFL,2019-02-27,reduced_form,304800.04761904763,0.000232499900595,88.48603031548835,600.0,0.0011552453009332421,True,log_backward,0.5,0.2,60960.00952380953,4727948.414092738,60960.009523809524,344.3814265534677,0.012893543707478744,True,5685.064418297151,0.00029961108126472035,0.0005776226504666211,non_rolling_reduced_day_only,intraday_only
AFL,2019-02-28,reduced_form,304800.04761904763,0.000232499900595,88.48603031548835,600.0,0.0011552453009332421,True,log_backward,0.5,0.2,60960.00952380953,5739180.316389525,60960.00952380953,28.12840016501714,0.010621727522608839,True,8682.487417675007,0.0003028850506741601,0.0005776226504666211,non_rolling_reduced_day_only,intraday_only
AIG,2019-02-01,reduced_form,352603.8571428572,0.0003143205869681,77.61729163945081,600.0,0.0011552453009332421,True,log_backward,0.5,0.2,70520.77142857145,8812027.07368856,70520.77142857146,245.8458884239994,0.008002786514255759,True,10268.472283927495,0.00017646831526441854,0.0005776226504666211,non_rolling_reduced_day_only,intraday_only
AIG,2019-02-04,reduced_form,352603.8571428572,0.0003143205869681,77.61729163945081,600.0,0.0011552453009332421,True,log_backward,0.5,0.2,70520.77142857145,8835335.043607865,70520.77142857146,77.72261281686363,0.007981674840909558,True,11359.894986946367,0.00022417487872157654,0.0005776226504666211,non_rolling_reduced_day_only,intraday_only
AIG,2019-02-05,reduced_form,352603.8571428572,0.0003143205869681,77.61729163945081,600.0,0.0011552453009332421,True,log_backward,0.5,0.2,70520.77142857145,9843728.528266557,70520.77142857146,112.74901704909928,0.007164030501864103,True,14589.02202771934,0.00019345669132215357,0.0005776226504666211,non_rolling_reduced_day_only,intraday_only
AIG,2019-02-06,reduced_form,352603.8571428572,0.0003143205869681,77.61729163945081,600.0,0.0011552453009332421,True,log_backward,0.5,0.2,70520.77142857145,9129616.735502407,70520.77142857146,-4.926961535058517,0.007724395609548078,True,12174.05046175355,0.00019580386797067036,0.0005776226504666211,non_rolling_reduced_day_only,intraday_only
AIG,2019-02-07,reduced_form,352603.8571428572,0.0003143205869681,77.61729163945081,600.0,0.0011552453009332421,True,log_backward,0.5,0.2,70520.77142857145,10819199.65221696,70520.77142857146,208.6254704139697,0.006518113510745783,True,16414.20486647976,0.00013153692032976202,0.0005776226504666211,non_rolling_reduced_day_only,intraday_only
AIG,2019-02-08,reduced_form,352603.8571428572,0.0003143205869681,77.61729163945081,600.0,0.0011552453009332421,True,log_backward,0.5,0.2,70520.77142857145,10029715.255317558,70520.77142857146,-239.57111496869234,0.0070311838006749715,True,13839.092995016701,0.0001612835308750182,0.0005776226504666211,non_rolling_reduced_day_only,intraday_only
AIG,2019-02-11,reduced_form,352603.8571428572,0.0003143205869681,77.61729163945081,600.0,0.0011552453009332421,True,log_backward,0.5,0.2,70520.77142857145,10359920.712410018,70520.77142857146,-6.9634781966510815,0.0068070763653717455,True,15204.474270820274,0.00018932807294309937,0.0005776226504666211,non_rolling_reduced_day_only,intraday_only
AIG,2019-02-12,reduced_form,352603.8571428572,0.0003143205869681,77.61729163945081,600.0,0.0011552453009332421,True,log_backward,0.5,0.2,70520.77142857145,9485758.842703834,70520.77142857146,644.7331360910334,0.007434383753368761,True,13364.150661446567,0.0002290015720832364,0.0005776226504666211,non_rolling_reduced_day_only,intraday_only
AIG,2019-02-13,reduced_form,352603.8571428572,0.0003143205869681,77.61729163945081,600.0,0.0011552453009332421,True,log_backward,0.5,0.2,70520.77142857145,9767941.14981616,70520.77142857145,-327.9138096830712,0.0072196146912595505,True,14647.706335116243,0.000193006759182776,0.0005776226504666211,non_rolling_reduced_day_only,intraday_only
AIG,2019-02-14,reduced_form,352603.8571428572,0.0003143205869681,77.61729163945081,600.0,0.0011552453009332421,True,log_backward,0.5,0.2,70520.77142857145,19154074.70350664,70520.77142857143,-234.59061652144396,0.003681763411712121,True,43696.819134570695,0.00010639703937720917,0.0005776226504666211,non_rolling_reduced_day_only,intraday_only
AIG,2019-02-15,reduced_form,352603.8571428572,0.0003143205869681,77.61729163945081,600.0,0.0011552453009332421,True,log_backward,0.5,0.2,70520.77142857145,14785182.192990085,70520.77142857143,36.81878095385951,0.004769692419617702,True,27803.212811569992,0.00014255934337521102,0.0005776226504666211,non_rolling_reduced_day_only,intraday_only
AIG,2019-02-19,reduced_form,352603.8571428572,0.0003143205869681,77.61729163945081,600.0,0.0011552453009332421,True,log_backward,0.5,0.2,70520.77142857145,12204329.730926402,70520.77142857146,309.8260258090232,0.00577834039094078,True,20536.64461767118,0.0002045183798165948,0.0005776226504666211,non_rolling_reduced_day_only,intraday_only
AIG,2019-02-20,reduced_form,352603.8571428572,0.0003143205869681,77.61729163945081,600.0,0.0011552453009332421,True,log_backward,0.5,0.2,70520.77142857145,9189057.330411125,70520.77142857146,246.57182283277254,0.0076744293666754495,True,13041.015494874586,0.00022566253489675355,0.0005776226504666211,non_rolling_reduced_day_only,intraday_only
AIG,2019-02-21,reduced_form,352603.8571428572,0.0003143205869681,77.61729163945081,600.0,0.0011552453009332421,True,log_backward,0.5,0.2,70520.77142857145,9632587.68545405,70520.77142857146,-251.46700157193095,0.0073210619753883216,True,13697.998775862017,0.0002370722879975095,0.0005776226504666211,non_rolling_reduced_day_only,intraday_only
AIG,2019-02-22,reduced_form,352603.8571428572,0.0003143205869681,77.61729163945081,600.0,0.0011552453009332421,True,log_backward,0.5,0.2,70520.77142857145,8842061.484434905,70520.77142857146,-12.971927691659197,0.007975602923901001,True,11472.346402765637,0.00024124717683281439,0.0005776226504666211,non_rolling_reduced_day_only,intraday_only
AIG,2019-02-25,reduced_form,352603.8571428572,0.0003143205869681,77.61729163945081,600.0,0.0011552453009332421,True,log_backward,0.5,0.2,70520.77142857145,10685109.537084041,70520.77142857145,98.39815035852266,0.006599910949328136,True,18435.330414346616,0.00019226715909153937,0.0005776226504666211,non_rolling_reduced_day_only,intraday_only
AIG,2019-02-26,reduced_form,352603.8571428572,0.0003143205869681,77.61729163945081,600.0,0.0011552453009332421,True,log_backward,0.5,0.2,70520.77142857145,9317608.746692833,70520.77142857143,240.5561093148997,0.0075685482558603785,True,13814.532812720985,0.0002298521815123543,0.0005776226504666211,non_rolling_reduced_day_only,intraday_only
AIG,2019-02-27,reduced_form,352603.8571428572,0.0003143205869681,77.61729163945081,600.0,0.0011552453009332421,True,log_backward,0.5,0.2,70520.77142857145,9642512.85405313,70520.77142857145,540.8377016050879,0.007313526307504871,True,12986.343562390826,0.00019668348947240883,0.0005776226504666211,non_rolling_reduced_day_only,intraday_only
AIG,2019-02-28,reduced_form,352603.8571428572,0.0003143205869681,77.61729163945081,600.0,0.0011552453009332421,True,log_backward,0.5,0.2,70520.77142857145,7910184.328040999,70520.77142857145,541.6272664605916,0.008915186865947068,True,9636.397714626284,0.0002575556332834578,0.0005776226504666211,non_rolling_reduced_day_only,intraday_only
ALGN,2019-02-01,reduced_form,257176.61904761905,0.0005531453789446,70.27508685711013,600.0,0.0011552453009332421,True,log_backward,0.5,0.2,51435.32380952381,6579783.573408514,51435.32380952381,52.59703675689369,0.0078171756313375,True,9215.065354549788,0.0002512213137136025,0.0005776226504666211,non_rolling_reduced_day_only,intraday_only
ALGN,2019-02-04,reduced_form,257176.61904761905,0.0005531453789446,70.27508685711013,600.0,0.0011552453009332421,True,log_backward,0.5,0.2,51435.32380952381,4747918.141993965,51435.32380952381,149.4383390488063,0.010833237278164766,True,5010.341398042867,0.0003009131330751211,0.0005776226504666211,non_rolling_reduced_day_only,intraday_only
ALGN,2019-02-05,reduced_form,257176.61904761905,0.0005531453789446,70.27508685711013,600.0,0.0011552453009332421,True,log_backward,0.5,0.2,51435.32380952381,5728391.718660913,51435.32380952382,-6.117433687358659,0.008979016508589515,True,6799.865091443083,0.0002696011652092464,0.0005776226504666211,non_rolling_reduced_day_only,intraday_only
ALGN,2019-02-06,reduced_form,257176.61904761905,0.0005531453789446,70.27508685711013,600.0,0.0011552453009332421,True,log_backward,0.5,0.2,51435.32380952381,5299135.440737486,51435.32380952382,153.3097074538614,0.009706361421546439,True,5533.884872682002,0.00032516711908906875,0.0005776226504666211,non_rolling_reduced_day_only,intraday_only
ALGN,2019-02-07,reduced_form,257176.61904761905,0.0005531453789446,70.27508685711013,600.0,0.0011552453009332421,True,log_backward,0.5,0.2,51435.32380952381,4809038.597286722,51435.32380952381,-190.6380961226735,0.010695552295742402,True,5344.517059314565,0.000329697091151537,0.0005776226504666211,non_rolling_reduced_day_only,intraday_only
ALGN,2019-02-08,reduced_form,257176.61904761905,0.0005531453789446,70.27508685711013,600.0,0.0011552453009332421,True,log_backward,0.5,0.2,51435.32380952381,4758939.021241094,51435.323809523805,190.66860027102516,0.01080814937530128,True,4909.914210689703,0.0003715394606974032,0.0005776226504666211,non_rolling_reduced_day_only,intraday_only
ALGN,2019-02-11,reduced_form,257176.61904761905,0.0005531453789446,70.27508685711013,600.0,0.0011552453009332421,True,log_backward,0.5,0.2,51435.32380952381,5634084.927549526,51435.32380952382,-147.74330860108907,0.009129312829136737,True,8519.37505853804,0.0003498072786634269,0.0005776226504666211,non_rolling_reduced_day_only,intraday_only
ALGN,2019-02-12,reduced_form,257176.61904761905,0.0005531453789446,70.27508685711013,600.0,0.0011552453009332421,True,log_backward,0.5,0.2,51435.32380952381,6386910.1052782,51435.323809523805,-395.0509440141899,0.008053240606442417,True,10601.339920439954,0.0002901951132685405,0.0005776226504666211,non_rolling_reduced_day_only,intraday_only
ALGN,2019-02-13,reduced_form,257176.61904761905,0.0005531453789446,70.27508685711013,600.0,0.0011552453009332421,True,log_backward,0.5,0.2,51435.32380952381,5544533.297224266,51435.32380952381,-347.58662865419194,0.009276763444684089,True,7048.075141803772,0.0003162597223692294,0.0005776226504666211,non_rolling_reduced_day_only,intraday_only
ALGN,2019-02-14,reduced_form,257176.61904761905,0.0005531453789446,70.27508685711013,600.0,0.0011552453009332421,True,log_backward,0.5,0.2,51435.32380952381,5131426.781959212,51435.32380952381,31.364643065803058,0.010023591097578805,True,6390.09143132623,0.0003422098318528676,0.0005776226504666211,non_rolling_reduced_day_only,intraday_only
ALGN,2019-02-15,reduced_form,257176.61904761905,0.0005531453789446,70.27508685711013,600.0,0.0011552453009332421,True,log_backward,0.5,0.2,51435.32380952381,4237102.554397831,51435.32380952382,351.67108411150355,0.012139268084539839,True,4500.818773223122,0.0003746829114196978,0.0005776226504666211,non_rolling_reduced_day_only,intraday_only
ALGN,2019-02-19,reduced_form,257176.61904761905,0.0005531453789446,70.27508685711013,600.0,0.0011552453009332421,True,log_backward,0.5,0.2,51435.32380952381,4189437.6259457553,51435.32380952381,108.40043840820664,0.012277381453533973,True,4318.404085675867,0.0003394794604776784,0.0005776226504666211,non_rolling_reduced_day_only,intraday_only
ALGN,2019-02-20,reduced_form,257176.61904761905,0.0005531453789446,70.27508685711013,600.0,0.0011552453009332421,True,log_backward,0.5,0.2,51435.32380952381,4842210.06640701,51435.32380952382,103.45606808459311,0.010622282615609357,True,5751.282906035053,0.0003615619321361197,0.0005776226504666211,non_rolling_reduced_day_only,intraday_only
ALGN,2019-02-21,reduced_form,257176.61904761905,0.0005531453789446,70.27508685711013,600.0,0.0011552453009332421,True,log_backward,0.5,0.2,51435.32380952381,6296776.120082404,51435.32380952381,362.1953339829379,0.00816851716316868,True,8785.8569000822,0.000310498530896641,0.0005776226504666211,non_rolling_reduced_day_only,intraday_only
ALGN,2019-02-22,reduced_form,257176.61904761905,0.0005531453789446,70.27508685711013,600.0,0.0011552453009332421,True,log_backward,0.5,0.2,51435.32380952381,5254815.081193227,51435.32380952381,23.23844598521459,0.009788227181125512,True,6457.1380664843955,0.00034960967909583005,0.0005776226504666211,non_rolling_reduced_day_only,intraday_only
ALGN,2019-02-25,reduced_form,257176.61904761905,0.0005531453789446,70.27508685711013,600.0,0.0011552453009332421,True,log_backward,0.5,0.2,51435.32380952381,5480467.022127445,51435.323809523805,17.220641682835947,0.009385208158693982,True,8861.32046667151,0.00035612768679280836,0.0005776226504666211,non_rolling_reduced_day_only,intraday_only
ALGN,2019-02-26,reduced_form,257176.61904761905,0.0005531453789446,70.27508685711013,600.0,0.0011552453009332421,True,log_backward,0.5,0.2,51435.32380952381,5875298.712072072,51435.32380952381,-536.4970836545343,0.00875450361423136,True,9228.659940961457,0.0003333551724565873,0.0005776226504666211,non_rolling_reduced_day_only,intraday_only
ALGN,2019-02-27,reduced_form,257176.61904761905,0.0005531453789446,70.27508685711013,600.0,0.0011552453009332421,True,log_backward,0.5,0.2,51435.32380952381,6157881.379509475,51435.32380952382,-275.51308309716325,0.008352763010452964,True,11778.107801325903,0.0003571441662609703,0.0005776226504666211,non_rolling_reduced_day_only,intraday_only
ALGN,2019-02-28,reduced_form,257176.61904761905,0.0005531453789446,70.27508685711013,600.0,0.0011552453009332421,True,log_backward,0.5,0.2,51435.32380952381,5240060.6412509885,51435.32380952381,13.825033360267867,0.009815787894631,True,8350.984487094749,0.000362558278167204,0.0005776226504666211,non_rolling_reduced_day_only,intraday_only
ALXN,2019-02-01,reduced_form,276546.71428571426,0.0004325249279626,74.48850195249616,600.0,0.0011552453009332421,True,log_backward,0.5,0.2,55309.34285714285,7381770.527623826,55309.34285714285,103.61463865905284,0.007492693338294112,True,11132.495342048234,0.00019822840975546553,0.0005776226504666211,non_rolling_reduced_day_only,intraday_only
ALXN,2019-02-04,reduced_form,276546.71428571426,0.0004325249279626,74.48850195249616,600.0,0.0011552453009332421,True,log_backward,0.5,0.2,55309.34285714285,8151571.599905197,55309.34285714285,33.255406642569824,0.006785114033444312,True,12540.762422310709,0.00024106201036987334,0.0005776226504666211,non_rolling_reduced_day_only,intraday_only
ALXN,2019-02-05,reduced_form,276546.71428571426,0.0004325249279626,74.48850195249616,600.0,0.0011552453009332421,True,log_backward,0.5,0.2,55309.34285714285,5998924.257957089,55309.34285714285,88.89872140977793,0.00921987684438247,True,7669.888479597803,0.0002654673554535218,0.0005776226504666211,non_rolling_reduced_day_only,intraday_only
ALXN,2019-02-06,reduced_form,276546.71428571426,0.0004325249279626,74.48850195249616,600.0,0.0011552453009332421,True,log_backward,0.5,0.2,55309.34285714285,6853532.479045013,55309.342857142845,17.232022169479386,0.008070194899674537,True,8110.151801617331,0.00019894863497598619,0.0005776226504666211,non_rolling_reduced_day_only,intraday_only
ALXN,2019-02-07,reduced_form,276546.71428571426,0.0004325249279626,74.48850195249616,600.0,0.0011552453009332421,True,log_backward,0.5,0.2,55309.34285714285,6429258.690849939,55309.34285714285,10.389994602671152,0.008602755856730199,True,7709.078368669124,0.00024104671297523793,0.0005776226504666211,non_rolling_reduced_day_only,intraday_only
ALXN,2019-02-08,reduced_form,276546.71428571426,0.0004325249279626,74.48850195249616,600.0,0.0011552453009332421,True,log_backward,0.5,0.2,55309.34285714285,5365624.289758944,55309.34285714286,-422.64401302382953,0.01030809088938795,True,5184.930540641511,0.00026891273183079887,0.0005776226504666211,non_rolling_reduced_day_only,intraday_only
ALXN,2019-02-11,reduced_form,276546.71428571426,0.0004325249279626,74.48850195249616,600.0,0.0011552453009332421,True,log_backward,0.5,0.2,55309.34285714285,5930696.093312412,55309.34285714285,-393.273734184909,0.009325944541233689,True,6358.450651994522,0.0002788931233413792,0.0005776226504666211,non_rolling_reduced_day_only,intraday_only
ALXN,2019-02-12,reduced_form,276546.71428571426,0.0004325249279626,74.48850195249616,600.0,0.0011552453009332421,True,log_backward,0.5,0.2,55309.34285714285,6038287.028640633,55309.34285714285,183.17533642493896,0.009159773723044488,True,7293.404641185341,0.0002678145913194606,0.0005776226504666211,non_rolling_reduced_day_only,intraday_only
ALXN,2019-02-13,reduced_form,276546.71428571426,0.0004325249279626,74.48850195249616,600.0,0.0011552453009332421,True,log_backward,0.5,0.2,55309.34285714285,5220949.382235335,55309.34285714286,246.2276839313568,0.010593732826703313,True,6017.558020602421,0.00027196646366814143,0.0005776226504666211,non_rolling_reduced_day_only,intraday_only
ALXN,2019-02-14,reduced_form,276546.71428571426,0.0004325249279626,74.48850195249616,600.0,0.0011552453009332421,True,log_backward,0.5,0.2,55309.34285714285,5814496.768409673,55309.34285714285,281.03190175396315,0.009512318100792503,True,6741.57836710605,0.0002767242478977706,0.0005776226504666211,non_rolling_reduced_day_only,intraday_only
ALXN,2019-02-15,reduced_form,276546.71428571426,0.0004325249279626,74.48850195249616,600.0,0.0011552453009332421,True,log_backward,0.5,0.2,55309.34285714285,5755290.281747659,55309.34285714285,98.14997905523379,0.009610174317801316,True,6994.5018675902265,0.0002745928750635654,0.0005776226504666211,non_rolling_reduced_day_only,intraday_only
ALXN,2019-02-19,reduced_form,276546.71428571426,0.0004325249279626,74.48850195249616,600.0,0.0011552453009332421,True,log_backward,0.5,0.2,55309.34285714285,5294654.469880076,55309.34285714286,243.71811697377757,0.01044626106798535,True,5837.407901927309,0.0002872993742055392,0.0005776226504666211,non_rolling_reduced_day_only,intraday_only
ALXN,2019-02-20,reduced_form,276546.71428571426,0.0004325249279626,74.48850195249616,600.0,0.0011552453009332421,True,log_backward,0.5,0.2,55309.34285714285,7040483.203627864,55309.34285714285,49.850743369103114,0.00785590154218999,True,9688.167334500427,0.00020920596705929174,0.0005776226504666211,non_rolling_reduced_day_only,intraday_only
ALXN,2019-02-21,reduced_form,276546.71428571426,0.0004325249279626,74.48850195249616,600.0,0.0011552453009332421,True,log_backward,0.5,0.2,55309.34285714285,6865201.693824108,55309.34285714285,-59.5147938408931,0.008056477482212764,True,9823.592887639916,0.00022618367006531576,0.0005776226504666211,non_rolling_reduced_day_only,intraday_only
ALXN,2019-02-22,reduced_form,276546.71428571426,0.0004325249279626,74.48850195249616,600.0,0.0011552453009332421,True,log_backward,0.5,0.2,55309.34285714285,5314029.023414021,55309.34285714285,-46.20457595989298,0.010408174779145095,True,6247.642315185171,0.0002528245672711421,0.0005776226504666211,non_rolling_reduced_day_only,intraday_only
ALXN,2019-02-25,reduced_form,276546.71428571426,0.0004325249279626,74.48850195249616,600.0,0.0011552453009332421,True,log_backward,0.5,0.2,55309.34285714285,6169207.937912984,55309.34285714285,-62.710802683665115,0.00896538800665775,True,8654.898653099599,0.0002356815272564507,0.0005776226504666211,non_rolling_reduced_day_only,intraday_only
ALXN,2019-02-26,reduced_form,276546.71428571426,0.0004325249279626,74.48850195249616,600.0,0.0011552453009332421,True,log_backward,0.5,0.2,55309.34285714285,5321211.682166133,55309.34285714285,274.0736496006754,0.010394125654220881,True,6901.829033227361,0.0002550461474310459,0.0005776226504666211,non_rolling_reduced_day_only,intraday_only
ALXN,2019-02-27,reduced_form,276546.71428571426,0.0004325249279626,74.48850195249616,600.0,0.0011552453009332421,True,log_backward,0.5,0.2,55309.34285714285,5291829.070598177,55309.34285714284,-13.503259855879971,0.010451838507869795,True,7109.11295768869,0.00024943118435626186,0.0005776226504666211,non_rolling_reduced_day_only,intraday_only
ALXN,2019-02-28,reduced_form,276546.71428571426,0.0004325249279626,74.48850195249616,600.0,0.0011552453009332421,True,log_backward,0.5,0.2,55309.34285714285,5346754.110043488,55309.34285714285,20.607649524623763,0.010344471004052398,True,7136.27353638325,0.0002476255129836177,0.0005776226504666211,non_rolling_reduced_day_only,intraday_only
AMAT,2019-02-01,reduced_form,1332595.2857142857,0.0004453378386483,86.53177745620694,600.0,0.0011552453009332421,True,log_backward,0.5,0.2,266519.0571428572,28997391.909621377,266519.0571428572,-758.597879470617,0.009191138912545641,True,45430.541031319866,0.0001248216767872752,0.0005776226504666211,non_rolling_reduced_day_only,intraday_only
AMAT,2019-02-04,reduced_form,1332595.2857142857,0.0004453378386483,86.53177745620694,600.0,0.0011552453009332421,True,log_backward,0.5,0.2,266519.0571428572,33673077.84662522,266519.05714285723,1254.071407663078,0.00791490039481402,True,59631.614064064626,0.0001591030798214232,0.0005776226504666211,non_rolling_reduced_day_only,intraday_only
AMAT,2019-02-05,reduced_form,1332595.2857142857,0.0004453378386483,86.53177745620694,600.0,0.0011552453009332421,True,log_backward,0.5,0.2,266519.0571428572,33832417.69333106,266519.0571428572,-884.871926407829,0.007877623750057702,True,60278.55771947822,0.0001348401571008389,0.0005776226504666211,non_rolling_reduced_day_only,intraday_only
AMAT,2019-02-06,reduced_form,1332595.2857142857,0.0004453378386483,86.53177745620694,600.0,0.0011552453009332421,True,log_backward,0.5,0.2,266519.0571428572,37441462.2352557,266519.05714285723,1505.0991848083097,0.007118286552705652,True,81269.26778209521,0.00012623530437934108,0.0005776226504666211,non_rolling_reduced_day_only,intraday_only
AMAT,2019-02-07,reduced_form,1332595.2857142857,0.0004453378386483,86.53177745620694,600.0,0.0011552453009332421,True,log_backward,0.5,0.2,266519.0571428572,31435635.832590047,266519.0571428572,-1058.7962808969162,0.008478246107767628,True,53072.30416303395,9.027446794915417e-05,0.0005776226504666211,non_rolling_reduced_day_only,intraday_only
AMAT,2019-02-08,reduced_form,1332595.2857142857,0.0004453378386483,86.53177745620694,600.0,0.0011552453009332421,True,log_backward,0.5,0.2,266519.0571428572,26003055.958129417,266519.0571428571,854.4524369358724,0.010249528269754558,True,37262.03015517998,0.00011816165589378035,0.0005776226504666211,non_rolling_reduced_day_only,intraday_only
AMAT,2019-02-11,reduced_form,1332595.2857142857,0.0004453378386483,86.53177745620694,600.0,0.0011552453009332421,True,log_backward,0.5,0.2,266519.0571428572,25227543.491601884,266519.0571428571,-423.11480039327876,0.010564605992318671,True,36132.56964643265,0.00013544232796370358,0.0005776226504666211,non_rolling_reduced_day_only,intraday_only
AMAT,2019-02-12,reduced_form,1332595.2857142857,0.0004453378386483,86.53177745620694,600.0,0.0011552453009332421,True,log_backward,0.5,0.2,266519.0571428572,27794070.097944334,266519.05714285723,-322.2121239177584,0.009589061846777493,True,44159.65014168985,0.00013031061890583724,0.0005776226504666211,non_rolling_reduced_day_only,intraday_only
AMAT,2019-02-13,reduced_form,1332595.2857142857,0.0004453378386483,86.53177745620694,600.0,0.0011552453009332421,True,log_backward,0.5,0.2,266519.0571428572,22945819.993140012,266519.05714285723,645.0358236557306,0.011615146341361387,True,31769.386238695806,0.00014500169557191635,0.0005776226504666211,non_rolling_reduced_day_only,intraday_only
AMAT,2019-02-14,reduced_form,1332595.2857142857,0.0004453378386483,86.53177745620694,600.0,0.0011552453009332421,True,log_backward,0.5,0.2,266519.0571428572,29294139.599585965,266519.0571428572,-1570.497095190135,0.009098033285354593,True,51711.90203258006,0.0001581136698329858,0.0005776226504666211,non_rolling_reduced_day_only,intraday_only
AMAT,2019-02-15,reduced_form,1332595.2857142857,0.0004453378386483,86.53177745620694,600.0,0.0011552453009332421,True,log_backward,0.5,0.2,266519.0571428572,37596148.25968956,266519.05714285723,-1404.568220719088,0.007088998992713778,True,77429.7594434918,0.00014879721715116317,0.0005776226504666211,non_rolling_reduced_day_only,intraday_only
AMAT,2019-02-19,reduced_form,1332595.2857142857,0.0004453378386483,86.53177745620694,600.0,0.0011552453009332421,True,log_backward,0.5,0.2,266519.0571428572,29296142.762436397,266519.0571428572,287.45399847487005,0.009097411195189448,True,47084.945011958254,0.00018194167198367953,0.0005776226504666211,non_rolling_reduced_day_only,intraday_only
AMAT,2019-02-20,reduced_form,1332595.2857142857,0.0004453378386483,86.53177745620694,600.0,0.0011552453009332421,True,log_backward,0.5,0.2,266519.0571428572,26362127.112419277,266519.0571428572,-1706.6595121630614,0.010109922314170895,True,39381.280420160736,0.00014334026610445495,0.0005776226504666211,non_rolling_reduced_day_only,intraday_only
AMAT,2019-02-21,reduced_form,1332595.2857142857,0.0004453378386483,86.53177745620694,600.0,0.0011552453009332421,True,log_backward,0.5,0.2,266519.0571428572,24647064.67143812,266519.0571428571,4.122687373411679,0.010813419800521267,True,32366.558959374586,0.00014221116370212984,0.0005776226504666211,non_rolling_reduced_day_only,intraday_only
AMAT,2019-02-22,reduced_form,1332595.2857142857,0.0004453378386483,86.53177745620694,600.0,0.0011552453009332421,True,log_backward,0.5,0.2,266519.0571428572,24413520.086665194,266519.0571428572,-1153.0552652869715,0.010916863123250768,True,31181.136815422,0.00015234892281722513,0.0005776226504666211,non_rolling_reduced_day_only,intraday_only
AMAT,2019-02-25,reduced_form,1332595.2857142857,0.0004453378386483,86.53177745620694,600.0,0.0011552453009332421,True,log_backward,0.5,0.2,266519.0571428572,22563862.209285486,266519.0571428572,-789.7240167020445,0.011811765852442547,True,29585.37681748096,0.00019753502795752674,0.0005776226504666211,non_rolling_reduced_day_only,intraday_only
AMAT,2019-02-26,reduced_form,1332595.2857142857,0.0004453378386483,86.53177745620694,600.0,0.0011552453009332421,True,log_backward,0.5,0.2,266519.0571428572,22866567.65238922,266519.0571428571,188.0266098161979,0.011655402821901426,True,27823.728350183268,0.00016719445429864993,0.0005776226504666211,non_rolling_reduced_day_only,intraday_only
AMAT,2019-02-27,reduced_form,1332595.2857142857,0.0004453378386483,86.53177745620694,600.0,0.0011552453009332421,True,log_backward,0.5,0.2,266519.0571428572,29449020.92251265,266519.0571428572,-2181.7413810975877,0.009050183971960628,True,48843.806890154796,0.00019242294989416843,0.0005776226504666211,non_rolling_reduced_day_only,intraday_only
AMAT,2019-02-28,reduced_form,1332595.2857142857,0.0004453378386483,86.53177745620694,600.0,0.0011552453009332421,True,log_backward,0.5,0.2,266519.0571428572,24080817.440552354,266519.05714285723,1350.5540523947507,0.011067691443648263,True,33842.41246681014,0.00021573244125590814,0.0005776226504666211,non_rolling_reduced_day_only,intraday_only
AMD,2019-02-01,reduced_form,9240929.23809524,0.0007047122925485,93.1470818008506,600.0,0.0011552453009332421,True,log_backward,0.5,0.2,1848185.8476190483,167881522.94212508,1848185.8476190483,-488.94132869727855,0.011008869917484522,True,325570.13553264696,0.00016574754327302392,0.0005776226504666211,non_rolling_reduced_day_only,intraday_only
AMD,2019-02-04,reduced_form,9240929.23809524,0.0007047122925485,93.1470818008506,600.0,0.0011552453009332421,True,log_backward,0.5,0.2,1848185.8476190483,143563349.07879323,1848185.8476190479,4493.055973784791,0.012873660718270726,True,249340.23294669122,0.00021615001402226476,0.0005776226504666211,non_rolling_reduced_day_only,intraday_only
AMD,2019-02-05,reduced_form,9240929.23809524,0.0007047122925485,93.1470818008506,600.0,0.0011552453009332421,True,log_backward,0.5,0.2,1848185.8476190483,185833929.48380017,1848185.8476190483,6011.019191612118,0.009945362791137457,True,353833.4640030017,0.0001771682353043891,0.0005776226504666211,non_rolling_reduced_day_only,intraday_only
AMD,2019-02-06,reduced_form,9240929.23809524,0.0007047122925485,93.1470818008506,600.0,0.0011552453009332421,True,log_backward,0.5,0.2,1848185.8476190483,151498588.97746086,1848185.8476190486,4080.4345648931494,0.0121993601398757,True,249962.20551632755,0.0001955514645030646,0.0005776226504666211,non_rolling_reduced_day_only,intraday_only
AMD,2019-02-07,reduced_form,9240929.23809524,0.0007047122925485,93.1470818008506,600.0,0.0011552453009332421,True,log_backward,0.5,0.2,1848185.8476190483,180926439.24397802,1848185.847619048,-184.89188420648702,0.010215123092798963,True,302898.1774701815,0.0001453464105122188,0.0005776226504666211,non_rolling_reduced_day_only,intraday_only
AMD,2019-02-08,reduced_form,9240929.23809524,0.0007047122925485,93.1470818008506,600.0,0.0011552453009332421,True,log_backward,0.5,0.2,1848185.8476190483,164787940.98725826,1848185.847619048,-3384.144782947842,0.011215540630864208,True,257604.98689732424,0.00016185596232497088,0.0005776226504666211,non_rolling_reduced_day_only,intraday_only
AMD,2019-02-11,reduced_form,9240929.23809524,0.0007047122925485,93.1470818008506,600.0,0.0011552453009332421,True,log_backward,0.5,0.2,1848185.8476190483,142293310.01565897,1848185.8476190483,-13192.609207774516,0.0129885645882836,True,213113.51932864208,0.0002075731005344025,0.0005776226504666211,non_rolling_reduced_day_only,intraday_only
AMD,2019-02-12,reduced_form,9240929.23809524,0.0007047122925485,93.1470818008506,600.0,0.0011552453009332421,True,log_backward,0.5,0.2,1848185.8476190483,147094849.79921705,1848185.847619048,-4579.385971524007,0.012564585708757329,True,226330.99104905833,0.00023866921125386323,0.0005776226504666211,non_rolling_reduced_day_only,intraday_only
AMD,2019-02-13,reduced_form,9240929.23809524,0.0007047122925485,93.1470818008506,600.0,0.0011552453009332421,True,log_backward,0.5,0.2,1848185.8476190483,138014868.78144497,1848185.8476190486,-2965.7807337166487,0.013391208236742697,True,202965.80231948374,0.00022209850159305258,0.0005776226504666211,non_rolling_reduced_day_only,intraday_only
AMD,2019-02-14,reduced_form,9240929.23809524,0.0007047122925485,93.1470818008506,600.0,0.0011552453009332421,True,log_backward,0.5,0.2,1848185.8476190483,145870534.61510983,1848185.847619048,12939.582487773107,0.012670042325515725,True,241314.1597508543,0.00022234515011506509,0.0005776226504666211,non_rolling_reduced_day_only,intraday_only
AMD,2019-02-15,reduced_form,9240929.23809524,0.0007047122925485,93.1470818008506,600.0,0.0011552453009332421,True,log_backward,0.5,0.2,1848185.8476190483,149085691.58967605,1848185.8476190483,5542.5324617732595,0.012396802321618853,True,251467.85766271513,0.00019686840154343056,0.0005776226504666211,non_rolling_reduced_day_only,intraday_only
AMD,2019-02-19,reduced_form,9240929.23809524,0.0007047122925485,93.1470818008506,600.0,0.0011552453009332421,True,log_backward,0.5,0.2,1848185.8476190483,131715381.31337248,1848185.8476190483,-776.3118580847974,0.01403166303882089,True,196742.66703179368,0.00021711123674219088,0.0005776226504666211,non_rolling_reduced_day_only,intraday_only
AMD,2019-02-20,reduced_form,9240929.23809524,0.0007047122925485,93.1470818008506,600.0,0.0011552453009332421,True,log_backward,0.5,0.2,1848185.8476190483,140865558.85711482,1848185.8476190483,8230.002331311345,0.013120210948751014,True,236416.145439242,0.0002198529450756293,0.0005776226504666211,non_rolling_reduced_day_only,intraday_only
AMD,2019-02-21,reduced_form,9240929.23809524,0.0007047122925485,93.1470818008506,600.0,0.0011552453009332421,True,log_backward,0.5,0.2,1848185.8476190483,130489748.7778553,1848185.8476190483,-6934.684385735876,0.014163456247933966,True,212407.8132098238,0.00027288444195404225,0.0005776226504666211,non_rolling_reduced_day_only,intraday_only
AMD,2019-02-22,reduced_form,9240929.23809524,0.0007047122925485,93.1470818008506,600.0,0.0011552453009332421,True,log_backward,0.5,0.2,1848185.8476190483,148859746.8742112,1848185.8476190483,16585.059113028714,0.012415618637191385,True,231984.30224077092,0.0002714363084634032,0.0005776226504666211,non_rolling_reduced_day_only,intraday_only
AMD,2019-02-25,reduced_form,9240929.23809524,0.0007047122925485,93.1470818008506,600.0,0.0011552453009332421,True,log_backward,0.5,0.2,1848185.8476190483,129578384.43843184,1848185.8476190486,-9406.829142455997,0.014263072159980504,True,217864.1643771278,0.0002216966858497687,0.0005776226504666211,non_rolling_reduced_day_only,intraday_only
AMD,2019-02-26,reduced_form,9240929.23809524,0.0007047122925485,93.1470818008506,600.0,0.0011552453009332421,True,log_backward,0.5,0.2,1848185.8476190483,111705221.27859935,1848185.8476190483,-763.2023425205134,0.01654520555498086,True,158425.5513605888,0.000264932454215183,0.0005776226504666211,non_rolling_reduced_day_only,intraday_only
AMD,2019-02-27,reduced_form,9240929.23809524,0.0007047122925485,93.1470818008506,600.0,0.0011552453009332421,True,log_backward,0.5,0.2,1848185.8476190483,148048141.05508226,1848185.8476190483,-1910.072735711609,0.01248368155417378,True,222564.281779045,0.00022766078210020288,0.0005776226504666211,non_rolling_reduced_day_only,intraday_only
AMD,2019-02-28,reduced_form,9240929.23809524,0.0007047122925485,93.1470818008506,600.0,0.0011552453009332421,True,log_backward,0.5,0.2,1848185.8476190483,106876489.15995312,1848185.8476190483,-291.2116104198626,0.0172927260442942,True,120195.23598076741,0.00024287159282898482,0.0005776226504666211,non_rolling_reduced_day_only,intraday_only
AMGN,2019-02-01,reduced_form,542303.8571428572,0.0002657595047032,88.15694499629035,600.0,0.0011552453009332421,True,log_backward,0.5,0.2,108460.77142857143,8835066.463915031,108460.77142857143,475.07750673709324,0.012276169270662152,True,8433.037242839271,0.00021147316357267334,0.0005776226504666211,non_rolling_reduced_day_only,intraday_only
AMGN,2019-02-04,reduced_form,542303.8571428572,0.0002657595047032,88.15694499629035,600.0,0.0011552453009332421,True,log_backward,0.5,0.2,108460.77142857143,13102190.363701746,108460.77142857143,84.55986464754102,0.008278064080724297,True,17712.45868766348,0.00020662757070321429,0.0005776226504666211,non_rolling_reduced_day_only,intraday_only
AMGN,2019-02-05,reduced_form,542303.8571428572,0.0002657595047032,88.15694499629035,600.0,0.0011552453009332421,True,log_backward,0.5,0.2,108460.77142857143,13854077.511917096,108460.77142857143,324.9059856676948,0.007828797791500365,True,19446.298019284503,0.00019559549399501602,0.0005776226504666211,non_rolling_reduced_day_only,intraday_only
AMGN,2019-02-06,reduced_form,542303.8571428572,0.0002657595047032,88.15694499629035,600.0,0.0011552453009332421,True,log_backward,0.5,0.2,108460.77142857143,11542870.821016274,108460.77142857143,636.218452098803,0.009396342825832835,True,12290.452440145387,0.00016210418953986253,0.0005776226504666211,non_rolling_reduced_day_only,intraday_only
AMGN,2019-02-07,reduced_form,542303.8571428572,0.0002657595047032,88.15694499629035,600.0,0.0011552453009332421,True,log_backward,0.5,0.2,108460.77142857143,17434090.251736328,108460.77142857143,-309.20434732347803,0.006221189053312914,True,30739.6682882918,0.00014473575937146775,0.0005776226504666211,non_rolling_reduced_day_only,intraday_only
AMGN,2019-02-08,reduced_form,542303.8571428572,0.0002657595047032,88.15694499629035,600.0,0.0011552453009332421,True,log_backward,0.5,0.2,108460.77142857143,12713583.388859086,108460.77142857143,279.4204961475486,0.008531093721665885,True,15473.054934029846,0.0002071103981145063,0.0005776226504666211,non_rolling_reduced_day_only,intraday_only
AMGN,2019-02-11,reduced_form,542303.8571428572,0.0002657595047032,88.15694499629035,600.0,0.0011552453009332421,True,log_backward,0.5,0.2,108460.77142857143,13304812.265344601,108460.77142857142,-324.3633320624664,0.008151995628760737,True,17415.585674219466,0.00021964104167871071,0.0005776226504666211,non_rolling_reduced_day_only,intraday_only
AMGN,2019-02-12,reduced_form,542303.8571428572,0.0002657595047032,88.15694499629035,600.0,0.0011552453009332421,True,log_backward,0.5,0.2,108460.77142857143,11002652.621147644,108460.77142857143,871.2699327097974,0.009857692973065827,True,11375.65139215117,0.0001724754745124838,0.0005776226504666211,non_rolling_reduced_day_only,intraday_only
AMGN,2019-02-13,reduced_form,542303.8571428572,0.0002657595047032,88.15694499629035,600.0,0.0011552453009332421,True,log_backward,0.5,0.2,108460.77142857143,12953035.329066906,108460.77142857143,-367.33369799215984,0.008373386520855309,True,16868.885165475298,0.00021097265371667422,0.0005776226504666211,non_rolling_reduced_day_only,intraday_only
AMGN,2019-02-14,reduced_form,542303.8571428572,0.0002657595047032,88.15694499629035,600.0,0.0011552453009332421,True,log_backward,0.5,0.2,108460.77142857143,13456860.64830551,108460.77142857142,427.3943595158655,0.008059886645421184,True,17799.52392352922,0.00020889447624854602,0.0005776226504666211,non_rolling_reduced_day_only,intraday_only
AMGN,2019-02-15,reduced_form,542303.8571428572,0.0002657595047032,88.15694499629035,600.0,0.0011552453009332421,True,log_backward,0.5,0.2,108460.77142857143,13290332.56857971,108460.77142857143,249.98903803669248,0.008160877154044179,True,17279.807584123737,0.00019703409555407066,0.0005776226504666211,non_rolling_reduced_day_only,intraday_only
AMGN,2019-02-19,reduced_form,542303.8571428572,0.0002657595047032,88.15694499629035,600.0,0.0011552453009332421,True,log_backward,0.5,0.2,108460.77142857143,10440162.54100314,108460.77142857143,164.64810437394948,0.01038880103663118,True,10041.527055659182,0.00016970559643840003,0.0005776226504666211,non_rolling_reduced_day_only,intraday_only
AMGN,2019-02-20,reduced_form,542303.8571428572,0.0002657595047032,88.15694499629035,600.0,0.0011552453009332421,True,log_backward,0.5,0.2,108460.77142857143,11605957.20265751,108460.77142857143,405.84757030515794,0.00934526722222759,True,13034.090997246367,0.0001387875859826333,0.0005776226504666211,non_rolling_reduced_day_only,intraday_only
AMGN,2019-02-21,reduced_form,542303.8571428572,0.0002657595047032,88.15694499629035,600.0,0.0011552453009332421,True,log_backward,0.5,0.2,108460.77142857143,11376476.23175769,108460.77142857143,488.893218118002,0.0095337755926392,True,11487.618173647768,0.00016506730708228828,0.0005776226504666211,non_rolling_reduced_day_only,intraday_only
AMGN,2019-02-22,reduced_form,542303.8571428572,0.0002657595047032,88.15694499629035,600.0,0.0011552453009332421,True,log_backward,0.5,0.2,108460.77142857143,12214036.427833498,108460.77142857143,-652.3466718537193,0.008880010475604092,True,14520.869994836166,0.0001419461259448667,0.0005776226504666211,non_rolling_reduced_day_only,intraday_only
AMGN,2019-02-25,reduced_form,542303.8571428572,0.0002657595047032,88.15694499629035,600.0,0.0011552453009332421,True,log_backward,0.5,0.2,108460.77142857143,14367230.721881734,108460.77142857143,336.45735893908727,0.00754917725817421,True,21038.896757290975,0.00017047963108112832,0.0005776226504666211,non_rolling_reduced_day_only,intraday_only
AMGN,2019-02-26,reduced_form,542303.8571428572,0.0002657595047032,88.15694499629035,600.0,0.0011552453009332421,True,log_backward,0.5,0.2,108460.77142857143,12712293.620850269,108460.77142857143,-446.15007307827136,0.008531959272139355,True,16317.644685379604,0.00018217881239142802,0.0005776226504666211,non_rolling_reduced_day_only,intraday_only
AMGN,2019-02-27,reduced_form,542303.8571428572,0.0002657595047032,88.15694499629035,600.0,0.0011552453009332421,True,log_backward,0.5,0.2,108460.77142857143,9100077.702554796,108460.77142857146,-359.40049194905697,0.011918664320648788,True,8713.266649728283,0.00019498000531704122,0.0005776226504666211,non_rolling_reduced_day_only,intraday_only
AMGN,2019-02-28,reduced_form,542303.8571428572,0.0002657595047032,88.15694499629035,600.0,0.0011552453009332421,True,log_backward,0.5,0.2,108460.77142857143,12144169.644644903,108460.77142857143,307.03394721421097,0.008931098181455191,True,14283.547893863457,0.00020322513023883758,0.0005776226504666211,non_rolling_reduced_day_only,intraday_only
AMZN,2019-02-01,reduced_form,636814.1428571428,0.0003267894702955,123.01461444303838,600.0,0.0011552453009332421,True,log_backward,0.5,0.2,127362.82857142857,12629369.75481727,127362.82857142857,544.3101636915371,0.010084654344912822,True,30872.084313197232,0.00013376224279775025,0.0005776226504666211,non_rolling_reduced_day_only,intraday_only
AMZN,2019-02-04,reduced_form,636814.1428571428,0.0003267894702955,123.01461444303838,600.0,0.0011552453009332421,True,log_backward,0.5,0.2,127362.82857142857,8899730.774282634,127362.82857142857,-225.81254259101365,0.014310863081326716,True,15465.704126638455,0.00016387385606876206,0.0005776226504666211,non_rolling_reduced_day_only,intraday_only
AMZN,2019-02-05,reduced_form,636814.1428571428,0.0003267894702955,123.01461444303838,600.0,0.0011552453009332421,True,log_backward,0.5,0.2,127362.82857142857,8887055.043104615,127362.82857142859,-149.9736570997414,0.014331274865935283,True,15841.271952561672,0.0001551126185795662,0.0005776226504666211,non_rolling_reduced_day_only,intraday_only
AMZN,2019-02-06,reduced_form,636814.1428571428,0.0003267894702955,123.01461444303838,600.0,0.0011552453009332421,True,log_backward,0.5,0.2,127362.82857142857,9081510.713026594,127362.82857142859,-396.81278003788344,0.014024409880256846,True,15348.651077931801,0.00014564998199852267,0.0005776226504666211,non_rolling_reduced_day_only,intraday_only
AMZN,2019-02-07,reduced_form,636814.1428571428,0.0003267894702955,123.01461444303838,600.0,0.0011552453009332421,True,log_backward,0.5,0.2,127362.82857142857,9816932.258569904,127362.82857142857,147.01367915078887,0.012973791120973096,True,18266.321861756012,0.00015169489589392511,0.0005776226504666211,non_rolling_reduced_day_only,intraday_only
AMZN,2019-02-08,reduced_form,636814.1428571428,0.0003267894702955,123.01461444303838,600.0,0.0011552453009332421,True,log_backward,0.5,0.2,127362.82857142857,10677223.803166984,127362.82857142859,-136.04594792984255,0.011928459206189098,True,20451.28970659297,0.00015449723205995553,0.0005776226504666211,non_rolling_reduced_day_only,intraday_only
AMZN,2019-02-11,reduced_form,636814.1428571428,0.0003267894702955,123.01461444303838,600.0,0.0011552453009332421,True,log_backward,0.5,0.2,127362.82857142857,8387948.686165871,127362.82857142857,-346.72813976180066,0.015184025717931053,True,13069.495531876348,0.0001692891719181098,0.0005776226504666211,non_rolling_reduced_day_only,intraday_only
AMZN,2019-02-12,reduced_form,636814.1428571428,0.0003267894702955,123.01461444303838,600.0,0.0011552453009332421,True,log_backward,0.5,0.2,127362.82857142857,10568591.373896519,127362.82857142857,-137.07480153600827,0.012051069443937764,True,20230.432333396406,0.00015549242766445004,0.0005776226504666211,non_rolling_reduced_day_only,intraday_only
AMZN,2019-02-13,reduced_form,636814.1428571428,0.0003267894702955,123.01461444303838,600.0,0.0011552453009332421,True,log_backward,0.5,0.2,127362.82857142857,8439863.883929944,127362.82857142857,-179.85552735416374,0.015090625906175546,True,13204.634408799255,0.00018117944935087897,0.0005776226504666211,non_rolling_reduced_day_only,intraday_only
AMZN,2019-02-14,reduced_form,636814.1428571428,0.0003267894702955,123.01461444303838,600.0,0.0011552453009332421,True,log_backward,0.5,0.2,127362.82857142857,8998116.393999605,127362.82857142857,-513.0714824323758,0.014154387762349962,True,15121.148554581225,0.00014891794360566188,0.0005776226504666211,non_rolling_reduced_day_only,intraday_only
AMZN,2019-02-15,reduced_form,636814.1428571428,0.0003267894702955,123.01461444303838,600.0,0.0011552453009332421,True,log_backward,0.5,0.2,127362.82857142857,9191805.521214973,127362.82857142857,326.68241845837065,0.013856127425397676,True,15073.419102985175,0.0001554531196025732,0.0005776226504666211,non_rolling_reduced_day_only,intraday_only
AMZN,2019-02-19,reduced_form,636814.1428571428,0.0003267894702955,123.01461444303838,600.0,0.0011552453009332421,True,log_backward,0.5,0.2,127362.82857142857,8659290.864569629,127362.82857142857,-198.6852657350567,0.014708228486993845,True,14349.256613294654,0.00017631809627118697,0.0005776226504666211,non_rolling_reduced_day_only,intraday_only
AMZN,2019-02-20,reduced_form,636814.1428571428,0.0003267894702955,123.01461444303838,600.0,0.0011552453009332421,True,log_backward,0.5,0.2,127362.82857142857,8394547.693798348,127362.82857142856,260.05717228194885,0.01517208945819923,True,13262.62037981498,0.0001609852957011508,0.0005776226504666211,non_rolling_reduced_day_only,intraday_only
AMZN,2019-02-21,reduced_form,636814.1428571428,0.0003267894702955,123.01461444303838,600.0,0.0011552453009332421,True,log_backward,0.5,0.2,127362.82857142857,9116071.029873751,127362.82857142859,154.94456079753508,0.013971241355410153,True,15733.194879084558,0.00016517132163002872,0.0005776226504666211,non_rolling_reduced_day_only,intraday_only
AMZN,2019-02-22,reduced_form,636814.1428571428,0.0003267894702955,123.01461444303838,600.0,0.0011552453009332421,True,log_backward,0.5,0.2,127362.82857142857,7898813.846548233,127362.82857142856,11.315586660968506,0.016124298033316217,True,12096.412272160098,0.00019906341531184272,0.0005776226504666211,non_rolling_reduced_day_only,intraday_only
AMZN,2019-02-25,reduced_form,636814.1428571428,0.0003267894702955,123.01461444303838,600.0,0.0011552453009332421,True,log_backward,0.5,0.2,127362.82857142857,8024766.177044914,127362.82857142856,91.11360668737449,0.01587121989121051,True,13043.06511101733,0.0002122080370702162,0.0005776226504666211,non_rolling_reduced_day_only,intraday_only
AMZN,2019-02-26,reduced_form,636814.1428571428,0.0003267894702955,123.01461444303838,600.0,0.0011552453009332421,True,log_backward,0.5,0.2,127362.82857142857,8132402.284016511,127362.82857142857,657.4467550353829,0.01566115695257089,True,11251.468379729205,0.00019980310068569028,0.0005776226504666211,non_rolling_reduced_day_only,intraday_only
AMZN,2019-02-27,reduced_form,636814.1428571428,0.0003267894702955,123.01461444303838,600.0,0.0011552453009332421,True,log_backward,0.5,0.2,127362.82857142857,8775911.474760655,127362.82857142857,810.5082105825142,0.014512774990691452,True,14294.098784186153,0.00019288992345079764,0.0005776226504666211,non_rolling_reduced_day_only,intraday_only
AMZN,2019-02-28,reduced_form,636814.1428571428,0.0003267894702955,123.01461444303838,600.0,0.0011552453009332421,True,log_backward,0.5,0.2,127362.82857142857,7868097.062743918,127362.82857142859,48.48112666662136,0.01618724674540455,True,12267.920861007482,0.00021765888136021793,0.0005776226504666211,non_rolling_reduced_day_only,intraday_only
APA,2019-02-01,reduced_form,448791.2380952381,0.0004688084821136,82.46700743853904,600.0,0.0011552453009332421,True,log_backward,0.5,0.2,89758.24761904763,12637692.854708463,89758.24761904762,-19.97807771464049,0.0071024235713725336,True,21875.57088732852,0.0001419778251594742,0.0005776226504666211,non_rolling_reduced_day_only,intraday_only
APA,2019-02-04,reduced_form,448791.2380952381,0.0004688084821136,82.46700743853904,600.0,0.0011552453009332421,True,log_backward,0.5,0.2,89758.24761904763,8200093.439072104,89758.24761904762,93.80612336549655,0.01094600302861968,True,9741.373720082234,0.0002292665451948912,0.0005776226504666211,non_rolling_reduced_day_only,intraday_only
APA,2019-02-05,reduced_form,448791.2380952381,0.0004688084821136,82.46700743853904,600.0,0.0011552453009332421,True,log_backward,0.5,0.2,89758.24761904763,10054991.08738304,89758.24761904764,-301.1590237046427,0.008926735671767617,True,13216.40420651842,0.00019212512008079993,0.0005776226504666211,non_rolling_reduced_day_only,intraday_only
APA,2019-02-06,reduced_form,448791.2380952381,0.0004688084821136,82.46700743853904,600.0,0.0011552453009332421,True,log_backward,0.5,0.2,89758.24761904763,11998255.245683266,89758.24761904764,231.32364973491045,0.00748094166869311,True,19173.93040711197,0.00019414169470748064,0.0005776226504666211,non_rolling_reduced_day_only,intraday_only
APA,2019-02-07,reduced_form,448791.2380952381,0.0004688084821136,82.46700743853904,600.0,0.0011552453009332421,True,log_backward,0.5,0.2,89758.24761904763,12024291.659826133,89758.24761904763,32.308299370260364,0.007464743051678896,True,16182.886082196914,0.00012023385450343741,0.0005776226504666211,non_rolling_reduced_day_only,intraday_only
APA,2019-02-08,reduced_form,448791.2380952381,0.0004688084821136,82.46700743853904,600.0,0.0011552453009332421,True,log_backward,0.5,0.2,89758.24761904763,11904648.448146889,89758.24761904763,-217.8292545968837,0.0075397646566387816,True,16315.604582115804,0.00016556617212667662,0.0005776226504666211,non_rolling_reduced_day_only,intraday_only
APA,2019-02-11,reduced_form,448791.2380952381,0.0004688084821136,82.46700743853904,600.0,0.0011552453009332421,True,log_backward,0.5,0.2,89758.24761904763,10818894.103309661,89758.24761904764,462.0345612760924,0.008296434622794694,True,12997.969100911392,0.00017219462436914167,0.0005776226504666211,non_rolling_reduced_day_only,intraday_only
APA,2019-02-12,reduced_form,448791.2380952381,0.0004688084821136,82.46700743853904,600.0,0.0011552453009332421,True,log_backward,0.5,0.2,89758.24761904763,11311779.415565906,89758.24761904763,257.06932466535295,0.007934936168887201,True,15768.707795199944,0.00018490959520603992,0.0005776226504666211,non_rolling_reduced_day_only,intraday_only
APA,2019-02-13,reduced_form,448791.2380952381,0.0004688084821136,82.46700743853904,600.0,0.0011552453009332421,True,log_backward,0.5,0.2,89758.24761904763,11829023.577734621,89758.24761904762,776.8102413541865,0.007587967597595849,True,17391.372408975836,0.0001789949972771807,0.0005776226504666211,non_rolling_reduced_day_only,intraday_only
APA,2019-02-14,reduced_form,448791.2380952381,0.0004688084821136,82.46700743853904,600.0,0.0011552453009332421,True,log_backward,0.5,0.2,89758.24761904763,9431607.696989885,89758.24761904764,-41.92816737582652,0.009516749477153735,True,11995.865788423102,0.00019702131908421385,0.0005776226504666211,non_rolling_reduced_day_only,intraday_only
APA,2019-02-15,reduced_form,448791.2380952381,0.0004688084821136,82.46700743853904,600.0,0.0011552453009332421,True,log_backward,0.5,0.2,89758.24761904763,10056645.792903809,89758.24761904762,-223.54660488160584,0.008925266879975332,True,13675.515223557326,0.00020864882690967447,0.0005776226504666211,non_rolling_reduced_day_only,intraday_only
APA,2019-02-19,reduced_form,448791.2380952381,0.0004688084821136,82.46700743853904,600.0,0.0011552453009332421,True,log_backward,0.5,0.2,89758.24761904763,8846067.710613187,89758.24761904764,-53.69405224769822,0.010146683312333114,True,11469.417993850751,0.00020164484997999194,0.0005776226504666211,non_rolling_reduced_day_only,intraday_only
APA,2019-02-20,reduced_form,448791.2380952381,0.0004688084821136,82.46700743853904,600.0,0.0011552453009332421,True,log_backward,0.5,0.2,89758.24761904763,10103029.041537382,89758.24761904762,564.1126717075698,0.008884290765672102,True,13872.001092253202,0.0001616933252155618,0.0005776226504666211,non_rolling_reduced_day_only,intraday_only
APA,2019-02-21,reduced_form,448791.2380952381,0.0004688084821136,82.46700743853904,600.0,0.0011552453009332421,True,log_backward,0.5,0.2,89758.24761904763,10532911.711869448,89758.24761904762,-594.8423094184619,0.008521693722914227,True,15950.407098870566,0.0001611434642890635,0.0005776226504666211,non_rolling_reduced_day_only,intraday_only
APA,2019-02-22,reduced_form,448791.2380952381,0.0004688084821136,82.46700743853904,600.0,0.0011552453009332421,True,log_backward,0.5,0.2,89758.24761904763,8940735.893910391,89758.24761904763,-278.8484605214819,0.010039246062528557,True,12737.473133258327,0.00019588427080836595,0.0005776226504666211,non_rolling_reduced_day_only,intraday_only
APA,2019-02-25,reduced_form,448791.2380952381,0.0004688084821136,82.46700743853904,600.0,0.0011552453009332421,True,log_backward,0.5,0.2,89758.24761904763,9128622.938647725,89758.24761904764,-95.65199160123987,0.009832616400337819,True,11693.357267229543,0.000211411413571691,0.0005776226504666211,non_rolling_reduced_day_only,intraday_only
APA,2019-02-26,reduced_form,448791.2380952381,0.0004688084821136,82.46700743853904,600.0,0.0011552453009332421,True,log_backward,0.5,0.2,89758.24761904763,9011863.892033987,89758.24761904763,-40.73670040120365,0.009960009238309645,True,11164.538078807644,0.0002195201563421462,0.0005776226504666211,non_rolling_reduced_day_only,intraday_only
APA,2019-02-27,reduced_form,448791.2380952381,0.0004688084821136,82.46700743853904,600.0,0.0011552453009332421,True,log_backward,0.5,0.2,89758.24761904763,11302088.650426947,89758.24761904764,292.7416162571186,0.007941739831925396,True,18047.24361370879,0.0001922550338910939,0.0005776226504666211,non_rolling_reduced_day_only,intraday_only
APA,2019-02-28,reduced_form,448791.2380952381,0.0004688084821136,82.46700743853904,600.0,0.0011552453009332421,True,log_backward,0.5,0.2,89758.24761904763,10276257.987137746,89758.24761904764,285.2137832622714,0.008734526491198774,True,14290.308772774324,0.00015069608264604557,0.0005776226504666211,non_rolling_reduced_day_only,intraday_only
APC,2019-02-01,reduced_form,398272.2380952381,0.0003848964931289,83.25177637863227,600.0,0.0011552453009332421,True,log_backward,0.5,0.2,79654.44761904763,10779591.356642932,79654.44761904763,60.510420675534824,0.007389375439539321,True,16674.798467334207,0.00016804607922458477,0.0005776226504666211,non_rolling_reduced_day_only,intraday_only
APC,2019-02-04,reduced_form,398272.2380952381,0.0003848964931289,83.25177637863227,600.0,0.0011552453009332421,True,log_backward,0.5,0.2,79654.44761904763,8731259.179322302,79654.44761904764,287.54402145429833,0.009122904953696519,True,11590.299579965067,0.00019492365136595453,0.0005776226504666211,non_rolling_reduced_day_only,intraday_only
APC,2019-02-05,reduced_form,398272.2380952381,0.0003848964931289,83.25177637863227,600.0,0.0011552453009332421,True,log_backward,0.5,0.2,79654.44761904763,12407683.536803648,79654.44761904764,-106.45823353665884,0.006419767830375167,True,20227.579391460706,0.0001279861014568567,0.0005776226504666211,non_rolling_reduced_day_only,intraday_only
APC,2019-02-06,reduced_form,398272.2380952381,0.0003848964931289,83.25177637863227,600.0,0.0011552453009332421,True,log_backward,0.5,0.2,79654.44761904763,17234494.44655348,79654.44761904763,-129.5045147702289,0.004621803550203746,True,36716.76433394923,0.00010493514834709283,0.0005776226504666211,non_rolling_reduced_day_only,intraday_only
APC,2019-02-07,reduced_form,398272.2380952381,0.0003848964931289,83.25177637863227,600.0,0.0011552453009332421,True,log_backward,0.5,0.2,79654.44761904763,16489629.029743737,79654.44761904763,-241.18354442095148,0.0048305785093993425,True,31072.560543908923,9.262706775165745e-05,0.0005776226504666211,non_rolling_reduced_day_only,intraday_only
APC,2019-02-08,reduced_form,398272.2380952381,0.0003848964931289,83.25177637863227,600.0,0.0011552453009332421,True,log_backward,0.5,0.2,79654.44761904763,14637832.320561584,79654.44761904763,-476.221119496548,0.005441683295357742,True,22584.151857013734,0.00010079486577856396,0.0005776226504666211,non_rolling_reduced_day_only,intraday_only
APC,2019-02-11,reduced_form,398272.2380952381,0.0003848964931289,83.25177637863227,600.0,0.0011552453009332421,True,log_backward,0.5,0.2,79654.44761904763,15140067.681530882,79654.44761904761,690.7223048116609,0.005261168529399427,True,23098.793724097115,0.00011580424543615274,0.0005776226504666211,non_rolling_reduced_day_only,intraday_only
APC,2019-02-12,reduced_form,398272.2380952381,0.0003848964931289,83.25177637863227,600.0,0.0011552453009332421,True,log_backward,0.5,0.2,79654.44761904763,12788360.266304664,79654.44761904763,64.08559876115889,0.006228667785417703,True,19154.889976082475,0.00013522567906757314,0.0005776226504666211,non_rolling_reduced_day_only,intraday_only
APC,2019-02-13,reduced_form,398272.2380952381,0.0003848964931289,83.25177637863227,600.0,0.0011552453009332421,True,log_backward,0.5,0.2,79654.44761904763,12972682.819324102,79654.44761904763,-235.4068331828846,0.006140167668355723,True,20764.524630071497,0.00014496885978987895,0.0005776226504666211,non_rolling_reduced_day_only,intraday_only
APC,2019-02-14,reduced_form,398272.2380952381,0.0003848964931289,83.25177637863227,600.0,0.0011552453009332421,True,log_backward,0.5,0.2,79654.44761904763,11146198.91795318,79654.44761904763,257.40383833218016,0.007146332862474599,True,14250.09636846361,0.0001336091356041452,0.0005776226504666211,non_rolling_reduced_day_only,intraday_only
APC,2019-02-15,reduced_form,398272.2380952381,0.0003848964931289,83.25177637863227,600.0,0.0011552453009332421,True,log_backward,0.5,0.2,79654.44761904763,10961581.094581533,79654.44761904763,-205.756789700914,0.00726669327460634,True,13636.104472092244,0.00014111898255686595,0.0005776226504666211,non_rolling_reduced_day_only,intraday_only
APC,2019-02-19,reduced_form,398272.2380952381,0.0003848964931289,83.25177637863227,600.0,0.0011552453009332421,True,log_backward,0.5,0.2,79654.44761904763,11336447.56431958,79654.44761904763,349.2968168360586,0.007026402862723295,True,16299.216261111935,0.00011530251275051776,0.0005776226504666211,non_rolling_reduced_day_only,intraday_only
APC,2019-02-20,reduced_form,398272.2380952381,0.0003848964931289,83.25177637863227,600.0,0.0011552453009332421,True,log_backward,0.5,0.2,79654.44761904763,11052231.870483555,79654.44761904763,620.926937354283,0.007207091613032056,True,14379.933983127052,0.00011368717331370491,0.0005776226504666211,non_rolling_reduced_day_only,intraday_only
APC,2019-02-21,reduced_form,398272.2380952381,0.0003848964931289,83.25177637863227,600.0,0.0011552453009332421,True,log_backward,0.5,0.2,79654.44761904763,13046728.490305802,79654.44761904763,-204.7622770385285,0.006105319634591446,True,19821.56001643527,0.000119316031717735,0.0005776226504666211,non_rolling_reduced_day_only,intraday_only
APC,2019-02-22,reduced_form,398272.2380952381,0.0003848964931289,83.25177637863227,600.0,0.0011552453009332421,True,log_backward,0.5,0.2,79654.44761904763,10833133.99380317,79654.44761904764,74.49857551377264,0.007352853538469294,True,14691.82570390312,0.000153453296056223,0.0005776226504666211,non_rolling_reduced_day_only,intraday_only
APC,2019-02-25,reduced_form,398272.2380952381,0.0003848964931289,83.25177637863227,600.0,0.0011552453009332421,True,log_backward,0.5,0.2,79654.44761904763,10605636.288056716,79654.44761904763,499.06718271142483,0.007510576966395555,True,13635.804802429599,0.00015221396490646292,0.0005776226504666211,non_rolling_reduced_day_only,intraday_only
APC,2019-02-26,reduced_form,398272.2380952381,0.0003848964931289,83.25177637863227,600.0,0.0011552453009332421,True,log_backward,0.5,0.2,79654.44761904763,12671687.749972839,79654.44761904763,330.4780098920942,0.006286017237066023,True,18464.111197806782,0.00013845374881321336,0.0005776226504666211,non_rolling_reduced_day_only,intraday_only
APC,2019-02-27,reduced_form,398272.2380952381,0.0003848964931289,83.25177637863227,600.0,0.0011552453009332421,True,log_backward,0.5,0.2,79654.44761904763,11402209.52893132,79654.44761904763,-235.91790387995422,0.0069858782560465104,True,15501.112378131898,0.00016002233453443312,0.0005776226504666211,non_rolling_reduced_day_only,intraday_only
APC,2019-02-28,reduced_form,398272.2380952381,0.0003848964931289,83.25177637863227,600.0,0.0011552453009332421,True,log_backward,0.5,0.2,79654.44761904763,10343035.482429197,79654.44761904763,153.73818812548492,0.007701264078071183,True,13793.808130998757,0.00016469730342118434,0.0005776226504666211,non_rolling_reduced_day_only,intraday_only
